#
# A fatal error has been detected by the Java Runtime Environment:
#
#  EXCEPTION_ACCESS_VIOLATION (0xc0000005) at pc=0x0000000000657275, pid=2992, tid=9580
#
# JRE version: OpenJDK Runtime Environment Temurin-21.0.1+12 (21.0.1+12) (build 21.0.1+12-LTS)
# Java VM: OpenJDK 64-Bit Server VM Temurin-21.0.1+12 (21.0.1+12-LTS, mixed mode, sharing, tiered, compressed oops, compressed class ptrs, g1 gc, windows-amd64)
# Problematic frame:
# C  0x00007ff94447292a
#
# No core dump will be written. Minidumps are not enabled by default on client versions of Windows
#
# If you would like to submit a bug report, please visit:
#   https://github.com/adoptium/adoptium-support/issues
# The crash happened outside the Java Virtual Machine in native code.
# See problematic frame for where to report the bug.
#

---------------  S U M M A R Y ------------

Command Line: -Dsun.java2d.pmoffscreen=false -Dhttps.protocols=TLSv1,TLSv1.1,TLSv1.2 -Dsun.java2d.xrender=false -Dsun.java2d.d3d=false -Dsun.awt.nopixfmt=true -Dsun.java2d.dpiaware=true -Dsun.java2d.uiScale.enabled=false -Dswing.aatext=true -XX:-UsePerfData -Djdk.map.althashing.threshold=512 -XX:StringTableSize=4072 -XX:+UseStringDeduplication -XX:MaxGCPauseMillis=200 -XX:ParallelGCThreads=4 -XX:+ParallelRefProcEnabled --add-opens=java.desktop/javax.swing.plaf.synth=ALL-UNNAMED --add-opens=java.base/java.nio=ALL-UNNAMED --add-opens=java.desktop/sun.swing=ALL-UNNAMED --add-opens=java.desktop/javax.swing=ALL-UNNAMED --add-opens=java.desktop/javax.swing.tree=ALL-UNNAMED --add-opens=java.desktop/javax.swing.plaf.basic=ALL-UNNAMED --add-opens=java.desktop/javax.swing.plaf.synth=ALL-UNNAMED --add-opens=java.desktop/javax.swing.plaf.basic=ALL-UNNAMED --add-opens=java.desktop/javax.swing=ALL-UNNAMED --add-opens=java.desktop/javax.swing.tree=ALL-UNNAMED --add-opens=java.desktop/java.awt.event=ALL-UNNAMED --add-exports=java.desktop/javax.swing.plaf.synth=ALL-UNNAMED --add-exports=java.base/java.nio=ALL-UNNAMED --add-exports=java.desktop/sun.swing=ALL-UNNAMED --add-exports=java.desktop/javax.swing=ALL-UNNAMED --add-exports=java.desktop/javax.swing.tree=ALL-UNNAMED --add-exports=java.desktop/javax.swing.plaf.basic=ALL-UNNAMED --add-exports=java.desktop/sun.swing=ALL-UNNAMED --add-exports=java.desktop/sun.swing.table=ALL-UNNAMED --add-exports=java.desktop/sun.swing.plaf.synth=ALL-UNNAMED --add-exports=java.desktop/sun.awt.shell=ALL-UNNAMED --add-exports=java.base/sun.security.action=ALL-UNNAMED --add-exports=java.desktop/sun.font=ALL-UNNAMED -XX:NewSize=80m -XX:MaxNewSize=80m -Xms812m -Xmx6144m -Xss10m 

Host: AMD Ryzen 7 5800H with Radeon Graphics         , 16 cores, 15G,  Windows 10 , 64 bit Build 19041 (10.0.19041.5915)
Time: Tue Apr 28 17:52:16 2026  Windows 10 , 64 bit Build 19041 (10.0.19041.5915) elapsed time: 173361.385979 seconds (2d 0h 9m 21s)

---------------  T H R E A D  ---------------

Current thread (0x000001ae7cbe8f30):  JavaThread "AWT-EventQueue-0"        [_thread_in_native, id=9580, stack(0x000000356d800000,0x000000356e200000) (10240K)]

Stack: [0x000000356d800000,0x000000356e200000],  sp=0x000000356e1facf0,  free space=10219k
Native frames: (J=compiled Java code, j=interpreted, Vv=VM code, C=native code)
C  0x0000000000657275

Java frames: (J=compiled Java code, j=interpreted, Vv=VM code)
J 21282  ui.views.waveform.waveformi.WVExecutive_getGraphicsDataSize(J)J (0 bytes) @ 0x000001ae23513919 [0x000001ae235138c0+0x0000000000000059]
J 337398 c2 ui.views.waveform.u.aT(ZZ)V (53 bytes) @ 0x000001ae22e63f60 [0x000001ae22e634c0+0x0000000000000aa0]
J 340032 c2 ui.views.waveform.d.b.l(Lui/frmwork/a/v;)V (654 bytes) @ 0x000001ae23227174 [0x000001ae23226600+0x0000000000000b74]
J 328807 c2 ui.views.waveform.u.handleTclEvent(Lui/frmwork/a/v;)V (17 bytes) @ 0x000001ae23d042f0 [0x000001ae23d042a0+0x0000000000000050]
J 321191 c2 ui.frmwork.I.i(JZ)V (474 bytes) @ 0x000001ae23d16744 [0x000001ae23d155a0+0x00000000000011a4]
J 327813 c2 ui.frmwork.I.fireTclEvent(J)I (113 bytes) @ 0x000001ae23e662ac [0x000001ae23e655c0+0x0000000000000cec]
v  ~StubRoutines::call_stub 0x000001ae2269100d
J 58068  ui.views.waveform.waveformi.WVExecutive_processModelEvent(JJ)V (0 bytes) @ 0x000001ae24304c9c [0x000001ae24304c40+0x000000000000005c]
J 366185 c1 ui.views.waveform.executive.a.gt(J)V (9 bytes) @ 0x000001ae1be011c4 [0x000001ae1be01140+0x0000000000000084]
j  ui.views.waveform.d.b.gr(J)V+8
J 340032 c2 ui.views.waveform.d.b.l(Lui/frmwork/a/v;)V (654 bytes) @ 0x000001ae23227d18 [0x000001ae23226600+0x0000000000001718]
J 328807 c2 ui.views.waveform.u.handleTclEvent(Lui/frmwork/a/v;)V (17 bytes) @ 0x000001ae23d042f0 [0x000001ae23d042a0+0x0000000000000050]
J 321191 c2 ui.frmwork.I.i(JZ)V (474 bytes) @ 0x000001ae23d16744 [0x000001ae23d155a0+0x00000000000011a4]
J 327813 c2 ui.frmwork.I.fireTclEvent(J)I (113 bytes) @ 0x000001ae23e662ac [0x000001ae23e655c0+0x0000000000000cec]
v  ~StubRoutines::call_stub 0x000001ae2269100d
J 58068  ui.views.waveform.waveformi.WVExecutive_processModelEvent(JJ)V (0 bytes) @ 0x000001ae24304c9c [0x000001ae24304c40+0x000000000000005c]
J 366185 c1 ui.views.waveform.executive.a.gt(J)V (9 bytes) @ 0x000001ae1be011c4 [0x000001ae1be01140+0x0000000000000084]
j  ui.views.waveform.d.b.gr(J)V+8
j  ui.views.waveform.d.f.actionPerformed(Ljava/awt/event/ActionEvent;)V+8
J 21584 c2 javax.swing.Timer.fireActionPerformed(Ljava/awt/event/ActionEvent;)V java.desktop@21.0.1 (46 bytes) @ 0x000001ae23b700e0 [0x000001ae23b6ffc0+0x0000000000000120]
J 21583 c2 javax.swing.Timer$DoPostEvent.run()V java.desktop@21.0.1 (85 bytes) @ 0x000001ae23b6f740 [0x000001ae23b6f500+0x0000000000000240]
J 14546 c2 java.awt.EventQueue.dispatchEvent(Ljava/awt/AWTEvent;)V java.desktop@21.0.1 (80 bytes) @ 0x000001ae2383abfc [0x000001ae2383a5a0+0x000000000000065c]
J 20896 c2 ui.frmwork.a.d.dispatchEvent(Ljava/awt/AWTEvent;)V (41 bytes) @ 0x000001ae23634eb4 [0x000001ae23634820+0x0000000000000694]
J 114445 c2 java.awt.EventDispatchThread.pumpOneEventForFilters(I)V java.desktop@21.0.1 (106 bytes) @ 0x000001ae242b01d8 [0x000001ae242afba0+0x0000000000000638]
j  java.awt.EventDispatchThread.pumpEventsForFilter(ILjava/awt/Conditional;Ljava/awt/EventFilter;)V+35 java.desktop@21.0.1
j  java.awt.EventDispatchThread.pumpEventsForFilter(Ljava/awt/Conditional;Ljava/awt/EventFilter;)V+4 java.desktop@21.0.1
j  java.awt.WaitDispatchSupport$2.run()V+59 java.desktop@21.0.1
j  java.awt.WaitDispatchSupport$4.run()Ljava/lang/Void;+4 java.desktop@21.0.1
j  java.awt.WaitDispatchSupport$4.run()Ljava/lang/Object;+1 java.desktop@21.0.1
J 349671 c2 java.security.AccessController.doPrivileged(Ljava/security/PrivilegedAction;)Ljava/lang/Object; java.base@21.0.1 (9 bytes) @ 0x000001ae230d7b64 [0x000001ae230d7b20+0x0000000000000044]
j  java.awt.WaitDispatchSupport.enter()Z+266 java.desktop@21.0.1
j  java.awt.Dialog.show()V+225 java.desktop@21.0.1
j  java.awt.Component.show(Z)V+5 java.desktop@21.0.1
j  java.awt.Component.setVisible(Z)V+2 java.desktop@21.0.1
j  java.awt.Window.setVisible(Z)V+2 java.desktop@21.0.1
j  java.awt.Dialog.setVisible(Z)V+2 java.desktop@21.0.1
j  ui.dlg.c.e.setVisible(Z)V+2
j  ui.dlg.c.bk.cho()V+65
j  ui.dlg.c.bk$c.actionPerformed(Ljava/awt/event/ActionEvent;)V+8
j  ui.dlg.c.bk.gtF()V+422
j  ui.views.c.w.b.a.run()V+60
j  ui.frmwork.cmd.a.iRs()Z+96
j  ui.frmwork.cmd.d.iRE()V+42
j  ui.i.A$b.actionPerformed(Ljava/awt/event/ActionEvent;)V+39
j  javax.swing.AbstractButton.fireActionPerformed(Ljava/awt/event/ActionEvent;)V+84 java.desktop@21.0.1
j  ui.utils.swing.b.C.fireActionPerformed(Ljava/awt/event/ActionEvent;)V+7
j  javax.swing.AbstractButton$Handler.actionPerformed(Ljava/awt/event/ActionEvent;)V+5 java.desktop@21.0.1
j  javax.swing.DefaultButtonModel.fireActionPerformed(Ljava/awt/event/ActionEvent;)V+34 java.desktop@21.0.1
j  javax.swing.DefaultButtonModel.setPressed(Z)V+117 java.desktop@21.0.1
j  javax.swing.plaf.basic.BasicButtonListener.mouseReleased(Ljava/awt/event/MouseEvent;)V+35 java.desktop@21.0.1
j  com.jidesoft.plaf.basic.BasicJideButtonListener.mouseReleased(Ljava/awt/event/MouseEvent;)V+61
J 351222 c2 java.awt.AWTEventMulticaster.mouseReleased(Ljava/awt/event/MouseEvent;)V java.desktop@21.0.1 (27 bytes) @ 0x000001ae24425444 [0x000001ae244253c0+0x0000000000000084]
J 351222 c2 java.awt.AWTEventMulticaster.mouseReleased(Ljava/awt/event/MouseEvent;)V java.desktop@21.0.1 (27 bytes) @ 0x000001ae24425444 [0x000001ae244253c0+0x0000000000000084]
J 351222 c2 java.awt.AWTEventMulticaster.mouseReleased(Ljava/awt/event/MouseEvent;)V java.desktop@21.0.1 (27 bytes) @ 0x000001ae24425444 [0x000001ae244253c0+0x0000000000000084]
J 347621 c2 javax.swing.JComponent.processMouseEvent(Ljava/awt/event/MouseEvent;)V java.desktop@21.0.1 (27 bytes) @ 0x000001ae234923fc [0x000001ae234920e0+0x000000000000031c]
J 81113 c2 java.awt.Container.processEvent(Ljava/awt/AWTEvent;)V java.desktop@21.0.1 (22 bytes) @ 0x000001ae23973dfc [0x000001ae23973c20+0x00000000000001dc]
J 98401 c2 java.awt.Component.dispatchEventImpl(Ljava/awt/AWTEvent;)V java.desktop@21.0.1 (785 bytes) @ 0x000001ae23e1b0a0 [0x000001ae23e1a2a0+0x0000000000000e00]
J 84191 c2 java.awt.Container.dispatchEventImpl(Ljava/awt/AWTEvent;)V java.desktop@21.0.1 (129 bytes) @ 0x000001ae23893ac4 [0x000001ae23893980+0x0000000000000144]
J 319676 c2 java.awt.LightweightDispatcher.retargetMouseEvent(Ljava/awt/Component;ILjava/awt/event/MouseEvent;)V java.desktop@21.0.1 (372 bytes) @ 0x000001ae23cf081c [0x000001ae23cf00a0+0x000000000000077c]
J 22535 c2 java.awt.LightweightDispatcher.dispatchEvent(Ljava/awt/AWTEvent;)Z java.desktop@21.0.1 (73 bytes) @ 0x000001ae22eda78c [0x000001ae22eda140+0x000000000000064c]
J 81242 c2 java.awt.Window.dispatchEventImpl(Ljava/awt/AWTEvent;)V java.desktop@21.0.1 (23 bytes) @ 0x000001ae23b98cf0 [0x000001ae23b98c80+0x0000000000000070]
J 81076 c2 java.awt.EventQueue.dispatchEventImpl(Ljava/awt/AWTEvent;Ljava/lang/Object;)V java.desktop@21.0.1 (139 bytes) @ 0x000001ae241bae7c [0x000001ae241baa40+0x000000000000043c]
J 81126 c2 java.awt.EventQueue$4.run()Ljava/lang/Object; java.desktop@21.0.1 (5 bytes) @ 0x000001ae23917e04 [0x000001ae23917da0+0x0000000000000064]
J 17980 c2 java.awt.EventQueue$5.run()Ljava/lang/Void; java.desktop@21.0.1 (19 bytes) @ 0x000001ae230490f4 [0x000001ae23048f00+0x00000000000001f4]
J 14546 c2 java.awt.EventQueue.dispatchEvent(Ljava/awt/AWTEvent;)V java.desktop@21.0.1 (80 bytes) @ 0x000001ae2383adfc [0x000001ae2383a5a0+0x000000000000085c]
J 20896 c2 ui.frmwork.a.d.dispatchEvent(Ljava/awt/AWTEvent;)V (41 bytes) @ 0x000001ae23634eb4 [0x000001ae23634820+0x0000000000000694]
J 114445 c2 java.awt.EventDispatchThread.pumpOneEventForFilters(I)V java.desktop@21.0.1 (106 bytes) @ 0x000001ae242b01d8 [0x000001ae242afba0+0x0000000000000638]
J 21749% c2 java.awt.EventDispatchThread.pumpEventsForFilter(ILjava/awt/Conditional;Ljava/awt/EventFilter;)V java.desktop@21.0.1 (47 bytes) @ 0x000001ae23bd955c [0x000001ae23bd94c0+0x000000000000009c]
j  java.awt.EventDispatchThread.pumpEventsForHierarchy(ILjava/awt/Conditional;Ljava/awt/Component;)V+11 java.desktop@21.0.1
j  java.awt.EventDispatchThread.pumpEvents(ILjava/awt/Conditional;)V+4 java.desktop@21.0.1
j  java.awt.EventDispatchThread.pumpEvents(Ljava/awt/Conditional;)V+3 java.desktop@21.0.1
j  java.awt.EventDispatchThread.run()V+9 java.desktop@21.0.1
v  ~StubRoutines::call_stub 0x000001ae2269100d

siginfo: EXCEPTION_ACCESS_VIOLATION (0xc0000005), data execution prevention violation at address 0x0000000000657275


Registers:
RAX=0x00007ff944c484d8, RBX=0x00007ff944c484d8, RCX=0x000001aec3d31210, RDX=0x0000000000000000
RSP=0x000000356e1face8, RBP=0x000000356e1fadf0, RSI=0x000001ae995a09d0, RDI=0x000001aec3d31210
R8 =0x0000000000657275, R9 =0x0000000000000001, R10=0x0000000000008000, R11=0x000000356e1fab10
R12=0x000000000000000b, R13=0x000000000000000c, R14=0x000001ae9a7dd300, R15=0x000001ae995a08c8
RIP=0x0000000000657275, EFLAGS=0x0000000000010246


Register to memory mapping:

RAX=0x00007ff944c484d8 points into unknown readable memory: 0x623a3a74736f6f62 | 62 6f 6f 73 74 3a 3a 62
RBX=0x00007ff944c484d8 points into unknown readable memory: 0x623a3a74736f6f62 | 62 6f 6f 73 74 3a 3a 62
RCX=0x000001aec3d31210 points into unknown readable memory: 0x00007ff944c48408 | 08 84 c4 44 f9 7f 00 00
RDX=0x0 is null
RSP=0x000000356e1face8 is pointing into the stack for thread: 0x000001ae7cbe8f30
RBP=0x000000356e1fadf0 is pointing into the stack for thread: 0x000001ae7cbe8f30
RSI=0x000001ae995a09d0 points into unknown readable memory: 0x000001aec2a70c00 | 00 0c a7 c2 ae 01 00 00
RDI=0x000001aec3d31210 points into unknown readable memory: 0x00007ff944c48408 | 08 84 c4 44 f9 7f 00 00
R8 =0x0000000000657275 is an unknown value
R9 =0x0000000000000001 is an unknown value
R10=0x0000000000008000 is an unknown value
R11=0x000000356e1fab10 is pointing into the stack for thread: 0x000001ae7cbe8f30
R12=0x000000000000000b is an unknown value
R13=0x000000000000000c is an unknown value
R14=0x000001ae9a7dd300 points into unknown readable memory: 0x00007ff944c483f8 | f8 83 c4 44 f9 7f 00 00
R15=0x000001ae995a08c8 points into unknown readable memory: 0x000001aecd22faa0 | a0 fa 22 cd ae 01 00 00

Top of Stack: (sp=0x000000356e1face8)
0x000000356e1face8:   00007ff94447292a 000000356e1fad00
0x000000356e1facf8:   000001aebc1a6d00 000001ae8e12e458
0x000000356e1fad08:   00000000082eb37e 0000000000061a80
0x000000356e1fad18:   000001ae995a09d0 000001ae8e12e458
0x000000356e1fad28:   000001ae9a7dd300 0000000c8c691200
0x000000356e1fad38:   00007ffa0000000b 000001ae995a08c8
0x000000356e1fad48:   000001ae8e12e458 0000003500000001
0x000000356e1fad58:   000000000000000c 000001aecc7f0650
0x000000356e1fad68:   000000000598783d 00000000082eb37e
0x000000356e1fad78:   00007ffa1a6ef05b 0000000000000000
0x000000356e1fad88:   000001aecc7ebbb0 0000000000000000
0x000000356e1fad98:   000000356e1fb160 000000356e1faeb0
0x000000356e1fada8:   000001ae8e12e568 0000000000000007
0x000000356e1fadb8:   0000000000000000 00000002bc2204d5
0x000000356e1fadc8:   0000000000000000 000000000000004c
0x000000356e1fadd8:   00000000000000c8 0000000279875501
0x000000356e1fade8:   0000000000000000 0000000000000000
0x000000356e1fadf8:   0000000000000000 0000000000000000
0x000000356e1fae08:   0000000000000000 0000000000000000
0x000000356e1fae18:   0000000000000000 000001ae8c691220
0x000000356e1fae28:   000001ae8c6912e0 000001ae8c691300
0x000000356e1fae38:   000001aebc2204d0 0000000000000003
0x000000356e1fae48:   f120000000000000 0000000000010000
0x000000356e1fae58:   0000000000000000 0000000000000006
0x000000356e1fae68:   0000000000000000 000000000000000f
0x000000356e1fae78:   0000000000000000 0000000000000000
0x000000356e1fae88:   0000000000000000 000000000000000f
0x000000356e1fae98:   00007ff93d9e61e0 0000000000000000
0x000000356e1faea8:   f120000000000000 0000000000010000
0x000000356e1faeb8:   0000000000000000 0000000000000006
0x000000356e1faec8:   0000000000000000 000000000000000f
0x000000356e1faed8:   0000000000000000 0000000000000000 

Instructions: (pc=0x00007ff94447292a)
0x00007ff94447282a:   63 88 85 c3 00 00 00 0f b6 45 64 88 85 c4 00 00
0x00007ff94447283a:   00 0f b6 45 65 88 85 c5 00 00 00 0f b6 45 66 88
0x00007ff94447284a:   85 c6 00 00 00 48 8d 55 68 48 8d 8d c8 00 00 00
0x00007ff94447285a:   e8 61 81 e3 ff 90 48 8d 95 88 00 00 00 48 8d 8d
0x00007ff94447286a:   e8 00 00 00 e8 4d 81 e3 ff 90 49 8b 06 49 8b ce
0x00007ff94447287a:   ff 90 78 02 00 00 84 c0 74 0e 4c 89 bd b0 00 00
0x00007ff94447288a:   00 44 89 bd b8 00 00 00 41 8b f7 44 89 7c 24 48
0x00007ff94447289a:   44 3b e3 0f 84 d1 00 00 00 48 8b 5c 24 58 48 8d
0x00007ff9444728aa:   83 10 01 00 00 48 89 45 b8 4c 8b 7c 24 50 44 8b
0x00007ff9444728ba:   6c 24 44 0f 1f 00 49 8b 06 41 8b d4 49 8b ce ff
0x00007ff9444728ca:   90 28 02 00 00 48 8b f8 48 8b 4b 38 48 8b 11 4c
0x00007ff9444728da:   8b 52 18 48 63 d6 4c 8d 04 52 4b 8d 34 c7 48 89
0x00007ff9444728ea:   74 24 28 48 8b 85 90 01 00 00 48 89 44 24 20 4c
0x00007ff9444728fa:   8b 4d 80 4c 8b 44 24 78 48 8b 57 08 41 ff d2 49
0x00007ff94447290a:   8b 06 49 8b ce ff 90 d8 00 00 00 48 8b d8 48 8b
0x00007ff94447291a:   0f 4c 8b 81 b0 00 00 00 33 d2 48 8b cf 41 ff d0
0x00007ff94447292a:   c6 44 24 28 00 48 89 5c 24 20 4c 8b c8 4c 8d 85
0x00007ff94447293a:   b0 00 00 00 48 8b d6 48 8b 4d b8 e8 46 6a ec ff
0x00007ff94447294a:   44 03 64 24 60 8b 74 24 48 ff c6 89 74 24 48 45
0x00007ff94447295a:   3b e5 48 8b 5c 24 58 0f 85 59 ff ff ff 45 33 ff
0x00007ff94447296a:   44 8b 6c 24 68 48 8b 7c 24 50 48 8d 8d b0 00 00
0x00007ff94447297a:   00 e8 40 48 e4 ff e9 b7 01 00 00 41 8b f7 44 89
0x00007ff94447298a:   7c 24 48 45 8b ef 44 3b e3 0f 84 a3 01 00 00 0f
0x00007ff94447299a:   1f 80 00 00 00 00 49 8b 06 41 8b d4 49 8b ce ff
0x00007ff9444729aa:   90 28 02 00 00 48 8b d8 48 8b 10 48 8b c8 ff 52
0x00007ff9444729ba:   08 83 f8 02 74 0e 48 8b 13 48 8b cb ff 52 08 83
0x00007ff9444729ca:   f8 05 75 11 48 8b 4b 08 48 8b 01 ff 90 e0 00 00
0x00007ff9444729da:   00 01 44 24 48 41 ff c5 48 63 c6 48 8d 0c 40 48
0x00007ff9444729ea:   8d 04 cf 48 89 44 24 38 c6 44 24 30 01 48 8d 45
0x00007ff9444729fa:   50 48 89 44 24 28 48 8b 85 90 01 00 00 48 89 44
0x00007ff944472a0a:   24 20 4c 8b 4d 80 4c 8b 44 24 78 48 8b 53 08 48
0x00007ff944472a1a:   8b 4c 24 58 e8 ad f8 ff ff 44 03 64 24 60 81 7c 


Stack slot to memory mapping:

stack at sp + 0 slots: 0x000000356e1fad00 is pointing into the stack for thread: 0x000001ae7cbe8f30
stack at sp + 1 slots: 0x000001aebc1a6d00 points into unknown readable memory: 0x00007ff944c483f8 | f8 83 c4 44 f9 7f 00 00
stack at sp + 2 slots: 0x000001ae8e12e458 points into unknown readable memory: 0x00007ff944c617e0 | e0 17 c6 44 f9 7f 00 00
stack at sp + 3 slots: 0x00000000082eb37e is an unknown value
stack at sp + 4 slots: 0x0000000000061a80 is an unknown value
stack at sp + 5 slots: 0x000001ae995a09d0 points into unknown readable memory: 0x000001aec2a70c00 | 00 0c a7 c2 ae 01 00 00
stack at sp + 6 slots: 0x000001ae8e12e458 points into unknown readable memory: 0x00007ff944c617e0 | e0 17 c6 44 f9 7f 00 00
stack at sp + 7 slots: 0x000001ae9a7dd300 points into unknown readable memory: 0x00007ff944c483f8 | f8 83 c4 44 f9 7f 00 00


Compiled method (n/a) 173361484 21282     n 0       ui.views.waveform.waveformi::WVExecutive_getGraphicsDataSize (native)
 total in heap  [0x000001ae23513710,0x000001ae23513af8] = 1000
 relocation     [0x000001ae23513870,0x000001ae235138a8] = 56
 main code      [0x000001ae235138c0,0x000001ae23513aec] = 556
 stub code      [0x000001ae23513aec,0x000001ae23513af0] = 4
 oops           [0x000001ae23513af0,0x000001ae23513af8] = 8

[Constant Pool (empty)]

[MachCode]
[Entry Point]
  # {method} {0x000001ae770b3d20} 'WVExecutive_getGraphicsDataSize' '(J)J' in 'ui/views/waveform/waveformi'
  # parm0:    rdx:rdx   = long
  #           [sp+0x70]  (sp of caller)
  0x000001ae235138c0: 448b 5208 | 49bb 0000 | 0034 ae01 | 0000 4d03 | d349 3bc2 | 0f84 0600 

  0x000001ae235138d8: ;   {runtime_call ic_miss_stub}
  0x000001ae235138d8: 0000 e9a1 | ae1c ff90 
[Verified Entry Point]
  0x000001ae235138e0: 8984 2400 | 80ff ff55 | 488b ec48 | 83ec 6090 | 4181 7f20 | 3a0d 0000 

  0x000001ae235138f8: ;   {runtime_call StubRoutines (final stubs)}
  0x000001ae235138f8: 7405 e861 | 141b ff4c 

  0x000001ae23513900: ;   {oop(a 'java/lang/Class'{0x0000000681bb6520} = 'ui/views/waveform/waveformi')}
  0x000001ae23513900: 8bc2 49be | 2065 bb81 | 0600 0000 | 4c89 7424 | 504c 8d74 | 2450 498b | d6c5 f877 

  0x000001ae2351391c: ;   {internal_word}
  0x000001ae2351391c: 49ba 1939 | 5123 ae01 | 0000 4d89 | 97a0 0300 | 0049 89a7 | 9803 0000 

  0x000001ae23513934: ;   {external_word}
  0x000001ae23513934: 49ba ae9a | 047e f97f | 0000 4180 | 3a00 0f84 | 4a00 0000 

  0x000001ae23513948: ;   {metadata({method} {0x000001ae770b3d20} 'WVExecutive_getGraphicsDataSize' '(J)J' in 'ui/views/waveform/waveformi')}
  0x000001ae23513948: 5241 5048 | ba18 3d0b | 77ae 0100 | 0049 8bcf | 4883 ec20 | 40f6 c40f | 0f84 1900 | 0000 4883 
  0x000001ae23513968: ;   {runtime_call}
  0x000001ae23513968: ec08 48b8 | a0d6 ae7d | f97f 0000 | ffd0 4883 | c408 e90c 

  0x000001ae2351397c: ;   {runtime_call}
  0x000001ae2351397c: 0000 0048 | b8a0 d6ae | 7df9 7f00 | 00ff d048 | 83c4 2041 | 585a 498d | 8fb8 0300 | 0041 c787 
  0x000001ae2351399c: 4c04 0000 | 0400 0000 

  0x000001ae235139a4: ;   {runtime_call}
  0x000001ae235139a4: 48b8 10e2 | 4444 f97f | 0000 ffd0 | c5f8 7741 | c787 4c04 | 0000 0500 | 0000 f083 | 4424 c000 
  0x000001ae235139c4: 493b af50 | 0400 000f | 870e 0000 | 0041 83bf | 4804 0000 | 000f 842b | 0000 00c5 | f877 4889 
  0x000001ae235139e4: 45f8 498b | cf4c 8be4 | 4883 ec20 | 4883 e4f0 

  0x000001ae235139f4: ;   {runtime_call}
  0x000001ae235139f4: 48b8 2099 | 7a7d f97f | 0000 ffd0 | 498b e44d | 33e4 488b | 45f8 41c7 | 874c 0400 | 0008 0000 
  0x000001ae23513a14: 0041 83bf | c804 0000 | 020f 849c 

  0x000001ae23513a20: ;   {external_word}
  0x000001ae23513a20: 0000 0049 | baae 9a04 | 7ef9 7f00 | 0041 803a | 000f 844c | 0000 0048 

  0x000001ae23513a38: ;   {metadata({method} {0x000001ae770b3d20} 'WVExecutive_getGraphicsDataSize' '(J)J' in 'ui/views/waveform/waveformi')}
  0x000001ae23513a38: 8945 f848 | ba18 3d0b | 77ae 0100 | 0049 8bcf | 4883 ec20 | 40f6 c40f | 0f84 1900 | 0000 4883 
  0x000001ae23513a58: ;   {runtime_call}
  0x000001ae23513a58: ec08 48b8 | a0d6 ae7d | f97f 0000 | ffd0 4883 | c408 e90c 

  0x000001ae23513a6c: ;   {runtime_call}
  0x000001ae23513a6c: 0000 0048 | b8a0 d6ae | 7df9 7f00 | 00ff d048 | 83c4 2048 | 8b45 f849 | c787 9803 | 0000 0000 
  0x000001ae23513a8c: 0000 49c7 | 87a0 0300 | 0000 0000 | 00c5 f877 | 498b 8f28 | 0400 00c7 | 8100 0100 | 0000 0000 
  0x000001ae23513aac: 00c9 4983 | 7f08 000f | 8501 0000 

  0x000001ae23513ab8: ;   {runtime_call StubRoutines (initial stubs)}
  0x000001ae23513ab8: 00c3 e941 | d417 ffc5 | f877 4889 | 45f8 4c8b | e448 83ec | 2048 83e4 

  0x000001ae23513ad0: ;   {runtime_call}
  0x000001ae23513ad0: f048 b880 | 0eaf 7df9 | 7f00 00ff | d049 8be4 | 4d33 e448 | 8b45 f8e9 | 37ff ffff 
[Stub Code]
  0x000001ae23513aec: f4f4 f4f4 
[/MachCode]


Compiled method (c2) 173361501 337398       4       ui.views.waveform.u::aT (53 bytes)
 total in heap  [0x000001ae22e62d10,0x000001ae22e6d878] = 43880
 relocation     [0x000001ae22e62e70,0x000001ae22e63488] = 1560
 constants      [0x000001ae22e634a0,0x000001ae22e634c0] = 32
 main code      [0x000001ae22e634c0,0x000001ae22e69ae0] = 26144
 stub code      [0x000001ae22e69ae0,0x000001ae22e69c60] = 384
 oops           [0x000001ae22e69c60,0x000001ae22e69d28] = 200
 metadata       [0x000001ae22e69d28,0x000001ae22e6a308] = 1504
 scopes data    [0x000001ae22e6a308,0x000001ae22e6c510] = 8712
 scopes pcs     [0x000001ae22e6c510,0x000001ae22e6d1c0] = 3248
 dependencies   [0x000001ae22e6d1c0,0x000001ae22e6d268] = 168
 handler table  [0x000001ae22e6d268,0x000001ae22e6d760] = 1272
 nul chk table  [0x000001ae22e6d760,0x000001ae22e6d878] = 280


[Constant Pool]
             Address          hex4                    hex8      
  0x000001ae22e634a0:   0x00000000      0x3fe0000000000000      
  0x000001ae22e634a4:   0x3fe00000                              
  0x000001ae22e634a8:   0x00000000      0x4034000000000000      
  0x000001ae22e634ac:   0x40340000                              
  0x000001ae22e634b0:   0x00000000      0x4044000000000000      
  0x000001ae22e634b4:   0x40440000                              
  0x000001ae22e634b8:   0xf4f4f4f4      0xf4f4f4f4f4f4f4f4      
  0x000001ae22e634bc:   0xf4f4f4f4                              

[MachCode]
[Entry Point]
  # {method} {0x000001ae77ed8a68} 'aT' '(ZZ)V' in 'ui/views/waveform/u'
  # this:     rdx:rdx   = 'ui/views/waveform/u'
  # parm0:    r8        = boolean
  # parm1:    r9        = boolean
  #           [sp+0xc0]  (sp of caller)
  0x000001ae22e634c0: ;   {no_reloc}
  0x000001ae22e634c0: 448b 5208 | 49bb 0000 | 0034 ae01 | 0000 4d03 | d349 3bc2 

  0x000001ae22e634d4: ;   {runtime_call ic_miss_stub}
  0x000001ae22e634d4: 0f85 a6b2 | 87ff 6690 | 0f1f 4000 
[Verified Entry Point]
  0x000001ae22e634e0: 8984 2400 | 80ff ff55 | 4881 ecb0 | 0000 0090 | 4181 7f20 | 3a0d 0000 | 0f85 d565 | 0000 4489 
  0x000001ae22e63500: 4c24 3444 | 8944 2430 | 4889 5424 | 380f b6aa | da01 0000 | 85ed 0f84 | ca3b 0000 | ff82 d001 
  0x000001ae22e63520: 0000 448b | 9a00 0200 | 0044 895c | 2450 4b8b | 54dc 104b 

  0x000001ae22e63534: ;   {oop(""{0x0000000682058c78})}
  0x000001ae22e63534: 8d2c dc49 | b878 8c05 | 8206 0000 | 0048 896c | 2428 6690 

  0x000001ae22e63548: ;   {static_call}
  0x000001ae22e63548: c5f8 77e8 

  0x000001ae22e6354c: ; ImmutableOopMap {rbp=Oop [40]=Oop [56]=Oop [80]=NarrowOop }
                      ;*invokestatic WVExecutive_getPrefsMessage {reexecute=0 rethrow=0 return_oop=1}
                      ; - ui.views.waveform.executive.a::mDJ@6 (line 661)
                      ; - ui.views.waveform.executive.a::mDZ@2 (line 754)
                      ; - ui.views.waveform.u::aT@22 (line 1200)
  0x000001ae22e6354c: 9029 4000 

  0x000001ae22e63550: ;   {other}
  0x000001ae22e63550: 0f1f 8400 | 4008 0000 | 4889 4424 | 4844 8b50 | 1447 8b5c | d40c 440f | be50 10c4 | c22a f7eb 
  0x000001ae22e63570: 85ed 0f84 | 843b 0000 | 498b 87b8 | 0100 004c | 8bd0 4983 | c238 4d3b | 97c8 0100 | 000f 83a4 
  0x000001ae22e63590: 3100 004d | 8997 b801 | 0000 410f | 1882 0001 | 0000 48c7 | 0001 0000 

  0x000001ae22e635a8: ;   {metadata('ui/views/waveform/executive/protobuf/WVPrefs$WVPrefsMessage$Builder')}
  0x000001ae22e635a8: 00c7 4008 | 98a3 b701 | 4489 600c | 4c89 6010 | 4489 601c | 4c89 6020 | 4c89 6028 | 4c89 6030 
  0x000001ae22e635c8: ;   {oop(a 'com/google/protobuf/UnknownFieldSet'{0x000000068141f3c8})}
  0x000001ae22e635c8: c740 1879 | 3e28 d048 | 8944 2420 

  0x000001ae22e635d4: ;   {oop(a 'java/lang/Class'{0x0000000681617118} = 'com/google/protobuf/GeneratedMessageV3')}
  0x000001ae22e635d4: 49ba 1871 | 6181 0600 | 0000 410f | b66a 7885 | ed0f 854d | 3b00 0048 | 8b54 2448 | 488b 6c24 
  0x000001ae22e635f4: 2866 6690 

  0x000001ae22e635f8: ;   {static_call}
  0x000001ae22e635f8: c5f8 77e8 

  0x000001ae22e635fc: ; ImmutableOopMap {rbp=Oop [32]=Oop [40]=Oop [56]=Oop [80]=NarrowOop }
                      ;*invokestatic ip {reexecute=0 rethrow=0 return_oop=1}
                      ; - ui.views.waveform.h.c::aGl@5 (line 175)
                      ; - ui.views.waveform.executive.a::mDJ@20 (line 665)
                      ; - ui.views.waveform.executive.a::mDZ@2 (line 754)
                      ; - ui.views.waveform.u::aT@22 (line 1200)
  0x000001ae22e635fc: 2066 1d01 

  0x000001ae22e63600: ;   {other}
  0x000001ae22e63600: 0f1f 8400 | f008 0001 | 488b d844 | 8b40 0c49 | 8b87 b801 | 0000 4c8b | d849 83c3 | 4045 8d50 
  0x000001ae22e63620: ff4d 3b9f | c801 0000 | 0f83 2f31 | 0000 4d89 | 9fb8 0100 | 0041 0f18 | 8300 0100 | 0048 c700 
  0x000001ae22e63640: 0100 0000 

  0x000001ae22e63644: ;   {metadata('com/google/protobuf/CodedInputStream$ArrayDecoder')}
  0x000001ae22e63644: c740 08b0 | 9317 0144 | 8960 0c4c | 8960 104c | 8960 184c | 8960 204c | 8960 284c | 8960 304c 
  0x000001ae22e63664: 8960 3848 | 8bf8 4c8b | cb49 c1e9 

  0x000001ae22e63670: ;   {oop(a 'java/lang/Class'{0x0000000681619e10} = 'com/google/protobuf/CodedInputStream')}
  0x000001ae22e63670: 0349 bb10 | 9e61 8106 | 0000 0041 | 8b4b 7889 | 4f10 4489 | 4f38 c747 | 34ff ffff | 7f44 8867 
  0x000001ae22e63690: 18c7 4714 | ffff ff7f | 4c8b df4c | 8bcb 4d33 | cb49 c1e9 | 164d 85c9 | 741a 49c1 | eb09 48b9 
  0x000001ae22e636b0: 0000 a427 | ae01 0000 | 4903 cb80 | 3902 0f85 | d825 0000 | 4489 5720 | 4489 672c | 4488 6719 
  0x000001ae22e636d0: 4489 6728 | 4585 d20f | 8c97 3a00 | 008b 6f34 | 443b d50f | 8fd7 3a00 | 0044 8b5f | 2447 8d44 
  0x000001ae22e636f0: 03ff 4489 | 4720 453b | c27f 0644 | 8967 24eb | 0444 8957 | 2044 8957 | 3449 8b87 | b801 0000 
  0x000001ae22e63710: 4c8b d049 | 83c2 304d | 3b97 c801 | 0000 0f83 | 7230 0000 | 4d89 97b8 | 0100 0041 | 0f18 8200 
  0x000001ae22e63730: 0100 0048 | c700 0100 

  0x000001ae22e63738: ;   {metadata('ui/views/waveform/executive/protobuf/WVPrefs$WVPrefsMessage')}
  0x000001ae22e63738: 0000 c740 | 0818 3946 | 0144 8960 | 0c4c 8960 | 104c 8960 | 184c 8960 | 204c 8960 | 2848 897c 
  0x000001ae22e63758: 2440 488b 

  0x000001ae22e6375c: ;   {oop(a 'com/google/protobuf/ExtensionRegistry'{0x0000000681479898})}
  0x000001ae22e6375c: e849 b998 | 9847 8106 | 0000 0048 | 8bd5 4c8b | 4424 4090 

  0x000001ae22e63770: ;   {optimized virtual_call}
  0x000001ae22e63770: c5f8 77e8 

  0x000001ae22e63774: ; ImmutableOopMap {rbp=Oop [32]=Oop [40]=Oop [56]=Oop [64]=Oop [80]=NarrowOop }
                      ;*invokespecial <init> {reexecute=0 rethrow=0 return_oop=0}
                      ; - ui.views.waveform.executive.protobuf.WVPrefs$WVPrefsMessage$1::parsePartialFrom@6 (line 5490)
                      ; - ui.views.waveform.executive.protobuf.WVPrefs$WVPrefsMessage$1::parsePartialFrom@3 (line 5485)
                      ; - ui.views.waveform.executive.protobuf.WVPrefs$WVPrefsMessage$Builder::mergeFrom@7 (line 5040)
                      ; - ui.views.waveform.executive.protobuf.WVPrefs$WVPrefsMessage$Builder::mergeFrom@3 (line 4838)
                      ; - com.google.protobuf.AbstractMessage$Builder::mergeFrom@5 (line 418)
                      ; - com.google.protobuf.AbstractMessage$Builder::mergeFrom@2 (line 317)
                      ; - com.google.protobuf.AbstractMessageLite$Builder::mergeFrom@11 (line 222)
                      ; - com.google.protobuf.AbstractMessage$Builder::mergeFrom@4 (line 535)
                      ; - com.google.protobuf.AbstractMessage$Builder::mergeFrom@4 (line 317)
                      ; - ui.views.waveform.h.c::aGl@16 (line 177)
                      ; - ui.views.waveform.executive.a::mDJ@20 (line 665)
                      ; - ui.views.waveform.executive.a::mDZ@2 (line 754)
                      ; - ui.views.waveform.u::aT@22 (line 1200)
  0x000001ae22e63774: c88c feff 

  0x000001ae22e63778: ;   {other}
  0x000001ae22e63778: 0f1f 8400 | 680a 0002 | 488b fd8b | 6d18 83e5 | 0185 ed0f | 846b 3a00 | 0044 8b4f | 2045 85c9 
  0x000001ae22e63798: 0f84 923a | 0000 488b | 5c24 208b | 6b24 85ed | 0f85 4e36 | 0000 8b6b | 1c83 e501 | 85ed 0f85 
  0x000001ae22e637b8: c03a 0000 | 4180 7f40 | 000f 8531 | 2300 0044 | 894b 204d | 8bd1 49c1 | e203 4c8b | db4d 33d3 
  0x000001ae22e637d8: 49c1 ea16 | 4d85 d274 | 1a49 c1eb | 0948 b900 | 00a4 27ae | 0100 0049 | 03cb 8039 | 020f 8508 
  0x000001ae22e637f8: 2500 000f | b66b 0c85 | ed0f 85c9 | 3a00 008b | 731c 448b | 4f18 448b | d641 83ca | 0144 8953 
  0x000001ae22e63818: 1c41 8be9 | 83e5 0285 | ed0f 84f5 | 3a00 0044 | 8b47 2445 | 85c0 0f84 | 383b 0000 | 8b6b 2c85 
  0x000001ae22e63838: ed0f 8511 | 3600 0083 | e602 85f6 | 0f85 7a3b | 0000 4180 | 7f40 000f | 85da 2200 | 0044 8943 
  0x000001ae22e63858: 284d 8bd8 | 49c1 e303 | 4c8b c34d | 33d8 49c1 | eb16 4d85 | db74 1a49 | c1e8 0948 

  0x000001ae22e63874: ;   {no_reloc}
  0x000001ae22e63874: b900 00a4 | 27ae 0100 | 0049 03c8 | 8039 020f | 85cb 2400 | 0045 8bea | 4183 cd02 | 4489 6b1c 
  0x000001ae22e63894: 4183 e104 | 4585 c90f | 847f 3b00 | 0044 8b5f | 2845 85db | 0f84 ce3b | 0000 8b6b | 3485 ed0f 
  0x000001ae22e638b4: 85eb 3500 | 0041 83e2 | 0445 85d2 | 0f85 0e3c | 0000 4180 | 7f40 000f | 8595 2200 | 0044 895b 
  0x000001ae22e638d4: 304c 8bd3 | 49c1 e303 | 4d33 da49 | c1eb 164d | 85db 741a | 49c1 ea09 | 48b9 0000 | a427 ae01 
  0x000001ae22e638f4: 0000 4903 | ca80 3902 | 0f85 b024 | 0000 448b | 5714 4183 | cd04 4489 | 6b1c 4d8b | c249 c1e0 
  0x000001ae22e63914: 0348 8bd3 | 488b eb90 

  0x000001ae22e6391c: ;   {optimized virtual_call}
  0x000001ae22e6391c: c5f8 77e8 

  0x000001ae22e63920: ; ImmutableOopMap {rbp=Oop [32]=Oop [40]=Oop [56]=Oop [64]=Oop [80]=NarrowOop }
                      ;*invokespecial mergeUnknownFields {reexecute=0 rethrow=0 return_oop=1}
                      ; - ui.views.waveform.executive.protobuf.WVPrefs$WVPrefsMessage$Builder::mergeUnknownFields@2 (line 5465)
                      ; - ui.views.waveform.executive.protobuf.WVPrefs$WVPrefsMessage$Builder::mergeFrom@62 (line 5007)
                      ; - ui.views.waveform.executive.protobuf.WVPrefs$WVPrefsMessage$Builder::mergeFrom@22 (line 5048)
                      ; - ui.views.waveform.executive.protobuf.WVPrefs$WVPrefsMessage$Builder::mergeFrom@3 (line 4838)
                      ; - com.google.protobuf.AbstractMessage$Builder::mergeFrom@5 (line 418)
                      ; - com.google.protobuf.AbstractMessage$Builder::mergeFrom@2 (line 317)
                      ; - com.google.protobuf.AbstractMessageLite$Builder::mergeFrom@11 (line 222)
                      ; - com.google.protobuf.AbstractMessage$Builder::mergeFrom@4 (line 535)
                      ; - com.google.protobuf.AbstractMessage$Builder::mergeFrom@4 (line 317)
                      ; - ui.views.waveform.h.c::aGl@16 (line 177)
                      ; - ui.views.waveform.executive.a::mDJ@20 (line 665)
                      ; - ui.views.waveform.executive.a::mDZ@2 (line 754)
                      ; - ui.views.waveform.u::aT@22 (line 1200)
  0x000001ae22e63920: 3cd4 6400 

  0x000001ae22e63924: ;   {other}
  0x000001ae22e63924: 0f1f 8400 | 140c 0003 

  0x000001ae22e6392c: ; implicit exception: dispatches to 0x000001ae22e68970
  0x000001ae22e6392c: 448b 5808 

  0x000001ae22e63930: ;   {metadata('ui/views/waveform/executive/protobuf/WVPrefs$WVPrefsMessage$Builder')}
  0x000001ae22e63930: 4181 fb98 | a3b7 010f | 8543 4d00 | 0048 8bdd | 0fb6 6b0c | 85ed 0f85 | e43b 0000 | 4c8b 5424 
  0x000001ae22e63950: 4041 8b6a | 3085 ed0f | 851f 3c00 | 0049 8bbf | b801 0000 | 4c8b d749 | 83c2 304d | 3b97 c801 
  0x000001ae22e63970: 0000 0f83 | 492e 0000 | 4d89 97b8 | 0100 0041 | 0f18 8200 | 0100 0048 | c707 0100 

  0x000001ae22e6398c: ;   {metadata('ui/views/waveform/executive/protobuf/WVPrefs$WVPrefsMessage')}
  0x000001ae22e6398c: 0000 c747 | 0818 3946 | 0144 8967 | 0c4c 8967 | 184c 8967 | 204c 8967 | 2844 8b53 | 1841 bbff 
  0x000001ae22e639ac: ffff ff4c | 895f 1047 | 8b44 d408 

  0x000001ae22e639b8: ;   {metadata('com/google/protobuf/UnknownFieldSet')}
  0x000001ae22e639b8: 4181 f870 | 5117 010f | 853b 4d00 | 004c 8bdf | 49c1 e203 | 4d8b c24d | 33c3 4d8b | ca49 c1e9 
  0x000001ae22e639d8: 0344 894f | 1449 c1e8 | 164d 85c0 | 741a 49c1 | eb09 48b9 | 0000 a427 | ae01 0000 | 4903 cb80 
  0x000001ae22e639f8: 3902 0f85 | 0c24 0000 | 448b 431c | c647 1cff | 418b e883 | e501 85ed | 0f84 aa3b | 0000 8b6b 
  0x000001ae22e63a18: 2485 ed0f | 85fd 3400 | 0041 807f | 4000 0f85 | 7121 0000 | 448b 5b20 | 4489 5f20 | 418b e883 
  0x000001ae22e63a38: e502 4d8b | d349 c1e2 | 034c 8bcf | 4d33 d149 | c1ea 164d | 85d2 741f | 4585 db74 | 1a49 c1e9 
  0x000001ae22e63a58: 0948 b900 | 00a4 27ae | 0100 0049 | 03c9 8039 | 020f 8545 | 2400 0085 | ed0f 8495 | 3b00 008b 
  0x000001ae22e63a78: 6b2c 85ed | 0f85 1c35 | 0000 4180 | 7f40 000f | 8547 2100 | 0044 8b5b | 2844 895f | 244c 8bd7 
  0x000001ae22e63a98: 4d8b cb49 | c1e1 0341 | 83e0 044d | 33ca 49c1 | e916 4d85 | c974 1f45 | 85db 741a 

  0x000001ae22e63ab4: ;   {no_reloc}
  0x000001ae22e63ab4: 49c1 ea09 | 48b9 0000 | a427 ae01 | 0000 4903 | ca80 3902 | 0f85 3d24 | 0000 4585 | c00f 8481 
  0x000001ae22e63ad4: 3b00 008b | 6b34 85ed | 0f85 0a35 | 0000 4180 | 7f40 000f | 851e 2100 | 0044 8b5b | 3044 895f 
  0x000001ae22e63af4: 284c 8bd7 | 4d8b c349 | c1e0 034d | 33c2 49c1 | e816 4d85 | c074 1f45 | 85db 741a | 49c1 ea09 
  0x000001ae22e63b14: 48b9 0000 | a427 ae01 | 0000 4903 | ca80 3902 | 0f85 3824 | 0000 8b6b | 10c7 4718 | 0700 0000 
  0x000001ae22e63b34: 85ed 0f85 | 643b 0000 | 0fbe 6f1c | 83fd 010f | 84a3 3b00 | 0085 ed0f | 84df 3b00 | 008b 4f20 
  0x000001ae22e63b54: ; implicit exception: dispatches to 0x000001ae22e68b10
  0x000001ae22e63b54: 410f be6c | cc29 83fd | 010f 8415 | 3c00 0085 | ed0f 8451 | 3c00 0045 | 8b5c cc18 | 418b eb83 
  0x000001ae22e63b74: e501 85ed | 0f84 863c | 0000 418b | eb83 e502 | 85ed 0f84 | c03c 0000 | 418b eb83 | e504 85ed 
  0x000001ae22e63b94: 0f84 fa3c | 0000 4183 | e308 4585 | db0f 8435 | 3d00 0041 | c644 cc29 | 0144 8b47 | 2443 0fbe 
  0x000001ae22e63bb4: ;   {no_reloc}
  0x000001ae22e63bb4: 6cc4 1883 | fd01 0f84 | 643d 0000 | 85ed 0f84 | a43d 0000 | 438b 6cc4 | 1c45 8b5c 

  0x000001ae22e63bd0: ;   {metadata('java/util/Collections$UnmodifiableRandomAccessList')}
  0x000001ae22e63bd0: ec08 4181 | fbc0 e21c | 000f 85ed | 3000 0048 | 897c 2440 | 4d8d 14ec | 458b 520c | 4f8d 1cc4 
  0x000001ae22e63bf0: 4c89 5c24 | 4844 8944 | 2420 498b | d248 c1e2 | 0348 8bef | 6690 c5f8 | 7748 b848 | ad0b 34ae 
  0x000001ae22e63c10: ;   {virtual_call}
  0x000001ae22e63c10: 0100 00e8 

  0x000001ae22e63c14: ; ImmutableOopMap {rbp=Oop [32]=NarrowOop [40]=Oop [56]=Oop [64]=Oop [72]=Oop [80]=NarrowOop }
                      ;*invokeinterface size {reexecute=0 rethrow=0 return_oop=0}
                      ; - java.util.Collections$UnmodifiableCollection::size@4 (line 1065)
                      ; - ui.views.waveform.executive.protobuf.WVPrefs$WVColorPrefs::getColoredObjectsCount@4 (line 2358)
                      ; - ui.views.waveform.executive.protobuf.WVPrefs$WVColorPrefs::isInitialized@22 (line 2383)
                      ; - ui.views.waveform.executive.protobuf.WVPrefs$WVPrefsMessage::isInitialized@81 (line 4628)
                      ; - ui.views.waveform.executive.protobuf.WVPrefs$WVPrefsMessage$Builder::build@6 (line 4911)
                      ; - ui.views.waveform.executive.protobuf.WVPrefs$WVPrefsMessage$Builder::build@1 (line 4838)
                      ; - ui.views.waveform.h.c::aGl@21 (line 177)
                      ; - ui.views.waveform.executive.a::mDJ@20 (line 665)
                      ; - ui.views.waveform.executive.a::mDZ@2 (line 754)
                      ; - ui.views.waveform.u::aT@22 (line 1200)
  0x000001ae22e63c14: 880e f9ff 

  0x000001ae22e63c18: ;   {other}
  0x000001ae22e63c18: 0f1f 8400 | 080f 0004 | 85c0 0f8e | 5b16 0000 | 48bb 0000 | a427 ae01 | 0000 4533 | c9e9 c300 
  0x000001ae22e63c38: 0000 660f | 1f44 0000 | 4d8d 1ccc | 418b 6cab | 1045 8b5c 

  0x000001ae22e63c4c: ;   {metadata('ui/views/waveform/executive/protobuf/WVPrefs$WVColoredObject')}
  0x000001ae22e63c4c: ec08 4181 | fbe8 cdb7 | 010f 85f5 | 4a00 004d | 8d04 ec41 | 0fbe 6828 | 83fd 010f | 8413 2e00 
  0x000001ae22e63c6c: 0085 ed0f | 843f 2e00 | 0045 8b58 | 1841 8beb | 83e5 0185 | ed0f 8461 | 2e00 0041 | 8beb 83e5 
  0x000001ae22e63c8c: 0285 ed0f | 848b 2e00 | 0041 8beb | 83e5 0485 | ed0f 84b5 | 2e00 0041 | 83e3 0845 | 85db 0f84 
  0x000001ae22e63cac: e02e 0000 | 4889 5c24 | 5841 c640 | 2801 448b | 5f0c 498b | d348 c1e2 | 0341 ffc1 | 4489 4c24 
  0x000001ae22e63ccc: 2441 8be9 | 6690 c5f8 | 7748 b848 | ad0b 34ae 

  0x000001ae22e63cdc: ;   {virtual_call}
  0x000001ae22e63cdc: 0100 00e8 

  0x000001ae22e63ce0: ; ImmutableOopMap {[32]=NarrowOop [40]=Oop [56]=Oop [64]=Oop [72]=Oop [80]=NarrowOop }
                      ;*invokeinterface size {reexecute=0 rethrow=0 return_oop=0}
                      ; - java.util.Collections$UnmodifiableCollection::size@4 (line 1065)
                      ; - ui.views.waveform.executive.protobuf.WVPrefs$WVColorPrefs::getColoredObjectsCount@4 (line 2358)
                      ; - ui.views.waveform.executive.protobuf.WVPrefs$WVColorPrefs::isInitialized@22 (line 2383)
                      ; - ui.views.waveform.executive.protobuf.WVPrefs$WVPrefsMessage::isInitialized@81 (line 4628)
                      ; - ui.views.waveform.executive.protobuf.WVPrefs$WVPrefsMessage$Builder::build@6 (line 4911)
                      ; - ui.views.waveform.executive.protobuf.WVPrefs$WVPrefsMessage$Builder::build@1 (line 4838)
                      ; - ui.views.waveform.h.c::aGl@21 (line 177)
                      ; - ui.views.waveform.executive.a::mDJ@20 (line 665)
                      ; - ui.views.waveform.executive.a::mDZ@2 (line 754)
                      ; - ui.views.waveform.u::aT@22 (line 1200)
  0x000001ae22e63ce0: bc0d f9ff 

  0x000001ae22e63ce4: ;   {other}
  0x000001ae22e63ce4: 0f1f 8400 | d40f 0005 | 448b cd44 | 3bc8 0f8d | bf00 0000 | 488b 5c24 | 5844 8b54 | 2420 478b 
  0x000001ae22e63d04: 44d4 1c47 | 8b5c c408 

  0x000001ae22e63d0c: ;   {metadata('java/util/Collections$UnmodifiableRandomAccessList')}
  0x000001ae22e63d0c: 4181 fbc0 | e21c 000f | 85b3 2c00 | 004b 8d3c | c444 8b47 | 1043 8b54 | c408 4b8d 

  0x000001ae22e63d28: ;   {metadata('java/util/ArrayList')}
  0x000001ae22e63d28: 0cc4 81fa | 48ad 0b00 | 755a 8b69 | 1085 ed0f | 8c0b 2d00 | 0044 3bcd | 0f83 ca2c | 0000 8b49 
  0x000001ae22e63d48: 1441 8be9 

  0x000001ae22e63d4c: ; implicit exception: dispatches to 0x000001ae22e68874
  0x000001ae22e63d4c: 458b 44cc | 0c41 3be8 | 0f82 e6fe | ffff bae4 | ffff ff44 | 894c 2424 | 4c8b 5424 | 384c 8954 
  0x000001ae22e63d6c: 2428 448b | 5424 5044 | 8954 243c | 894c 2450 

  0x000001ae22e63d7c: ;   {runtime_call UncommonTrapBlob}
  0x000001ae22e63d7c: c5f8 77e8 

  0x000001ae22e63d80: ; ImmutableOopMap {[32]=NarrowOop [40]=Oop [60]=NarrowOop [64]=Oop [80]=NarrowOop }
                      ;*aaload {reexecute=0 rethrow=0 return_oop=0}
                      ; - java.util.ArrayList::elementData@5 (line 411)
                      ; - java.util.ArrayList::get@11 (line 428)
                      ; - java.util.Collections$UnmodifiableList::get@5 (line 1501)
                      ; - ui.views.waveform.executive.protobuf.WVPrefs$WVColorPrefs::getColoredObjects@5 (line 2365)
                      ; - ui.views.waveform.executive.protobuf.WVPrefs$WVColorPrefs::isInitialized@30 (line 2384)
                      ; - ui.views.waveform.executive.protobuf.WVPrefs$WVPrefsMessage::isInitialized@81 (line 4628)
                      ; - ui.views.waveform.executive.protobuf.WVPrefs$WVPrefsMessage$Builder::build@6 (line 4911)
                      ; - ui.views.waveform.executive.protobuf.WVPrefs$WVPrefsMessage$Builder::build@1 (line 4838)
                      ; - ui.views.waveform.h.c::aGl@21 (line 177)
                      ; - ui.views.waveform.executive.a::mDJ@20 (line 665)
                      ; - ui.views.waveform.executive.a::mDZ@2 (line 754)
                      ; - ui.views.waveform.u::aT@22 (line 1200)
  0x000001ae22e63d80: 7c08 88ff 

  0x000001ae22e63d84: ;   {other}
  0x000001ae22e63d84: 0f1f 8400 | 7410 0006 

  0x000001ae22e63d8c: ;   {metadata('java/util/Arrays$ArrayList')}
  0x000001ae22e63d8c: 81fa 00c1 | 1a00 0f85 | 802e 0000 | 8b69 1045 | 8b44 ec0c | 453b c80f | 8337 2e00 | 004d 8d1c 
  0x000001ae22e63dac: ec43 8b6c | 8b10 e992 | feff ff48 | 8b74 2458 | 448b 5c24 | 2043 c644 | dc18 0148 | 8b5c 2440 
  0x000001ae22e63dcc: 448b 5b28 

  0x000001ae22e63dd0: ; implicit exception: dispatches to 0x000001ae22e68bcc
  0x000001ae22e63dd0: 430f be6c | dc31 83fd | 010f 84fd | 3b00 0085 | ed0f 8435 | 3c00 0047 | 8b54 dc18 | 418b ea83 
  0x000001ae22e63df0: e501 85ed | 0f84 623c | 0000 418b | ea83 e502 | 85ed 0f84 | 983c 0000 | 418b ea83 | e504 85ed 
  0x000001ae22e63e10: 0f84 ce3c | 0000 418b | ea83 e508 | 85ed 0f84 | 043d 0000 | 418b ea83 | e510 85ed | 0f84 3a3d 
  0x000001ae22e63e30: 0000 4183 | e220 4585 | d20f 8471 | 3d00 0043 | c644 dc31 | 01c6 431c | 0141 807f | 4000 0f85 
  0x000001ae22e63e50: 0c1e 0000 | 8b7c 2450 | 4c8b 6c24 | 284d 8bd5 | 488b eb48 | c1ed 0341 | 896c fc40 | 4c8b db4d 
  0x000001ae22e63e70: 33da 49c1 | eb16 4d85 | db0f 84c3 | 1d00 0048 | 85db 0f84 | c31d 0000 

  0x000001ae22e63e88: ;   {no_reloc}
  0x000001ae22e63e88: 49c1 ea09 | 48b9 0000 | a427 ae01 | 0000 4903 | ca80 3902 | 0f85 bb1f | 0000 4889 | 7424 2049 
  0x000001ae22e63ea8: 8bd5 6690 

  0x000001ae22e63eac: ;   {optimized virtual_call}
  0x000001ae22e63eac: c5f8 77e8 

  0x000001ae22e63eb0: ; ImmutableOopMap {[56]=Oop }
                      ;*invokevirtual mEP {reexecute=0 rethrow=0 return_oop=0}
                      ; - ui.views.waveform.executive.a::mDZ@17 (line 758)
                      ; - ui.views.waveform.u::aT@22 (line 1200)
  0x000001ae22e63eb0: 0c84 4500 

  0x000001ae22e63eb4: ;   {other}
  0x000001ae22e63eb4: 0f1f 8400 | a411 0007 | 4c8b 6c24 | 3841 8bbd | f801 0000 

  0x000001ae22e63ec8: ; implicit exception: dispatches to 0x000001ae22e68a2c
  0x000001ae22e63ec8: 418b 9cfc | a001 0000 | c5f8 7749 | ba40 23a8 | 7df9 7f00 | 0041 ffd2 

  0x000001ae22e63ee0: ;   {other}
  0x000001ae22e63ee0: 0f1f 8400 | 0000 0000 | 85db 0f84 | 882d 0000 | 4989 84dc | c001 0000 | 418b 9cfc | 7c01 0000 
  0x000001ae22e63f00: ; implicit exception: dispatches to 0x000001ae22e68a48
  0x000001ae22e63f00: 458b 94dc | 0002 0000 

  0x000001ae22e63f08: ; implicit exception: dispatches to 0x000001ae22e68a60
  0x000001ae22e63f08: 438b acd4 | 0002 0000 

  0x000001ae22e63f10: ; implicit exception: dispatches to 0x000001ae22e68a78
  0x000001ae22e63f10: 498b 74ec | 10c5 f877 | 49ba 4023 | a87d f97f | 0000 41ff 

  0x000001ae22e63f24: ;   {other}
  0x000001ae22e63f24: d20f 1f84 | 0000 0000 | 0048 8944 | 2428 4d8d | 14dc 4c89 | 5424 4889 | 5c24 444d | 8d14 ec4c 
  0x000001ae22e63f44: 8954 2450 | 4d8d 14fc | 4c89 5424 | 5889 7c24 | 4048 8bd6 

  0x000001ae22e63f58: ;   {static_call}
  0x000001ae22e63f58: c5f8 77e8 

  0x000001ae22e63f5c: ; ImmutableOopMap {rbp=NarrowOop [56]=Oop [64]=NarrowOop [68]=NarrowOop [72]=Oop [80]=Oop [88]=Oop }
                      ;*invokestatic WVExecutive_getGraphicsDataSize {reexecute=0 rethrow=0 return_oop=0}
                      ; - ui.views.waveform.executive.a::mDy@10 (line 493)
                      ; - ui.views.waveform.c.a::mCQ@7 (line 463)
                      ; - ui.views.waveform.c.a::mCO@1 (line 348)
                      ; - ui.views.waveform.a::mBh@4 (line 289)
                      ; - ui.views.waveform.a::Pl@11 (line 116)
                      ; - ui.views.waveform.u::aT@30 (line 1201)
  0x000001ae22e63f5c: 80f9 6a00 

  0x000001ae22e63f60: ;   {other}
  0x000001ae22e63f60: 0f1f 8400 | 5012 0008 | 448b d045 | 85d2 0f84 | 3c3a 0000 | 458d 5a01 | 4181 fb00 | 0010 000f 
  0x000001ae22e63f80: 870b 2d00 | 0049 63ca | 4883 c101 | 4181 fb00 | 0010 000f | 8752 2800 | 004d 8b87 | b801 0000 
  0x000001ae22e63fa0: 4883 c117 | 4c8b c949 | 83e1 f849 | 8bd8 4903 | d949 3b9f | c801 0000 | 0f83 2d28 | 0000 4989 
  0x000001ae22e63fc0: 9fb8 0100 | 000f 1883 | 0001 0000 | 49c7 0001 | 0000 000f | 1883 4001 

  0x000001ae22e63fd8: ;   {metadata({type array byte})}
  0x000001ae22e63fd8: 0000 41c7 | 4008 c022 | 0000 4589 | 580c 0f18 | 8380 0100 | 0049 8bf8 | 4883 c710 | 48c1 e903 
  0x000001ae22e63ff8: 4883 c1fe | 4833 c048 | 83f9 087f | 1048 ffc9 | 784f 4889 | 04cf 48ff | c97d f7eb | 44c5 fdef 
  0x000001ae22e64018: c0e9 0d00 | 0000 c5fe | 7f07 c5fe | 7f47 2048 | 83c7 4048 | 83e9 087d | ed48 83c1 | 047c 0cc5 
  0x000001ae22e64038: fe7f 0748 | 83c7 2048 | 83e9 0448 | 83c1 047e | 1048 ffc9 | c5f9 d607 | 4883 c708 | 48ff c97d 
  0x000001ae22e64058: f344 8954 | 2460 4489 | 5c24 644c | 8944 2468 | 498b 54ec | 1044 8b4c | 2460 6690 

  0x000001ae22e64074: ;   {static_call}
  0x000001ae22e64074: c5f8 77e8 

  0x000001ae22e64078: ; ImmutableOopMap {rbp=NarrowOop [56]=Oop [64]=NarrowOop [68]=NarrowOop [72]=Oop [80]=Oop [88]=Oop [104]=Oop }
                      ;*invokestatic WVExecutive_getGraphicsDataByteArray {reexecute=0 rethrow=0 return_oop=0}
                      ; - ui.views.waveform.executive.a::mDy@58 (line 505)
                      ; - ui.views.waveform.c.a::mCQ@7 (line 463)
                      ; - ui.views.waveform.c.a::mCO@1 (line 348)
                      ; - ui.views.waveform.a::mBh@4 (line 289)
                      ; - ui.views.waveform.a::Pl@11 (line 116)
                      ; - ui.views.waveform.u::aT@30 (line 1201)
  0x000001ae22e64078: 6438 9900 

  0x000001ae22e6407c: ;   {other}
  0x000001ae22e6407c: 0f1f 8400 | 6c13 0009 | 448b dd41 | 8b6c ec20 

  0x000001ae22e6408c: ; implicit exception: dispatches to 0x000001ae22e68b9c
  0x000001ae22e6408c: 458b 44ec | 0c44 8b54 | 2464 453b | d00f 85f9 | 0000 0048 | 8bf5 48c1 | e603 488b | 7c24 6848 
  0x000001ae22e640ac: 3bfe 0f84 | cb00 0000 | 4885 ff0f | 84c9 0000 | 0048 85f6 | 0f84 c000 | 0000 8b4f | 0c3b 4e0c 
  0x000001ae22e640cc: 0f85 b400 | 0000 85c9 | 0f84 a500 | 0000 488d | 7f10 488d | 7610 8bc1 | 83e0 1f83 | e1e0 0f84 
  0x000001ae22e640ec: 4b00 0000 | 488d 3c0f | 488d 340e | 48f7 d9c5 | fe6f 040f | c5fe 6f0c | 0ec5 fdef | c1c4 e27d 
  0x000001ae22e6410c: 17c0 0f85 | 7200 0000 | 4883 c120 | 75e1 85c0 | 0f84 5d00 | 0000 c5fe | 6f44 07e0 | c5fe 6f4c 
  0x000001ae22e6412c: 06e0 c5fd | efc1 c4e2 | 7d17 c075 | 4deb 448b | c883 e1fc | 7419 488d | 3c0f 488d | 340e 48f7 
  0x000001ae22e6414c: d98b 1c0f | 3b1c 0e75 | 3148 83c1 | 0475 f2a8 | 0274 120f | b71f 0fb7 | 0e3b d975 | 1d48 8d7f 
  0x000001ae22e6416c: 0248 8d76 | 02a8 0174 | 0a0f b61f 

  0x000001ae22e64178: ;   {no_reloc}
  0x000001ae22e64178: 0fb6 0e3b | d975 07b8 | 0100 0000 | eb02 33c0 | c5fd efc0 | c5f5 efc9 | 85c0 0f85 | 0303 0000 
  0x000001ae22e64198: 4180 7f40 | 000f 8521 | 1e00 004c | 8b54 2450 | 4c8b 4c24 | 684d 8bc1 | 4d33 c249 | 8bd9 48c1 
  0x000001ae22e641b8: eb03 4389 | 5cdc 2049 | c1e8 164d | 85c0 0f84 | e71d 0000 | 49c1 ea09 | 48b9 0000 | a427 ae01 
  0x000001ae22e641d8: 0000 4903 | ca80 3902 | 0f85 8c20 | 0000 4c89 | 8c24 8800 | 0000 895c | 2464 c5f8 | 7749 ba40 
  0x000001ae22e641f8: 23a8 7df9 | 7f00 0041 

  0x000001ae22e64200: ;   {other}
  0x000001ae22e64200: ffd2 0f1f | 8400 0000 | 0000 4c8b | d04c 2b54 | 2428 4c89 | 5424 504d | 85d2 0f8c | 103a 0000 
  0x000001ae22e64220: 4c8b 5c24 | 284c 2bd8 | 4983 fbf6 | 0f8f 3f03 | 0000 4983 | fb9c 0f8f | 1e0f 0000 | 4981 fb18 
  0x000001ae22e64240: fcff ff0f | 8f27 0f00 | 0049 81fb | f0d8 ffff | 0f8f 2303 | 0000 4981 | fb60 79fe | ff0f 8f23 
  0x000001ae22e64260: 0f00 0049 | 81fb c0bd | f0ff 0f8f | 1103 0000 | 4981 fb80 | 6967 ff0f | 8f15 1000 | 0049 81fb 
  0x000001ae22e64280: 001f 0afa | 0f8f 3510 | 0000 4981 | fb00 3665 | c40f 8f55 | 1000 0049 | ba00 1cf4 | abfd ffff 
  0x000001ae22e642a0: ff4d 3bda | 0f8f 6313 | 0000 49ba | 0018 89b7 | e8ff ffff | 4d3b da0f | 8fd8 1600 | 0049 ba00 
  0x000001ae22e642c0: f05a 2b17 | ffff ff4d | 3bda 0f8f | da16 0000 | 49ba 0060 | 8db1 e7f6 | ffff 4d3b | da0f 8fab 
  0x000001ae22e642e0: 0e00 0049 | ba00 c085 | ef0c a5ff | ff4d 3bda | 0f8f 9302 | 0000 49ba | 0080 395b | 8172 fcff 
  0x000001ae22e64300: ;   {no_reloc}
  0x000001ae22e64300: 4d3b da0f | 8f91 0f00 | 0049 ba00 | 003f 900d | 79dc ff4d | 3bda 0f8f | ab0f 0000 | 49ba 0000 
  0x000001ae22e64320: 76a2 87ba | 9cfe 4d3b | da0f 8fc5 | 0f00 0049 | ba00 009c | 584c 491f | f24d 3bda | 0f8f d312 
  0x000001ae22e64340: 0000 41bb | 1300 0000 | 41ba 3900 | 0000 4489 | 5424 28e9 | 4702 0000 | 41bb 0300 | 0000 eb11 
  0x000001ae22e64360: 41bb 0300 | 0000 eb05 | 448b 5c24 | 7c41 83c3 | 0241 ffc3 | 458d 4b19 | 4489 5c24 | 7849 8b87 
  0x000001ae22e64380: b801 0000 | 4c63 4424 | 784d 8d50 | 3049 8d48 | 1649 83e2 | f84c 8bd8 | 4d03 da4d | 3b9f c801 
  0x000001ae22e643a0: 0000 0f83 | 3525 0000 | 4d89 9fb8 | 0100 0041 | 0f18 8300 | 0100 0048 | c700 0100 | 0000 410f 
  0x000001ae22e643c0: 1883 4001 

  0x000001ae22e643c4: ;   {metadata({type array byte})}
  0x000001ae22e643c4: 0000 c740 | 08c0 2200 | 0044 8948 | 0c41 0f18 | 8380 0100 | 008b e944 | 8d55 0345 | 3bca 0f82 
  0x000001ae22e643e4: d829 0000 | 42c6 4400 | 2873 42c6 | 4400 276d | 42c6 4400 | 2620 488b 

  0x000001ae22e643fc: ;   {oop("Update Graphics Data: "{0x000000068239c7f0})}
  0x000001ae22e643fc: e848 bff0 | c739 8206 | 0000 0048 | 8bd1 4c8b | c04c 8b4c | 2420 6690 

  0x000001ae22e64414: ;   {static_call java.lang.StringConcatHelper::prepend}
  0x000001ae22e64414: c5f8 77e8 

  0x000001ae22e64418: ; ImmutableOopMap {rbp=Oop [56]=Oop [64]=NarrowOop [88]=Oop }
                      ;*invokestatic linkToStatic {reexecute=0 rethrow=0 return_oop=0}
                      ; - java.lang.invoke.DirectMethodHandle$Holder::invokeStatic@17
                      ; - java.lang.invoke.LambdaForm$MH/0x000001ae35785000::invoke@28
                      ; - java.lang.invoke.LambdaForm$MH/0x000001ae35ab0400::invoke@54
                      ; - java.lang.invoke.Invokers$Holder::linkToTargetMethod@5
                      ; - ui.views.waveform.c.a::mCQ@135 (line 490)
                      ; - ui.views.waveform.c.a::mCO@1 (line 348)
                      ; - ui.views.waveform.a::mBh@4 (line 289)
                      ; - ui.views.waveform.a::Pl@11 (line 116)
                      ; - ui.views.waveform.u::aT@30 (line 1201)
  0x000001ae22e64418: 0421 ce00 

  0x000001ae22e6441c: ;   {other}
  0x000001ae22e6441c: 0f1f 8400 | 0c17 000a | 4c8b dd49 | 8beb 48c1 | ed03 4885 | c00f 853c | 1600 004d | 8b87 b801 
  0x000001ae22e6443c: 0000 4d8b | d049 83c2 | 184d 3b97 | c801 0000 | 0f83 ea24 | 0000 4d89 | 97b8 0100 | 0041 0f18 
  0x000001ae22e6445c: 8200 0100 | 0049 c700 | 0100 0000 

  0x000001ae22e64468: ;   {metadata('java/lang/String')}
  0x000001ae22e64468: 41c7 4008 | d8e8 0000 | 4589 600c | 4589 6010 | 4189 6814 

  0x000001ae22e6447c: ;   {oop(a 'java/lang/Class'{0x0000000682a04eb8} = 'ui/utils/x')}
  0x000001ae22e6447c: 49ba b84e | a082 0600 | 0000 458b | 9a84 0000 | 0043 0fb6 | 6cdc 0c85 | ed0f 8515 | 3c00 0048 
  0x000001ae22e6449c: 8b54 2458 

  0x000001ae22e644a0: ;   {optimized virtual_call}
  0x000001ae22e644a0: c5f8 77e8 

  0x000001ae22e644a4: ; ImmutableOopMap {[56]=Oop [64]=NarrowOop [88]=Oop }
                      ;*invokevirtual lVE {reexecute=0 rethrow=0 return_oop=0}
                      ; - ui.views.waveform.a::Pl@15 (line 117)
                      ; - ui.views.waveform.u::aT@30 (line 1201)
  0x000001ae22e644a4: 18bb ab00 

  0x000001ae22e644a8: ;   {other}
  0x000001ae22e644a8: 0f1f 8400 | 9817 000b | 8b6c 2440 | 458b 9cec | 8c01 0000 | 4585 db0f | 84d3 2700 | 004b 8d14 
  0x000001ae22e644c8: dc44 8b44 | 2434 6690 

  0x000001ae22e644d0: ;   {optimized virtual_call}
  0x000001ae22e644d0: c5f8 77e8 

  0x000001ae22e644d4: ; ImmutableOopMap {rbp=NarrowOop [56]=Oop [88]=Oop }
                      ;*invokevirtual Pl {reexecute=0 rethrow=0 return_oop=0}
                      ; - ui.views.waveform.a::Pm@5 (line 268)
                      ; - ui.views.waveform.a::Pl@20 (line 118)
                      ; - ui.views.waveform.u::aT@30 (line 1201)
  0x000001ae22e644d4: c87c 9800 

  0x000001ae22e644d8: ;   {other}
  0x000001ae22e644d8: 0f1f 8400 | c817 000c | 458b 94ec | 9801 0000 

  0x000001ae22e644e8: ; implicit exception: dispatches to 0x000001ae22e68a90
  0x000001ae22e644e8: 478b 9cd4 | 7401 0000 | 4585 db0f | 84bb 2700 | 004b 8d14 | dc41 b801 | 0000 0090 

  0x000001ae22e64504: ;   {optimized virtual_call}
  0x000001ae22e64504: c5f8 77e8 

  0x000001ae22e64508: ; ImmutableOopMap {[56]=Oop }
                      ;*invokevirtual PF {reexecute=0 rethrow=0 return_oop=0}
                      ; - ui.views.waveform.e.r::Pn@5 (line 62)
                      ; - ui.views.waveform.a::Pn@5 (line 285)
                      ; - ui.views.waveform.a::Pl@25 (line 120)
                      ; - ui.views.waveform.u::aT@30 (line 1201)
  0x000001ae22e64508: 94bf 1c00 

  0x000001ae22e6450c: ;   {other}
  0x000001ae22e6450c: 0f1f 8400 | fc17 000d | 4c8b 5424 | 3841 ff8a | d001 0000 | 448b 5c24 | 3045 85db | 0f84 ca36 
  0x000001ae22e6452c: 0000 498b | d266 6690 

  0x000001ae22e64534: ;   {optimized virtual_call}
  0x000001ae22e64534: c5f8 77e8 

  0x000001ae22e64538: ; ImmutableOopMap {[56]=Oop }
                      ;*invokevirtual lwg {reexecute=0 rethrow=0 return_oop=0}
                      ; - ui.views.waveform.u::aT@43 (line 1206)
  0x000001ae22e64538: 443a 3600 

  0x000001ae22e6453c: ;   {other}
  0x000001ae22e6453c: 0f1f 8400 | 2c18 000e | 4c8b 5424 | 3841 8baa | 6802 0000 | 85ed 0f85 | c036 0000 | c5f8 7748 
  0x000001ae22e6455c: 81c4 b000 

  0x000001ae22e64560: ;   {poll_return}
  0x000001ae22e64560: 0000 5d49 | 3ba7 5004 | 0000 0f87 | 4d55 0000 | c341 bb01 | 0000 00eb | 1d41 bb03 | 0000 00eb 
  0x000001ae22e64580: 1241 bb03 | 0000 00eb | 0641 bb0b | 0000 0041 | 83c3 0241 | ffc3 458d | 5326 4489 | 5424 2849 
  0x000001ae22e645a0: 8b87 b801 | 0000 4d63 | d34c 8954 | 2468 4983 | c23d 4c8b | 5c24 6849 | 83c3 234c | 895c 2470 
  0x000001ae22e645c0: 4983 e2f8 | 4c8b d84d | 03da 4d3b | 9fc8 0100 | 000f 8345 | 2200 004d | 899f b801 | 0000 410f 
  0x000001ae22e645e0: 1883 0001 | 0000 48c7 | 0001 0000 | 0041 0f18 | 8340 0100 

  0x000001ae22e645f4: ;   {metadata({type array byte})}
  0x000001ae22e645f4: 00c7 4008 | c022 0000 | 448b 5424 | 2844 8950 | 0c41 0f18 | 8380 0100 | 0048 8944 | 2478 4c8b 
  0x000001ae22e64614: 5424 7041 | 8bea 448d | 5d03 448b | 5424 2845 | 3bd3 0f82 | e826 0000 | 4c8b 5c24 | 6842 c644 
  0x000001ae22e64634: 1835 7342 | c644 1834 | 6d42 c644 

  0x000001ae22e64640: ;   {oop("WaveformExecutive.getGraphicsData: "{0x0000000682397040})}
  0x000001ae22e64640: 1833 2048 | bf40 7039 | 8206 0000 | 0048 8b54 | 2470 4c8b | c04c 8b4c | 2450 6690 

  0x000001ae22e6465c: ;   {static_call java.lang.StringConcatHelper::prepend}
  0x000001ae22e6465c: c5f8 77e8 

  0x000001ae22e64660: ; ImmutableOopMap {[56]=Oop [64]=NarrowOop [68]=NarrowOop [72]=Oop [88]=Oop [100]=NarrowOop [120]=Oop [136]=Oop }
                      ;*invokestatic linkToStatic {reexecute=0 rethrow=0 return_oop=0}
                      ; - java.lang.invoke.DirectMethodHandle$Holder::invokeStatic@17
                      ; - java.lang.invoke.LambdaForm$MH/0x000001ae35785000::invoke@28
                      ; - java.lang.invoke.LambdaForm$MH/0x000001ae35ab0400::invoke@54
                      ; - java.lang.invoke.Invokers$Holder::linkToTargetMethod@5
                      ; - ui.views.waveform.executive.a::mDy@104 (line 513)
                      ; - ui.views.waveform.c.a::mCQ@7 (line 463)
                      ; - ui.views.waveform.c.a::mCO@1 (line 348)
                      ; - ui.views.waveform.a::mBh@4 (line 289)
                      ; - ui.views.waveform.a::Pl@11 (line 116)
                      ; - ui.views.waveform.u::aT@30 (line 1201)
  0x000001ae22e64660: bc1e ce00 

  0x000001ae22e64664: ;   {other}
  0x000001ae22e64664: 0f1f 8400 | 5419 000f | 4c8b 5424 | 7849 8bea | 48c1 ed03 | 4885 c00f | 8591 1300 | 004d 8b87 
  0x000001ae22e64684: b801 0000 | 4d8b d049 | 83c2 184d | 3b97 c801 | 0000 0f83 | 7e22 0000 | 4d89 97b8 | 0100 0041 
  0x000001ae22e646a4: 0f18 8200 | 0100 0049 | c700 0100 

  0x000001ae22e646b0: ;   {metadata('java/lang/String')}
  0x000001ae22e646b0: 0000 41c7 | 4008 d8e8 | 0000 4589 | 600c 4589 | 6010 4189 

  0x000001ae22e646c4: ;   {oop(a 'java/lang/Class'{0x0000000682a04eb8} = 'ui/utils/x')}
  0x000001ae22e646c4: 6814 49ba | b84e a082 | 0600 0000 | 458b 9284 | 0000 0043 | 0fb6 6cd4 | 0c85 ed0f | 8527 3800 
  0x000001ae22e646e4: 004d 8b9f | b801 0000 | 4d8b d349 | 83c2 204d | 3b97 c801 | 0000 0f83 | 4521 0000 | 4d89 97b8 
  0x000001ae22e64704: 0100 0041 | 0f18 8200 | 0100 0049 | c703 0100 

  0x000001ae22e64714: ;   {metadata('java/io/ByteArrayInputStream')}
  0x000001ae22e64714: 0000 41c7 | 4308 0037 | 0500 4589 | 630c 4d89 | 6310 4d89 | 6318 4c89 | 5c24 2844 | 8b44 2460 
  0x000001ae22e64734: 4589 4314 | 4d8b d344 | 8b5c 2464 | 4589 5a18 | c5f8 7749 | ba40 23a8 | 7df9 7f00 | 0041 ffd2 
  0x000001ae22e64754: ;   {other}
  0x000001ae22e64754: 0f1f 8400 | 0000 0000 | 4889 4424 | 5049 8b9f | b801 0000 | 4c8b d349 | 83c2 184d | 3b97 c801 
  0x000001ae22e64774: 0000 0f83 | f020 0000 | 4d89 97b8 | 0100 0041 | 0f18 8200 | 0100 0048 | c703 0100 

  0x000001ae22e64790: ;   {metadata('java/util/ArrayList')}
  0x000001ae22e64790: 0000 c743 | 0848 ad0b | 0044 8963 | 0c44 8963 | 1044 8b5c | 2444 478b | 9cdc 0402 | 0000 4489 
  0x000001ae22e647b0: ;   {oop(a 'java/lang/Object'[0] {0x0000000682025aa0})}
  0x000001ae22e647b0: 5c24 60c7 | 4314 544b | 40d0 4585 | db0f 8495 | 3700 0041 | 807f 4000 | 0f85 2e18 | 0000 4c8b 
  0x000001ae22e647d0: d344 8b5c | 2460 49c1 | e303 4c8b | cb49 c1e9 | 038b 4c24 | 6045 894c | cc28 4d33 | d349 c1ea 
  0x000001ae22e647f0: 164d 85d2 | 741a 49c1 | eb09 48b9 | 0000 a427 | ae01 0000 | 4903 cb80 | 3902 0f85 | bd1a 0000 
  0x000001ae22e64810: 448b 5424 | 6043 8b5c | d45c 418b | 7cdc 1441 | 807f 4000 | 0f85 4218 | 0000 4180 | 7f40 000f 
  0x000001ae22e64830: 85ff 1700 | 0041 807f | 4000 0f85 | 6418 0000 | 4589 64dc | 2445 8964 | dc3c 4589 | 64dc 3885 
  0x000001ae22e64850: ff0f 8549 | 3700 0041 | 8b6c dc10 | 85ed 0f85 | 8837 0000 | 4180 7f40 | 000f 85e6 | 1800 0041 
  0x000001ae22e64870: 807f 4000 | 0f85 1319 | 0000 4180 | 7f40 000f | 8561 1800 | 0041 807f | 4000 0f85 | 6d19 0000 
  0x000001ae22e64890: 4180 7f40 | 000f 852a | 1900 0045 | 8964 dc20 | 4589 64dc | 1c4d 8b9f | b801 0000 | 4589 64dc 
  0x000001ae22e648b0: ;   {no_reloc}
  0x000001ae22e648b0: 144d 8bd3 | 4983 c248 | 4589 64dc | 1045 8964 | dc18 448b | 4c24 604f | 8d04 cc4c | 8944 2468 
  0x000001ae22e648d0: 4d3b 97c8 | 0100 000f | 83b7 1f00 | 004d 8997 | b801 0000 | 410f 1882 | 0001 0000 | 49c7 0301 
  0x000001ae22e648f0: ;   {metadata('ui/data/r/b/b/b/c')}
  0x000001ae22e648f0: 0000 0041 | c743 0878 | 65b8 0145 | 8963 0c4d | 8963 104d | 8963 184d | 8963 204d | 8963 284d 
  0x000001ae22e64910: 8963 3845 

  0x000001ae22e64914: ;   {oop(a 'ui/data/r/d/a$e'{0x0000000682398878})}
  0x000001ae22e64914: 8963 4441 | c743 300f 

  0x000001ae22e6491c: ;   {oop(a 'ui/data/r/d/al$a'{0x000000068141f570})}
  0x000001ae22e6491c: 3147 d041 | c743 34ae 

  0x000001ae22e64924: ;   {oop(a 'ui/data/r/d/a$R'{0x0000000682398e18})}
  0x000001ae22e64924: 3e28 d041 | c743 40c3 | 3147 d04c | 895c 2470 | 4d8b d344 | 8b5c 2460 | 4589 5a44 | 498b ea48 
  0x000001ae22e64944: c1ed 034c | 8b54 2468 | 4c8b 5c24 | 704d 33d3 | 49c1 ea16 | 4d85 d20f | 847b 1700 | 0049 c1eb 
  0x000001ae22e64964: 0948 b900 | 00a4 27ae | 0100 0049 | 03cb 8039 | 020f 85cd | 1900 0048 | 8b5c 2468 | 4180 7f40 
  0x000001ae22e64984: 000f 8593 | 1700 0089 | 6b5c 4c8b | cb49 c1e9 | 034c 8b54 | 2470 4c8b | db4d 33d3 | 49c1 ea16 
  0x000001ae22e649a4: 4d85 d274 | 1a49 c1eb | 0948 b900 | 00a4 27ae | 0100 0049 | 03cb 8039 | 020f 85e8 | 1900 0049 
  0x000001ae22e649c4: 8bd1 48c1 | e203 4c8b | 4424 2890 

  0x000001ae22e649d0: ;   {static_call}
  0x000001ae22e649d0: c5f8 77e8 

  0x000001ae22e649d4: ; ImmutableOopMap {rbp=NarrowOop [56]=Oop [64]=NarrowOop [68]=NarrowOop [72]=Oop [88]=Oop [96]=NarrowOop [104]=Oop [112]=Oop }
                      ;*invokestatic a {reexecute=0 rethrow=0 return_oop=0}
                      ; - ui.data.r.b.b.b.c::ck@5 (line 79)
                      ; - ui.data.r.b.b.b.c::<init>@19 (line 42)
                      ; - ui.data.r.a::ci@20 (line 372)
                      ; - ui.views.waveform.c.a::mCQ@117 (line 484)
                      ; - ui.views.waveform.c.a::mCO@1 (line 348)
                      ; - ui.views.waveform.a::mBh@4 (line 289)
                      ; - ui.views.waveform.a::Pl@11 (line 116)
                      ; - ui.views.waveform.u::aT@30 (line 1201)
  0x000001ae22e649d4: 889f 6000 

  0x000001ae22e649d8: ;   {other}
  0x000001ae22e649d8: 0f1f 8400 | c81c 0010 | 4180 7f40 | 000f 854a | 1800 0044 | 8b5c 2460 | 4389 6cdc | 5c4c 8b54 
  0x000001ae22e649f8: 2470 4c8b | 5c24 684d | 33d3 49c1 | ea16 4d85 | d274 1a49 | c1eb 0948 | b900 00a4 | 27ae 0100 
  0x000001ae22e64a18: 0049 03cb | 8039 020f | 85d9 1900 | 0048 8b54 | 2448 4533 | c066 6690 

  0x000001ae22e64a30: ;   {optimized virtual_call}
  0x000001ae22e64a30: c5f8 77e8 

  0x000001ae22e64a34: ; ImmutableOopMap {[56]=Oop [64]=NarrowOop [68]=NarrowOop [72]=Oop [88]=Oop }
                      ;*invokespecial Al {reexecute=0 rethrow=0 return_oop=0}
                      ; - ui.views.waveform.c.a::mCQ@123 (line 487)
                      ; - ui.views.waveform.c.a::mCO@1 (line 348)
                      ; - ui.views.waveform.a::mBh@4 (line 289)
                      ; - ui.views.waveform.a::Pl@11 (line 116)
                      ; - ui.views.waveform.u::aT@30 (line 1201)
  0x000001ae22e64a34: 6888 0e01 

  0x000001ae22e64a38: ;   {other}
  0x000001ae22e64a38: 0f1f 8400 | 281d 0011 | 448b 5424 | 4447 0fb6 | 5cd4 3845 | 85db 7420 | 488b 5424 | 4848 8bea 
  0x000001ae22e64a58: ;   {optimized virtual_call}
  0x000001ae22e64a58: c5f8 77e8 

  0x000001ae22e64a5c: ; ImmutableOopMap {rbp=Oop [56]=Oop [64]=NarrowOop [68]=NarrowOop [72]=Oop [88]=Oop }
                      ;*invokespecial getPreferredSize {reexecute=0 rethrow=0 return_oop=1}
                      ; - javax.swing.JComponent::getPreferredSize@8 (line 1730)
                      ; - ui.utils.swing.p.G::getPreferredSize@1 (line 137)
                      ; - ui.views.waveform.c.a::ike@1 (line 223)
                      ; - ui.frmwork.b.b::iTS@2 (line 1202)
                      ; - ui.views.waveform.c.a::mCQ@127 (line 488)
                      ; - ui.views.waveform.c.a::mCO@1 (line 348)
                      ; - ui.views.waveform.a::mBh@4 (line 289)
                      ; - ui.views.waveform.a::Pl@11 (line 116)
                      ; - ui.views.waveform.u::aT@30 (line 1201)
  0x000001ae22e64a5c: 0055 0500 

  0x000001ae22e64a60: ;   {other}
  0x000001ae22e64a60: 0f1f 8400 | 501d 0012 | 4c8b c0e9 | 9f02 0000 | 478b 84d4 | 1c01 0000 | 4585 c00f | 843e 0f00 
  0x000001ae22e64a80: 0049 8bd0 | 48c1 e203 | 4c8b 4424 | 484d 8bd0 | 498b ea66 | 6690 c5f8 | 7748 b8ff | ffff ffff 
  0x000001ae22e64aa0: ;   {virtual_call}
  0x000001ae22e64aa0: ffff ffe8 

  0x000001ae22e64aa4: ; ImmutableOopMap {rbp=Oop [56]=Oop [64]=NarrowOop [68]=NarrowOop [72]=Oop [88]=Oop }
                      ;*invokevirtual getPreferredSize {reexecute=0 rethrow=0 return_oop=1}
                      ; - javax.swing.JComponent::getPreferredSize@26 (line 1734)
                      ; - ui.utils.swing.p.G::getPreferredSize@1 (line 137)
                      ; - ui.views.waveform.c.a::ike@1 (line 223)
                      ; - ui.frmwork.b.b::iTS@2 (line 1202)
                      ; - ui.views.waveform.c.a::mCQ@127 (line 488)
                      ; - ui.views.waveform.c.a::mCO@1 (line 348)
                      ; - ui.views.waveform.a::mBh@4 (line 289)
                      ; - ui.views.waveform.a::Pl@11 (line 116)
                      ; - ui.views.waveform.u::aT@30 (line 1201)
  0x000001ae22e64aa4: d8a2 87ff 

  0x000001ae22e64aa8: ;   {other}
  0x000001ae22e64aa8: 0f1f 8400 | 981d 0013 | 4c8b c048 | 85c0 0f85 | 5302 0000 | 448b 5424 | 4447 8b84 | d484 0000 
  0x000001ae22e64ac8: 0047 0fb6 | 5cd4 3847 | 8b54 d440 | 4585 c074 | 264b 8d2c | c445 85db | 0f85 d801 | 0000 4585 
  0x000001ae22e64ae8: d274 1444 | 8b5c 2444 | 470f b65c | dc33 4585 | db0f 85bf 

  0x000001ae22e64afc: ;   {oop(a 'java/awt/Component$AWTTreeLock'{0x00000006808cdc88})}
  0x000001ae22e64afc: 0100 0049 | bb88 dc8c | 8006 0000 | 0048 8d9c | 2490 0000 | 0049 8b03 | a802 0f85 | 2300 0000 
  0x000001ae22e64b1c: 4883 c801 | 4889 03f0 | 490f b11b | 0f84 3700 | 0000 482b | c448 2507 | f0ff ff48 | 8903 e924 
  0x000001ae22e64b3c: 0000 004c | 8bd0 4833 | c0f0 4d0f | b17a 3e48 | c703 0300 | 0000 7411 | 4c3b f875 | 1549 ff82 
  0x000001ae22e64b5c: 8600 0000 | 4833 c075 | 0949 ff87 | 5005 0000 | 33c0 0f85 | 8c35 0000 | 448b 5424 | 4447 8b9c 
  0x000001ae22e64b7c: d4ec 0000 | 0045 85db | 0f84 4a0f | 0000 498b | d348 c1e2 | 034c 8b44 | 2448 4d8b | d049 8bea 
  0x000001ae22e64b9c: 6690 c5f8 | 7748 b8ff | ffff ffff 

  0x000001ae22e64ba8: ;   {virtual_call}
  0x000001ae22e64ba8: ffff ffe8 

  0x000001ae22e64bac: ; ImmutableOopMap {rbp=Oop [56]=Oop [64]=NarrowOop [68]=NarrowOop [72]=Oop [88]=Oop }
                      ;*invokeinterface preferredLayoutSize {reexecute=0 rethrow=0 return_oop=1}
                      ; - java.awt.Container::preferredSize@43 (line 1826)
                      ; - java.awt.Container::getPreferredSize@1 (line 1810)
                      ; - javax.swing.JComponent::getPreferredSize@39 (line 1736)
                      ; - ui.utils.swing.p.G::getPreferredSize@1 (line 137)
                      ; - ui.views.waveform.c.a::ike@1 (line 223)
                      ; - ui.frmwork.b.b::iTS@2 (line 1202)
                      ; - ui.views.waveform.c.a::mCQ@127 (line 488)
                      ; - ui.views.waveform.c.a::mCO@1 (line 348)
                      ; - ui.views.waveform.a::mBh@4 (line 289)
                      ; - ui.views.waveform.a::Pl@11 (line 116)
                      ; - ui.views.waveform.u::aT@30 (line 1201)
  0x000001ae22e64bac: d0a1 87ff 

  0x000001ae22e64bb0: ;   {other}
  0x000001ae22e64bb0: 0f1f 8400 | a01e 0014 | 488b d841 | 807f 4000 | 0f85 bf1a | 0000 488b | eb48 c1ed | 0344 8b54 
  0x000001ae22e64bd0: 2444 4389 | acd4 8400 | 0000 4c8b | 5424 484c | 8bdb 4d33 | da49 c1eb | 164d 85db | 741f 4885 
  0x000001ae22e64bf0: db74 1a49 | c1ea 0948 | b900 00a4 | 27ae 0100 | 0049 03ca | 8039 020f | 85b8 1a00 

  0x000001ae22e64c0c: ;   {oop(a 'java/awt/Component$AWTTreeLock'{0x00000006808cdc88})}
  0x000001ae22e64c0c: 0049 bb88 | dc8c 8006 | 0000 0048 | 8d84 2490 | 0000 0048 | 8338 000f | 8479 0000 | 004d 8b13 
  0x000001ae22e64c2c: 41f6 c202 | 0f84 6200 | 0000 4983 | ba86 0000 | 0000 7409 | 49ff 8a86 | 0000 00eb | 4b49 8b82 
  0x000001ae22e64c4c: 9600 0000 | 490b 828e | 0000 0075 | 0a49 c742 | 3e00 0000 | 00eb 3d49 | 83ba 9e00 | 0000 0074 
  0x000001ae22e64c6c: 2248 33c0 | 49c7 423e | 0000 0000 | f083 0424 | 0049 83ba | 9e00 0000 | 0075 0df0 | 4d0f b17a 
  0x000001ae22e64c8c: 3e75 0583 | c801 eb0c | a800 eb08 | 4c8b 10f0 | 4d0f b113 | 750a 49ff | 8f50 0500 | 0045 33d2 
  0x000001ae22e64cac: 0f85 7b34 | 0000 85ed | 0f84 0f35 | 0000 48c1 | e503 4d8b | 87b8 0100 | 004d 8bd0 | 4983 c218 
  0x000001ae22e64ccc: 4d3b 97c8 | 0100 000f | 83cf 1c00 | 004d 8997 | b801 0000 | 410f 1882 | 0001 0000 | 49c7 0001 
  0x000001ae22e64cec: ;   {metadata('java/awt/Dimension')}
  0x000001ae22e64cec: 0000 0041 | c740 08d8 | e807 0145 | 8960 0c4d | 8960 1044 | 8b5d 1045 | 8958 1044 | 8b55 0c45 
  0x000001ae22e64d0c: 8950 0c44 | 8b54 2444 | 438b acd4 | 5801 0000 | 83fd ff0f | 85ff 3200 | 0043 8bac | d45c 0100 
  0x000001ae22e64d2c: 0083 fdff | 0f85 1004 | 0000 418b | 680c 498b | 87b8 0100 | 0045 8b58 | 1044 895c | 2428 4c8b 
  0x000001ae22e64d4c: d049 83c2 | 204d 3b97 | c801 0000 | 0f83 5e1b | 0000 4d89 | 97b8 0100 | 0041 0f18 | 8200 0100 
  0x000001ae22e64d6c: 0048 c700 | 0100 0000 

  0x000001ae22e64d74: ;   {metadata('java/awt/Rectangle')}
  0x000001ae22e64d74: c740 08a0 | f80a 0144 | 8960 0c4c | 8960 104c | 8960 1848 | 8bd8 8968 | 1444 8b54 | 2428 4489 
  0x000001ae22e64d94: 5018 448b | 5c24 4447 | 8b9c dca8 | 0100 00c4 | 817b 1044 

  0x000001ae22e64da8: ;   {section_word}
  0x000001ae22e64da8: dc10 c5fb | 100d f6e6 | ffff c5f3 

  0x000001ae22e64db4: ;   {section_word}
  0x000001ae22e64db4: 5ec8 c5f3 | 580d e2e6 | ffff c57b | 2cd1 4181 | fa00 0000 | 800f 84d9 | 4c00 0041 | bb14 0000 
  0x000001ae22e64dd4: 0045 3bda | 450f 4cda | 4183 fb01 | 0f8e 3430 | 0000 458d 

  0x000001ae22e64de8: ;   {section_word}
  0x000001ae22e64de8: 5301 c5fb | 100d bee6 | ffff c5f3 

  0x000001ae22e64df4: ;   {section_word}
  0x000001ae22e64df4: 5ec0 c5fb | 5805 a2e6 | ffff 458b | c341 c1e8 | 1f45 03c3 | c5fb 2cc8 | 81f9 0000 | 0080 0f84 
  0x000001ae22e64e14: 7c4c 0000 | 4183 e0fe | 453b d845 | 0f45 da41 | b828 0000 | 0044 3bc1 | 41b9 2800 | 0000 440f 
  0x000001ae22e64e34: 4cc9 4183 | f901 0f8e | 2830 0000 | 448b 5424 | 4443 8bbc | d4c4 0100 | 0045 8d51 | 0145 8bc1 
  0x000001ae22e64e54: 41c1 e81f | 4503 c141 | f7db 4489 | 5810 4489 | 580c 4183 | e0fe 453b | c845 0f45 | ca45 8d1c 
  0x000001ae22e64e74: 2944 8958 | 1444 034c | 2428 4489 | 4818 85ff | 0f85 2903 | 0000 4180 | 7f40 000f | 85ba 1500 
  0x000001ae22e64e94: 004c 8b54 | 2448 4c8b | c349 c1e8 | 0344 8b4c | 2444 4789 | 84cc c401 | 0000 4c8b | db4d 33da 
  0x000001ae22e64eb4: 49c1 eb16 | 4d85 db74 | 1649 c1ea | 094c 8b44 | 2420 4d03 | c241 8038 | 020f 85bc | 1500 0044 
  0x000001ae22e64ed4: 8b54 2444 | 478b 54d4 | 2044 8954 | 2420 448b | 5c24 4447 | 8b5c dc1c | 4489 5c24 

  0x000001ae22e64ef0: ;   {oop(a 'java/lang/Class'{0x0000000681823368} = 'sun/awt/AWTAccessor')}
  0x000001ae22e64ef0: 2449 ba68 | 3382 8106 | 0000 0041 | 8b6a 7445 | 8b5c ec08 

  0x000001ae22e64f04: ;   {metadata('java/awt/Component$1')}
  0x000001ae22e64f04: 4181 fbd0 | 8206 010f | 855b 1e00 | 0044 8b54 | 2444 478b | 5cd4 4845 | 85db 0f84 | f503 0000 
  0x000001ae22e64f24: 4b8d 2cdc 

  0x000001ae22e64f28: ;   {oop(a 'java/lang/Class'{0x00000006802d6278} = 'javax/swing/RepaintManager')}
  0x000001ae22e64f28: 49b8 7862 | 2d80 0600 | 0000 488b | d566 6690 

  0x000001ae22e64f38: ;   {optimized virtual_call}
  0x000001ae22e64f38: c5f8 77e8 

  0x000001ae22e64f3c: ; ImmutableOopMap {rbp=Oop [56]=Oop [64]=NarrowOop [68]=NarrowOop [72]=Oop [88]=Oop }
                      ;*invokevirtual get {reexecute=0 rethrow=0 return_oop=1}
                      ; - javax.swing.RepaintManager::currentManager@4 (line 283)
                      ; - javax.swing.JComponent::repaint@4 (line 4898)
                      ; - java.awt.Component::repaint@12 (line 3395)
                      ; - ui.frmwork.b.b::iTS@10 (line 1203)
                      ; - ui.views.waveform.c.a::mCQ@127 (line 488)
                      ; - ui.views.waveform.c.a::mCO@1 (line 348)
                      ; - ui.views.waveform.a::mBh@4 (line 289)
                      ; - ui.views.waveform.a::Pl@11 (line 116)
                      ; - ui.views.waveform.u::aT@30 (line 1201)
  0x000001ae22e64f3c: e02a 1500 

  0x000001ae22e64f40: ;   {other}
  0x000001ae22e64f40: 0f1f 8400 | 3022 0015 

  0x000001ae22e64f48: ; implicit exception: dispatches to 0x000001ae22e68af0
  0x000001ae22e64f48: 448b 5808 

  0x000001ae22e64f4c: ;   {metadata('javax/swing/RepaintManager')}
  0x000001ae22e64f4c: 4181 fbe8 | b302 010f | 856f 3700 | 0048 8944 

  0x000001ae22e64f5c: ;   {oop(a 'java/lang/Class'{0x0000000681823368} = 'sun/awt/AWTAccessor')}
  0x000001ae22e64f5c: 2428 49ba | 6833 8281 | 0600 0000 | 418b 6a74 

  0x000001ae22e64f6c: ; implicit exception: dispatches to 0x000001ae22e68c88
  0x000001ae22e64f6c: 458b 5cec 

  0x000001ae22e64f70: ;   {metadata('java/awt/Component$1')}
  0x000001ae22e64f70: 0841 81fb | d082 0601 | 0f85 221e | 0000 448b | 5c24 4447 | 8b5c dc48 | 4585 db0f | 8403 0500 
  0x000001ae22e64f90: 004b 8d14 

  0x000001ae22e64f94: ;   {oop(a 'java/lang/StringBuilder'{0x0000000682a5c488})}
  0x000001ae22e64f94: dc49 b888 | c4a5 8206 | 0000 0048 | 8b6c 2448 

  0x000001ae22e64fa4: ;   {optimized virtual_call}
  0x000001ae22e64fa4: c5f8 77e8 

  0x000001ae22e64fa8: ; ImmutableOopMap {rbp=Oop [40]=Oop [56]=Oop [64]=NarrowOop [68]=NarrowOop [72]=Oop [88]=Oop }
                      ;*invokevirtual get {reexecute=0 rethrow=0 return_oop=1}
                      ; - com.sun.java.swing.SwingUtilities3::getDelegateRepaintManager@12 (line 128)
                      ; - javax.swing.RepaintManager::getDelegate@1 (line 1901)
                      ; - javax.swing.RepaintManager::addDirtyRegion@2 (line 506)
                      ; - javax.swing.JComponent::repaint@15 (line 4899)
                      ; - java.awt.Component::repaint@12 (line 3395)
                      ; - ui.frmwork.b.b::iTS@10 (line 1203)
                      ; - ui.views.waveform.c.a::mCQ@127 (line 488)
                      ; - ui.views.waveform.c.a::mCO@1 (line 348)
                      ; - ui.views.waveform.a::mBh@4 (line 289)
                      ; - ui.views.waveform.a::Pl@11 (line 116)
                      ; - ui.views.waveform.u::aT@30 (line 1201)
  0x000001ae22e64fa8: 742a 1500 

  0x000001ae22e64fac: ;   {other}
  0x000001ae22e64fac: 0f1f 8400 | 9c22 0016 

  0x000001ae22e64fb4: ;   {oop(a 'java/lang/Boolean'{0x00000006808c3108} = true)}
  0x000001ae22e64fb4: 49ba 0831 | 8c80 0600 | 0000 493b | c20f 84a9 | 3000 0044 | 8b54 2424 | 4585 d20f | 8f65 0600 
  0x000001ae22e64fd4: 0041 ba0b | 0000 0041 | b813 0000 | 0044 8954 | 247c 4489 | 4424 78c5 | f877 49ba | 4023 a87d 
  0x000001ae22e64ff4: f97f 0000 

  0x000001ae22e64ff8: ;   {other}
  0x000001ae22e64ff8: 41ff d20f | 1f84 0000 | 0000 004c | 8bd0 4c2b | 5424 504c | 8954 2420 | 4d85 d20f | 8ca3 2e00 
  0x000001ae22e65018: 004c 8b5c | 2450 4c2b | d849 83fb | f60f 8f24 | 0100 0049 | 83fb 9c0f | 8f30 0100 | 0049 81fb 
  0x000001ae22e65038: 18fc ffff | 0f8f 3901 | 0000 4981 | fbf0 d8ff | ff0f 8f09 | f3ff ff49 | 81fb 6079 | feff 0f8f 
  0x000001ae22e65058: 4101 0000 | 4981 fbc0 | bdf0 ff0f | 8ff7 f2ff | ff49 81fb | 8069 67ff | 0f8f 3302 | 0000 4981 
  0x000001ae22e65078: fb00 1f0a | fa0f 8f53 | 0200 0049 | 81fb 0036 | 65c4 0f8f | 7302 0000 | 49ba 001c | f4ab fdff 
  0x000001ae22e65098: ffff 4d3b | da0f 8f81 | 0500 0049 | ba00 1889 | b7e8 ffff | ff4d 3bda | 0f8f ea08 | 0000 49ba 
  0x000001ae22e650b8: 00f0 5a2b | 17ff ffff | 4d3b da0f | 8fec 0800 | 0049 ba00 | 608d b1e7 | f6ff ff4d | 3bda 0f8f 
  0x000001ae22e650d8: c900 0000 | 49ba 00c0 | 85ef 0ca5 | ffff 4d3b | da0f 8f79 | f2ff ff49 | ba00 8039 | 5b81 72fc 
  0x000001ae22e650f8: ;   {no_reloc}
  0x000001ae22e650f8: ff4d 3bda | 0f8f af01 | 0000 49ba | 0000 3f90 | 0d79 dcff | 4d3b da0f | 8fc9 0100 | 0049 ba00 
  0x000001ae22e65118: 0076 a287 | ba9c fe4d | 3bda 0f8f | e301 0000 | 49ba 0000 | 9c58 4c49 | 1ff2 4d3b | da0f 8ff1 
  0x000001ae22e65138: 0400 0041 | b92c 0000 | 00e9 37f2 | ffff 4189 | 6810 e9e7 | fbff ff41 | bb01 0000 | 00e9 1af2 
  0x000001ae22e65158: ffff 41bb | 0200 0000 | e931 f4ff | ff41 bb02 | 0000 00e9 | 04f2 ffff | 41bb 0300 | 0000 e91b 
  0x000001ae22e65178: f4ff ff41 | bb03 0000 | 00e9 eef1 | ffff 41bb | 0300 0000 | eb06 41bb | 0b00 0000 | 4183 c302 
  0x000001ae22e65198: e9f9 f3ff | ff41 bb03 | 0000 00eb | 0544 8b5c | 247c 4183 | c302 e9c1 | f1ff ff49 | 8d14 fc4c 
  0x000001ae22e651b8: 8bc0 4889 | 4424 6848 | 8b6c 2448 

  0x000001ae22e651c4: ;   {optimized virtual_call}
  0x000001ae22e651c4: c5f8 77e8 

  0x000001ae22e651c8: ; ImmutableOopMap {rbp=Oop [56]=Oop [64]=NarrowOop [68]=NarrowOop [72]=Oop [88]=Oop [104]=Oop }
                      ;*invokevirtual union {reexecute=0 rethrow=0 return_oop=1}
                      ; - ui.frmwork.b.b::K@93 (line 1258)
                      ; - ui.frmwork.b.b::iTS@5 (line 1202)
                      ; - ui.views.waveform.c.a::mCQ@127 (line 488)
                      ; - ui.views.waveform.c.a::mCO@1 (line 348)
                      ; - ui.views.waveform.a::mBh@4 (line 289)
                      ; - ui.views.waveform.a::Pl@11 (line 116)
                      ; - ui.views.waveform.u::aT@30 (line 1201)
  0x000001ae22e651c8: 1400 0200 

  0x000001ae22e651cc: ;   {other}
  0x000001ae22e651cc: 0f1f 8400 | bc24 0017 | 488b d841 | 807f 4000 | 0f85 8617 | 0000 4c8b | d349 c1ea | 0344 8b44 
  0x000001ae22e651ec: 2444 4789 | 94c4 c401 | 0000 4c8b | d54c 8bdb | 4d33 da49 | c1eb 164d | 85db 0f84 | c7fc ffff 
  0x000001ae22e6520c: 4885 db0f | 84be fcff | ff49 c1ea | 094c 8b5c | 2420 4d03 | da4d 8bd3 | 4180 3b02 | 0f84 a5fc 
  0x000001ae22e6522c: ffff 4d8b | 5f58 4d8b | 4748 f083 | 4424 c000 | 4180 3a00 | 0f84 8dfc | ffff 4588 | 224d 85c0 
  0x000001ae22e6524c: 7523 498b | ca49 8bd7 | c5f8 7749 | bac0 086e | 7df9 7f00 | 0041 ffd2 

  0x000001ae22e65264: ;   {other}
  0x000001ae22e65264: 0f1f 8400 | 0000 0000 | e962 fcff | ff4f 8954 | 03f8 4983 | c0f8 4d89 | 4748 e950 | fcff ff48 
  0x000001ae22e65284: be00 00a4 | 27ae 0100 | 00e9 2aeb | ffff 41bb | 0300 0000 | eb06 41bb | 0b00 0000 | 4183 c304 
  0x000001ae22e652a4: e9ed f2ff | ff41 bb03 | 0000 00eb | 0544 8b5c | 247c 4183 | c304 e9b5 | f0ff ff41 | bb03 0000 
  0x000001ae22e652c4: 00eb 0641 | bb0b 0000 | 0041 83c3 | 04e9 bdf2 | ffff 41bb | 0300 0000 | eb05 448b | 5c24 7c41 
  0x000001ae22e652e4: 83c3 04e9 | 85f0 ffff | 41bb 0300 | 0000 eb06 | 41bb 0b00 | 0000 4183 | c306 e993 | f2ff ff41 
  0x000001ae22e65304: bb03 0000 | 00eb 0544 | 8b5c 247c | 4183 c306 | e95b f0ff 

  0x000001ae22e65318: ;   {oop(a 'java/util/Collections$SynchronizedMap'{0x0000000681808760})}
  0x000001ae22e65318: ff49 ba60 | 8780 8106 | 0000 0045 | 8b52 1045 | 85d2 0f84 | e02e 0000 | 49c1 e203 | 498b ea48 
  0x000001ae22e65338: 8d9c 2490 | 0000 0048 | 8b45 00a8 | 020f 8524 | 0000 0048 | 83c8 0148 | 8903 f048 | 0fb1 5d00 
  0x000001ae22e65358: 0f84 3700 | 0000 482b | c448 2507 | f0ff ff48 | 8903 e924 | 0000 004c | 8bd0 4833 | c0f0 4d0f 
  0x000001ae22e65378: b17a 3e48 | c703 0300 | 0000 7411 | 4c3b f875 | 1549 ff82 | 8600 0000 | 4833 c075 | 0949 ff87 
  0x000001ae22e65398: 5005 0000 | 33c0 0f85 | e82e 0000 

  0x000001ae22e653a4: ;   {oop(a 'java/util/Collections$SynchronizedMap'{0x0000000681808760})}
  0x000001ae22e653a4: 49ba 6087 | 8081 0600 | 0000 458b | 520c 498b | d248 c1e2 | 034c 8b44 | 2448 c5f8 | 7748 b8ff 
  0x000001ae22e653c4: ffff ffff 

  0x000001ae22e653c8: ;   {virtual_call}
  0x000001ae22e653c8: ffff ffe8 

  0x000001ae22e653cc: ; ImmutableOopMap {rbp=Oop [56]=Oop [64]=NarrowOop [68]=NarrowOop [72]=Oop [88]=Oop }
                      ;*invokeinterface get {reexecute=0 rethrow=0 return_oop=1}
                      ; - java.util.Collections$SynchronizedMap::get@12 (line 2892)
                      ; - sun.awt.SunToolkit::targetToAppContext@19 (line 383)
                      ; - javax.swing.JComponent::repaint@1 (line 4898)
                      ; - java.awt.Component::repaint@12 (line 3395)
                      ; - ui.frmwork.b.b::iTS@10 (line 1203)
                      ; - ui.views.waveform.c.a::mCQ@127 (line 488)
                      ; - ui.views.waveform.c.a::mCO@1 (line 348)
                      ; - ui.views.waveform.a::mBh@4 (line 289)
                      ; - ui.views.waveform.a::Pl@11 (line 116)
                      ; - ui.views.waveform.u::aT@30 (line 1201)
  0x000001ae22e653cc: b099 87ff 

  0x000001ae22e653d0: ;   {other}
  0x000001ae22e653d0: 0f1f 8400 | c026 0018 | 488b d848 | 8d84 2490 | 0000 0048 | 8338 000f | 847b 0000 | 004c 8b55 
  0x000001ae22e653f0: 0041 f6c2 | 020f 8462 | 0000 0049 | 83ba 8600 | 0000 0074 | 0949 ff8a | 8600 0000 | eb4b 498b 
  0x000001ae22e65410: 8296 0000 | 0049 0b82 | 8e00 0000 | 750a 49c7 | 423e 0000 | 0000 eb3e | 4983 ba9e | 0000 0000 
  0x000001ae22e65430: 7422 4833 | c049 c742 | 3e00 0000 | 00f0 8304 | 2400 4983 | ba9e 0000 | 0000 750d | f04d 0fb1 
  0x000001ae22e65450: 7a3e 7505 | 83c8 01eb | 0da8 00eb | 094c 8b10 | f04c 0fb1 | 5500 750a | 49ff 8f50 | 0500 0045 
  0x000001ae22e65470: 33d2 0f85 | 352e 0000 

  0x000001ae22e65478: ; implicit exception: dispatches to 0x000001ae22e68cf8
  0x000001ae22e65478: 448b 5b08 

  0x000001ae22e6547c: ;   {metadata('sun/awt/AppContext')}
  0x000001ae22e6547c: 4181 fbc8 | 2207 010f | 854f 2e00 | 004c 8bd3 | 498b eae9 | 94fa ffff 

  0x000001ae22e65494: ;   {oop(a 'java/util/Collections$SynchronizedMap'{0x0000000681808760})}
  0x000001ae22e65494: 49ba 6087 | 8081 0600 | 0000 458b | 5210 4585 | d20f 84a9 | 2d00 0049 | c1e2 0349 | 8bea 488d 
  0x000001ae22e654b4: 9c24 9000 | 0000 488b | 4500 a802 | 0f85 2400 | 0000 4883 | c801 4889 | 03f0 480f | b15d 000f 
  0x000001ae22e654d4: 8437 0000 | 0048 2bc4 | 4825 07f0 | ffff 4889 | 03e9 2400 | 0000 4c8b | d048 33c0 | f04d 0fb1 
  0x000001ae22e654f4: 7a3e 48c7 | 0303 0000 | 0074 114c | 3bf8 7515 | 49ff 8286 | 0000 0048 | 33c0 7509 | 49ff 8750 
  0x000001ae22e65514: 0500 0033 | c00f 85d1 

  0x000001ae22e6551c: ;   {oop(a 'java/util/Collections$SynchronizedMap'{0x0000000681808760})}
  0x000001ae22e6551c: 2d00 0049 | ba60 8780 | 8106 0000 | 0045 8b52 | 0c49 8bd2 | 48c1 e203 | 4c8b 4424 | 4890 c5f8 
  0x000001ae22e6553c: 7748 b8ff | ffff ffff 

  0x000001ae22e65544: ;   {virtual_call}
  0x000001ae22e65544: ffff ffe8 

  0x000001ae22e65548: ; ImmutableOopMap {rbp=Oop [40]=Oop [56]=Oop [64]=NarrowOop [68]=NarrowOop [72]=Oop [88]=Oop }
                      ;*invokeinterface get {reexecute=0 rethrow=0 return_oop=1}
                      ; - java.util.Collections$SynchronizedMap::get@12 (line 2892)
                      ; - sun.awt.SunToolkit::targetToAppContext@19 (line 383)
                      ; - com.sun.java.swing.SwingUtilities3::getDelegateRepaintManager@6 (line 127)
                      ; - javax.swing.RepaintManager::getDelegate@1 (line 1901)
                      ; - javax.swing.RepaintManager::addDirtyRegion@2 (line 506)
                      ; - javax.swing.JComponent::repaint@15 (line 4899)
                      ; - java.awt.Component::repaint@12 (line 3395)
                      ; - ui.frmwork.b.b::iTS@10 (line 1203)
                      ; - ui.views.waveform.c.a::mCQ@127 (line 488)
                      ; - ui.views.waveform.c.a::mCO@1 (line 348)
                      ; - ui.views.waveform.a::mBh@4 (line 289)
                      ; - ui.views.waveform.a::Pl@11 (line 116)
                      ; - ui.views.waveform.u::aT@30 (line 1201)
  0x000001ae22e65548: 3498 87ff 

  0x000001ae22e6554c: ;   {other}
  0x000001ae22e6554c: 0f1f 8400 | 3c28 0019 | 488b d848 | 8d84 2490 | 0000 0048 | 8338 000f | 847b 0000 | 004c 8b55 
  0x000001ae22e6556c: 0041 f6c2 | 020f 8462 | 0000 0049 | 83ba 8600 | 0000 0074 | 0949 ff8a | 8600 0000 | eb4b 498b 
  0x000001ae22e6558c: 8296 0000 | 0049 0b82 | 8e00 0000 | 750a 49c7 | 423e 0000 | 0000 eb3e | 4983 ba9e | 0000 0000 
  0x000001ae22e655ac: 7422 4833 | c049 c742 | 3e00 0000 | 00f0 8304 | 2400 4983 | ba9e 0000 | 0000 750d | f04d 0fb1 
  0x000001ae22e655cc: 7a3e 7505 | 83c8 01eb | 0da8 00eb | 094c 8b10 | f04c 0fb1 | 5500 750a | 49ff 8f50 | 0500 0045 
  0x000001ae22e655ec: 33d2 0f85 | 1d2d 0000 

  0x000001ae22e655f4: ; implicit exception: dispatches to 0x000001ae22e68d10
  0x000001ae22e655f4: 448b 5b08 

  0x000001ae22e655f8: ;   {metadata('sun/awt/AppContext')}
  0x000001ae22e655f8: 4181 fbc8 | 2207 010f | 8537 2d00 | 0048 8bd3 | e988 f9ff | ff41 bb03 | 0000 00eb | 0641 bb0b 
  0x000001ae22e65618: 0000 0041 | 83c3 06e9 | 6fef ffff | 41bb 0300 | 0000 eb05 | 448b 5c24 | 7c41 83c3 | 06e9 37ed 
  0x000001ae22e65638: ffff 448b | 5c24 2045 | 85db 0f8e | 8df9 ffff | 448b 5424 | 4447 8b54 | d41c 4585 | d20f 8ec1 
  0x000001ae22e65658: 1000 0044 | 8b5c 2444 | 478b 54dc | 2045 85d2 | 0f8e ae10 | 0000 488b | 5424 284c | 8bc5 4533 
  0x000001ae22e65678: c933 ff8b | 7424 248b | 4c24 2048 | 8b6c 2438 

  0x000001ae22e65688: ;   {optimized virtual_call}
  0x000001ae22e65688: c5f8 77e8 

  0x000001ae22e6568c: ; ImmutableOopMap {rbp=Oop [40]=Oop [56]=Oop [64]=NarrowOop [68]=NarrowOop [72]=Oop [88]=Oop }
                      ;*invokevirtual extendDirtyRegion {reexecute=0 rethrow=0 return_oop=0}
                      ; - javax.swing.RepaintManager::addDirtyRegion0@38 (line 442)
                      ; - javax.swing.RepaintManager::addDirtyRegion@33 (line 511)
                      ; - javax.swing.JComponent::repaint@15 (line 4899)
                      ; - java.awt.Component::repaint@12 (line 3395)
                      ; - ui.frmwork.b.b::iTS@10 (line 1203)
                      ; - ui.views.waveform.c.a::mCQ@127 (line 488)
                      ; - ui.views.waveform.c.a::mCO@1 (line 348)
                      ; - ui.views.waveform.a::mBh@4 (line 289)
                      ; - ui.views.waveform.a::Pl@11 (line 116)
                      ; - ui.views.waveform.u::aT@30 (line 1201)
  0x000001ae22e6568c: f02e 2f00 

  0x000001ae22e65690: ;   {other}
  0x000001ae22e65690: 0f1f 8400 | 8029 001a | 85c0 0f85 | 440e 0000 | 4c8b 5424 | 484c 8954 | 2460 41bb | 0b00 0000 
  0x000001ae22e656b0: 41ba 1300 | 0000 4489 | 5c24 7c44 | 8954 2478 | 488b 5424 | 6048 8b6c | 2438 c5f8 | 7748 b8ff 
  0x000001ae22e656d0: ffff ffff 

  0x000001ae22e656d4: ;   {virtual_call}
  0x000001ae22e656d4: ffff ffe8 

  0x000001ae22e656d8: ; ImmutableOopMap {rbp=Oop [40]=Oop [56]=Oop [64]=NarrowOop [68]=NarrowOop [72]=Oop [88]=Oop [96]=Oop }
                      ;*invokevirtual isVisible {reexecute=0 rethrow=0 return_oop=0}
                      ; - javax.swing.RepaintManager::addDirtyRegion0@58 (line 461)
                      ; - javax.swing.RepaintManager::addDirtyRegion@33 (line 511)
                      ; - javax.swing.JComponent::repaint@15 (line 4899)
                      ; - java.awt.Component::repaint@12 (line 3395)
                      ; - ui.frmwork.b.b::iTS@10 (line 1203)
                      ; - ui.views.waveform.c.a::mCQ@127 (line 488)
                      ; - ui.views.waveform.c.a::mCO@1 (line 348)
                      ; - ui.views.waveform.a::mBh@4 (line 289)
                      ; - ui.views.waveform.a::Pl@11 (line 116)
                      ; - ui.views.waveform.u::aT@30 (line 1201)
  0x000001ae22e656d8: 1462 b5ff 

  0x000001ae22e656dc: ;   {other}
  0x000001ae22e656dc: 0f1f 8400 | cc29 001b | 85c0 0f84 | fff8 ffff | 4c8b 5424 | 6045 3b62 | 400f 84f0 | f8ff ff45 
  0x000001ae22e656fc: 8b42 0849 | ba00 0000 | 34ae 0100 | 004d 03d0 | 4d8b 5a48 | 4d8b 5250 

  0x000001ae22e65714: ;   {metadata('java/awt/Window')}
  0x000001ae22e65714: 49b9 f820 | 0335 ae01 | 0000 4d3b | d90f 85af 

  0x000001ae22e65724: ;   {metadata('java/awt/Frame')}
  0x000001ae22e65724: 0200 0049 | bb70 3603 | 35ae 0100 | 004d 3bd3 

  0x000001ae22e65734: ;   {metadata('ui/i/G')}
  0x000001ae22e65734: 7532 4181 | f848 284d | 010f 8541 | 3000 004c | 8b54 2460 | 498b d24c | 8954 2460 

  0x000001ae22e65750: ;   {optimized virtual_call}
  0x000001ae22e65750: c5f8 77e8 

  0x000001ae22e65754: ; ImmutableOopMap {rbp=Oop [40]=Oop [56]=Oop [64]=NarrowOop [68]=NarrowOop [72]=Oop [88]=Oop [96]=Oop }
                      ;*invokevirtual getExtendedState {reexecute=0 rethrow=0 return_oop=0}
                      ; - javax.swing.RepaintManager::addDirtyRegion0@102 (line 467)
                      ; - javax.swing.RepaintManager::addDirtyRegion@33 (line 511)
                      ; - javax.swing.JComponent::repaint@15 (line 4899)
                      ; - java.awt.Component::repaint@12 (line 3395)
                      ; - ui.frmwork.b.b::iTS@10 (line 1203)
                      ; - ui.views.waveform.c.a::mCQ@127 (line 488)
                      ; - ui.views.waveform.c.a::mCO@1 (line 348)
                      ; - ui.views.waveform.a::mBh@4 (line 289)
                      ; - ui.views.waveform.a::Pl@11 (line 116)
                      ; - ui.views.waveform.u::aT@30 (line 1201)
  0x000001ae22e65754: 2893 87ff 

  0x000001ae22e65758: ;   {other}
  0x000001ae22e65758: 0f1f 8400 | 482a 001c | a801 0f85 | 83f8 ffff | 4c8b 5c24 | 2848 8d9c | 2490 0000 | 0049 8b03 
  0x000001ae22e65778: a802 0f85 | 2300 0000 | 4883 c801 | 4889 03f0 | 490f b11b | 0f84 3700 | 0000 482b | c448 2507 
  0x000001ae22e65798: f0ff ff48 | 8903 e924 | 0000 004c | 8bd0 4833 | c0f0 4d0f | b17a 3e48 | c703 0300 | 0000 7411 
  0x000001ae22e657b8: 4c3b f875 | 1549 ff82 | 8600 0000 | 4833 c075 | 0949 ff87 | 5005 0000 | 33c0 0f85 | 9c2b 0000 
  0x000001ae22e657d8: 488b 5424 | 284c 8b44 | 2448 4533 | c933 ff8b | 7424 248b | 4c24 2090 

  0x000001ae22e657f0: ;   {optimized virtual_call}
  0x000001ae22e657f0: c5f8 77e8 

  0x000001ae22e657f4: ; ImmutableOopMap {rbp=Oop [40]=Oop [56]=Oop [64]=NarrowOop [68]=NarrowOop [72]=Oop [88]=Oop }
                      ;*invokevirtual extendDirtyRegion {reexecute=0 rethrow=0 return_oop=0}
                      ; - javax.swing.RepaintManager::addDirtyRegion0@148 (line 479)
                      ; - javax.swing.RepaintManager::addDirtyRegion@33 (line 511)
                      ; - javax.swing.JComponent::repaint@15 (line 4899)
                      ; - java.awt.Component::repaint@12 (line 3395)
                      ; - ui.frmwork.b.b::iTS@10 (line 1203)
                      ; - ui.views.waveform.c.a::mCQ@127 (line 488)
                      ; - ui.views.waveform.c.a::mCO@1 (line 348)
                      ; - ui.views.waveform.a::mBh@4 (line 289)
                      ; - ui.views.waveform.a::Pl@11 (line 116)
                      ; - ui.views.waveform.u::aT@30 (line 1201)
  0x000001ae22e657f4: 8892 87ff 

  0x000001ae22e657f8: ;   {other}
  0x000001ae22e657f8: 0f1f 8400 | e82a 001d | 85c0 0f85 | 302c 0000 | 4c8b 5424 | 2841 8b6a | 204d 8b97 | b801 0000 
  0x000001ae22e65818: 4d8b da49 | 83c3 204d | 3b9f c801 | 0000 0f83 | 2814 0000 | 4d89 9fb8 | 0100 0041 | 0f18 8300 
  0x000001ae22e65838: 0100 0049 | c702 0100 

  0x000001ae22e65840: ;   {metadata('java/awt/Rectangle')}
  0x000001ae22e65840: 0000 41c7 | 4208 a0f8 | 0a01 4589 | 620c 4d89 | 6210 4d89 | 6218 4d8b | ca44 8b5c | 2424 4589 
  0x000001ae22e65860: 5a14 448b | 4424 2045 | 8942 1845 | 8b54 ec08 

  0x000001ae22e65870: ;   {metadata('java/util/IdentityHashMap')}
  0x000001ae22e65870: 4181 fa98 | 0411 000f | 8518 2b00 | 0049 8d14 | ec4c 8b44 | 2448 488b | 6c24 3890 

  0x000001ae22e6588c: ;   {optimized virtual_call}
  0x000001ae22e6588c: c5f8 77e8 

  0x000001ae22e65890: ; ImmutableOopMap {rbp=Oop [40]=Oop [56]=Oop [64]=NarrowOop [68]=NarrowOop [72]=Oop [88]=Oop }
                      ;*invokeinterface put {reexecute=0 rethrow=0 return_oop=1}
                      ; - javax.swing.RepaintManager::addDirtyRegion0@176 (line 484)
                      ; - javax.swing.RepaintManager::addDirtyRegion@33 (line 511)
                      ; - javax.swing.JComponent::repaint@15 (line 4899)
                      ; - java.awt.Component::repaint@12 (line 3395)
                      ; - ui.frmwork.b.b::iTS@10 (line 1203)
                      ; - ui.views.waveform.c.a::mCQ@127 (line 488)
                      ; - ui.views.waveform.c.a::mCO@1 (line 348)
                      ; - ui.views.waveform.a::mBh@4 (line 289)
                      ; - ui.views.waveform.a::Pl@11 (line 116)
                      ; - ui.views.waveform.u::aT@30 (line 1201)
  0x000001ae22e65890: ec91 87ff 

  0x000001ae22e65894: ;   {other}
  0x000001ae22e65894: 0f1f 8400 | 842b 001e | 4c8b 5c24 | 2848 8d84 | 2490 0000 | 0048 8338 | 000f 8479 | 0000 004d 
  0x000001ae22e658b4: 8b13 41f6 | c202 0f84 | 6200 0000 | 4983 ba86 | 0000 0000 | 7409 49ff | 8a86 0000 | 00eb 4b49 
  0x000001ae22e658d4: 8b82 9600 | 0000 490b | 828e 0000 | 0075 0a49 | c742 3e00 | 0000 00eb | 3d49 83ba | 9e00 0000 
  0x000001ae22e658f4: 0074 2248 | 33c0 49c7 | 423e 0000 | 0000 f083 | 0424 0049 | 83ba 9e00 | 0000 0075 | 0df0 4d0f 
  0x000001ae22e65914: b17a 3e75 | 0583 c801 | eb0c a800 | eb08 4c8b | 10f0 4d0f | b113 750a | 49ff 8f50 | 0500 0045 
  0x000001ae22e65934: 33d2 0f85 | 9c2a 0000 

  0x000001ae22e6593c: ;   {oop(a 'java/lang/Class'{0x0000000681823368} = 'sun/awt/AWTAccessor')}
  0x000001ae22e6593c: 49ba 6833 | 8281 0600 | 0000 418b | 6a74 458b 

  0x000001ae22e6594c: ;   {metadata('java/awt/Component$1')}
  0x000001ae22e6594c: 54ec 0841 | 81fa d082 | 0601 0f85 | a72a 0000 | 448b 5424 | 4447 8b54 | d448 4585 | d20f 8490 
  0x000001ae22e6596c: 0b00 004f | 8d04 d448 | 8b54 2428 | 488b 6c24 | 3866 6690 

  0x000001ae22e65980: ;   {optimized virtual_call}
  0x000001ae22e65980: c5f8 77e8 

  0x000001ae22e65984: ; ImmutableOopMap {rbp=Oop [56]=Oop [64]=NarrowOop [88]=Oop }
                      ;*invokevirtual scheduleProcessingRunnable {reexecute=0 rethrow=0 return_oop=0}
                      ; - javax.swing.RepaintManager::addDirtyRegion0@201 (line 489)
                      ; - javax.swing.RepaintManager::addDirtyRegion@33 (line 511)
                      ; - javax.swing.JComponent::repaint@15 (line 4899)
                      ; - java.awt.Component::repaint@12 (line 3395)
                      ; - ui.frmwork.b.b::iTS@10 (line 1203)
                      ; - ui.views.waveform.c.a::mCQ@127 (line 488)
                      ; - ui.views.waveform.c.a::mCO@1 (line 348)
                      ; - ui.views.waveform.a::mBh@4 (line 289)
                      ; - ui.views.waveform.a::Pl@11 (line 116)
                      ; - ui.views.waveform.u::aT@30 (line 1201)
  0x000001ae22e65984: f890 87ff 

  0x000001ae22e65988: ;   {other}
  0x000001ae22e65988: 0f1f 8400 | 782c 001f | e956 f6ff | ff41 bb0b | 0000 00e9 | f6eb ffff | 448b 5c24 | 7ce9 cae9 
  0x000001ae22e659a8: ffff 41bb | 0b00 0000 | e9de ebff | ff44 8b5c | 247c e9b2 | e9ff ff47 | 8b54 d440 | 448b 4424 
  0x000001ae22e659c8: 4447 8b84 | c484 0000 | 00e9 fef0 

  0x000001ae22e659d4: ;   {metadata('java/applet/Applet')}
  0x000001ae22e659d4: ffff 49bb | b032 2d35 | ae01 0000 | 4d3b d30f | 8487 2a00 | 004d 8b97 | 5804 0000 | 4c8b 5c24 
  0x000001ae22e659f4: 6041 8b6b 

  0x000001ae22e659f8: ; ImmutableOopMap {rbp=NarrowOop [40]=Oop [56]=Oop [64]=NarrowOop [68]=NarrowOop [72]=Oop [88]=Oop }
                      ;*goto {reexecute=1 rethrow=0 return_oop=0}
                      ; - (reexecute) javax.swing.RepaintManager::addDirtyRegion0@126 (line 460)
                      ; - javax.swing.RepaintManager::addDirtyRegion@33 (line 511)
                      ; - javax.swing.JComponent::repaint@15 (line 4899)
                      ; - java.awt.Component::repaint@12 (line 3395)
                      ; - ui.frmwork.b.b::iTS@10 (line 1203)
                      ; - ui.views.waveform.c.a::mCQ@127 (line 488)
                      ; - ui.views.waveform.c.a::mCO@1 (line 348)
                      ; - ui.views.waveform.a::mBh@4 (line 289)
                      ; - ui.views.waveform.a::Pl@11 (line 116)
                      ; - ui.views.waveform.u::aT@30 (line 1201)
                      ;   {poll}
  0x000001ae22e659f8: 4441 8502 | 85ed 0f84 | 002b 0000 | 4d8d 14ec | 4c89 5424 | 60e9 aefc | ffff 49ba | 0000 0000 
  0x000001ae22e65a18: 0100 0000 | 493b c20f | 8577 2a00 | 0049 8b87 | b801 0000 | 4c8b d049 | 83c2 184d | 3b97 c801 
  0x000001ae22e65a38: 0000 0f83 | 1f27 0000 | 4d89 97b8 | 0100 0041 | 0f18 8200 | 0100 0048 | c700 0100 

  0x000001ae22e65a54: ;   {metadata('java/lang/String')}
  0x000001ae22e65a54: 0000 c740 | 08d8 e800 | 0044 8960 | 0cc7 4010 | 0100 0000 | 8968 144c | 8bc0 e953 | ecff ff49 
  0x000001ae22e65a74: ba00 0000 | 0001 0000 | 0049 3bc2 | 0f85 4a2a | 0000 498b | 87b8 0100 | 004c 8bd0 | 4983 c218 
  0x000001ae22e65a94: 4d3b 97c8 | 0100 000f | 83e0 2600 | 004d 8997 | b801 0000 | 410f 1882 | 0001 0000 | 48c7 0001 
  0x000001ae22e65ab4: ;   {metadata('java/lang/String')}
  0x000001ae22e65ab4: 0000 00c7 | 4008 d8e8 | 0000 4489 | 600c c740 | 1001 0000 | 0089 6814 | 4c8b c0e9 | a8e9 ffff 
  0x000001ae22e65ad4: 488b 5424 | 4848 8b6c | 2438 6690 

  0x000001ae22e65ae0: ;   {optimized virtual_call}
  0x000001ae22e65ae0: c5f8 77e8 

  0x000001ae22e65ae4: ; ImmutableOopMap {rbp=Oop [56]=Oop [64]=NarrowOop [68]=NarrowOop [72]=Oop [88]=Oop }
                      ;*invokespecial preferredSize {reexecute=0 rethrow=0 return_oop=1}
                      ; - java.awt.Container::preferredSize@52 (line 1827)
                      ; - java.awt.Container::getPreferredSize@1 (line 1810)
                      ; - javax.swing.JComponent::getPreferredSize@39 (line 1736)
                      ; - ui.utils.swing.p.G::getPreferredSize@1 (line 137)
                      ; - ui.views.waveform.c.a::ike@1 (line 223)
                      ; - ui.frmwork.b.b::iTS@2 (line 1202)
                      ; - ui.views.waveform.c.a::mCQ@127 (line 488)
                      ; - ui.views.waveform.c.a::mCO@1 (line 348)
                      ; - ui.views.waveform.a::mBh@4 (line 289)
                      ; - ui.views.waveform.a::Pl@11 (line 116)
                      ; - ui.views.waveform.u::aT@30 (line 1201)
  0x000001ae22e65ae4: 988f 87ff 

  0x000001ae22e65ae8: ;   {other}
  0x000001ae22e65ae8: 0f1f 8400 | d82d 0021 | 488b d8e9 | c3f0 ffff | 448b 5320 | 4585 d20f | 84c2 dcff | ff4d 8b5f 
  0x000001ae22e65b08: 2849 8bca | 48c1 e103 | 4d85 db0f | 84df 1300 | 004d 8b57 | 384b 894c | 1af8 4983 | c3f8 4d89 
  0x000001ae22e65b28: 5f28 e998 | dcff ff44 | 8b5b 2845 | 85db 0f84 | 19dd ffff | 498b 5728 | 498b cb48 | c1e1 0348 
  0x000001ae22e65b48: 85d2 0f84 | 1c14 0000 | 4d8b 5f38 | 4989 4c13 | f848 83c2 | f849 8957 | 28e9 efdc | ffff 448b 
  0x000001ae22e65b68: 5330 4585 | d20f 845e | ddff ff4d | 8b47 2849 | 8bca 48c1 | e103 4d85 | c00f 84ad | 1400 004d 
  0x000001ae22e65b88: 8b57 384b | 894c 02f8 | 4983 c0f8 | 4d89 4728 | e934 ddff | ff44 8b57 | 2045 85d2 | 0f84 82de 
  0x000001ae22e65ba8: ffff 4d8b | 5f28 498b | ca48 c1e1 | 034d 85db | 0f84 9c14 | 0000 4d8b | 5738 4b89 | 4c1a f849 
  0x000001ae22e65bc8: 83c3 f84d | 895f 28e9 | 58de ffff | 448b 5724 | 4585 d20f | 84ac deff | ff4d 8b5f 

  0x000001ae22e65be4: ;   {no_reloc}
  0x000001ae22e65be4: 2849 8bca | 48c1 e103 | 4d85 db0f | 848b 1400 | 004d 8b57 | 384b 894c | 1af8 4983 | c3f8 4d89 
  0x000001ae22e65c04: 5f28 e982 | deff ff44 | 8b57 2845 | 85d2 0f84 | d5de ffff | 4d8b 5f28 | 498b ca48 | c1e1 034d 
  0x000001ae22e65c24: 85db 0f84 | 7a14 0000 | 4d8b 5738 | 4b89 4c1a | f849 83c3 | f84d 895f | 28e9 abde | ffff 4885 
  0x000001ae22e65c44: db0f 8557 | e2ff ffba | 45ff ffff 

  0x000001ae22e65c50: ;   {runtime_call UncommonTrapBlob}
  0x000001ae22e65c50: c5f8 77e8 

  0x000001ae22e65c54: ; ImmutableOopMap {rbp=NarrowOop [56]=Oop }
                      ;*ifnonnull {reexecute=1 rethrow=0 return_oop=0}
                      ; - (reexecute) ui.views.waveform.executive.a::mDZ@12 (line 755)
                      ; - ui.views.waveform.u::aT@22 (line 1200)
  0x000001ae22e65c54: a8e9 87ff 

  0x000001ae22e65c58: ;   {other}
  0x000001ae22e65c58: 0f1f 8400 | 482f 0022 | 8b7c 2450 | 458b 5cfc | 4045 85db | 0f84 e6e1 | ffff 4d8b | 5728 498b 
  0x000001ae22e65c78: cb48 c1e1 | 034d 85d2 | 0f84 4014 | 0000 4d8b | 5f38 4b89 | 4c13 f849 | 83c2 f84d | 8957 28e9 
  0x000001ae22e65c98: bce1 ffff | 4d8b 5f48 | 4d8b 4f58 | f083 4424 | c000 8039 | 000f 8411 | daff ff44 | 8821 4d85 
  0x000001ae22e65cb8: db75 3648 | 897c 2440 | 458b f245 | 8be8 498b | d7c5 f877 | 49ba c008 | 6e7d f97f | 0000 41ff 
  0x000001ae22e65cd8: ;   {other}
  0x000001ae22e65cd8: d20f 1f84 | 0000 0000 | 0045 8bc5 | 458b d648 | 8b7c 2440 | e9d3 d9ff | ff4b 894c | 19f8 4983 
  0x000001ae22e65cf8: c3f8 4d89 | 5f48 e9c1 | d9ff ff4d | 8b57 484d | 8b5f 58f0 | 8344 24c0 | 0080 3900 | 0f84 e1da 
  0x000001ae22e65d18: ffff 4488 | 214d 85d2 | 7520 498b | d7c5 f877 | 49ba c008 | 6e7d f97f | 0000 41ff 

  0x000001ae22e65d34: ;   {other}
  0x000001ae22e65d34: d20f 1f84 | 0000 0000 | 00e9 b9da | ffff 4b89 | 4c13 f849 | 83c2 f84d | 8957 48e9 | a7da ffff 
  0x000001ae22e65d54: 4d8b 5748 | 4d8b 5f58 | f083 4424 | c000 8039 | 0074 3244 | 8821 4d85 | d274 0f4b | 894c 13f8 
  0x000001ae22e65d74: 4983 c2f8 | 4d89 5748 | eb1b 498b | d7c5 f877 | 49ba c008 | 6e7d f97f | 0000 41ff 

  0x000001ae22e65d90: ;   {other}
  0x000001ae22e65d90: d20f 1f84 | 0000 0000 | 000f b66b | 0c85 ed0f | 853f 2800 | 0044 8b53 | 1c44 8b4f | 18e9 d7da 
  0x000001ae22e65db0: ffff 4d8b | 5748 4d8b | 5f58 f083 | 4424 c000 | 8039 0074 | 3244 8821 | 4d85 d274 | 0f4b 894c 
  0x000001ae22e65dd0: 13f8 4983 | c2f8 4d89 | 5748 eb1b | 498b d7c5 | f877 49ba | c008 6e7d | f97f 0000 

  0x000001ae22e65dec: ;   {other}
  0x000001ae22e65dec: 41ff d20f | 1f84 0000 | 0000 000f | b66b 0c85 | ed0f 852d | 2800 0044 | 8b6b 1ce9 | f6da ffff 
  0x000001ae22e65e0c: 4d8b 5748 | 4d8b 5f58 | f083 4424 | c000 8039 | 000f 84dd | dbff ff44 | 8821 4d85 | d275 2049 
  0x000001ae22e65e2c: 8bd7 c5f8 | 7749 bac0 | 086e 7df9 | 7f00 0041 

  0x000001ae22e65e3c: ;   {other}
  0x000001ae22e65e3c: ffd2 0f1f | 8400 0000 | 0000 e9b5 | dbff ff4b | 894c 13f8 | 4983 c2f8 | 4d89 5748 | e9a3 dbff 
  0x000001ae22e65e5c: ff4d 8b57 | 484d 8b5f | 58f0 8344 | 24c0 0080 | 3900 7432 | 4488 214d | 85d2 740f | 4b89 4c13 
  0x000001ae22e65e7c: f849 83c2 | f84d 8957 | 48eb 1b49 | 8bd7 c5f8 | 7749 bac0 | 086e 7df9 | 7f00 0041 

  0x000001ae22e65e98: ;   {other}
  0x000001ae22e65e98: ffd2 0f1f | 8400 0000 | 0000 418b | 6cfc 4085 | ed0f 85f3 | dfff ffe9 | 97fd ffff | 4d8b 5748 
  0x000001ae22e65eb8: 4d8b 5f58 | f083 4424 | c000 8039 | 000f 84a4 | dbff ff44 | 8821 4d85 | d275 2641 | 8bf0 498b 
  0x000001ae22e65ed8: d7c5 f877 | 49ba c008 | 6e7d f97f | 0000 41ff 

  0x000001ae22e65ee8: ;   {other}
  0x000001ae22e65ee8: d20f 1f84 | 0000 0000 | 0044 8bc6 | e976 dbff | ff4b 894c | 13f8 4983 | c2f8 4d89 | 5748 e964 
  0x000001ae22e65f08: dbff ff4d | 8b57 484d | 8b5f 58f0 | 8344 24c0 | 0080 3900 | 0f84 acdb | ffff 4488 | 214d 85d2 
  0x000001ae22e65f28: 7526 418b | f049 8bd7 | c5f8 7749 | bac0 086e | 7df9 7f00 | 0041 ffd2 

  0x000001ae22e65f40: ;   {other}
  0x000001ae22e65f40: 0f1f 8400 | 0000 0000 | 448b c6e9 | 7edb ffff | 4b89 4c13 | f849 83c2 | f84d 8957 | 48e9 6cdb 
  0x000001ae22e65f60: ffff 4d8b | 5748 4d8b | 5f58 f083 | 4424 c000 | 8039 000f | 84b1 dbff | ff44 8821 | 4d85 d275 
  0x000001ae22e65f80: 2049 8bd7 | c5f8 7749 | bac0 086e | 7df9 7f00 | 0041 ffd2 

  0x000001ae22e65f94: ;   {other}
  0x000001ae22e65f94: 0f1f 8400 | 0000 0000 | e989 dbff | ff4b 894c | 13f8 4983 | c2f8 4d89 | 5748 e977 | dbff ff4c 
  0x000001ae22e65fb4: 898c 2488 | 0000 0089 | 5c24 64e9 | 2ee2 ffff | 478b 54dc | 2045 85d2 | 0f84 d1e1 | ffff 4d8b 
  0x000001ae22e65fd4: 4728 498b | ca48 c1e1 | 034d 85c0 | 0f84 ae1c | 0000 4d8b | 5738 4b89 | 4c02 f849 | 83c0 f84d 
  0x000001ae22e65ff4: 8947 28e9 | a7e1 ffff | 478b 5cdc | 2845 85db | 0f84 c4e7 | ffff 4d8b | 5728 498b | cb48 c1e1 
  0x000001ae22e66014: 034d 85d2 | 0f84 9c1c | 0000 4d8b | 5f38 4b89 | 4c13 f849 | 83c2 f84d | 8957 28e9 | 9ae7 ffff 
  0x000001ae22e66034: 458b 54dc | 3c45 85d2 | 0f84 f3e7 | ffff 4d8b | 5f28 498b | ca48 c1e1 | 034d 85db | 0f84 a41c 
  0x000001ae22e66054: 0000 4d8b | 5738 4b89 | 4c1a f849 | 83c3 f84d | 895f 28e9 | c9e7 ffff | 458b 54dc | 3845 85d2 
  0x000001ae22e66074: 0f84 b0e7 | ffff 4d8b | 5f28 498b | ca48 c1e1 | 034d 85db | 0f84 8c1c | 0000 4d8b 

  0x000001ae22e66090: ;   {no_reloc}
  0x000001ae22e66090: 5738 4b89 | 4c1a f849 | 83c3 f84d | 895f 28e9 | 86e7 ffff | 458b 54dc | 2445 85d2 | 0f84 8ee7 
  0x000001ae22e660b0: ffff 4d8b | 5f28 498b | ca48 c1e1 | 034d 85db | 0f84 141c | 0000 4d8b | 5738 4b89 | 4c1a f849 
  0x000001ae22e660d0: 83c3 f84d | 895f 28e9 | 64e7 ffff | 488b 5c24 | 68e9 9ae8 | ffff 458b | 54dc 1845 | 85d2 0f84 
  0x000001ae22e660f0: 91e7 ffff | 4d8b 5f28 | 498b ca48 | c1e1 034d | 85db 0f84 | b21c 0000 | 4d8b 5738 | 4b89 4c1a 
  0x000001ae22e66110: f849 83c3 | f84d 895f | 28e9 67e7 | ffff 448b | 535c 4585 | d20f 8460 | e8ff ff4d | 8b5f 2849 
  0x000001ae22e66130: 8bca 48c1 | e103 4d85 | db0f 84fb | 1b00 004d | 8b57 384b | 894c 1af8 | 4983 c3f8 | 4d89 5f28 
  0x000001ae22e66150: e936 e8ff | ff45 8b54 | dc10 4585 | d20f 840c | e7ff ff4d | 8b5f 2849 | 8bca 48c1 | e103 4d85 
  0x000001ae22e66170: db0f 8403 | 1c00 004d | 8b57 384b | 894c 1af8 | 4983 c3f8 | 4d89 5f28 | e9e2 e6ff | ff45 8b54 
  0x000001ae22e66190: ;   {no_reloc}
  0x000001ae22e66190: dc14 4585 | d20f 84df | e6ff ff4d | 8b5f 2849 | 8bca 48c1 | e103 4d85 | db0f 842b | 1c00 004d 
  0x000001ae22e661b0: 8b57 384b | 894c 1af8 | 4983 c3f8 | 4d89 5f28 | e9b5 e6ff | ff45 8b54 | dc20 4585 | d20f 84c8 
  0x000001ae22e661d0: e6ff ff4d | 8b5f 2849 | 8bca 48c1 | e103 4d85 | db0f 8473 | 1b00 004d | 8b57 384b | 894c 1af8 
  0x000001ae22e661f0: 4983 c3f8 | 4d89 5f28 | e99e e6ff | ff45 8b54 | dc1c 4585 | d20f 8485 | e6ff ff4d | 8b5f 2849 
  0x000001ae22e66210: 8bca 48c1 | e103 4d85 | db0f 847b | 1b00 004d | 8b57 384b | 894c 1af8 | 4983 c3f8 | 4d89 5f28 
  0x000001ae22e66230: e95b e6ff | ff44 8b54 | 2460 478b | 54d4 5c45 | 85d2 0f84 | a3e7 ffff | 4d8b 5f28 | 498b ca48 
  0x000001ae22e66250: c1e1 034d | 85db 0f84 | 9e1b 0000 | 4d8b 5738 | 4b89 4c1a | f849 83c3 | f84d 895f | 28e9 79e7 
  0x000001ae22e66270: ffff 4d8b | 5748 4d8b | 5f58 f083 | 4424 c000 | 8039 000f | 845d dfff | ff44 8821 | 4d85 d275 
  0x000001ae22e66290: ;   {no_reloc}
  0x000001ae22e66290: 2a8b fb49 | 8bd9 498b | d7c5 f877 | 49ba c008 | 6e7d f97f | 0000 41ff 

  0x000001ae22e662a8: ;   {other}
  0x000001ae22e662a8: d20f 1f84 | 0000 0000 | 004c 8bcb | 8bdf e92b | dfff ff4b | 894c 13f8 | 4983 c2f8 | 4d89 5748 
  0x000001ae22e662c8: e919 dfff | ff4d 8b57 | 484d 8b5f | 58f0 8344 | 24c0 0080 | 3900 7432 | 4488 214d | 85d2 740f 
  0x000001ae22e662e8: 4b89 4c13 | f849 83c2 | f84d 8957 | 48eb 1b49 | 8bd7 c5f8 | 7749 bac0 | 086e 7df9 | 7f00 0041 
  0x000001ae22e66308: ;   {other}
  0x000001ae22e66308: ffd2 0f1f | 8400 0000 | 0000 448b | 5424 4447 | 8b94 d404 | 0200 0044 | 8954 2460 | 4585 d20f 
  0x000001ae22e66328: 85e3 e4ff | ffba f6ff | ffff 488b | 6c24 2890 

  0x000001ae22e66338: ;   {runtime_call UncommonTrapBlob}
  0x000001ae22e66338: c5f8 77e8 

  0x000001ae22e6633c: ; ImmutableOopMap {rbp=Oop }
                      ;*invokevirtual ci {reexecute=0 rethrow=0 return_oop=0}
                      ; - ui.views.waveform.c.a::mCQ@117 (line 484)
                      ; - ui.views.waveform.c.a::mCO@1 (line 348)
                      ; - ui.views.waveform.a::mBh@4 (line 289)
                      ; - ui.views.waveform.a::Pl@11 (line 116)
                      ; - ui.views.waveform.u::aT@30 (line 1201)
  0x000001ae22e6633c: c0e2 87ff 

  0x000001ae22e66340: ;   {other}
  0x000001ae22e66340: 0f1f 8400 | 3036 0023 | 4d8b 5748 | 4d8b 5f58 | f083 4424 | c000 8039 | 0074 3244 | 8821 4d85 
  0x000001ae22e66360: d274 0f4b | 894c 13f8 | 4983 c2f8 | 4d89 5748 | eb1b 498b | d7c5 f877 | 49ba c008 | 6e7d f97f 
  0x000001ae22e66380: 0000 41ff 

  0x000001ae22e66384: ;   {other}
  0x000001ae22e66384: d20f 1f84 | 0000 0000 | 004c 8b54 | 2470 458b | 5a44 4585 | db0f 847d | 2100 0049 | 8bdb 48c1 
  0x000001ae22e663a4: e303 e9d5 | e5ff ff4d | 8b57 484d | 8b5f 58f0 | 8344 24c0 | 0080 3900 | 7432 4488 | 214d 85d2 
  0x000001ae22e663c4: 740f 4b89 | 4c13 f849 | 83c2 f84d | 8957 48eb | 1b49 8bd7 | c5f8 7749 | bac0 086e | 7df9 7f00 
  0x000001ae22e663e4: 0041 ffd2 

  0x000001ae22e663e8: ;   {other}
  0x000001ae22e663e8: 0f1f 8400 | 0000 0000 | 4c8b 5424 | 7045 8b4a | 44e9 c5e5 | ffff 4d8b | 5748 4d8b | 5f58 f083 
  0x000001ae22e66408: 4424 c000 | 8039 000f | 8410 e6ff | ff44 8821 | 4d85 d275 | 2049 8bd7 | c5f8 7749 | bac0 086e 
  0x000001ae22e66428: 7df9 7f00 | 0041 ffd2 

  0x000001ae22e66430: ;   {other}
  0x000001ae22e66430: 0f1f 8400 | 0000 0000 | e9e8 e5ff | ff4b 894c | 13f8 4983 | c2f8 4d89 | 5748 e9d6 | e5ff ff44 
  0x000001ae22e66450: 8b54 2444 | 478b 94d4 | c401 0000 | 4585 d20f | 8430 eaff | ff4d 8b5f | 2849 8bca | 48c1 e103 
  0x000001ae22e66470: 4d85 db0f | 8467 1c00 | 004d 8b57 | 384b 894c | 1af8 4983 | c3f8 4d89 | 5f28 e906 | eaff ff4d 
  0x000001ae22e66490: 8b57 484d | 8b5f 58f0 | 8344 24c0 | 0041 8038 | 000f 842c | eaff ff45 | 8820 4d85 | d275 2349 
  0x000001ae22e664b0: 8bc8 498b | d7c5 f877 | 49ba c008 | 6e7d f97f | 0000 41ff 

  0x000001ae22e664c4: ;   {other}
  0x000001ae22e664c4: d20f 1f84 | 0000 0000 | 00e9 01ea | ffff 4f89 | 4413 f849 | 83c2 f84d | 8957 48e9 | efe9 ffff 
  0x000001ae22e664e4: 41ba 0b00 | 0000 41b8 | 1300 0000 | 4489 5424 | 7c44 8944 | 2478 e9ec 

  0x000001ae22e664fc: ;   {oop(a 'java/util/Collections$SynchronizedMap'{0x0000000681808760})}
  0x000001ae22e664fc: eaff ff49 | ba60 8780 | 8106 0000 | 0045 8b5a | 1045 85db | 0f84 1e20 | 0000 4f8d | 14dc 498b 
  0x000001ae22e6651c: ea48 8d9c | 2490 0000 | 0048 8b45 | 00a8 020f | 8524 0000 | 0048 83c8 | 0148 8903 | f048 0fb1 
  0x000001ae22e6653c: 5d00 0f84 | 3700 0000 | 482b c448 | 2507 f0ff | ff48 8903 | e924 0000 | 004c 8bd0 | 4833 c0f0 
  0x000001ae22e6655c: 4d0f b17a | 3e48 c703 | 0300 0000 | 7411 4c3b | f875 1549 | ff82 8600 | 0000 4833 | c075 0949 
  0x000001ae22e6657c: ff87 5005 | 0000 33c0 | 0f85 da1f 

  0x000001ae22e66588: ;   {oop(a 'java/util/Collections$SynchronizedMap'{0x0000000681808760})}
  0x000001ae22e66588: 0000 49ba | 6087 8081 | 0600 0000 | 458b 5a0c | 498b d348 | c1e2 034c | 8b44 2448 | 6690 c5f8 
  0x000001ae22e665a8: 7748 b8ff | ffff ffff 

  0x000001ae22e665b0: ;   {virtual_call}
  0x000001ae22e665b0: ffff ffe8 

  0x000001ae22e665b4: ; ImmutableOopMap {rbp=Oop [40]=Oop [56]=Oop [64]=NarrowOop [88]=Oop }
                      ;*invokeinterface get {reexecute=0 rethrow=0 return_oop=1}
                      ; - java.util.Collections$SynchronizedMap::get@12 (line 2892)
                      ; - sun.awt.SunToolkit::targetToAppContext@19 (line 383)
                      ; - javax.swing.RepaintManager::addDirtyRegion0@198 (line 489)
                      ; - javax.swing.RepaintManager::addDirtyRegion@33 (line 511)
                      ; - javax.swing.JComponent::repaint@15 (line 4899)
                      ; - java.awt.Component::repaint@12 (line 3395)
                      ; - ui.frmwork.b.b::iTS@10 (line 1203)
                      ; - ui.views.waveform.c.a::mCQ@127 (line 488)
                      ; - ui.views.waveform.c.a::mCO@1 (line 348)
                      ; - ui.views.waveform.a::mBh@4 (line 289)
                      ; - ui.views.waveform.a::Pl@11 (line 116)
                      ; - ui.views.waveform.u::aT@30 (line 1201)
  0x000001ae22e665b4: c887 87ff 

  0x000001ae22e665b8: ;   {other}
  0x000001ae22e665b8: 0f1f 8400 | a838 0024 | 488b d848 | 8d84 2490 | 0000 0048 | 8338 000f | 847b 0000 | 004c 8b55 
  0x000001ae22e665d8: 0041 f6c2 | 020f 8462 | 0000 0049 | 83ba 8600 | 0000 0074 | 0949 ff8a | 8600 0000 | eb4b 498b 
  0x000001ae22e665f8: 8296 0000 | 0049 0b82 | 8e00 0000 | 750a 49c7 | 423e 0000 | 0000 eb3e | 4983 ba9e | 0000 0000 
  0x000001ae22e66618: 7422 4833 | c049 c742 | 3e00 0000 | 00f0 8304 | 2400 4983 | ba9e 0000 | 0000 750d | f04d 0fb1 
  0x000001ae22e66638: 7a3e 7505 | 83c8 01eb | 0da8 00eb | 094c 8b10 | f04c 0fb1 | 5500 750a | 49ff 8f50 | 0500 0045 
  0x000001ae22e66658: 33d2 0f85 | 251f 0000 | 4885 db0f | 848b 0700 | 0044 8b5b 

  0x000001ae22e6666c: ;   {metadata('sun/awt/AppContext')}
  0x000001ae22e6666c: 0841 81fb | c822 0701 | 0f85 361f | 0000 4c8b | d34d 8bc2 | e9ee f2ff | ff44 8b5c | 2444 478b 
  0x000001ae22e6668c: 9cdc 8400 | 0000 4585 | db0f 842b | e5ff ff4d | 8b57 2849 | 8bcb 48c1 | e103 4d85 | d20f 84fa 
  0x000001ae22e666ac: 1a00 004d | 8b5f 384b | 894c 13f8 | 4983 c2f8 | 4d89 5728 | e901 e5ff | ff4d 8b57 | 584d 8b5f 
  0x000001ae22e666cc: 48f0 8344 | 24c0 0080 | 3900 7432 | 4488 214d | 85db 740f | 4b89 4c1a | f849 83c3 | f84d 895f 
  0x000001ae22e666ec: 48eb 1b49 | 8bd7 c5f8 | 7749 bac0 | 086e 7df9 | 7f00 0041 

  0x000001ae22e66700: ;   {other}
  0x000001ae22e66700: ffd2 0f1f | 8400 0000 | 0000 448b | 5c24 4443 | 8bac dc84 | 0000 00e9 | f1e4 ffff | 41bb 0b00 
  0x000001ae22e66720: 0000 41ba | 1300 0000 | 4489 5c24 | 7c44 8954 | 2478 e9b4 

  0x000001ae22e66734: ;   {metadata('ui/views/waveform/executive/protobuf/WVPrefs$WVPrefsMessage$Builder')}
  0x000001ae22e66734: e8ff ff48 | ba98 a3b7 | 35ae 0100 | 0048 8b6c | 2438 6690 

  0x000001ae22e66748: ;   {runtime_call _new_instance_Java}
  0x000001ae22e66748: c5f8 77e8 

  0x000001ae22e6674c: ; ImmutableOopMap {rbp=Oop [40]=Oop [56]=Oop [72]=Oop [80]=NarrowOop }
                      ;*new {reexecute=0 rethrow=0 return_oop=1}
                      ; - ui.views.waveform.executive.protobuf.WVPrefs$WVPrefsMessage::toBuilder@7 (line 4825)
                      ; - ui.views.waveform.executive.protobuf.WVPrefs$WVPrefsMessage::newBuilder@3 (line 4816)
                      ; - ui.views.waveform.h.c::aGl@0 (line 174)
                      ; - ui.views.waveform.executive.a::mDJ@20 (line 665)
                      ; - ui.views.waveform.executive.a::mDZ@2 (line 754)
                      ; - ui.views.waveform.u::aT@22 (line 1200)
  0x000001ae22e6674c: b0db 94ff 

  0x000001ae22e66750: ;   {other}
  0x000001ae22e66750: 0f1f 8400 | 403a 0025 | e96b ceff | ff44 8954 | 2444 4489 | 4424 4048 

  0x000001ae22e66768: ;   {metadata('com/google/protobuf/CodedInputStream$ArrayDecoder')}
  0x000001ae22e66768: 8beb 48ba | b093 1735 | ae01 0000 

  0x000001ae22e66774: ;   {runtime_call _new_instance_Java}
  0x000001ae22e66774: c5f8 77e8 

  0x000001ae22e66778: ; ImmutableOopMap {rbp=Oop [32]=Oop [40]=Oop [56]=Oop [80]=NarrowOop }
                      ;*new {reexecute=0 rethrow=0 return_oop=1}
                      ; - com.google.protobuf.CodedInputStream::newInstance@0 (line 146)
                      ; - com.google.protobuf.CodedInputStream::newInstance@4 (line 140)
                      ; - com.google.protobuf.AbstractMessageLite$Builder::mergeFrom@3 (line 221)
                      ; - com.google.protobuf.AbstractMessage$Builder::mergeFrom@4 (line 535)
                      ; - com.google.protobuf.AbstractMessage$Builder::mergeFrom@4 (line 317)
                      ; - ui.views.waveform.h.c::aGl@16 (line 177)
                      ; - ui.views.waveform.executive.a::mDJ@20 (line 665)
                      ; - ui.views.waveform.executive.a::mDZ@2 (line 754)
                      ; - ui.views.waveform.u::aT@22 (line 1200)
  0x000001ae22e66778: 84db 94ff 

  0x000001ae22e6677c: ;   {other}
  0x000001ae22e6677c: 0f1f 8400 | 6c3a 0026 | 488b dd44 | 8b44 2440 | 448b 5424 | 44e9 d1ce | ffff 4889 

  0x000001ae22e66798: ;   {metadata('ui/views/waveform/executive/protobuf/WVPrefs$WVPrefsMessage')}
  0x000001ae22e66798: 7c24 4048 | ba18 3946 | 35ae 0100 | 0048 8b6c | 2438 6690 

  0x000001ae22e667ac: ;   {runtime_call _new_instance_Java}
  0x000001ae22e667ac: c5f8 77e8 

  0x000001ae22e667b0: ; ImmutableOopMap {rbp=Oop [32]=Oop [40]=Oop [56]=Oop [64]=Oop [80]=NarrowOop }
                      ;*new {reexecute=0 rethrow=0 return_oop=1}
                      ; - ui.views.waveform.executive.protobuf.WVPrefs$WVPrefsMessage$1::parsePartialFrom@0 (line 5490)
                      ; - ui.views.waveform.executive.protobuf.WVPrefs$WVPrefsMessage$1::parsePartialFrom@3 (line 5485)
                      ; - ui.views.waveform.executive.protobuf.WVPrefs$WVPrefsMessage$Builder::mergeFrom@7 (line 5040)
                      ; - ui.views.waveform.executive.protobuf.WVPrefs$WVPrefsMessage$Builder::mergeFrom@3 (line 4838)
                      ; - com.google.protobuf.AbstractMessage$Builder::mergeFrom@5 (line 418)
                      ; - com.google.protobuf.AbstractMessage$Builder::mergeFrom@2 (line 317)
                      ; - com.google.protobuf.AbstractMessageLite$Builder::mergeFrom@11 (line 222)
                      ; - com.google.protobuf.AbstractMessage$Builder::mergeFrom@4 (line 535)
                      ; - com.google.protobuf.AbstractMessage$Builder::mergeFrom@4 (line 317)
                      ; - ui.views.waveform.h.c::aGl@16 (line 177)
                      ; - ui.views.waveform.executive.a::mDJ@20 (line 665)
                      ; - ui.views.waveform.executive.a::mDZ@2 (line 754)
                      ; - ui.views.waveform.u::aT@22 (line 1200)
  0x000001ae22e667b0: 4cdb 94ff 

  0x000001ae22e667b4: ;   {other}
  0x000001ae22e667b4: 0f1f 8400 | a43a 0027 | e999 cfff | ff48 8beb 

  0x000001ae22e667c4: ;   {metadata('ui/views/waveform/executive/protobuf/WVPrefs$WVPrefsMessage')}
  0x000001ae22e667c4: 48ba 1839 | 4635 ae01 | 0000 6690 

  0x000001ae22e667d0: ;   {runtime_call _new_instance_Java}
  0x000001ae22e667d0: c5f8 77e8 

  0x000001ae22e667d4: ; ImmutableOopMap {rbp=Oop [40]=Oop [56]=Oop [80]=NarrowOop }
                      ;*new {reexecute=0 rethrow=0 return_oop=1}
                      ; - ui.views.waveform.executive.protobuf.WVPrefs$WVPrefsMessage$Builder::buildPartial@0 (line 4918)
                      ; - ui.views.waveform.executive.protobuf.WVPrefs$WVPrefsMessage$Builder::build@1 (line 4910)
                      ; - ui.views.waveform.executive.protobuf.WVPrefs$WVPrefsMessage$Builder::build@1 (line 4838)
                      ; - ui.views.waveform.h.c::aGl@21 (line 177)
                      ; - ui.views.waveform.executive.a::mDJ@20 (line 665)
                      ; - ui.views.waveform.executive.a::mDZ@2 (line 754)
                      ; - ui.views.waveform.u::aT@22 (line 1200)
  0x000001ae22e667d4: 28db 94ff 

  0x000001ae22e667d8: ;   {other}
  0x000001ae22e667d8: 0f1f 8400 | c83a 0028 | 488b dd48 | 8bf8 e9ba | d1ff ff44 | 895c 2464 | 4489 5424 

  0x000001ae22e667f4: ;   {metadata({type array byte})}
  0x000001ae22e667f4: 6048 bac0 | 2200 34ae | 0100 0045 | 8bc3 6690 

  0x000001ae22e66804: ;   {runtime_call _new_array_Java}
  0x000001ae22e66804: c5f8 77e8 

  0x000001ae22e66808: ; ImmutableOopMap {rbp=NarrowOop [56]=Oop [64]=NarrowOop [68]=NarrowOop [72]=Oop [80]=Oop [88]=Oop }
                      ;*newarray {reexecute=0 rethrow=0 return_oop=1}
                      ; - ui.views.waveform.executive.a::mDy@47 (line 504)
                      ; - ui.views.waveform.c.a::mCQ@7 (line 463)
                      ; - ui.views.waveform.c.a::mCO@1 (line 348)
                      ; - ui.views.waveform.a::mBh@4 (line 289)
                      ; - ui.views.waveform.a::Pl@11 (line 116)
                      ; - ui.views.waveform.u::aT@30 (line 1201)
  0x000001ae22e66808: f4dd 94ff 

  0x000001ae22e6680c: ;   {other}
  0x000001ae22e6680c: 0f1f 8400 | fc3a 0029 | 4c8b c0e9 | 47d8 ffff 

  0x000001ae22e6681c: ;   {metadata({type array byte})}
  0x000001ae22e6681c: 48ba c022 | 0034 ae01 | 0000 448b | 4424 2848 | 8b6c 2438 

  0x000001ae22e66830: ;   {runtime_call _new_array_Java}
  0x000001ae22e66830: c5f8 77e8 

  0x000001ae22e66834: ; ImmutableOopMap {rbp=Oop [56]=Oop [64]=NarrowOop [68]=NarrowOop [72]=Oop [88]=Oop [100]=NarrowOop [136]=Oop }
                      ;*invokevirtual allocateUninitializedArray0 {reexecute=0 rethrow=0 return_oop=1}
                      ; - jdk.internal.misc.Unsafe::allocateUninitializedArray@51 (line 1380)
                      ; - java.lang.StringConcatHelper::newArray@33 (line 511)
                      ; - java.lang.StringConcatHelper::newArrayWithSuffix@7 (line 489)
                      ; - java.lang.invoke.DirectMethodHandle$Holder::invokeStatic@13
                      ; - java.lang.invoke.LambdaForm$MH/0x000001ae35010400::invoke@23
                      ; - java.lang.invoke.LambdaForm$MH/0x000001ae35ab0400::invoke@33
                      ; - java.lang.invoke.Invokers$Holder::linkToTargetMethod@5
                      ; - ui.views.waveform.executive.a::mDy@104 (line 513)
                      ; - ui.views.waveform.c.a::mCQ@7 (line 463)
                      ; - ui.views.waveform.c.a::mCO@1 (line 348)
                      ; - ui.views.waveform.a::mBh@4 (line 289)
                      ; - ui.views.waveform.a::Pl@11 (line 116)
                      ; - ui.views.waveform.u::aT@30 (line 1201)
  0x000001ae22e66834: c8dd 94ff 

  0x000001ae22e66838: ;   {other}
  0x000001ae22e66838: 0f1f 8400 | 283b 002a | e9c8 ddff 

  0x000001ae22e66844: ;   {metadata('java/io/ByteArrayInputStream')}
  0x000001ae22e66844: ff48 ba00 | 3705 34ae | 0100 0048 | 8b6c 2438 

  0x000001ae22e66854: ;   {runtime_call _new_instance_Java}
  0x000001ae22e66854: c5f8 77e8 

  0x000001ae22e66858: ; ImmutableOopMap {rbp=Oop [56]=Oop [64]=NarrowOop [68]=NarrowOop [72]=Oop [88]=Oop [100]=NarrowOop [136]=Oop }
                      ;*new {reexecute=0 rethrow=0 return_oop=1}
                      ; - ui.data.common.b.b::e@0 (line 213)
                      ; - ui.views.waveform.h.c::cM@1 (line 261)
                      ; - ui.views.waveform.executive.a::mDy@114 (line 515)
                      ; - ui.views.waveform.c.a::mCQ@7 (line 463)
                      ; - ui.views.waveform.c.a::mCO@1 (line 348)
                      ; - ui.views.waveform.a::mBh@4 (line 289)
                      ; - ui.views.waveform.a::Pl@11 (line 116)
                      ; - ui.views.waveform.u::aT@30 (line 1201)
  0x000001ae22e66858: a4da 94ff 

  0x000001ae22e6685c: ;   {other}
  0x000001ae22e6685c: 0f1f 8400 | 4c3b 002b | 4c8b d8e9 | bede ffff 

  0x000001ae22e6686c: ;   {metadata('java/util/ArrayList')}
  0x000001ae22e6686c: 48ba 48ad | 0b34 ae01 | 0000 488b | 6c24 3890 

  0x000001ae22e6687c: ;   {runtime_call _new_instance_Java}
  0x000001ae22e6687c: c5f8 77e8 

  0x000001ae22e66880: ; ImmutableOopMap {rbp=Oop [40]=Oop [56]=Oop [64]=NarrowOop [68]=NarrowOop [72]=Oop [88]=Oop }
                      ;*new {reexecute=0 rethrow=0 return_oop=1}
                      ; - ui.views.waveform.c.a::mCQ@20 (line 469)
                      ; - ui.views.waveform.c.a::mCO@1 (line 348)
                      ; - ui.views.waveform.a::mBh@4 (line 289)
                      ; - ui.views.waveform.a::Pl@11 (line 116)
                      ; - ui.views.waveform.u::aT@30 (line 1201)
  0x000001ae22e66880: 7cda 94ff 

  0x000001ae22e66884: ;   {other}
  0x000001ae22e66884: 0f1f 8400 | 743b 002c | 488b d8e9 | 0ddf ffff 

  0x000001ae22e66894: ;   {metadata('ui/data/r/b/b/b/c')}
  0x000001ae22e66894: 48ba 7865 | b835 ae01 | 0000 488b | 6c24 3890 

  0x000001ae22e668a4: ;   {runtime_call _new_instance_Java}
  0x000001ae22e668a4: c5f8 77e8 

  0x000001ae22e668a8: ; ImmutableOopMap {rbp=Oop [40]=Oop [56]=Oop [64]=NarrowOop [68]=NarrowOop [72]=Oop [88]=Oop [96]=NarrowOop [104]=Oop }
                      ;*new {reexecute=0 rethrow=0 return_oop=1}
                      ; - ui.data.r.a::ci@14 (line 372)
                      ; - ui.views.waveform.c.a::mCQ@117 (line 484)
                      ; - ui.views.waveform.c.a::mCO@1 (line 348)
                      ; - ui.views.waveform.a::mBh@4 (line 289)
                      ; - ui.views.waveform.a::Pl@11 (line 116)
                      ; - ui.views.waveform.u::aT@30 (line 1201)
  0x000001ae22e668a8: 54da 94ff 

  0x000001ae22e668ac: ;   {other}
  0x000001ae22e668ac: 0f1f 8400 | 9c3b 002d | 4c8b d8e9 | 5be0 ffff 

  0x000001ae22e668bc: ;   {metadata('java/awt/Rectangle')}
  0x000001ae22e668bc: 48ba a0f8 | 0a35 ae01 | 0000 6690 

  0x000001ae22e668c8: ;   {runtime_call _new_instance_Java}
  0x000001ae22e668c8: c5f8 77e8 

  0x000001ae22e668cc: ; ImmutableOopMap {[56]=Oop [64]=NarrowOop [68]=NarrowOop [72]=Oop [88]=Oop }
                      ;*new {reexecute=0 rethrow=0 return_oop=1}
                      ; - ui.frmwork.b.b::K@6 (line 1247)
                      ; - ui.frmwork.b.b::iTS@5 (line 1202)
                      ; - ui.views.waveform.c.a::mCQ@127 (line 488)
                      ; - ui.views.waveform.c.a::mCO@1 (line 348)
                      ; - ui.views.waveform.a::mBh@4 (line 289)
                      ; - ui.views.waveform.a::Pl@11 (line 116)
                      ; - ui.views.waveform.u::aT@30 (line 1201)
  0x000001ae22e668cc: 30da 94ff 

  0x000001ae22e668d0: ;   {other}
  0x000001ae22e668d0: 0f1f 8400 | c03b 002e | e9aa e4ff | ff48 894c | 2448 4c89 | 4424 2841 

  0x000001ae22e668e8: ;   {metadata({type array byte})}
  0x000001ae22e668e8: 8be9 48ba | c022 0034 | ae01 0000 | 458b c190 

  0x000001ae22e668f8: ;   {runtime_call _new_array_Java}
  0x000001ae22e668f8: c5f8 77e8 

  0x000001ae22e668fc: ; ImmutableOopMap {[56]=Oop [64]=NarrowOop [88]=Oop }
                      ;*invokevirtual allocateUninitializedArray0 {reexecute=0 rethrow=0 return_oop=1}
                      ; - jdk.internal.misc.Unsafe::allocateUninitializedArray@51 (line 1380)
                      ; - java.lang.StringConcatHelper::newArray@33 (line 511)
                      ; - java.lang.StringConcatHelper::newArrayWithSuffix@7 (line 489)
                      ; - java.lang.invoke.DirectMethodHandle$Holder::invokeStatic@13
                      ; - java.lang.invoke.LambdaForm$MH/0x000001ae35010400::invoke@23
                      ; - java.lang.invoke.LambdaForm$MH/0x000001ae35ab0400::invoke@33
                      ; - java.lang.invoke.Invokers$Holder::linkToTargetMethod@5
                      ; - ui.views.waveform.c.a::mCQ@135 (line 490)
                      ; - ui.views.waveform.c.a::mCO@1 (line 348)
                      ; - ui.views.waveform.a::mBh@4 (line 289)
                      ; - ui.views.waveform.a::Pl@11 (line 116)
                      ; - ui.views.waveform.u::aT@30 (line 1201)
  0x000001ae22e668fc: 00dd 94ff 

  0x000001ae22e66900: ;   {other}
  0x000001ae22e66900: 0f1f 8400 | f03b 002f | 448b cd4c | 8b44 2428 | 488b 4c24 | 48e9 bfda 

  0x000001ae22e66918: ;   {metadata('java/lang/String')}
  0x000001ae22e66918: ffff 48ba | d8e8 0034 | ae01 0000 

  0x000001ae22e66924: ;   {runtime_call _new_instance_Java}
  0x000001ae22e66924: c5f8 77e8 

  0x000001ae22e66928: ; ImmutableOopMap {rbp=NarrowOop [56]=Oop [64]=NarrowOop [68]=NarrowOop [72]=Oop [88]=Oop [100]=NarrowOop [120]=Oop [136]=Oop }
                      ;*new {reexecute=0 rethrow=0 return_oop=1}
                      ; - java.lang.StringConcatHelper::newString@6 (line 400)
                      ; - java.lang.invoke.DirectMethodHandle$Holder::invokeStatic@13
                      ; - java.lang.invoke.LambdaForm$MH/0x000001ae35ab0400::invoke@74
                      ; - java.lang.invoke.Invokers$Holder::linkToTargetMethod@5
                      ; - ui.views.waveform.executive.a::mDy@104 (line 513)
                      ; - ui.views.waveform.c.a::mCQ@7 (line 463)
                      ; - ui.views.waveform.c.a::mCO@1 (line 348)
                      ; - ui.views.waveform.a::mBh@4 (line 289)
                      ; - ui.views.waveform.a::Pl@11 (line 116)
                      ; - ui.views.waveform.u::aT@30 (line 1201)
  0x000001ae22e66928: d4d9 94ff 

  0x000001ae22e6692c: ;   {other}
  0x000001ae22e6692c: 0f1f 8400 | 1c3c 0030 | 4c8b c0e9 | 86dd ffff 

  0x000001ae22e6693c: ;   {metadata('java/lang/String')}
  0x000001ae22e6693c: 4d8b d348 | bad8 e800 | 34ae 0100 | 004c 8954 | 2450 6690 

  0x000001ae22e66950: ;   {runtime_call _new_instance_Java}
  0x000001ae22e66950: c5f8 77e8 

  0x000001ae22e66954: ; ImmutableOopMap {rbp=NarrowOop [56]=Oop [64]=NarrowOop [80]=Oop [88]=Oop }
                      ;*new {reexecute=0 rethrow=0 return_oop=1}
                      ; - java.lang.StringConcatHelper::newString@6 (line 400)
                      ; - java.lang.invoke.DirectMethodHandle$Holder::invokeStatic@13
                      ; - java.lang.invoke.LambdaForm$MH/0x000001ae35ab0400::invoke@74
                      ; - java.lang.invoke.Invokers$Holder::linkToTargetMethod@5
                      ; - ui.views.waveform.c.a::mCQ@135 (line 490)
                      ; - ui.views.waveform.c.a::mCO@1 (line 348)
                      ; - ui.views.waveform.a::mBh@4 (line 289)
                      ; - ui.views.waveform.a::Pl@11 (line 116)
                      ; - ui.views.waveform.u::aT@30 (line 1201)
  0x000001ae22e66954: a8d9 94ff 

  0x000001ae22e66958: ;   {other}
  0x000001ae22e66958: 0f1f 8400 | 483c 0031 | 4c8b c0e9 | 10db ffff | 448b 5424 | 4447 8b9c | d4c4 0100 | 0045 85db 
  0x000001ae22e66978: 0f84 64e8 | ffff 4d8b | 5728 498b | cb48 c1e1 | 034d 85d2 | 0f84 c219 | 0000 4d8b | 5f38 4b89 
  0x000001ae22e66998: 4c13 f849 | 83c2 f84d | 8957 28e9 | 3ae8 ffff 

  0x000001ae22e669a8: ;   {metadata('java/awt/Dimension')}
  0x000001ae22e669a8: 48ba d8e8 | 0735 ae01 | 0000 6690 

  0x000001ae22e669b4: ;   {runtime_call _new_instance_Java}
  0x000001ae22e669b4: c5f8 77e8 

  0x000001ae22e669b8: ; ImmutableOopMap {rbp=Oop [56]=Oop [64]=NarrowOop [68]=NarrowOop [72]=Oop [88]=Oop }
                      ;*new {reexecute=0 rethrow=0 return_oop=1}
                      ; - java.awt.Container::preferredSize@77 (line 1832)
                      ; - java.awt.Container::getPreferredSize@1 (line 1810)
                      ; - javax.swing.JComponent::getPreferredSize@39 (line 1736)
                      ; - ui.utils.swing.p.G::getPreferredSize@1 (line 137)
                      ; - ui.views.waveform.c.a::ike@1 (line 223)
                      ; - ui.frmwork.b.b::iTS@2 (line 1202)
                      ; - ui.views.waveform.c.a::mCQ@127 (line 488)
                      ; - ui.views.waveform.c.a::mCO@1 (line 348)
                      ; - ui.views.waveform.a::mBh@4 (line 289)
                      ; - ui.views.waveform.a::Pl@11 (line 116)
                      ; - ui.views.waveform.u::aT@30 (line 1201)
  0x000001ae22e669b8: 44d9 94ff 

  0x000001ae22e669bc: ;   {other}
  0x000001ae22e669bc: 0f1f 8400 | ac3c 0032 | 4c8b c0e9 | 33e3 ffff | bade ffff | ff8b 6c24 | 2044 8944 | 2424 4489 
  0x000001ae22e669dc: 4c24 2844 | 8b5c 2430 | 4489 5c24 | 2c44 8b54 | 2434 4489 | 5424 3044 | 8b5c 2450 | 4489 5c24 
  0x000001ae22e669fc: 4866 6690 

  0x000001ae22e66a00: ;   {runtime_call UncommonTrapBlob}
  0x000001ae22e66a00: c5f8 77e8 

  0x000001ae22e66a04: ; ImmutableOopMap {rbp=NarrowOop [36]=NarrowOop [56]=Oop [64]=Oop [72]=NarrowOop }
                      ;*invokeinterface get {reexecute=0 rethrow=0 return_oop=0}
                      ; - ui.views.waveform.executive.protobuf.WVPrefs$WVColorPrefs::getColoredObjects@5 (line 2365)
                      ; - ui.views.waveform.executive.protobuf.WVPrefs$WVColorPrefs::isInitialized@30 (line 2384)
                      ; - ui.views.waveform.executive.protobuf.WVPrefs$WVPrefsMessage::isInitialized@81 (line 4628)
                      ; - ui.views.waveform.executive.protobuf.WVPrefs$WVPrefsMessage$Builder::build@6 (line 4911)
                      ; - ui.views.waveform.executive.protobuf.WVPrefs$WVPrefsMessage$Builder::build@1 (line 4838)
                      ; - ui.views.waveform.h.c::aGl@21 (line 177)
                      ; - ui.views.waveform.executive.a::mDJ@20 (line 665)
                      ; - ui.views.waveform.executive.a::mDZ@2 (line 754)
                      ; - ui.views.waveform.u::aT@22 (line 1200)
  0x000001ae22e66a04: f8db 87ff 

  0x000001ae22e66a08: ;   {other}
  0x000001ae22e66a08: 0f1f 8400 | f83c 0033 | bae4 ffff | ff44 894c | 2428 4489 | 4c24 2c48 | 8944 24f8 | 8b44 2450 
  0x000001ae22e66a28: 8944 2448 | 488b 4424 | f848 894c | 2458 6690 

  0x000001ae22e66a38: ;   {runtime_call UncommonTrapBlob}
  0x000001ae22e66a38: c5f8 77e8 

  0x000001ae22e66a3c: ; ImmutableOopMap {[32]=NarrowOop [56]=Oop [64]=Oop [72]=NarrowOop [88]=Oop }
                      ;*invokestatic checkIndex {reexecute=0 rethrow=0 return_oop=0}
                      ; - java.util.Objects::checkIndex@3 (line 385)
                      ; - java.util.ArrayList::get@5 (line 427)
                      ; - java.util.Collections$UnmodifiableList::get@5 (line 1501)
                      ; - ui.views.waveform.executive.protobuf.WVPrefs$WVColorPrefs::getColoredObjects@5 (line 2365)
                      ; - ui.views.waveform.executive.protobuf.WVPrefs$WVColorPrefs::isInitialized@30 (line 2384)
                      ; - ui.views.waveform.executive.protobuf.WVPrefs$WVPrefsMessage::isInitialized@81 (line 4628)
                      ; - ui.views.waveform.executive.protobuf.WVPrefs$WVPrefsMessage$Builder::build@6 (line 4911)
                      ; - ui.views.waveform.executive.protobuf.WVPrefs$WVPrefsMessage$Builder::build@1 (line 4838)
                      ; - ui.views.waveform.h.c::aGl@21 (line 177)
                      ; - ui.views.waveform.executive.a::mDJ@20 (line 665)
                      ; - ui.views.waveform.executive.a::mDZ@2 (line 754)
                      ; - ui.views.waveform.u::aT@22 (line 1200)
  0x000001ae22e66a3c: c0db 87ff 

  0x000001ae22e66a40: ;   {other}
  0x000001ae22e66a40: 0f1f 8400 | 303d 0034 | bacc ffff | ff44 894c | 2428 4489 | 4c24 2c48 | 8944 24f8 | 8b44 2450 
  0x000001ae22e66a60: 8944 2448 | 488b 4424 | f848 894c | 2458 6690 

  0x000001ae22e66a70: ;   {runtime_call UncommonTrapBlob}
  0x000001ae22e66a70: c5f8 77e8 

  0x000001ae22e66a74: ; ImmutableOopMap {[32]=NarrowOop [56]=Oop [64]=Oop [72]=NarrowOop [88]=Oop }
                      ;*invokestatic checkIndex {reexecute=0 rethrow=0 return_oop=0}
                      ; - java.util.Objects::checkIndex@3 (line 385)
                      ; - java.util.ArrayList::get@5 (line 427)
                      ; - java.util.Collections$UnmodifiableList::get@5 (line 1501)
                      ; - ui.views.waveform.executive.protobuf.WVPrefs$WVColorPrefs::getColoredObjects@5 (line 2365)
                      ; - ui.views.waveform.executive.protobuf.WVPrefs$WVColorPrefs::isInitialized@30 (line 2384)
                      ; - ui.views.waveform.executive.protobuf.WVPrefs$WVPrefsMessage::isInitialized@81 (line 4628)
                      ; - ui.views.waveform.executive.protobuf.WVPrefs$WVPrefsMessage$Builder::build@6 (line 4911)
                      ; - ui.views.waveform.executive.protobuf.WVPrefs$WVPrefsMessage$Builder::build@1 (line 4838)
                      ; - ui.views.waveform.h.c::aGl@21 (line 177)
                      ; - ui.views.waveform.executive.a::mDJ@20 (line 665)
                      ; - ui.views.waveform.executive.a::mDZ@2 (line 754)
                      ; - ui.views.waveform.u::aT@22 (line 1200)
  0x000001ae22e66a74: 88db 87ff 

  0x000001ae22e66a78: ;   {other}
  0x000001ae22e66a78: 0f1f 8400 | 683d 0035 | ba45 ffff | ff44 894c | 2424 4c8b | 5424 384c | 8954 2428 | 448b 5424 
  0x000001ae22e66a98: 5045 8bda | 4489 5c24 | 3c66 6690 

  0x000001ae22e66aa4: ;   {runtime_call UncommonTrapBlob}
  0x000001ae22e66aa4: c5f8 77e8 

  0x000001ae22e66aa8: ; ImmutableOopMap {[32]=NarrowOop [40]=Oop [60]=NarrowOop [64]=Oop [80]=NarrowOop }
                      ;*if_icmpne {reexecute=1 rethrow=0 return_oop=0}
                      ; - (reexecute) ui.views.waveform.executive.protobuf.WVPrefs$WVColoredObject::isInitialized@7 (line 1549)
                      ; - ui.views.waveform.executive.protobuf.WVPrefs$WVColorPrefs::isInitialized@33 (line 2384)
                      ; - ui.views.waveform.executive.protobuf.WVPrefs$WVPrefsMessage::isInitialized@81 (line 4628)
                      ; - ui.views.waveform.executive.protobuf.WVPrefs$WVPrefsMessage$Builder::build@6 (line 4911)
                      ; - ui.views.waveform.executive.protobuf.WVPrefs$WVPrefsMessage$Builder::build@1 (line 4838)
                      ; - ui.views.waveform.h.c::aGl@21 (line 177)
                      ; - ui.views.waveform.executive.a::mDJ@20 (line 665)
                      ; - ui.views.waveform.executive.a::mDZ@2 (line 754)
                      ; - ui.views.waveform.u::aT@22 (line 1200)
  0x000001ae22e66aa8: 54db 87ff 

  0x000001ae22e66aac: ;   {other}
  0x000001ae22e66aac: 0f1f 8400 | 9c3d 0036 | ba45 ffff | ff44 894c | 2424 4c8b | 5424 384c | 8954 2428 | 448b 5424 
  0x000001ae22e66acc: 5045 8bda | 4489 5c24 | 3c66 6690 

  0x000001ae22e66ad8: ;   {runtime_call UncommonTrapBlob}
  0x000001ae22e66ad8: c5f8 77e8 

  0x000001ae22e66adc: ; ImmutableOopMap {[32]=NarrowOop [40]=Oop [60]=NarrowOop [64]=Oop [80]=NarrowOop }
                      ;*ifne {reexecute=1 rethrow=0 return_oop=0}
                      ; - (reexecute) ui.views.waveform.executive.protobuf.WVPrefs$WVColoredObject::isInitialized@13 (line 1550)
                      ; - ui.views.waveform.executive.protobuf.WVPrefs$WVColorPrefs::isInitialized@33 (line 2384)
                      ; - ui.views.waveform.executive.protobuf.WVPrefs$WVPrefsMessage::isInitialized@81 (line 4628)
                      ; - ui.views.waveform.executive.protobuf.WVPrefs$WVPrefsMessage$Builder::build@6 (line 4911)
                      ; - ui.views.waveform.executive.protobuf.WVPrefs$WVPrefsMessage$Builder::build@1 (line 4838)
                      ; - ui.views.waveform.h.c::aGl@21 (line 177)
                      ; - ui.views.waveform.executive.a::mDJ@20 (line 665)
                      ; - ui.views.waveform.executive.a::mDZ@2 (line 754)
                      ; - ui.views.waveform.u::aT@22 (line 1200)
  0x000001ae22e66adc: 20db 87ff 

  0x000001ae22e66ae0: ;   {other}
  0x000001ae22e66ae0: 0f1f 8400 | d03d 0037 | ba45 ffff | ff44 894c | 2424 4c8b | 5424 384c | 8954 2428 | 448b 5424 
  0x000001ae22e66b00: 5045 8bda | 4489 5c24 | 3c4c 8944 | 2450 6690 

  0x000001ae22e66b10: ;   {runtime_call UncommonTrapBlob}
  0x000001ae22e66b10: c5f8 77e8 

  0x000001ae22e66b14: ; ImmutableOopMap {[32]=NarrowOop [40]=Oop [60]=NarrowOop [64]=Oop [80]=Oop }
                      ;*if_icmpne {reexecute=1 rethrow=0 return_oop=0}
                      ; - (reexecute) ui.views.waveform.executive.protobuf.WVPrefs$WVColoredObject::hasDescription@7 (line 1454)
                      ; - ui.views.waveform.executive.protobuf.WVPrefs$WVColoredObject::isInitialized@19 (line 1552)
                      ; - ui.views.waveform.executive.protobuf.WVPrefs$WVColorPrefs::isInitialized@33 (line 2384)
                      ; - ui.views.waveform.executive.protobuf.WVPrefs$WVPrefsMessage::isInitialized@81 (line 4628)
                      ; - ui.views.waveform.executive.protobuf.WVPrefs$WVPrefsMessage$Builder::build@6 (line 4911)
                      ; - ui.views.waveform.executive.protobuf.WVPrefs$WVPrefsMessage$Builder::build@1 (line 4838)
                      ; - ui.views.waveform.h.c::aGl@21 (line 177)
                      ; - ui.views.waveform.executive.a::mDJ@20 (line 665)
                      ; - ui.views.waveform.executive.a::mDZ@2 (line 754)
                      ; - ui.views.waveform.u::aT@22 (line 1200)
  0x000001ae22e66b14: e8da 87ff 

  0x000001ae22e66b18: ;   {other}
  0x000001ae22e66b18: 0f1f 8400 | 083e 0038 | ba45 ffff | ff44 894c | 2424 4c8b | 5424 384c | 8954 2428 | 448b 5424 
  0x000001ae22e66b38: 5045 8bda | 4489 5c24 | 3c4c 8944 | 2450 6690 

  0x000001ae22e66b48: ;   {runtime_call UncommonTrapBlob}
  0x000001ae22e66b48: c5f8 77e8 

  0x000001ae22e66b4c: ; ImmutableOopMap {[32]=NarrowOop [40]=Oop [60]=NarrowOop [64]=Oop [80]=Oop }
                      ;*if_icmpne {reexecute=1 rethrow=0 return_oop=0}
                      ; - (reexecute) ui.views.waveform.executive.protobuf.WVPrefs$WVColoredObject::hasRed@7 (line 1501)
                      ; - ui.views.waveform.executive.protobuf.WVPrefs$WVColoredObject::isInitialized@33 (line 1556)
                      ; - ui.views.waveform.executive.protobuf.WVPrefs$WVColorPrefs::isInitialized@33 (line 2384)
                      ; - ui.views.waveform.executive.protobuf.WVPrefs$WVPrefsMessage::isInitialized@81 (line 4628)
                      ; - ui.views.waveform.executive.protobuf.WVPrefs$WVPrefsMessage$Builder::build@6 (line 4911)
                      ; - ui.views.waveform.executive.protobuf.WVPrefs$WVPrefsMessage$Builder::build@1 (line 4838)
                      ; - ui.views.waveform.h.c::aGl@21 (line 177)
                      ; - ui.views.waveform.executive.a::mDJ@20 (line 665)
                      ; - ui.views.waveform.executive.a::mDZ@2 (line 754)
                      ; - ui.views.waveform.u::aT@22 (line 1200)
  0x000001ae22e66b4c: b0da 87ff 

  0x000001ae22e66b50: ;   {other}
  0x000001ae22e66b50: 0f1f 8400 | 403e 0039 | ba45 ffff | ff44 894c | 2424 4c8b | 5424 384c | 8954 2428 | 448b 5424 
  0x000001ae22e66b70: 5045 8bda | 4489 5c24 | 3c4c 8944 | 2450 6690 

  0x000001ae22e66b80: ;   {runtime_call UncommonTrapBlob}
  0x000001ae22e66b80: c5f8 77e8 

  0x000001ae22e66b84: ; ImmutableOopMap {[32]=NarrowOop [40]=Oop [60]=NarrowOop [64]=Oop [80]=Oop }
                      ;*if_icmpne {reexecute=1 rethrow=0 return_oop=0}
                      ; - (reexecute) ui.views.waveform.executive.protobuf.WVPrefs$WVColoredObject::hasGreen@7 (line 1518)
                      ; - ui.views.waveform.executive.protobuf.WVPrefs$WVColoredObject::isInitialized@47 (line 1560)
                      ; - ui.views.waveform.executive.protobuf.WVPrefs$WVColorPrefs::isInitialized@33 (line 2384)
                      ; - ui.views.waveform.executive.protobuf.WVPrefs$WVPrefsMessage::isInitialized@81 (line 4628)
                      ; - ui.views.waveform.executive.protobuf.WVPrefs$WVPrefsMessage$Builder::build@6 (line 4911)
                      ; - ui.views.waveform.executive.protobuf.WVPrefs$WVPrefsMessage$Builder::build@1 (line 4838)
                      ; - ui.views.waveform.h.c::aGl@21 (line 177)
                      ; - ui.views.waveform.executive.a::mDJ@20 (line 665)
                      ; - ui.views.waveform.executive.a::mDZ@2 (line 754)
                      ; - ui.views.waveform.u::aT@22 (line 1200)
  0x000001ae22e66b84: 78da 87ff 

  0x000001ae22e66b88: ;   {other}
  0x000001ae22e66b88: 0f1f 8400 | 783e 003a | ba45 ffff | ff8b 6c24 | 2044 894c | 2420 4c8b | 5424 384c | 8954 2428 
  0x000001ae22e66ba8: 448b 5424 | 3044 8954 | 2424 448b | 4c24 3444 | 894c 2430 | 448b 5424 | 5044 8954 | 2438 4c89 
  0x000001ae22e66bc8: 4424 5044 | 895c 243c 

  0x000001ae22e66bd0: ;   {runtime_call UncommonTrapBlob}
  0x000001ae22e66bd0: c5f8 77e8 

  0x000001ae22e66bd4: ; ImmutableOopMap {rbp=NarrowOop [40]=Oop [56]=NarrowOop [64]=Oop [80]=Oop }
                      ;*if_icmpne {reexecute=1 rethrow=0 return_oop=0}
                      ; - (reexecute) ui.views.waveform.executive.protobuf.WVPrefs$WVColoredObject::hasBlue@9 (line 1535)
                      ; - ui.views.waveform.executive.protobuf.WVPrefs$WVColoredObject::isInitialized@61 (line 1564)
                      ; - ui.views.waveform.executive.protobuf.WVPrefs$WVColorPrefs::isInitialized@33 (line 2384)
                      ; - ui.views.waveform.executive.protobuf.WVPrefs$WVPrefsMessage::isInitialized@81 (line 4628)
                      ; - ui.views.waveform.executive.protobuf.WVPrefs$WVPrefsMessage$Builder::build@6 (line 4911)
                      ; - ui.views.waveform.executive.protobuf.WVPrefs$WVPrefsMessage$Builder::build@1 (line 4838)
                      ; - ui.views.waveform.h.c::aGl@21 (line 177)
                      ; - ui.views.waveform.executive.a::mDJ@20 (line 665)
                      ; - ui.views.waveform.executive.a::mDZ@2 (line 754)
                      ; - ui.views.waveform.u::aT@22 (line 1200)
  0x000001ae22e66bd4: 28da 87ff 

  0x000001ae22e66bd8: ;   {other}
  0x000001ae22e66bd8: 0f1f 8400 | c83e 003b | bae4 ffff | ff44 894c | 2428 448b | 5424 3044 | 8954 242c | 448b 5c24 
  0x000001ae22e66bf8: 3444 895c | 2430 448b | 5424 5044 | 8954 2448 

  0x000001ae22e66c08: ;   {runtime_call UncommonTrapBlob}
  0x000001ae22e66c08: c5f8 77e8 

  0x000001ae22e66c0c: ; ImmutableOopMap {rbp=NarrowOop [32]=NarrowOop [56]=Oop [64]=Oop [72]=NarrowOop }
                      ;*aaload {reexecute=0 rethrow=0 return_oop=0}
                      ; - java.util.Arrays$ArrayList::get@5 (line 4266)
                      ; - java.util.Collections$UnmodifiableList::get@5 (line 1501)
                      ; - ui.views.waveform.executive.protobuf.WVPrefs$WVColorPrefs::getColoredObjects@5 (line 2365)
                      ; - ui.views.waveform.executive.protobuf.WVPrefs$WVColorPrefs::isInitialized@30 (line 2384)
                      ; - ui.views.waveform.executive.protobuf.WVPrefs$WVPrefsMessage::isInitialized@81 (line 4628)
                      ; - ui.views.waveform.executive.protobuf.WVPrefs$WVPrefsMessage$Builder::build@6 (line 4911)
                      ; - ui.views.waveform.executive.protobuf.WVPrefs$WVPrefsMessage$Builder::build@1 (line 4838)
                      ; - ui.views.waveform.h.c::aGl@21 (line 177)
                      ; - ui.views.waveform.executive.a::mDJ@20 (line 665)
                      ; - ui.views.waveform.executive.a::mDZ@2 (line 754)
                      ; - ui.views.waveform.u::aT@22 (line 1200)
  0x000001ae22e66c0c: f0d9 87ff 

  0x000001ae22e66c10: ;   {other}
  0x000001ae22e66c10: 0f1f 8400 | 003f 003c | bac6 ffff | ff8b 6c24 | 2044 894c | 2424 4c8b | 5424 384c | 8954 2428 
  0x000001ae22e66c30: 448b 5424 | 5045 8bda | 4489 5c24 | 3c44 8944 | 2450 6690 

  0x000001ae22e66c44: ;   {runtime_call UncommonTrapBlob}
  0x000001ae22e66c44: c5f8 77e8 

  0x000001ae22e66c48: ; ImmutableOopMap {rbp=NarrowOop [40]=Oop [60]=NarrowOop [64]=Oop [80]=NarrowOop }
                      ;*invokeinterface get {reexecute=0 rethrow=0 return_oop=0}
                      ; - java.util.Collections$UnmodifiableList::get@5 (line 1501)
                      ; - ui.views.waveform.executive.protobuf.WVPrefs$WVColorPrefs::getColoredObjects@5 (line 2365)
                      ; - ui.views.waveform.executive.protobuf.WVPrefs$WVColorPrefs::isInitialized@30 (line 2384)
                      ; - ui.views.waveform.executive.protobuf.WVPrefs$WVPrefsMessage::isInitialized@81 (line 4628)
                      ; - ui.views.waveform.executive.protobuf.WVPrefs$WVPrefsMessage$Builder::build@6 (line 4911)
                      ; - ui.views.waveform.executive.protobuf.WVPrefs$WVPrefsMessage$Builder::build@1 (line 4838)
                      ; - ui.views.waveform.h.c::aGl@21 (line 177)
                      ; - ui.views.waveform.executive.a::mDJ@20 (line 665)
                      ; - ui.views.waveform.executive.a::mDZ@2 (line 754)
                      ; - ui.views.waveform.u::aT@22 (line 1200)
  0x000001ae22e66c48: b4d9 87ff 

  0x000001ae22e66c4c: ;   {other}
  0x000001ae22e66c4c: 0f1f 8400 | 3c3f 003d 

  0x000001ae22e66c54: ;   {metadata('java/awt/Rectangle')}
  0x000001ae22e66c54: 48ba a0f8 | 0a35 ae01 | 0000 6690 

  0x000001ae22e66c60: ;   {runtime_call _new_instance_Java}
  0x000001ae22e66c60: c5f8 77e8 

  0x000001ae22e66c64: ; ImmutableOopMap {rbp=NarrowOop [40]=Oop [56]=Oop [64]=NarrowOop [68]=NarrowOop [72]=Oop [88]=Oop }
                      ;*new {reexecute=0 rethrow=0 return_oop=1}
                      ; - javax.swing.RepaintManager::addDirtyRegion0@163 (line 484)
                      ; - javax.swing.RepaintManager::addDirtyRegion@33 (line 511)
                      ; - javax.swing.JComponent::repaint@15 (line 4899)
                      ; - java.awt.Component::repaint@12 (line 3395)
                      ; - ui.frmwork.b.b::iTS@10 (line 1203)
                      ; - ui.views.waveform.c.a::mCQ@127 (line 488)
                      ; - ui.views.waveform.c.a::mCO@1 (line 348)
                      ; - ui.views.waveform.a::mBh@4 (line 289)
                      ; - ui.views.waveform.a::Pl@11 (line 116)
                      ; - ui.views.waveform.u::aT@30 (line 1201)
  0x000001ae22e66c64: 98d6 94ff 

  0x000001ae22e66c68: ;   {other}
  0x000001ae22e66c68: 0f1f 8400 | 583f 003e | 4c8b d0e9 | deeb ffff | baf6 ffff | ff48 8be8 

  0x000001ae22e66c80: ;   {runtime_call UncommonTrapBlob}
  0x000001ae22e66c80: c5f8 77e8 

  0x000001ae22e66c84: ; ImmutableOopMap {}
                      ;*putfield zwp {reexecute=1 rethrow=0 return_oop=0}
                      ; - (reexecute) ui.views.waveform.a::Pl@7 (line 114)
                      ; - ui.views.waveform.u::aT@30 (line 1201)
  0x000001ae22e66c84: 78d9 87ff 

  0x000001ae22e66c88: ;   {other}
  0x000001ae22e66c88: 0f1f 8400 | 783f 003f | 4963 cbe9 | f4d2 ffff | baf6 ffff | ff8b 6c24 | 3466 6690 

  0x000001ae22e66ca4: ;   {runtime_call UncommonTrapBlob}
  0x000001ae22e66ca4: c5f8 77e8 

  0x000001ae22e66ca8: ; ImmutableOopMap {}
                      ;*invokevirtual Pl {reexecute=0 rethrow=0 return_oop=0}
                      ; - ui.views.waveform.a::Pm@5 (line 268)
                      ; - ui.views.waveform.a::Pl@20 (line 118)
                      ; - ui.views.waveform.u::aT@30 (line 1201)
  0x000001ae22e66ca8: 54d9 87ff 

  0x000001ae22e66cac: ;   {other}
  0x000001ae22e66cac: 0f1f 8400 | 9c3f 0040 | baf6 ffff | ff66 6690 

  0x000001ae22e66cbc: ;   {runtime_call UncommonTrapBlob}
  0x000001ae22e66cbc: c5f8 77e8 

  0x000001ae22e66cc0: ; ImmutableOopMap {}
                      ;*invokevirtual PF {reexecute=0 rethrow=0 return_oop=0}
                      ; - ui.views.waveform.e.r::Pn@5 (line 62)
                      ; - ui.views.waveform.a::Pn@5 (line 285)
                      ; - ui.views.waveform.a::Pl@25 (line 120)
                      ; - ui.views.waveform.u::aT@30 (line 1201)
  0x000001ae22e66cc0: 3cd9 87ff 

  0x000001ae22e66cc4: ;   {other}
  0x000001ae22e66cc4: 0f1f 8400 | b43f 0041 | bade ffff | ff44 8944 | 2420 4c8b | 5424 384c | 8954 2428 | 448b 5c24 
  0x000001ae22e66ce4: 3044 895c | 2424 448b | 5424 3444 | 8954 2430 | 448b 5c24 | 5044 895c | 2438 4889 | 7c24 4890 
  0x000001ae22e66d04: ;   {runtime_call UncommonTrapBlob}
  0x000001ae22e66d04: c5f8 77e8 

  0x000001ae22e66d08: ; ImmutableOopMap {rbp=NarrowOop [32]=NarrowOop [40]=Oop [56]=NarrowOop [72]=Oop [80]=NarrowOop }
                      ;*invokeinterface size {reexecute=0 rethrow=0 return_oop=0}
                      ; - ui.views.waveform.executive.protobuf.WVPrefs$WVColorPrefs::getColoredObjectsCount@4 (line 2358)
                      ; - ui.views.waveform.executive.protobuf.WVPrefs$WVColorPrefs::isInitialized@22 (line 2383)
                      ; - ui.views.waveform.executive.protobuf.WVPrefs$WVPrefsMessage::isInitialized@81 (line 4628)
                      ; - ui.views.waveform.executive.protobuf.WVPrefs$WVPrefsMessage$Builder::build@6 (line 4911)
                      ; - ui.views.waveform.executive.protobuf.WVPrefs$WVPrefsMessage$Builder::build@1 (line 4838)
                      ; - ui.views.waveform.h.c::aGl@21 (line 177)
                      ; - ui.views.waveform.executive.a::mDJ@20 (line 665)
                      ; - ui.views.waveform.executive.a::mDZ@2 (line 754)
                      ; - ui.views.waveform.u::aT@22 (line 1200)
  0x000001ae22e66d08: f4d8 87ff 

  0x000001ae22e66d0c: ;   {other}
  0x000001ae22e66d0c: 0f1f 8400 | fc3f 0042 | bacc ffff | ff4c 8b54 | 2438 4c89 | 5424 2044 | 8b54 2430 | 4489 5424 
  0x000001ae22e66d2c: 2844 8b5c | 2440 4489 | 5c24 2c44 | 8b54 2434 | 4489 5424 | 3044 8b5c | 2444 4489 | 5c24 344c 
  0x000001ae22e66d4c: 8b54 2450 | 4c89 5424 | 4048 8944 | 2458 6690 

  0x000001ae22e66d5c: ;   {runtime_call UncommonTrapBlob}
  0x000001ae22e66d5c: c5f8 77e8 

  0x000001ae22e66d60: ; ImmutableOopMap {[32]=Oop [44]=NarrowOop [52]=NarrowOop [88]=Oop [120]=Oop [136]=Oop }
                      ;*invokestatic arraycopy {reexecute=0 rethrow=0 return_oop=0}
                      ; - java.lang.String::getBytes@22 (line 4722)
                      ; - java.lang.StringConcatHelper::newArrayWithSuffix@24 (line 491)
                      ; - java.lang.invoke.DirectMethodHandle$Holder::invokeStatic@13
                      ; - java.lang.invoke.LambdaForm$MH/0x000001ae35010400::invoke@23
                      ; - java.lang.invoke.LambdaForm$MH/0x000001ae35ab0400::invoke@33
                      ; - java.lang.invoke.Invokers$Holder::linkToTargetMethod@5
                      ; - ui.views.waveform.executive.a::mDy@104 (line 513)
                      ; - ui.views.waveform.c.a::mCQ@7 (line 463)
                      ; - ui.views.waveform.c.a::mCO@1 (line 348)
                      ; - ui.views.waveform.a::mBh@4 (line 289)
                      ; - ui.views.waveform.a::Pl@11 (line 116)
                      ; - ui.views.waveform.u::aT@30 (line 1201)
  0x000001ae22e66d60: 9cd8 87ff 

  0x000001ae22e66d64: ;   {other}
  0x000001ae22e66d64: 0f1f 8400 | 5440 0043 | bade ffff | ff4c 8b54 | 2438 4c89 | 5424 2844 | 8b54 2440 | 4489 5424 
  0x000001ae22e66d84: 3844 8b5c | 2444 4489 | 5c24 4090 

  0x000001ae22e66d90: ;   {runtime_call UncommonTrapBlob}
  0x000001ae22e66d90: c5f8 77e8 

  0x000001ae22e66d94: ; ImmutableOopMap {rbp=NarrowOop [40]=Oop [56]=NarrowOop [64]=NarrowOop [68]=NarrowOop }
                      ;*invokeinterface getAppContext {reexecute=0 rethrow=0 return_oop=0}
                      ; - sun.awt.SunToolkit::getAppContext@14 (line 360)
                      ; - sun.awt.SunToolkit::targetToAppContext@7 (line 379)
                      ; - javax.swing.JComponent::repaint@1 (line 4898)
                      ; - java.awt.Component::repaint@12 (line 3395)
                      ; - ui.frmwork.b.b::iTS@10 (line 1203)
                      ; - ui.views.waveform.c.a::mCQ@127 (line 488)
                      ; - ui.views.waveform.c.a::mCO@1 (line 348)
                      ; - ui.views.waveform.a::mBh@4 (line 289)
                      ; - ui.views.waveform.a::Pl@11 (line 116)
                      ; - ui.views.waveform.u::aT@30 (line 1201)
  0x000001ae22e66d94: 68d8 87ff 

  0x000001ae22e66d98: ;   {other}
  0x000001ae22e66d98: 0f1f 8400 | 8840 0044 | bade ffff | ff4c 8b54 | 2450 4c89 | 5424 4890 

  0x000001ae22e66db0: ;   {runtime_call UncommonTrapBlob}
  0x000001ae22e66db0: c5f8 77e8 

  0x000001ae22e66db4: ; ImmutableOopMap {rbp=NarrowOop [40]=Oop [56]=Oop [64]=NarrowOop [68]=NarrowOop }
                      ;*invokeinterface getAppContext {reexecute=0 rethrow=0 return_oop=0}
                      ; - sun.awt.SunToolkit::getAppContext@14 (line 360)
                      ; - sun.awt.SunToolkit::targetToAppContext@7 (line 379)
                      ; - com.sun.java.swing.SwingUtilities3::getDelegateRepaintManager@6 (line 127)
                      ; - javax.swing.RepaintManager::getDelegate@1 (line 1901)
                      ; - javax.swing.RepaintManager::addDirtyRegion@2 (line 506)
                      ; - javax.swing.JComponent::repaint@15 (line 4899)
                      ; - java.awt.Component::repaint@12 (line 3395)
                      ; - ui.frmwork.b.b::iTS@10 (line 1203)
                      ; - ui.views.waveform.c.a::mCQ@127 (line 488)
                      ; - ui.views.waveform.c.a::mCO@1 (line 348)
                      ; - ui.views.waveform.a::mBh@4 (line 289)
                      ; - ui.views.waveform.a::Pl@11 (line 116)
                      ; - ui.views.waveform.u::aT@30 (line 1201)
  0x000001ae22e66db4: 48d8 87ff 

  0x000001ae22e66db8: ;   {other}
  0x000001ae22e66db8: 0f1f 8400 | a840 0045 | bacc ffff | ff4c 8b54 | 2438 4c89 | 5424 2844 | 8b5c 2440 | 4489 5c24 
  0x000001ae22e66dd8: 3848 894c | 2440 4889 | 4424 5090 

  0x000001ae22e66de4: ;   {runtime_call UncommonTrapBlob}
  0x000001ae22e66de4: c5f8 77e8 

  0x000001ae22e66de8: ; ImmutableOopMap {[40]=Oop [56]=NarrowOop [80]=Oop }
                      ;*invokestatic arraycopy {reexecute=0 rethrow=0 return_oop=0}
                      ; - java.lang.String::getBytes@22 (line 4722)
                      ; - java.lang.StringConcatHelper::newArrayWithSuffix@24 (line 491)
                      ; - java.lang.invoke.DirectMethodHandle$Holder::invokeStatic@13
                      ; - java.lang.invoke.LambdaForm$MH/0x000001ae35010400::invoke@23
                      ; - java.lang.invoke.LambdaForm$MH/0x000001ae35ab0400::invoke@33
                      ; - java.lang.invoke.Invokers$Holder::linkToTargetMethod@5
                      ; - ui.views.waveform.c.a::mCQ@135 (line 490)
                      ; - ui.views.waveform.c.a::mCO@1 (line 348)
                      ; - ui.views.waveform.a::mBh@4 (line 289)
                      ; - ui.views.waveform.a::Pl@11 (line 116)
                      ; - ui.views.waveform.u::aT@30 (line 1201)
  0x000001ae22e66de8: 14d8 87ff 

  0x000001ae22e66dec: ;   {other}
  0x000001ae22e66dec: 0f1f 8400 | dc40 0046 | 4533 d2e9 | 81f8 ffff | ba45 ffff | ff4c 8b54 | 2438 4c89 | 5424 2044 
  0x000001ae22e66e0c: 8b5c 2430 | 4489 5c24 | 2844 8b54 | 2434 4489 | 5424 2c44 | 8b5c 2450 | 4489 5c24 | 3448 895c 
  0x000001ae22e66e2c: 2448 4889 | 5c24 5048 | 897c 2458 | 4489 4c24 | 6866 6690 

  0x000001ae22e66e40: ;   {runtime_call UncommonTrapBlob}
  0x000001ae22e66e40: c5f8 77e8 

  0x000001ae22e66e44: ; ImmutableOopMap {rbp=NarrowOop [32]=Oop [52]=NarrowOop [64]=Oop [72]=Oop [80]=Oop [88]=Oop [104]=NarrowOop }
                      ;*ifnonnull {reexecute=1 rethrow=0 return_oop=0}
                      ; - (reexecute) ui.views.waveform.executive.protobuf.WVPrefs$WVPrefsMessage$Builder::mergeGeneralPrefs@4 (line 5117)
                      ; - ui.views.waveform.executive.protobuf.WVPrefs$WVPrefsMessage$Builder::mergeFrom@21 (line 4999)
                      ; - ui.views.waveform.executive.protobuf.WVPrefs$WVPrefsMessage$Builder::mergeFrom@22 (line 5048)
                      ; - ui.views.waveform.executive.protobuf.WVPrefs$WVPrefsMessage$Builder::mergeFrom@3 (line 4838)
                      ; - com.google.protobuf.AbstractMessage$Builder::mergeFrom@5 (line 418)
                      ; - com.google.protobuf.AbstractMessage$Builder::mergeFrom@2 (line 317)
                      ; - com.google.protobuf.AbstractMessageLite$Builder::mergeFrom@11 (line 222)
                      ; - com.google.protobuf.AbstractMessage$Builder::mergeFrom@4 (line 535)
                      ; - com.google.protobuf.AbstractMessage$Builder::mergeFrom@4 (line 317)
                      ; - ui.views.waveform.h.c::aGl@16 (line 177)
                      ; - ui.views.waveform.executive.a::mDJ@20 (line 665)
                      ; - ui.views.waveform.executive.a::mDZ@2 (line 754)
                      ; - ui.views.waveform.u::aT@22 (line 1200)
  0x000001ae22e66e44: b8d7 87ff 

  0x000001ae22e66e48: ;   {other}
  0x000001ae22e66e48: 0f1f 8400 | 3841 0047 | ba45 ffff | ff4c 8b54 | 2438 4c89 | 5424 2044 | 8b5c 2430 | 4489 5c24 
  0x000001ae22e66e68: 2844 8b54 | 2434 4489 | 5424 2c44 | 8b5c 2450 | 4489 5c24 | 3448 895c | 2448 4889 | 5c24 5048 
  0x000001ae22e66e88: 897c 2458 | 4489 4424 | 6866 6690 

  0x000001ae22e66e94: ;   {runtime_call UncommonTrapBlob}
  0x000001ae22e66e94: c5f8 77e8 

  0x000001ae22e66e98: ; ImmutableOopMap {rbp=NarrowOop [32]=Oop [52]=NarrowOop [64]=Oop [72]=Oop [80]=Oop [88]=Oop [104]=NarrowOop }
                      ;*ifnonnull {reexecute=1 rethrow=0 return_oop=0}
                      ; - (reexecute) ui.views.waveform.executive.protobuf.WVPrefs$WVPrefsMessage$Builder::mergeColorPrefs@4 (line 5251)
                      ; - ui.views.waveform.executive.protobuf.WVPrefs$WVPrefsMessage$Builder::mergeFrom@37 (line 5002)
                      ; - ui.views.waveform.executive.protobuf.WVPrefs$WVPrefsMessage$Builder::mergeFrom@22 (line 5048)
                      ; - ui.views.waveform.executive.protobuf.WVPrefs$WVPrefsMessage$Builder::mergeFrom@3 (line 4838)
                      ; - com.google.protobuf.AbstractMessage$Builder::mergeFrom@5 (line 418)
                      ; - com.google.protobuf.AbstractMessage$Builder::mergeFrom@2 (line 317)
                      ; - com.google.protobuf.AbstractMessageLite$Builder::mergeFrom@11 (line 222)
                      ; - com.google.protobuf.AbstractMessage$Builder::mergeFrom@4 (line 535)
                      ; - com.google.protobuf.AbstractMessage$Builder::mergeFrom@4 (line 317)
                      ; - ui.views.waveform.h.c::aGl@16 (line 177)
                      ; - ui.views.waveform.executive.a::mDJ@20 (line 665)
                      ; - ui.views.waveform.executive.a::mDZ@2 (line 754)
                      ; - ui.views.waveform.u::aT@22 (line 1200)
  0x000001ae22e66e98: 64d7 87ff 

  0x000001ae22e66e9c: ;   {other}
  0x000001ae22e66e9c: 0f1f 8400 | 8c41 0048 | ba45 ffff | ff4c 8b54 | 2438 4c89 | 5424 2044 | 8b54 2430 | 4489 5424 
  0x000001ae22e66ebc: 2844 8b44 | 2434 4489 | 4424 2c44 | 8b54 2450 | 4489 5424 | 3448 895c | 2448 4889 | 5c24 5048 
  0x000001ae22e66edc: 897c 2458 | 4489 5c24 | 6866 6690 

  0x000001ae22e66ee8: ;   {runtime_call UncommonTrapBlob}
  0x000001ae22e66ee8: c5f8 77e8 

  0x000001ae22e66eec: ; ImmutableOopMap {rbp=NarrowOop [32]=Oop [52]=NarrowOop [64]=Oop [72]=Oop [80]=Oop [88]=Oop [104]=NarrowOop }
                      ;*ifnonnull {reexecute=1 rethrow=0 return_oop=0}
                      ; - (reexecute) ui.views.waveform.executive.protobuf.WVPrefs$WVPrefsMessage$Builder::mergeTimeValuePrefs@4 (line 5385)
                      ; - ui.views.waveform.executive.protobuf.WVPrefs$WVPrefsMessage$Builder::mergeFrom@53 (line 5005)
                      ; - ui.views.waveform.executive.protobuf.WVPrefs$WVPrefsMessage$Builder::mergeFrom@22 (line 5048)
                      ; - ui.views.waveform.executive.protobuf.WVPrefs$WVPrefsMessage$Builder::mergeFrom@3 (line 4838)
                      ; - com.google.protobuf.AbstractMessage$Builder::mergeFrom@5 (line 418)
                      ; - com.google.protobuf.AbstractMessage$Builder::mergeFrom@2 (line 317)
                      ; - com.google.protobuf.AbstractMessageLite$Builder::mergeFrom@11 (line 222)
                      ; - com.google.protobuf.AbstractMessage$Builder::mergeFrom@4 (line 535)
                      ; - com.google.protobuf.AbstractMessage$Builder::mergeFrom@4 (line 317)
                      ; - ui.views.waveform.h.c::aGl@16 (line 177)
                      ; - ui.views.waveform.executive.a::mDJ@20 (line 665)
                      ; - ui.views.waveform.executive.a::mDZ@2 (line 754)
                      ; - ui.views.waveform.u::aT@22 (line 1200)
  0x000001ae22e66eec: 10d7 87ff 

  0x000001ae22e66ef0: ;   {other}
  0x000001ae22e66ef0: 0f1f 8400 | e041 0049 | 418b f149 | 8bd7 c5f8 | 7749 bae0 | 086e 7df9 | 7f00 0041 

  0x000001ae22e66f0c: ;   {other}
  0x000001ae22e66f0c: ffd2 0f1f | 8400 0000 | 0000 448b | cee9 a9c8 | ffff ba45 | ffff ff4c | 8b54 2438 | 4c89 5424 
  0x000001ae22e66f2c: 2044 8b5c | 2430 4489 | 5c24 2844 | 8b54 2434 | 4489 5424 | 2c44 8b5c | 2450 4489 | 5c24 3448 
  0x000001ae22e66f4c: 895c 2438 | 4889 7c24 | 4044 8944 | 2448 6690 

  0x000001ae22e66f5c: ;   {runtime_call UncommonTrapBlob}
  0x000001ae22e66f5c: c5f8 77e8 

  0x000001ae22e66f60: ; ImmutableOopMap {rbp=NarrowOop [32]=Oop [52]=NarrowOop [56]=Oop [64]=Oop [80]=NarrowOop }
                      ;*ifnonnull {reexecute=1 rethrow=0 return_oop=0}
                      ; - (reexecute) ui.views.waveform.executive.protobuf.WVPrefs$WVPrefsMessage$Builder::buildPartial@31 (line 4924)
                      ; - ui.views.waveform.executive.protobuf.WVPrefs$WVPrefsMessage$Builder::build@1 (line 4910)
                      ; - ui.views.waveform.executive.protobuf.WVPrefs$WVPrefsMessage$Builder::build@1 (line 4838)
                      ; - ui.views.waveform.h.c::aGl@21 (line 177)
                      ; - ui.views.waveform.executive.a::mDJ@20 (line 665)
                      ; - ui.views.waveform.executive.a::mDZ@2 (line 754)
                      ; - ui.views.waveform.u::aT@22 (line 1200)
  0x000001ae22e66f60: 9cd6 87ff 

  0x000001ae22e66f64: ;   {other}
  0x000001ae22e66f64: 0f1f 8400 | 5442 004a | 458b f041 | 8bf2 418b | e949 8bd7 | c5f8 7749 | bae0 086e | 7df9 7f00 
  0x000001ae22e66f84: 0041 ffd2 

  0x000001ae22e66f88: ;   {other}
  0x000001ae22e66f88: 0f1f 8400 | 0000 0000 | 448b cd44 | 8bd6 458b | c6e9 b7c8 | ffff ba45 | ffff ff4c | 8b54 2438 
  0x000001ae22e66fa8: 4c89 5424 | 2044 8b5c | 2430 4489 | 5c24 2844 | 8b54 2434 | 4489 5424 | 2c44 8b5c | 2450 4489 
  0x000001ae22e66fc8: 5c24 3448 | 895c 2438 | 4889 7c24 | 4044 8944 | 2448 6690 

  0x000001ae22e66fdc: ;   {runtime_call UncommonTrapBlob}
  0x000001ae22e66fdc: c5f8 77e8 

  0x000001ae22e66fe0: ; ImmutableOopMap {rbp=NarrowOop [32]=Oop [52]=NarrowOop [56]=Oop [64]=Oop [80]=NarrowOop }
                      ;*ifnonnull {reexecute=1 rethrow=0 return_oop=0}
                      ; - (reexecute) ui.views.waveform.executive.protobuf.WVPrefs$WVPrefsMessage$Builder::buildPartial@74 (line 4933)
                      ; - ui.views.waveform.executive.protobuf.WVPrefs$WVPrefsMessage$Builder::build@1 (line 4910)
                      ; - ui.views.waveform.executive.protobuf.WVPrefs$WVPrefsMessage$Builder::build@1 (line 4838)
                      ; - ui.views.waveform.h.c::aGl@21 (line 177)
                      ; - ui.views.waveform.executive.a::mDJ@20 (line 665)
                      ; - ui.views.waveform.executive.a::mDZ@2 (line 754)
                      ; - ui.views.waveform.u::aT@22 (line 1200)
  0x000001ae22e66fe0: 1cd6 87ff 

  0x000001ae22e66fe4: ;   {other}
  0x000001ae22e66fe4: 0f1f 8400 | d442 004b | ba45 ffff | ff4c 8b54 | 2438 4c89 | 5424 2044 | 8b5c 2430 | 4489 5c24 
  0x000001ae22e67004: 2844 8b54 | 2434 4489 | 5424 2c44 | 8b5c 2450 | 4489 5c24 | 3448 895c | 2438 4889 | 7c24 4090 
  0x000001ae22e67024: ;   {runtime_call UncommonTrapBlob}
  0x000001ae22e67024: c5f8 77e8 

  0x000001ae22e67028: ; ImmutableOopMap {rbp=NarrowOop [32]=Oop [52]=NarrowOop [56]=Oop [64]=Oop [80]=NarrowOop }
                      ;*ifnonnull {reexecute=1 rethrow=0 return_oop=0}
                      ; - (reexecute) ui.views.waveform.executive.protobuf.WVPrefs$WVPrefsMessage$Builder::buildPartial@117 (line 4942)
                      ; - ui.views.waveform.executive.protobuf.WVPrefs$WVPrefsMessage$Builder::build@1 (line 4910)
                      ; - ui.views.waveform.executive.protobuf.WVPrefs$WVPrefsMessage$Builder::build@1 (line 4838)
                      ; - ui.views.waveform.h.c::aGl@21 (line 177)
                      ; - ui.views.waveform.executive.a::mDJ@20 (line 665)
                      ; - ui.views.waveform.executive.a::mDZ@2 (line 754)
                      ; - ui.views.waveform.u::aT@22 (line 1200)
  0x000001ae22e67028: d4d5 87ff 

  0x000001ae22e6702c: ;   {other}
  0x000001ae22e6702c: 0f1f 8400 | 1c43 004c | 418b f349 | 8bd7 c5f8 | 7749 bae0 | 086e 7df9 | 7f00 0041 

  0x000001ae22e67048: ;   {other}
  0x000001ae22e67048: ffd2 0f1f | 8400 0000 | 0000 448b | dee9 77c8 | ffff 418b | f049 8bd7 | c5f8 7749 | bae0 086e 
  0x000001ae22e67068: 7df9 7f00 | 0041 ffd2 

  0x000001ae22e67070: ;   {other}
  0x000001ae22e67070: 0f1f 8400 | 0000 0000 | 448b c6e9 | acc9 ffff | 418b e849 | 8bd7 c5f8 | 7749 bae0 | 086e 7df9 
  0x000001ae22e67090: 7f00 0041 

  0x000001ae22e67094: ;   {other}
  0x000001ae22e67094: ffd2 0f1f | 8400 0000 | 0000 448b | c5e9 e7c9 | ffff 498b | d7c5 f877 | 49ba e008 | 6e7d f97f 
  0x000001ae22e670b4: 0000 41ff 

  0x000001ae22e670b8: ;   {other}
  0x000001ae22e670b8: d20f 1f84 | 0000 0000 | 00e9 27ca | ffff 498b | d7c5 f877 | 49ba e008 | 6e7d f97f | 0000 41ff 
  0x000001ae22e670d8: ;   {other}
  0x000001ae22e670d8: d20f 1f84 | 0000 0000 | 00e9 72cd | ffff ba45 | ffff ff90 

  0x000001ae22e670ec: ;   {runtime_call UncommonTrapBlob}
  0x000001ae22e670ec: c5f8 77e8 

  0x000001ae22e670f0: ; ImmutableOopMap {[56]=Oop }
                      ;*ifne {reexecute=1 rethrow=0 return_oop=0}
                      ; - (reexecute) ui.views.waveform.u::aT@4 (line 1194)
  0x000001ae22e670f0: 0cd5 87ff 

  0x000001ae22e670f4: ;   {other}
  0x000001ae22e670f4: 0f1f 8400 | e443 004d | ba45 ffff | ff44 8b5c | 2430 4489 | 5c24 2844 | 8b54 2434 | 4489 5424 
  0x000001ae22e67114: 2c48 8944 | 24f8 8b44 | 2450 8944 | 2430 488b | 4424 f890 

  0x000001ae22e67128: ;   {runtime_call UncommonTrapBlob}
  0x000001ae22e67128: c5f8 77e8 

  0x000001ae22e6712c: ; ImmutableOopMap {[48]=NarrowOop [56]=Oop }
                      ;*ifne {reexecute=1 rethrow=0 return_oop=0}
                      ; - (reexecute) ui.views.waveform.executive.a::mDJ@14 (line 662)
                      ; - ui.views.waveform.executive.a::mDZ@2 (line 754)
                      ; - ui.views.waveform.u::aT@22 (line 1200)
  0x000001ae22e6712c: d0d4 87ff 

  0x000001ae22e67130: ;   {other}
  0x000001ae22e67130: 0f1f 8400 | 2044 004e | ba45 ffff | ff48 ff74 | 2438 488f | 4424 2848 | 8944 24f8 | 8b44 2450 
  0x000001ae22e67150: 8944 2438 | 488b 4424 | f848 ff74 | 2448 488f | 4424 4090 

  0x000001ae22e67164: ;   {runtime_call UncommonTrapBlob}
  0x000001ae22e67164: c5f8 77e8 

  0x000001ae22e67168: ; ImmutableOopMap {[32]=Oop [40]=Oop [56]=NarrowOop [64]=Oop }
                      ;*ifeq {reexecute=1 rethrow=0 return_oop=0}
                      ; - (reexecute) ui.views.waveform.executive.protobuf.WVPrefs$WVPrefsMessage$Builder::maybeForceBuilderInitialization@3 (line 4867)
                      ; - ui.views.waveform.executive.protobuf.WVPrefs$WVPrefsMessage$Builder::<init>@20 (line 4856)
                      ; - ui.views.waveform.executive.protobuf.WVPrefs$WVPrefsMessage::toBuilder@11 (line 4825)
                      ; - ui.views.waveform.executive.protobuf.WVPrefs$WVPrefsMessage::newBuilder@3 (line 4816)
                      ; - ui.views.waveform.h.c::aGl@0 (line 174)
                      ; - ui.views.waveform.executive.a::mDJ@20 (line 665)
                      ; - ui.views.waveform.executive.a::mDZ@2 (line 754)
                      ; - ui.views.waveform.u::aT@22 (line 1200)
  0x000001ae22e67168: 94d4 87ff 

  0x000001ae22e6716c: ;   {other}
  0x000001ae22e6716c: 0f1f 8400 | 5c44 004f | ba45 ffff | ff48 8b6c | 2438 448b | 4424 3044 | 8944 2428 | 448b 5c24 
  0x000001ae22e6718c: 3444 895c | 242c 4889 | 4424 f88b | 4424 5089 | 4424 3048 | 8b44 24f8 | 4889 7c24 | 4044 8954 
  0x000001ae22e671ac: 244c 6690 

  0x000001ae22e671b0: ;   {runtime_call UncommonTrapBlob}
  0x000001ae22e671b0: c5f8 77e8 

  0x000001ae22e671b4: ; ImmutableOopMap {rbp=Oop [32]=Oop [48]=NarrowOop [64]=Oop }
                      ;*ifge {reexecute=1 rethrow=0 return_oop=0}
                      ; - (reexecute) com.google.protobuf.CodedInputStream$ArrayDecoder::pushLimit@1 (line 1187)
                      ; - com.google.protobuf.CodedInputStream::newInstance@17 (line 153)
                      ; - com.google.protobuf.CodedInputStream::newInstance@4 (line 140)
                      ; - com.google.protobuf.AbstractMessageLite$Builder::mergeFrom@3 (line 221)
                      ; - com.google.protobuf.AbstractMessage$Builder::mergeFrom@4 (line 535)
                      ; - com.google.protobuf.AbstractMessage$Builder::mergeFrom@4 (line 317)
                      ; - ui.views.waveform.h.c::aGl@16 (line 177)
                      ; - ui.views.waveform.executive.a::mDJ@20 (line 665)
                      ; - ui.views.waveform.executive.a::mDZ@2 (line 754)
                      ; - ui.views.waveform.u::aT@22 (line 1200)
  0x000001ae22e671b4: 48d4 87ff 

  0x000001ae22e671b8: ;   {other}
  0x000001ae22e671b8: 0f1f 8400 | a844 0050 | ba45 ffff | ff48 ff74 | 2438 488f | 4424 2848 | 8944 24f8 | 8b44 2450 
  0x000001ae22e671d8: 8944 2438 | 488b 4424 | f848 897c | 2440 4489 | 5424 4890 

  0x000001ae22e671ec: ;   {runtime_call UncommonTrapBlob}
  0x000001ae22e671ec: c5f8 77e8 

  0x000001ae22e671f0: ; ImmutableOopMap {[32]=Oop [40]=Oop [56]=NarrowOop [64]=Oop }
                      ;*if_icmple {reexecute=1 rethrow=0 return_oop=0}
                      ; - (reexecute) com.google.protobuf.CodedInputStream$ArrayDecoder::pushLimit@30 (line 1195)
                      ; - com.google.protobuf.CodedInputStream::newInstance@17 (line 153)
                      ; - com.google.protobuf.CodedInputStream::newInstance@4 (line 140)
                      ; - com.google.protobuf.AbstractMessageLite$Builder::mergeFrom@3 (line 221)
                      ; - com.google.protobuf.AbstractMessage$Builder::mergeFrom@4 (line 535)
                      ; - com.google.protobuf.AbstractMessage$Builder::mergeFrom@4 (line 317)
                      ; - ui.views.waveform.h.c::aGl@16 (line 177)
                      ; - ui.views.waveform.executive.a::mDJ@20 (line 665)
                      ; - ui.views.waveform.executive.a::mDZ@2 (line 754)
                      ; - ui.views.waveform.u::aT@22 (line 1200)
  0x000001ae22e671f0: 0cd4 87ff 

  0x000001ae22e671f4: ;   {other}
  0x000001ae22e671f4: 0f1f 8400 | e444 0051 | ba45 ffff | ff4c 8b54 | 2438 4c89 | 5424 2844 | 8b54 2450 | 458b da44 
  0x000001ae22e67214: 895c 243c | 4889 7c24 | 5866 6690 

  0x000001ae22e67220: ;   {runtime_call UncommonTrapBlob}
  0x000001ae22e67220: c5f8 77e8 

  0x000001ae22e67224: ; ImmutableOopMap {[32]=Oop [40]=Oop [60]=NarrowOop [64]=Oop [88]=Oop }
                      ;*if_icmpne {reexecute=1 rethrow=0 return_oop=0}
                      ; - (reexecute) ui.views.waveform.executive.protobuf.WVPrefs$WVPrefsMessage::hasGeneralPrefs@7 (line 4540)
                      ; - ui.views.waveform.executive.protobuf.WVPrefs$WVPrefsMessage$Builder::mergeFrom@10 (line 4998)
                      ; - ui.views.waveform.executive.protobuf.WVPrefs$WVPrefsMessage$Builder::mergeFrom@22 (line 5048)
                      ; - ui.views.waveform.executive.protobuf.WVPrefs$WVPrefsMessage$Builder::mergeFrom@3 (line 4838)
                      ; - com.google.protobuf.AbstractMessage$Builder::mergeFrom@5 (line 418)
                      ; - com.google.protobuf.AbstractMessage$Builder::mergeFrom@2 (line 317)
                      ; - com.google.protobuf.AbstractMessageLite$Builder::mergeFrom@11 (line 222)
                      ; - com.google.protobuf.AbstractMessage$Builder::mergeFrom@4 (line 535)
                      ; - com.google.protobuf.AbstractMessage$Builder::mergeFrom@4 (line 317)
                      ; - ui.views.waveform.h.c::aGl@16 (line 177)
                      ; - ui.views.waveform.executive.a::mDJ@20 (line 665)
                      ; - ui.views.waveform.executive.a::mDZ@2 (line 754)
                      ; - ui.views.waveform.u::aT@22 (line 1200)
  0x000001ae22e67224: d8d3 87ff 

  0x000001ae22e67228: ;   {other}
  0x000001ae22e67228: 0f1f 8400 | 1845 0052 | ba45 ffff | ff48 8b6c | 2438 448b | 5c24 3044 | 895c 2428 | 448b 5424 
  0x000001ae22e67248: 3444 8954 | 242c 448b | 5c24 5044 | 895c 2434 | 4c8b 5424 | 404c 8954 | 2438 4889 | 7c24 5044 
  0x000001ae22e67268: 894c 2460 

  0x000001ae22e6726c: ;   {runtime_call UncommonTrapBlob}
  0x000001ae22e6726c: c5f8 77e8 

  0x000001ae22e67270: ; ImmutableOopMap {rbp=Oop [32]=Oop [52]=NarrowOop [56]=Oop [80]=Oop [96]=NarrowOop }
                      ;*ifnonnull {reexecute=1 rethrow=0 return_oop=0}
                      ; - (reexecute) ui.views.waveform.executive.protobuf.WVPrefs$WVPrefsMessage::getGeneralPrefs@4 (line 4547)
                      ; - ui.views.waveform.executive.protobuf.WVPrefs$WVPrefsMessage$Builder::mergeFrom@18 (line 4999)
                      ; - ui.views.waveform.executive.protobuf.WVPrefs$WVPrefsMessage$Builder::mergeFrom@22 (line 5048)
                      ; - ui.views.waveform.executive.protobuf.WVPrefs$WVPrefsMessage$Builder::mergeFrom@3 (line 4838)
                      ; - com.google.protobuf.AbstractMessage$Builder::mergeFrom@5 (line 418)
                      ; - com.google.protobuf.AbstractMessage$Builder::mergeFrom@2 (line 317)
                      ; - com.google.protobuf.AbstractMessageLite$Builder::mergeFrom@11 (line 222)
                      ; - com.google.protobuf.AbstractMessage$Builder::mergeFrom@4 (line 535)
                      ; - com.google.protobuf.AbstractMessage$Builder::mergeFrom@4 (line 317)
                      ; - ui.views.waveform.h.c::aGl@16 (line 177)
                      ; - ui.views.waveform.executive.a::mDJ@20 (line 665)
                      ; - ui.views.waveform.executive.a::mDZ@2 (line 754)
                      ; - ui.views.waveform.u::aT@22 (line 1200)
  0x000001ae22e67270: 8cd3 87ff 

  0x000001ae22e67274: ;   {other}
  0x000001ae22e67274: 0f1f 8400 | 6445 0053 | ba45 ffff | ff4c 8b54 | 2438 4c89 | 5424 2044 | 8b5c 2430 | 4489 5c24 
  0x000001ae22e67294: 2844 8b54 | 2434 4489 | 5424 2c44 | 8b5c 2450 | 4489 5c24 | 3448 895c | 2448 4889 | 5c24 5048 
  0x000001ae22e672b4: 897c 2458 | 4489 4c24 | 6866 6690 

  0x000001ae22e672c0: ;   {runtime_call UncommonTrapBlob}
  0x000001ae22e672c0: c5f8 77e8 

  0x000001ae22e672c4: ; ImmutableOopMap {[32]=Oop [52]=NarrowOop [64]=Oop [72]=Oop [80]=Oop [88]=Oop [104]=NarrowOop }
                      ;*if_icmpne {reexecute=1 rethrow=0 return_oop=0}
                      ; - (reexecute) ui.views.waveform.executive.protobuf.WVPrefs$WVPrefsMessage$Builder::mergeGeneralPrefs@14 (line 5118)
                      ; - ui.views.waveform.executive.protobuf.WVPrefs$WVPrefsMessage$Builder::mergeFrom@21 (line 4999)
                      ; - ui.views.waveform.executive.protobuf.WVPrefs$WVPrefsMessage$Builder::mergeFrom@22 (line 5048)
                      ; - ui.views.waveform.executive.protobuf.WVPrefs$WVPrefsMessage$Builder::mergeFrom@3 (line 4838)
                      ; - com.google.protobuf.AbstractMessage$Builder::mergeFrom@5 (line 418)
                      ; - com.google.protobuf.AbstractMessage$Builder::mergeFrom@2 (line 317)
                      ; - com.google.protobuf.AbstractMessageLite$Builder::mergeFrom@11 (line 222)
                      ; - com.google.protobuf.AbstractMessage$Builder::mergeFrom@4 (line 535)
                      ; - com.google.protobuf.AbstractMessage$Builder::mergeFrom@4 (line 317)
                      ; - ui.views.waveform.h.c::aGl@16 (line 177)
                      ; - ui.views.waveform.executive.a::mDJ@20 (line 665)
                      ; - ui.views.waveform.executive.a::mDZ@2 (line 754)
                      ; - ui.views.waveform.u::aT@22 (line 1200)
  0x000001ae22e672c4: 38d3 87ff 

  0x000001ae22e672c8: ;   {other}
  0x000001ae22e672c8: 0f1f 8400 | b845 0054 | ba45 ffff | ff4c 8b54 | 2438 4c89 | 5424 2044 | 8b5c 2430 | 4489 5c24 
  0x000001ae22e672e8: 2844 8b54 | 2434 4489 | 5424 2c44 | 8b5c 2450 | 4489 5c24 | 3448 895c | 2448 4889 | 5c24 5048 
  0x000001ae22e67308: 897c 2458 

  0x000001ae22e6730c: ;   {runtime_call UncommonTrapBlob}
  0x000001ae22e6730c: c5f8 77e8 

  0x000001ae22e67310: ; ImmutableOopMap {[32]=Oop [52]=NarrowOop [64]=Oop [72]=Oop [80]=Oop [88]=Oop }
                      ;*ifeq {reexecute=1 rethrow=0 return_oop=0}
                      ; - (reexecute) com.google.protobuf.GeneratedMessageV3$Builder::onChanged@4 (line 920)
                      ; - ui.views.waveform.executive.protobuf.WVPrefs$WVPrefsMessage$Builder::mergeGeneralPrefs@61 (line 5127)
                      ; - ui.views.waveform.executive.protobuf.WVPrefs$WVPrefsMessage$Builder::mergeFrom@21 (line 4999)
                      ; - ui.views.waveform.executive.protobuf.WVPrefs$WVPrefsMessage$Builder::mergeFrom@22 (line 5048)
                      ; - ui.views.waveform.executive.protobuf.WVPrefs$WVPrefsMessage$Builder::mergeFrom@3 (line 4838)
                      ; - com.google.protobuf.AbstractMessage$Builder::mergeFrom@5 (line 418)
                      ; - com.google.protobuf.AbstractMessage$Builder::mergeFrom@2 (line 317)
                      ; - com.google.protobuf.AbstractMessageLite$Builder::mergeFrom@11 (line 222)
                      ; - com.google.protobuf.AbstractMessage$Builder::mergeFrom@4 (line 535)
                      ; - com.google.protobuf.AbstractMessage$Builder::mergeFrom@4 (line 317)
                      ; - ui.views.waveform.h.c::aGl@16 (line 177)
                      ; - ui.views.waveform.executive.a::mDJ@20 (line 665)
                      ; - ui.views.waveform.executive.a::mDZ@2 (line 754)
                      ; - ui.views.waveform.u::aT@22 (line 1200)
  0x000001ae22e67310: ecd2 87ff 

  0x000001ae22e67314: ;   {other}
  0x000001ae22e67314: 0f1f 8400 | 0446 0055 | ba45 ffff | ff4c 8b54 | 2438 4c89 | 5424 2044 | 8b54 2430 | 4489 5424 
  0x000001ae22e67334: 2844 8b5c | 2434 4489 | 5c24 2c44 | 8b54 2450 | 458b da44 | 895c 2434 | 4889 5c24 | 4848 895c 
  0x000001ae22e67354: 2450 4889 | 7c24 5890 

  0x000001ae22e6735c: ;   {runtime_call UncommonTrapBlob}
  0x000001ae22e6735c: c5f8 77e8 

  0x000001ae22e67360: ; ImmutableOopMap {[32]=Oop [52]=NarrowOop [64]=Oop [72]=Oop [80]=Oop [88]=Oop }
                      ;*if_icmpne {reexecute=1 rethrow=0 return_oop=0}
                      ; - (reexecute) ui.views.waveform.executive.protobuf.WVPrefs$WVPrefsMessage::hasColorPrefs@7 (line 4564)
                      ; - ui.views.waveform.executive.protobuf.WVPrefs$WVPrefsMessage$Builder::mergeFrom@26 (line 5001)
                      ; - ui.views.waveform.executive.protobuf.WVPrefs$WVPrefsMessage$Builder::mergeFrom@22 (line 5048)
                      ; - ui.views.waveform.executive.protobuf.WVPrefs$WVPrefsMessage$Builder::mergeFrom@3 (line 4838)
                      ; - com.google.protobuf.AbstractMessage$Builder::mergeFrom@5 (line 418)
                      ; - com.google.protobuf.AbstractMessage$Builder::mergeFrom@2 (line 317)
                      ; - com.google.protobuf.AbstractMessageLite$Builder::mergeFrom@11 (line 222)
                      ; - com.google.protobuf.AbstractMessage$Builder::mergeFrom@4 (line 535)
                      ; - com.google.protobuf.AbstractMessage$Builder::mergeFrom@4 (line 317)
                      ; - ui.views.waveform.h.c::aGl@16 (line 177)
                      ; - ui.views.waveform.executive.a::mDJ@20 (line 665)
                      ; - ui.views.waveform.executive.a::mDZ@2 (line 754)
                      ; - ui.views.waveform.u::aT@22 (line 1200)
  0x000001ae22e67360: 9cd2 87ff 

  0x000001ae22e67364: ;   {other}
  0x000001ae22e67364: 0f1f 8400 | 5446 0056 | ba45 ffff | ff48 8b6c | 2438 448b | 5c24 3044 | 895c 2420 | 448b 5424 
  0x000001ae22e67384: 3444 8954 | 2424 448b | 5c24 5044 | 895c 242c | 4c8b 5424 | 404c 8954 | 2438 4889 | 5c24 4048 
  0x000001ae22e673a4: 895c 2448 | 4889 7c24 | 5044 8944 | 2460 6690 

  0x000001ae22e673b4: ;   {runtime_call UncommonTrapBlob}
  0x000001ae22e673b4: c5f8 77e8 

  0x000001ae22e673b8: ; ImmutableOopMap {rbp=Oop [44]=NarrowOop [56]=Oop [64]=Oop [72]=Oop [80]=Oop [96]=NarrowOop }
                      ;*ifnonnull {reexecute=1 rethrow=0 return_oop=0}
                      ; - (reexecute) ui.views.waveform.executive.protobuf.WVPrefs$WVPrefsMessage::getColorPrefs@4 (line 4571)
                      ; - ui.views.waveform.executive.protobuf.WVPrefs$WVPrefsMessage$Builder::mergeFrom@34 (line 5002)
                      ; - ui.views.waveform.executive.protobuf.WVPrefs$WVPrefsMessage$Builder::mergeFrom@22 (line 5048)
                      ; - ui.views.waveform.executive.protobuf.WVPrefs$WVPrefsMessage$Builder::mergeFrom@3 (line 4838)
                      ; - com.google.protobuf.AbstractMessage$Builder::mergeFrom@5 (line 418)
                      ; - com.google.protobuf.AbstractMessage$Builder::mergeFrom@2 (line 317)
                      ; - com.google.protobuf.AbstractMessageLite$Builder::mergeFrom@11 (line 222)
                      ; - com.google.protobuf.AbstractMessage$Builder::mergeFrom@4 (line 535)
                      ; - com.google.protobuf.AbstractMessage$Builder::mergeFrom@4 (line 317)
                      ; - ui.views.waveform.h.c::aGl@16 (line 177)
                      ; - ui.views.waveform.executive.a::mDJ@20 (line 665)
                      ; - ui.views.waveform.executive.a::mDZ@2 (line 754)
                      ; - ui.views.waveform.u::aT@22 (line 1200)
  0x000001ae22e673b8: 44d2 87ff 

  0x000001ae22e673bc: ;   {other}
  0x000001ae22e673bc: 0f1f 8400 | ac46 0057 | ba45 ffff | ff48 8b6c | 2438 448b | 5424 3044 | 8954 2420 | 448b 5c24 
  0x000001ae22e673dc: 3444 895c | 2424 448b | 5424 5044 | 8954 242c | 4c8b 5424 | 404c 8954 | 2438 4889 | 5c24 4048 
  0x000001ae22e673fc: 895c 2448 | 4889 7c24 | 5044 8944 | 2460 8974 | 2464 6690 

  0x000001ae22e67410: ;   {runtime_call UncommonTrapBlob}
  0x000001ae22e67410: c5f8 77e8 

  0x000001ae22e67414: ; ImmutableOopMap {rbp=Oop [44]=NarrowOop [56]=Oop [64]=Oop [72]=Oop [80]=Oop [96]=NarrowOop }
                      ;*if_icmpne {reexecute=1 rethrow=0 return_oop=0}
                      ; - (reexecute) ui.views.waveform.executive.protobuf.WVPrefs$WVPrefsMessage$Builder::mergeColorPrefs@14 (line 5252)
                      ; - ui.views.waveform.executive.protobuf.WVPrefs$WVPrefsMessage$Builder::mergeFrom@37 (line 5002)
                      ; - ui.views.waveform.executive.protobuf.WVPrefs$WVPrefsMessage$Builder::mergeFrom@22 (line 5048)
                      ; - ui.views.waveform.executive.protobuf.WVPrefs$WVPrefsMessage$Builder::mergeFrom@3 (line 4838)
                      ; - com.google.protobuf.AbstractMessage$Builder::mergeFrom@5 (line 418)
                      ; - com.google.protobuf.AbstractMessage$Builder::mergeFrom@2 (line 317)
                      ; - com.google.protobuf.AbstractMessageLite$Builder::mergeFrom@11 (line 222)
                      ; - com.google.protobuf.AbstractMessage$Builder::mergeFrom@4 (line 535)
                      ; - com.google.protobuf.AbstractMessage$Builder::mergeFrom@4 (line 317)
                      ; - ui.views.waveform.h.c::aGl@16 (line 177)
                      ; - ui.views.waveform.executive.a::mDJ@20 (line 665)
                      ; - ui.views.waveform.executive.a::mDZ@2 (line 754)
                      ; - ui.views.waveform.u::aT@22 (line 1200)
  0x000001ae22e67414: e8d1 87ff 

  0x000001ae22e67418: ;   {other}
  0x000001ae22e67418: 0f1f 8400 | 0847 0058 | ba45 ffff | ff48 8b6c | 2438 448b | 5424 3044 | 8954 2420 | 448b 5c24 
  0x000001ae22e67438: 3444 895c | 2424 448b | 5424 5045 | 8bda 4489 | 5c24 2c4c | 8b54 2440 | 4c89 5424 | 3848 895c 
  0x000001ae22e67458: 2440 4889 | 5c24 4848 | 897c 2450 | 4489 4c24 | 5866 6690 

  0x000001ae22e6746c: ;   {runtime_call UncommonTrapBlob}
  0x000001ae22e6746c: c5f8 77e8 

  0x000001ae22e67470: ; ImmutableOopMap {rbp=Oop [44]=NarrowOop [56]=Oop [64]=Oop [72]=Oop [80]=Oop }
                      ;*if_icmpne {reexecute=1 rethrow=0 return_oop=0}
                      ; - (reexecute) ui.views.waveform.executive.protobuf.WVPrefs$WVPrefsMessage::hasTimeValuePrefs@7 (line 4588)
                      ; - ui.views.waveform.executive.protobuf.WVPrefs$WVPrefsMessage$Builder::mergeFrom@42 (line 5004)
                      ; - ui.views.waveform.executive.protobuf.WVPrefs$WVPrefsMessage$Builder::mergeFrom@22 (line 5048)
                      ; - ui.views.waveform.executive.protobuf.WVPrefs$WVPrefsMessage$Builder::mergeFrom@3 (line 4838)
                      ; - com.google.protobuf.AbstractMessage$Builder::mergeFrom@5 (line 418)
                      ; - com.google.protobuf.AbstractMessage$Builder::mergeFrom@2 (line 317)
                      ; - com.google.protobuf.AbstractMessageLite$Builder::mergeFrom@11 (line 222)
                      ; - com.google.protobuf.AbstractMessage$Builder::mergeFrom@4 (line 535)
                      ; - com.google.protobuf.AbstractMessage$Builder::mergeFrom@4 (line 317)
                      ; - ui.views.waveform.h.c::aGl@16 (line 177)
                      ; - ui.views.waveform.executive.a::mDJ@20 (line 665)
                      ; - ui.views.waveform.executive.a::mDZ@2 (line 754)
                      ; - ui.views.waveform.u::aT@22 (line 1200)
  0x000001ae22e67470: 8cd1 87ff 

  0x000001ae22e67474: ;   {other}
  0x000001ae22e67474: 0f1f 8400 | 6447 0059 | ba45 ffff | ff48 8b6c | 2438 448b | 5424 3044 | 8954 2420 | 448b 4424 
  0x000001ae22e67494: 3444 8944 | 2424 448b | 5424 5044 | 8954 242c | 4c8b 5424 | 404c 8954 | 2438 4889 | 5c24 4048 
  0x000001ae22e674b4: 895c 2448 | 4889 7c24 | 5044 895c | 2460 6690 

  0x000001ae22e674c4: ;   {runtime_call UncommonTrapBlob}
  0x000001ae22e674c4: c5f8 77e8 

  0x000001ae22e674c8: ; ImmutableOopMap {rbp=Oop [44]=NarrowOop [56]=Oop [64]=Oop [72]=Oop [80]=Oop [96]=NarrowOop }
                      ;*ifnonnull {reexecute=1 rethrow=0 return_oop=0}
                      ; - (reexecute) ui.views.waveform.executive.protobuf.WVPrefs$WVPrefsMessage::getTimeValuePrefs@4 (line 4595)
                      ; - ui.views.waveform.executive.protobuf.WVPrefs$WVPrefsMessage$Builder::mergeFrom@50 (line 5005)
                      ; - ui.views.waveform.executive.protobuf.WVPrefs$WVPrefsMessage$Builder::mergeFrom@22 (line 5048)
                      ; - ui.views.waveform.executive.protobuf.WVPrefs$WVPrefsMessage$Builder::mergeFrom@3 (line 4838)
                      ; - com.google.protobuf.AbstractMessage$Builder::mergeFrom@5 (line 418)
                      ; - com.google.protobuf.AbstractMessage$Builder::mergeFrom@2 (line 317)
                      ; - com.google.protobuf.AbstractMessageLite$Builder::mergeFrom@11 (line 222)
                      ; - com.google.protobuf.AbstractMessage$Builder::mergeFrom@4 (line 535)
                      ; - com.google.protobuf.AbstractMessage$Builder::mergeFrom@4 (line 317)
                      ; - ui.views.waveform.h.c::aGl@16 (line 177)
                      ; - ui.views.waveform.executive.a::mDJ@20 (line 665)
                      ; - ui.views.waveform.executive.a::mDZ@2 (line 754)
                      ; - ui.views.waveform.u::aT@22 (line 1200)
  0x000001ae22e674c8: 34d1 87ff 

  0x000001ae22e674cc: ;   {other}
  0x000001ae22e674cc: 0f1f 8400 | bc47 005a | ba45 ffff | ff48 8b6c | 2438 448b | 4424 3044 | 8944 2420 | 448b 4c24 
  0x000001ae22e674ec: 3444 894c | 2424 448b | 4424 5044 | 8944 242c | 4c8b 4424 | 404c 8944 | 2438 4889 | 5c24 4048 
  0x000001ae22e6750c: 895c 2448 | 4889 7c24 | 5044 895c | 2460 4489 | 5424 6490 

  0x000001ae22e67520: ;   {runtime_call UncommonTrapBlob}
  0x000001ae22e67520: c5f8 77e8 

  0x000001ae22e67524: ; ImmutableOopMap {rbp=Oop [44]=NarrowOop [56]=Oop [64]=Oop [72]=Oop [80]=Oop [96]=NarrowOop }
                      ;*if_icmpne {reexecute=1 rethrow=0 return_oop=0}
                      ; - (reexecute) ui.views.waveform.executive.protobuf.WVPrefs$WVPrefsMessage$Builder::mergeTimeValuePrefs@14 (line 5386)
                      ; - ui.views.waveform.executive.protobuf.WVPrefs$WVPrefsMessage$Builder::mergeFrom@53 (line 5005)
                      ; - ui.views.waveform.executive.protobuf.WVPrefs$WVPrefsMessage$Builder::mergeFrom@22 (line 5048)
                      ; - ui.views.waveform.executive.protobuf.WVPrefs$WVPrefsMessage$Builder::mergeFrom@3 (line 4838)
                      ; - com.google.protobuf.AbstractMessage$Builder::mergeFrom@5 (line 418)
                      ; - com.google.protobuf.AbstractMessage$Builder::mergeFrom@2 (line 317)
                      ; - com.google.protobuf.AbstractMessageLite$Builder::mergeFrom@11 (line 222)
                      ; - com.google.protobuf.AbstractMessage$Builder::mergeFrom@4 (line 535)
                      ; - com.google.protobuf.AbstractMessage$Builder::mergeFrom@4 (line 317)
                      ; - ui.views.waveform.h.c::aGl@16 (line 177)
                      ; - ui.views.waveform.executive.a::mDJ@20 (line 665)
                      ; - ui.views.waveform.executive.a::mDZ@2 (line 754)
                      ; - ui.views.waveform.u::aT@22 (line 1200)
  0x000001ae22e67524: d8d0 87ff 

  0x000001ae22e67528: ;   {other}
  0x000001ae22e67528: 0f1f 8400 | 1848 005b | ba45 ffff | ff4c 8b54 | 2438 4c89 | 5424 2044 | 8b54 2430 | 4489 5424 
  0x000001ae22e67548: 2844 8b5c | 2434 4489 | 5c24 2c44 | 8b54 2450 | 458b da44 | 895c 2434 | 4889 5c24 | 4848 895c 
  0x000001ae22e67568: 2450 6690 

  0x000001ae22e6756c: ;   {runtime_call UncommonTrapBlob}
  0x000001ae22e6756c: c5f8 77e8 

  0x000001ae22e67570: ; ImmutableOopMap {[32]=Oop [52]=NarrowOop [64]=Oop [72]=Oop [80]=Oop }
                      ;*ifeq {reexecute=1 rethrow=0 return_oop=0}
                      ; - (reexecute) com.google.protobuf.GeneratedMessageV3$Builder::onChanged@4 (line 920)
                      ; - ui.views.waveform.executive.protobuf.WVPrefs$WVPrefsMessage$Builder::mergeFrom@67 (line 5008)
                      ; - ui.views.waveform.executive.protobuf.WVPrefs$WVPrefsMessage$Builder::mergeFrom@22 (line 5048)
                      ; - ui.views.waveform.executive.protobuf.WVPrefs$WVPrefsMessage$Builder::mergeFrom@3 (line 4838)
                      ; - com.google.protobuf.AbstractMessage$Builder::mergeFrom@5 (line 418)
                      ; - com.google.protobuf.AbstractMessage$Builder::mergeFrom@2 (line 317)
                      ; - com.google.protobuf.AbstractMessageLite$Builder::mergeFrom@11 (line 222)
                      ; - com.google.protobuf.AbstractMessage$Builder::mergeFrom@4 (line 535)
                      ; - com.google.protobuf.AbstractMessage$Builder::mergeFrom@4 (line 317)
                      ; - ui.views.waveform.h.c::aGl@16 (line 177)
                      ; - ui.views.waveform.executive.a::mDJ@20 (line 665)
                      ; - ui.views.waveform.executive.a::mDZ@2 (line 754)
                      ; - ui.views.waveform.u::aT@22 (line 1200)
  0x000001ae22e67570: 8cd0 87ff 

  0x000001ae22e67574: ;   {other}
  0x000001ae22e67574: 0f1f 8400 | 6448 005c | ba45 ffff | ff4c 8b54 | 2438 4c89 | 5424 2044 | 8b5c 2430 | 4489 5c24 
  0x000001ae22e67594: 2844 8b54 | 2434 4489 | 5424 2c44 | 8b5c 2450 | 4489 5c24 | 3448 895c | 2438 6690 

  0x000001ae22e675b0: ;   {runtime_call UncommonTrapBlob}
  0x000001ae22e675b0: c5f8 77e8 

  0x000001ae22e675b4: ; ImmutableOopMap {[32]=Oop [52]=NarrowOop [56]=Oop [80]=NarrowOop }
                      ;*if_icmpeq {reexecute=1 rethrow=0 return_oop=0}
                      ; - (reexecute) com.google.protobuf.CodedInputStream$ArrayDecoder::checkLastTagWas@5 (line 640)
                      ; - com.google.protobuf.AbstractMessageLite$Builder::mergeFrom@18 (line 223)
                      ; - com.google.protobuf.AbstractMessage$Builder::mergeFrom@4 (line 535)
                      ; - com.google.protobuf.AbstractMessage$Builder::mergeFrom@4 (line 317)
                      ; - ui.views.waveform.h.c::aGl@16 (line 177)
                      ; - ui.views.waveform.executive.a::mDJ@20 (line 665)
                      ; - ui.views.waveform.executive.a::mDZ@2 (line 754)
                      ; - ui.views.waveform.u::aT@22 (line 1200)
  0x000001ae22e675b4: 48d0 87ff 

  0x000001ae22e675b8: ;   {other}
  0x000001ae22e675b8: 0f1f 8400 | a848 005d | ba45 ffff | ff4c 8b54 | 2438 4c89 | 5424 2044 | 8b5c 2430 | 4489 5c24 
  0x000001ae22e675d8: 2844 8b54 | 2434 4489 | 5424 2c44 | 8b5c 2450 | 4489 5c24 | 3448 895c | 2438 4889 | 7c24 4044 
  0x000001ae22e675f8: 8944 2448 

  0x000001ae22e675fc: ;   {runtime_call UncommonTrapBlob}
  0x000001ae22e675fc: c5f8 77e8 

  0x000001ae22e67600: ; ImmutableOopMap {[32]=Oop [52]=NarrowOop [56]=Oop [64]=Oop [80]=NarrowOop }
                      ;*if_icmpne {reexecute=1 rethrow=0 return_oop=0}
                      ; - (reexecute) ui.views.waveform.executive.protobuf.WVPrefs$WVPrefsMessage$Builder::buildPartial@20 (line 4921)
                      ; - ui.views.waveform.executive.protobuf.WVPrefs$WVPrefsMessage$Builder::build@1 (line 4910)
                      ; - ui.views.waveform.executive.protobuf.WVPrefs$WVPrefsMessage$Builder::build@1 (line 4838)
                      ; - ui.views.waveform.h.c::aGl@21 (line 177)
                      ; - ui.views.waveform.executive.a::mDJ@20 (line 665)
                      ; - ui.views.waveform.executive.a::mDZ@2 (line 754)
                      ; - ui.views.waveform.u::aT@22 (line 1200)
  0x000001ae22e67600: fccf 87ff 

  0x000001ae22e67604: ;   {other}
  0x000001ae22e67604: 0f1f 8400 | f448 005e | ba45 ffff | ff4c 8b54 | 2438 4c89 | 5424 2044 | 8b5c 2430 | 4489 5c24 
  0x000001ae22e67624: 2844 8b54 | 2434 4489 | 5424 2c44 | 8b5c 2450 | 4489 5c24 | 3448 895c | 2438 4889 | 7c24 4044 
  0x000001ae22e67644: 8944 2448 

  0x000001ae22e67648: ;   {runtime_call UncommonTrapBlob}
  0x000001ae22e67648: c5f8 77e8 

  0x000001ae22e6764c: ; ImmutableOopMap {[32]=Oop [52]=NarrowOop [56]=Oop [64]=Oop [80]=NarrowOop }
                      ;*if_icmpne {reexecute=1 rethrow=0 return_oop=0}
                      ; - (reexecute) ui.views.waveform.executive.protobuf.WVPrefs$WVPrefsMessage$Builder::buildPartial@63 (line 4930)
                      ; - ui.views.waveform.executive.protobuf.WVPrefs$WVPrefsMessage$Builder::build@1 (line 4910)
                      ; - ui.views.waveform.executive.protobuf.WVPrefs$WVPrefsMessage$Builder::build@1 (line 4838)
                      ; - ui.views.waveform.h.c::aGl@21 (line 177)
                      ; - ui.views.waveform.executive.a::mDJ@20 (line 665)
                      ; - ui.views.waveform.executive.a::mDZ@2 (line 754)
                      ; - ui.views.waveform.u::aT@22 (line 1200)
  0x000001ae22e6764c: b0cf 87ff 

  0x000001ae22e67650: ;   {other}
  0x000001ae22e67650: 0f1f 8400 | 4049 005f | ba45 ffff | ff48 8b6c | 2438 448b | 5c24 3044 | 895c 2420 | 448b 5424 
  0x000001ae22e67670: 3444 8954 | 2424 448b | 5c24 5044 | 895c 242c | 4889 5c24 | 3048 897c | 2438 4489 | 4424 4090 
  0x000001ae22e67690: ;   {runtime_call UncommonTrapBlob}
  0x000001ae22e67690: c5f8 77e8 

  0x000001ae22e67694: ; ImmutableOopMap {rbp=Oop [44]=NarrowOop [48]=Oop [56]=Oop [80]=NarrowOop }
                      ;*if_icmpne {reexecute=1 rethrow=0 return_oop=0}
                      ; - (reexecute) ui.views.waveform.executive.protobuf.WVPrefs$WVPrefsMessage$Builder::buildPartial@106 (line 4939)
                      ; - ui.views.waveform.executive.protobuf.WVPrefs$WVPrefsMessage$Builder::build@1 (line 4910)
                      ; - ui.views.waveform.executive.protobuf.WVPrefs$WVPrefsMessage$Builder::build@1 (line 4838)
                      ; - ui.views.waveform.h.c::aGl@21 (line 177)
                      ; - ui.views.waveform.executive.a::mDJ@20 (line 665)
                      ; - ui.views.waveform.executive.a::mDZ@2 (line 754)
                      ; - ui.views.waveform.u::aT@22 (line 1200)
  0x000001ae22e67694: 68cf 87ff 

  0x000001ae22e67698: ;   {other}
  0x000001ae22e67698: 0f1f 8400 | 8849 0060 | ba45 ffff | ff4c 8b54 | 2438 4c89 | 5424 2044 | 8b54 2430 | 4489 5424 
  0x000001ae22e676b8: 2844 8b5c | 2434 4489 | 5c24 2c44 | 8b54 2450 | 458b da44 | 895c 2434 | 4889 7c24 | 3848 895c 
  0x000001ae22e676d8: 2440 6690 

  0x000001ae22e676dc: ;   {runtime_call UncommonTrapBlob}
  0x000001ae22e676dc: c5f8 77e8 

  0x000001ae22e676e0: ; ImmutableOopMap {rbp=NarrowOop [32]=Oop [52]=NarrowOop [56]=Oop [64]=Oop [80]=NarrowOop }
                      ;*ifnull {reexecute=1 rethrow=0 return_oop=0}
                      ; - (reexecute) com.google.protobuf.GeneratedMessageV3$Builder::onBuilt@4 (line 587)
                      ; - ui.views.waveform.executive.protobuf.WVPrefs$WVPrefsMessage$Builder::buildPartial@151 (line 4949)
                      ; - ui.views.waveform.executive.protobuf.WVPrefs$WVPrefsMessage$Builder::build@1 (line 4910)
                      ; - ui.views.waveform.executive.protobuf.WVPrefs$WVPrefsMessage$Builder::build@1 (line 4838)
                      ; - ui.views.waveform.h.c::aGl@21 (line 177)
                      ; - ui.views.waveform.executive.a::mDJ@20 (line 665)
                      ; - ui.views.waveform.executive.a::mDZ@2 (line 754)
                      ; - ui.views.waveform.u::aT@22 (line 1200)
  0x000001ae22e676e0: 1ccf 87ff 

  0x000001ae22e676e4: ;   {other}
  0x000001ae22e676e4: 0f1f 8400 | d449 0061 | ba45 ffff | ff4c 8b54 | 2438 4c89 | 5424 2044 | 8b5c 2430 | 4489 5c24 
  0x000001ae22e67704: 2844 8b54 | 2434 4489 | 5424 2c44 | 8b5c 2450 | 4489 5c24 | 3448 897c | 2438 6690 

  0x000001ae22e67720: ;   {runtime_call UncommonTrapBlob}
  0x000001ae22e67720: c5f8 77e8 

  0x000001ae22e67724: ; ImmutableOopMap {[32]=Oop [52]=NarrowOop [56]=Oop [80]=NarrowOop }
                      ;*if_icmpne {reexecute=1 rethrow=0 return_oop=0}
                      ; - (reexecute) ui.views.waveform.executive.protobuf.WVPrefs$WVPrefsMessage::isInitialized@7 (line 4609)
                      ; - ui.views.waveform.executive.protobuf.WVPrefs$WVPrefsMessage$Builder::build@6 (line 4911)
                      ; - ui.views.waveform.executive.protobuf.WVPrefs$WVPrefsMessage$Builder::build@1 (line 4838)
                      ; - ui.views.waveform.h.c::aGl@21 (line 177)
                      ; - ui.views.waveform.executive.a::mDJ@20 (line 665)
                      ; - ui.views.waveform.executive.a::mDZ@2 (line 754)
                      ; - ui.views.waveform.u::aT@22 (line 1200)
  0x000001ae22e67724: d8ce 87ff 

  0x000001ae22e67728: ;   {other}
  0x000001ae22e67728: 0f1f 8400 | 184a 0062 | ba45 ffff | ff4c 8b54 | 2438 4c89 | 5424 2044 | 8b54 2430 | 4489 5424 
  0x000001ae22e67748: 2844 8b5c | 2434 4489 | 5c24 2c44 | 8b54 2450 | 458b da44 | 895c 2434 | 4889 7c24 | 3866 6690 
  0x000001ae22e67768: ;   {runtime_call UncommonTrapBlob}
  0x000001ae22e67768: c5f8 77e8 

  0x000001ae22e6776c: ; ImmutableOopMap {[32]=Oop [52]=NarrowOop [56]=Oop [80]=NarrowOop }
                      ;*ifne {reexecute=1 rethrow=0 return_oop=0}
                      ; - (reexecute) ui.views.waveform.executive.protobuf.WVPrefs$WVPrefsMessage::isInitialized@13 (line 4610)
                      ; - ui.views.waveform.executive.protobuf.WVPrefs$WVPrefsMessage$Builder::build@6 (line 4911)
                      ; - ui.views.waveform.executive.protobuf.WVPrefs$WVPrefsMessage$Builder::build@1 (line 4838)
                      ; - ui.views.waveform.h.c::aGl@21 (line 177)
                      ; - ui.views.waveform.executive.a::mDJ@20 (line 665)
                      ; - ui.views.waveform.executive.a::mDZ@2 (line 754)
                      ; - ui.views.waveform.u::aT@22 (line 1200)
  0x000001ae22e6776c: 90ce 87ff 

  0x000001ae22e67770: ;   {other}
  0x000001ae22e67770: 0f1f 8400 | 604a 0063 | ba45 ffff | ff4c 8b54 | 2438 4c89 | 5424 2044 | 8b5c 2430 | 4489 5c24 
  0x000001ae22e67790: 2844 8b54 | 2434 4489 | 5424 2c44 | 8b5c 2450 | 4489 5c24 | 3448 897c | 2440 6690 

  0x000001ae22e677ac: ;   {runtime_call UncommonTrapBlob}
  0x000001ae22e677ac: c5f8 77e8 

  0x000001ae22e677b0: ; ImmutableOopMap {[32]=Oop [52]=NarrowOop [64]=Oop [80]=NarrowOop }
                      ;*if_icmpne {reexecute=1 rethrow=0 return_oop=0}
                      ; - (reexecute) ui.views.waveform.executive.protobuf.WVPrefs$WVGeneralPrefs::isInitialized@7 (line 487)
                      ; - ui.views.waveform.executive.protobuf.WVPrefs$WVPrefsMessage::isInitialized@64 (line 4624)
                      ; - ui.views.waveform.executive.protobuf.WVPrefs$WVPrefsMessage$Builder::build@6 (line 4911)
                      ; - ui.views.waveform.executive.protobuf.WVPrefs$WVPrefsMessage$Builder::build@1 (line 4838)
                      ; - ui.views.waveform.h.c::aGl@21 (line 177)
                      ; - ui.views.waveform.executive.a::mDJ@20 (line 665)
                      ; - ui.views.waveform.executive.a::mDZ@2 (line 754)
                      ; - ui.views.waveform.u::aT@22 (line 1200)
  0x000001ae22e677b0: 4cce 87ff 

  0x000001ae22e677b4: ;   {other}
  0x000001ae22e677b4: 0f1f 8400 | a44a 0064 | ba45 ffff | ff4c 8b54 | 2438 4c89 | 5424 2044 | 8b54 2430 | 4489 5424 
  0x000001ae22e677d4: 2844 8b5c | 2434 4489 | 5c24 2c44 | 8b54 2450 | 458b da44 | 895c 2434 | 4889 7c24 | 4066 6690 
  0x000001ae22e677f4: ;   {runtime_call UncommonTrapBlob}
  0x000001ae22e677f4: c5f8 77e8 

  0x000001ae22e677f8: ; ImmutableOopMap {[32]=Oop [52]=NarrowOop [64]=Oop [80]=NarrowOop }
                      ;*ifne {reexecute=1 rethrow=0 return_oop=0}
                      ; - (reexecute) ui.views.waveform.executive.protobuf.WVPrefs$WVGeneralPrefs::isInitialized@13 (line 488)
                      ; - ui.views.waveform.executive.protobuf.WVPrefs$WVPrefsMessage::isInitialized@64 (line 4624)
                      ; - ui.views.waveform.executive.protobuf.WVPrefs$WVPrefsMessage$Builder::build@6 (line 4911)
                      ; - ui.views.waveform.executive.protobuf.WVPrefs$WVPrefsMessage$Builder::build@1 (line 4838)
                      ; - ui.views.waveform.h.c::aGl@21 (line 177)
                      ; - ui.views.waveform.executive.a::mDJ@20 (line 665)
                      ; - ui.views.waveform.executive.a::mDZ@2 (line 754)
                      ; - ui.views.waveform.u::aT@22 (line 1200)
  0x000001ae22e677f8: 04ce 87ff 

  0x000001ae22e677fc: ;   {other}
  0x000001ae22e677fc: 0f1f 8400 | ec4a 0065 | ba45 ffff | ff4c 8b54 | 2438 4c89 | 5424 2044 | 8b5c 2430 | 4489 5c24 
  0x000001ae22e6781c: 2844 8b54 | 2434 4489 | 5424 2c44 | 8b5c 2450 | 4489 5c24 | 3448 897c | 2440 894c | 2448 6690 
  0x000001ae22e6783c: ;   {runtime_call UncommonTrapBlob}
  0x000001ae22e6783c: c5f8 77e8 

  0x000001ae22e67840: ; ImmutableOopMap {[32]=Oop [52]=NarrowOop [64]=Oop [72]=NarrowOop [80]=NarrowOop }
                      ;*if_icmpne {reexecute=1 rethrow=0 return_oop=0}
                      ; - (reexecute) ui.views.waveform.executive.protobuf.WVPrefs$WVGeneralPrefs::hasIsWaveformShadowOn@7 (line 370)
                      ; - ui.views.waveform.executive.protobuf.WVPrefs$WVGeneralPrefs::isInitialized@19 (line 490)
                      ; - ui.views.waveform.executive.protobuf.WVPrefs$WVPrefsMessage::isInitialized@64 (line 4624)
                      ; - ui.views.waveform.executive.protobuf.WVPrefs$WVPrefsMessage$Builder::build@6 (line 4911)
                      ; - ui.views.waveform.executive.protobuf.WVPrefs$WVPrefsMessage$Builder::build@1 (line 4838)
                      ; - ui.views.waveform.h.c::aGl@21 (line 177)
                      ; - ui.views.waveform.executive.a::mDJ@20 (line 665)
                      ; - ui.views.waveform.executive.a::mDZ@2 (line 754)
                      ; - ui.views.waveform.u::aT@22 (line 1200)
  0x000001ae22e67840: bccd 87ff 

  0x000001ae22e67844: ;   {other}
  0x000001ae22e67844: 0f1f 8400 | 344b 0066 | ba45 ffff | ff4c 8b54 | 2438 4c89 | 5424 2044 | 8b5c 2430 | 4489 5c24 
  0x000001ae22e67864: 2844 8b54 | 2434 4489 | 5424 2c44 | 8b5c 2450 | 4489 5c24 | 3448 897c | 2440 894c | 2448 6690 
  0x000001ae22e67884: ;   {runtime_call UncommonTrapBlob}
  0x000001ae22e67884: c5f8 77e8 

  0x000001ae22e67888: ; ImmutableOopMap {[32]=Oop [52]=NarrowOop [64]=Oop [72]=NarrowOop [80]=NarrowOop }
                      ;*if_icmpne {reexecute=1 rethrow=0 return_oop=0}
                      ; - (reexecute) ui.views.waveform.executive.protobuf.WVPrefs$WVGeneralPrefs::hasIsNumDisplayedElementsLimited@7 (line 387)
                      ; - ui.views.waveform.executive.protobuf.WVPrefs$WVGeneralPrefs::isInitialized@33 (line 494)
                      ; - ui.views.waveform.executive.protobuf.WVPrefs$WVPrefsMessage::isInitialized@64 (line 4624)
                      ; - ui.views.waveform.executive.protobuf.WVPrefs$WVPrefsMessage$Builder::build@6 (line 4911)
                      ; - ui.views.waveform.executive.protobuf.WVPrefs$WVPrefsMessage$Builder::build@1 (line 4838)
                      ; - ui.views.waveform.h.c::aGl@21 (line 177)
                      ; - ui.views.waveform.executive.a::mDJ@20 (line 665)
                      ; - ui.views.waveform.executive.a::mDZ@2 (line 754)
                      ; - ui.views.waveform.u::aT@22 (line 1200)
  0x000001ae22e67888: 74cd 87ff 

  0x000001ae22e6788c: ;   {other}
  0x000001ae22e6788c: 0f1f 8400 | 7c4b 0067 | ba45 ffff | ff4c 8b54 | 2438 4c89 | 5424 2044 | 8b5c 2430 | 4489 5c24 
  0x000001ae22e678ac: 2844 8b54 | 2434 4489 | 5424 2c44 | 8b5c 2450 | 4489 5c24 | 3448 897c | 2440 894c | 2448 6690 
  0x000001ae22e678cc: ;   {runtime_call UncommonTrapBlob}
  0x000001ae22e678cc: c5f8 77e8 

  0x000001ae22e678d0: ; ImmutableOopMap {[32]=Oop [52]=NarrowOop [64]=Oop [72]=NarrowOop [80]=NarrowOop }
                      ;*if_icmpne {reexecute=1 rethrow=0 return_oop=0}
                      ; - (reexecute) ui.views.waveform.executive.protobuf.WVPrefs$WVGeneralPrefs::hasMaxNumDisplayedElements@7 (line 404)
                      ; - ui.views.waveform.executive.protobuf.WVPrefs$WVGeneralPrefs::isInitialized@47 (line 498)
                      ; - ui.views.waveform.executive.protobuf.WVPrefs$WVPrefsMessage::isInitialized@64 (line 4624)
                      ; - ui.views.waveform.executive.protobuf.WVPrefs$WVPrefsMessage$Builder::build@6 (line 4911)
                      ; - ui.views.waveform.executive.protobuf.WVPrefs$WVPrefsMessage$Builder::build@1 (line 4838)
                      ; - ui.views.waveform.h.c::aGl@21 (line 177)
                      ; - ui.views.waveform.executive.a::mDJ@20 (line 665)
                      ; - ui.views.waveform.executive.a::mDZ@2 (line 754)
                      ; - ui.views.waveform.u::aT@22 (line 1200)
  0x000001ae22e678d0: 2ccd 87ff 

  0x000001ae22e678d4: ;   {other}
  0x000001ae22e678d4: 0f1f 8400 | c44b 0068 | ba45 ffff | ff48 8b6c | 2438 448b | 5424 3044 | 8954 2420 | 448b 4424 
  0x000001ae22e678f4: 3444 8944 | 2424 448b | 5424 5044 | 8954 242c | 4889 7c24 | 3889 4c24 | 4044 895c | 2444 6690 
  0x000001ae22e67914: ;   {runtime_call UncommonTrapBlob}
  0x000001ae22e67914: c5f8 77e8 

  0x000001ae22e67918: ; ImmutableOopMap {rbp=Oop [44]=NarrowOop [56]=Oop [64]=NarrowOop [80]=NarrowOop }
                      ;*if_icmpne {reexecute=1 rethrow=0 return_oop=0}
                      ; - (reexecute) ui.views.waveform.executive.protobuf.WVPrefs$WVGeneralPrefs::hasDefaultRadix@9 (line 421)
                      ; - ui.views.waveform.executive.protobuf.WVPrefs$WVGeneralPrefs::isInitialized@61 (line 502)
                      ; - ui.views.waveform.executive.protobuf.WVPrefs$WVPrefsMessage::isInitialized@64 (line 4624)
                      ; - ui.views.waveform.executive.protobuf.WVPrefs$WVPrefsMessage$Builder::build@6 (line 4911)
                      ; - ui.views.waveform.executive.protobuf.WVPrefs$WVPrefsMessage$Builder::build@1 (line 4838)
                      ; - ui.views.waveform.h.c::aGl@21 (line 177)
                      ; - ui.views.waveform.executive.a::mDJ@20 (line 665)
                      ; - ui.views.waveform.executive.a::mDZ@2 (line 754)
                      ; - ui.views.waveform.u::aT@22 (line 1200)
  0x000001ae22e67918: e4cc 87ff 

  0x000001ae22e6791c: ;   {other}
  0x000001ae22e6791c: 0f1f 8400 | 0c4c 0069 | ba45 ffff | ff4c 8b54 | 2438 4c89 | 5424 2044 | 8b54 2430 | 4489 5424 
  0x000001ae22e6793c: 2844 8b5c | 2434 4489 | 5c24 2c44 | 8b54 2450 | 458b da44 | 895c 2434 | 4889 7c24 | 4066 6690 
  0x000001ae22e6795c: ;   {runtime_call UncommonTrapBlob}
  0x000001ae22e6795c: c5f8 77e8 

  0x000001ae22e67960: ; ImmutableOopMap {[32]=Oop [52]=NarrowOop [64]=Oop [80]=NarrowOop }
                      ;*if_icmpne {reexecute=1 rethrow=0 return_oop=0}
                      ; - (reexecute) ui.views.waveform.executive.protobuf.WVPrefs$WVColorPrefs::isInitialized@7 (line 2380)
                      ; - ui.views.waveform.executive.protobuf.WVPrefs$WVPrefsMessage::isInitialized@81 (line 4628)
                      ; - ui.views.waveform.executive.protobuf.WVPrefs$WVPrefsMessage$Builder::build@6 (line 4911)
                      ; - ui.views.waveform.executive.protobuf.WVPrefs$WVPrefsMessage$Builder::build@1 (line 4838)
                      ; - ui.views.waveform.h.c::aGl@21 (line 177)
                      ; - ui.views.waveform.executive.a::mDJ@20 (line 665)
                      ; - ui.views.waveform.executive.a::mDZ@2 (line 754)
                      ; - ui.views.waveform.u::aT@22 (line 1200)
  0x000001ae22e67960: 9ccc 87ff 

  0x000001ae22e67964: ;   {other}
  0x000001ae22e67964: 0f1f 8400 | 544c 006a | ba45 ffff | ff4c 8b54 | 2438 4c89 | 5424 2044 | 8b5c 2430 | 4489 5c24 
  0x000001ae22e67984: 2844 8b54 | 2434 4489 | 5424 2c44 | 8b5c 2450 | 4489 5c24 | 3448 897c | 2440 6690 

  0x000001ae22e679a0: ;   {runtime_call UncommonTrapBlob}
  0x000001ae22e679a0: c5f8 77e8 

  0x000001ae22e679a4: ; ImmutableOopMap {[32]=Oop [52]=NarrowOop [64]=Oop [80]=NarrowOop }
                      ;*ifne {reexecute=1 rethrow=0 return_oop=0}
                      ; - (reexecute) ui.views.waveform.executive.protobuf.WVPrefs$WVColorPrefs::isInitialized@13 (line 2381)
                      ; - ui.views.waveform.executive.protobuf.WVPrefs$WVPrefsMessage::isInitialized@81 (line 4628)
                      ; - ui.views.waveform.executive.protobuf.WVPrefs$WVPrefsMessage$Builder::build@6 (line 4911)
                      ; - ui.views.waveform.executive.protobuf.WVPrefs$WVPrefsMessage$Builder::build@1 (line 4838)
                      ; - ui.views.waveform.h.c::aGl@21 (line 177)
                      ; - ui.views.waveform.executive.a::mDJ@20 (line 665)
                      ; - ui.views.waveform.executive.a::mDZ@2 (line 754)
                      ; - ui.views.waveform.u::aT@22 (line 1200)
  0x000001ae22e679a4: 58cc 87ff 

  0x000001ae22e679a8: ;   {other}
  0x000001ae22e679a8: 0f1f 8400 | 984c 006b | ba45 ffff | ff48 8b6c | 2438 448b | 4424 3044 | 8944 2420 | 4489 5424 
  0x000001ae22e679c8: 3066 6690 

  0x000001ae22e679cc: ;   {runtime_call UncommonTrapBlob}
  0x000001ae22e679cc: c5f8 77e8 

  0x000001ae22e679d0: ; ImmutableOopMap {rbp=Oop [64]=NarrowOop [68]=NarrowOop }
                      ;*ifne {reexecute=1 rethrow=0 return_oop=0}
                      ; - (reexecute) ui.views.waveform.executive.a::mDy@16 (line 494)
                      ; - ui.views.waveform.c.a::mCQ@7 (line 463)
                      ; - ui.views.waveform.c.a::mCO@1 (line 348)
                      ; - ui.views.waveform.a::mBh@4 (line 289)
                      ; - ui.views.waveform.a::Pl@11 (line 116)
                      ; - ui.views.waveform.u::aT@30 (line 1201)
  0x000001ae22e679d0: 2ccc 87ff 

  0x000001ae22e679d4: ;   {other}
  0x000001ae22e679d4: 0f1f 8400 | c44c 006c | ba45 ffff | ff4c 8b54 | 2438 4c89 | 5424 2044 | 8b5c 2430 | 4489 5c24 
  0x000001ae22e679f4: 2844 8b54 | 2434 4489 | 5424 2c44 | 8b5c 2450 | 4489 5c24 | 3466 6690 

  0x000001ae22e67a0c: ;   {runtime_call UncommonTrapBlob}
  0x000001ae22e67a0c: c5f8 77e8 

  0x000001ae22e67a10: ; ImmutableOopMap {[32]=Oop [52]=NarrowOop [64]=Oop [80]=NarrowOop }
                      ;*if_icmpne {reexecute=1 rethrow=0 return_oop=0}
                      ; - (reexecute) ui.views.waveform.executive.protobuf.WVPrefs$WVTimeValuePrefs::isInitialized@7 (line 3573)
                      ; - ui.views.waveform.executive.protobuf.WVPrefs$WVPrefsMessage::isInitialized@98 (line 4632)
                      ; - ui.views.waveform.executive.protobuf.WVPrefs$WVPrefsMessage$Builder::build@6 (line 4911)
                      ; - ui.views.waveform.executive.protobuf.WVPrefs$WVPrefsMessage$Builder::build@1 (line 4838)
                      ; - ui.views.waveform.h.c::aGl@21 (line 177)
                      ; - ui.views.waveform.executive.a::mDJ@20 (line 665)
                      ; - ui.views.waveform.executive.a::mDZ@2 (line 754)
                      ; - ui.views.waveform.u::aT@22 (line 1200)
  0x000001ae22e67a10: eccb 87ff 

  0x000001ae22e67a14: ;   {other}
  0x000001ae22e67a14: 0f1f 8400 | 044d 006d | ba45 ffff | ff4c 8b54 | 2438 4c89 | 5424 2044 | 8b5c 2430 | 4489 5c24 
  0x000001ae22e67a34: 2844 8b54 | 2434 4489 | 5424 2c44 | 8b5c 2450 | 4489 5c24 | 3466 6690 

  0x000001ae22e67a4c: ;   {runtime_call UncommonTrapBlob}
  0x000001ae22e67a4c: c5f8 77e8 

  0x000001ae22e67a50: ; ImmutableOopMap {[32]=Oop [52]=NarrowOop [64]=Oop [80]=NarrowOop }
                      ;*ifne {reexecute=1 rethrow=0 return_oop=0}
                      ; - (reexecute) ui.views.waveform.executive.protobuf.WVPrefs$WVTimeValuePrefs::isInitialized@13 (line 3574)
                      ; - ui.views.waveform.executive.protobuf.WVPrefs$WVPrefsMessage::isInitialized@98 (line 4632)
                      ; - ui.views.waveform.executive.protobuf.WVPrefs$WVPrefsMessage$Builder::build@6 (line 4911)
                      ; - ui.views.waveform.executive.protobuf.WVPrefs$WVPrefsMessage$Builder::build@1 (line 4838)
                      ; - ui.views.waveform.h.c::aGl@21 (line 177)
                      ; - ui.views.waveform.executive.a::mDJ@20 (line 665)
                      ; - ui.views.waveform.executive.a::mDZ@2 (line 754)
                      ; - ui.views.waveform.u::aT@22 (line 1200)
  0x000001ae22e67a50: accb 87ff 

  0x000001ae22e67a54: ;   {other}
  0x000001ae22e67a54: 0f1f 8400 | 444d 006e | ba45 ffff | ff4c 8b54 | 2438 4c89 | 5424 2044 | 8b44 2430 | 4489 4424 
  0x000001ae22e67a74: 2844 8b54 | 2434 4489 | 5424 2c44 | 8b44 2450 | 4489 4424 | 3444 895c | 2448 6690 

  0x000001ae22e67a90: ;   {runtime_call UncommonTrapBlob}
  0x000001ae22e67a90: c5f8 77e8 

  0x000001ae22e67a94: ; ImmutableOopMap {[32]=Oop [52]=NarrowOop [64]=Oop [72]=NarrowOop [80]=NarrowOop }
                      ;*if_icmpne {reexecute=1 rethrow=0 return_oop=0}
                      ; - (reexecute) ui.views.waveform.executive.protobuf.WVPrefs$WVTimeValuePrefs::hasIsLinkToRulerOn@7 (line 3455)
                      ; - ui.views.waveform.executive.protobuf.WVPrefs$WVTimeValuePrefs::isInitialized@19 (line 3576)
                      ; - ui.views.waveform.executive.protobuf.WVPrefs$WVPrefsMessage::isInitialized@98 (line 4632)
                      ; - ui.views.waveform.executive.protobuf.WVPrefs$WVPrefsMessage$Builder::build@6 (line 4911)
                      ; - ui.views.waveform.executive.protobuf.WVPrefs$WVPrefsMessage$Builder::build@1 (line 4838)
                      ; - ui.views.waveform.h.c::aGl@21 (line 177)
                      ; - ui.views.waveform.executive.a::mDJ@20 (line 665)
                      ; - ui.views.waveform.executive.a::mDZ@2 (line 754)
                      ; - ui.views.waveform.u::aT@22 (line 1200)
  0x000001ae22e67a94: 68cb 87ff 

  0x000001ae22e67a98: ;   {other}
  0x000001ae22e67a98: 0f1f 8400 | 884d 006f | ba45 ffff | ff4c 8b54 | 2438 4c89 | 5424 2044 | 8b44 2430 | 4489 4424 
  0x000001ae22e67ab8: 2844 8b54 | 2434 4489 | 5424 2c44 | 8b44 2450 | 4489 4424 | 3444 895c | 2448 6690 

  0x000001ae22e67ad4: ;   {runtime_call UncommonTrapBlob}
  0x000001ae22e67ad4: c5f8 77e8 

  0x000001ae22e67ad8: ; ImmutableOopMap {[32]=Oop [52]=NarrowOop [64]=Oop [72]=NarrowOop [80]=NarrowOop }
                      ;*if_icmpne {reexecute=1 rethrow=0 return_oop=0}
                      ; - (reexecute) ui.views.waveform.executive.protobuf.WVPrefs$WVTimeValuePrefs::hasRulerUnits@7 (line 3472)
                      ; - ui.views.waveform.executive.protobuf.WVPrefs$WVTimeValuePrefs::isInitialized@33 (line 3580)
                      ; - ui.views.waveform.executive.protobuf.WVPrefs$WVPrefsMessage::isInitialized@98 (line 4632)
                      ; - ui.views.waveform.executive.protobuf.WVPrefs$WVPrefsMessage$Builder::build@6 (line 4911)
                      ; - ui.views.waveform.executive.protobuf.WVPrefs$WVPrefsMessage$Builder::build@1 (line 4838)
                      ; - ui.views.waveform.h.c::aGl@21 (line 177)
                      ; - ui.views.waveform.executive.a::mDJ@20 (line 665)
                      ; - ui.views.waveform.executive.a::mDZ@2 (line 754)
                      ; - ui.views.waveform.u::aT@22 (line 1200)
  0x000001ae22e67ad8: 24cb 87ff 

  0x000001ae22e67adc: ;   {other}
  0x000001ae22e67adc: 0f1f 8400 | cc4d 0070 | ba45 ffff | ff4c 8b54 | 2438 4c89 | 5424 2044 | 8b44 2430 | 4489 4424 
  0x000001ae22e67afc: 2844 8b54 | 2434 4489 | 5424 2c44 | 8b44 2450 | 4489 4424 | 3444 895c | 2448 6690 

  0x000001ae22e67b18: ;   {runtime_call UncommonTrapBlob}
  0x000001ae22e67b18: c5f8 77e8 

  0x000001ae22e67b1c: ; ImmutableOopMap {[32]=Oop [52]=NarrowOop [64]=Oop [72]=NarrowOop [80]=NarrowOop }
                      ;*if_icmpne {reexecute=1 rethrow=0 return_oop=0}
                      ; - (reexecute) ui.views.waveform.executive.protobuf.WVPrefs$WVTimeValuePrefs::hasCursorUnits@7 (line 3490)
                      ; - ui.views.waveform.executive.protobuf.WVPrefs$WVTimeValuePrefs::isInitialized@47 (line 3584)
                      ; - ui.views.waveform.executive.protobuf.WVPrefs$WVPrefsMessage::isInitialized@98 (line 4632)
                      ; - ui.views.waveform.executive.protobuf.WVPrefs$WVPrefsMessage$Builder::build@6 (line 4911)
                      ; - ui.views.waveform.executive.protobuf.WVPrefs$WVPrefsMessage$Builder::build@1 (line 4838)
                      ; - ui.views.waveform.h.c::aGl@21 (line 177)
                      ; - ui.views.waveform.executive.a::mDJ@20 (line 665)
                      ; - ui.views.waveform.executive.a::mDZ@2 (line 754)
                      ; - ui.views.waveform.u::aT@22 (line 1200)
  0x000001ae22e67b1c: e0ca 87ff 

  0x000001ae22e67b20: ;   {other}
  0x000001ae22e67b20: 0f1f 8400 | 104e 0071 | ba45 ffff | ff4c 8b54 | 2438 4c89 | 5424 2044 | 8b44 2430 | 4489 4424 
  0x000001ae22e67b40: 2844 8b54 | 2434 4489 | 5424 2c44 | 8b44 2450 | 4489 4424 | 3444 895c | 2448 6690 

  0x000001ae22e67b5c: ;   {runtime_call UncommonTrapBlob}
  0x000001ae22e67b5c: c5f8 77e8 

  0x000001ae22e67b60: ; ImmutableOopMap {[32]=Oop [52]=NarrowOop [64]=Oop [72]=NarrowOop [80]=NarrowOop }
                      ;*if_icmpne {reexecute=1 rethrow=0 return_oop=0}
                      ; - (reexecute) ui.views.waveform.executive.protobuf.WVPrefs$WVTimeValuePrefs::hasCursorDecPlaces@9 (line 3512)
                      ; - ui.views.waveform.executive.protobuf.WVPrefs$WVTimeValuePrefs::isInitialized@61 (line 3588)
                      ; - ui.views.waveform.executive.protobuf.WVPrefs$WVPrefsMessage::isInitialized@98 (line 4632)
                      ; - ui.views.waveform.executive.protobuf.WVPrefs$WVPrefsMessage$Builder::build@6 (line 4911)
                      ; - ui.views.waveform.executive.protobuf.WVPrefs$WVPrefsMessage$Builder::build@1 (line 4838)
                      ; - ui.views.waveform.h.c::aGl@21 (line 177)
                      ; - ui.views.waveform.executive.a::mDJ@20 (line 665)
                      ; - ui.views.waveform.executive.a::mDZ@2 (line 754)
                      ; - ui.views.waveform.u::aT@22 (line 1200)
  0x000001ae22e67b60: 9cca 87ff 

  0x000001ae22e67b64: ;   {other}
  0x000001ae22e67b64: 0f1f 8400 | 544e 0072 | ba45 ffff | ff4c 8b54 | 2438 4c89 | 5424 2044 | 8b44 2430 | 4489 4424 
  0x000001ae22e67b84: 2844 8b54 | 2434 4489 | 5424 2c44 | 8b44 2450 | 4489 4424 | 3444 895c | 2448 6690 

  0x000001ae22e67ba0: ;   {runtime_call UncommonTrapBlob}
  0x000001ae22e67ba0: c5f8 77e8 

  0x000001ae22e67ba4: ; ImmutableOopMap {[32]=Oop [52]=NarrowOop [64]=Oop [72]=NarrowOop [80]=NarrowOop }
                      ;*if_icmpne {reexecute=1 rethrow=0 return_oop=0}
                      ; - (reexecute) ui.views.waveform.executive.protobuf.WVPrefs$WVTimeValuePrefs::hasMeasureBubbleUnits@9 (line 3533)
                      ; - ui.views.waveform.executive.protobuf.WVPrefs$WVTimeValuePrefs::isInitialized@75 (line 3592)
                      ; - ui.views.waveform.executive.protobuf.WVPrefs$WVPrefsMessage::isInitialized@98 (line 4632)
                      ; - ui.views.waveform.executive.protobuf.WVPrefs$WVPrefsMessage$Builder::build@6 (line 4911)
                      ; - ui.views.waveform.executive.protobuf.WVPrefs$WVPrefsMessage$Builder::build@1 (line 4838)
                      ; - ui.views.waveform.h.c::aGl@21 (line 177)
                      ; - ui.views.waveform.executive.a::mDJ@20 (line 665)
                      ; - ui.views.waveform.executive.a::mDZ@2 (line 754)
                      ; - ui.views.waveform.u::aT@22 (line 1200)
  0x000001ae22e67ba4: 58ca 87ff 

  0x000001ae22e67ba8: ;   {other}
  0x000001ae22e67ba8: 0f1f 8400 | 984e 0073 | ba45 ffff | ff48 8b6c | 2438 448b | 4c24 3044 | 894c 2420 | 448b 4424 
  0x000001ae22e67bc8: 3444 8944 | 2424 448b | 4c24 5044 | 894c 242c | 4889 5c24 | 3844 895c | 2440 4489 | 5424 4490 
  0x000001ae22e67be8: ;   {runtime_call UncommonTrapBlob}
  0x000001ae22e67be8: c5f8 77e8 

  0x000001ae22e67bec: ; ImmutableOopMap {rbp=Oop [44]=NarrowOop [56]=Oop [64]=NarrowOop [80]=NarrowOop }
                      ;*if_icmpne {reexecute=1 rethrow=0 return_oop=0}
                      ; - (reexecute) ui.views.waveform.executive.protobuf.WVPrefs$WVTimeValuePrefs::hasMeasureBubbleDecPlaces@9 (line 3555)
                      ; - ui.views.waveform.executive.protobuf.WVPrefs$WVTimeValuePrefs::isInitialized@89 (line 3596)
                      ; - ui.views.waveform.executive.protobuf.WVPrefs$WVPrefsMessage::isInitialized@98 (line 4632)
                      ; - ui.views.waveform.executive.protobuf.WVPrefs$WVPrefsMessage$Builder::build@6 (line 4911)
                      ; - ui.views.waveform.executive.protobuf.WVPrefs$WVPrefsMessage$Builder::build@1 (line 4838)
                      ; - ui.views.waveform.h.c::aGl@21 (line 177)
                      ; - ui.views.waveform.executive.a::mDJ@20 (line 665)
                      ; - ui.views.waveform.executive.a::mDZ@2 (line 754)
                      ; - ui.views.waveform.u::aT@22 (line 1200)
  0x000001ae22e67bec: 10ca 87ff 

  0x000001ae22e67bf0: ;   {other}
  0x000001ae22e67bf0: 0f1f 8400 | e04e 0074 | ba45 ffff | ff49 8bea | 4489 5c24 | 2466 6690 

  0x000001ae22e67c08: ;   {runtime_call UncommonTrapBlob}
  0x000001ae22e67c08: c5f8 77e8 

  0x000001ae22e67c0c: ; ImmutableOopMap {rbp=Oop }
                      ;*ifeq {reexecute=1 rethrow=0 return_oop=0}
                      ; - (reexecute) ui.views.waveform.u::aT@39 (line 1205)
  0x000001ae22e67c0c: f0c9 87ff 

  0x000001ae22e67c10: ;   {other}
  0x000001ae22e67c10: 0f1f 8400 | 004f 0075 | ba45 ffff | ff66 6690 

  0x000001ae22e67c20: ;   {runtime_call UncommonTrapBlob}
  0x000001ae22e67c20: c5f8 77e8 

  0x000001ae22e67c24: ; ImmutableOopMap {rbp=NarrowOop [56]=Oop }
                      ;*ifnull {reexecute=1 rethrow=0 return_oop=0}
                      ; - (reexecute) ui.views.waveform.u::mBI@4 (line 708)
                      ; - ui.views.waveform.u::Pr@1 (line 956)
                      ; - ui.views.waveform.u::Pq@2 (line 887)
                      ; - ui.views.waveform.u::aT@49 (line 1208)
  0x000001ae22e67c24: d8c9 87ff 

  0x000001ae22e67c28: ;   {other}
  0x000001ae22e67c28: 0f1f 8400 | 184f 0076 | 4d8b c245 | 33d2 4d3b | c2bd ffff | ffff 7c08 | 400f 95c5 | 400f b6ed 
  0x000001ae22e67c48: ba45 ffff | ff4c 8b54 | 2438 4c89 | 5424 2044 | 8b5c 2430 | 4489 5c24 | 2844 8b54 | 2440 4489 
  0x000001ae22e67c68: 5424 2c44 | 8b5c 2434 | 4489 5c24 | 3044 8b54 | 2444 4489 | 5424 344c | 8944 2448 

  0x000001ae22e67c84: ;   {runtime_call UncommonTrapBlob}
  0x000001ae22e67c84: c5f8 77e8 

  0x000001ae22e67c88: ; ImmutableOopMap {[32]=Oop [44]=NarrowOop [52]=NarrowOop [136]=Oop }
                      ;*iflt {reexecute=1 rethrow=0 return_oop=0}
                      ; - (reexecute) java.lang.Long::stringSize@5 (line 593)
                      ; - java.lang.StringConcatHelper::mix@2 (line 112)
                      ; - java.lang.invoke.DirectMethodHandle$Holder::invokeStatic@13
                      ; - java.lang.invoke.LambdaForm$MH/0x000001ae35ab0000::invoke@23
                      ; - java.lang.invoke.LambdaForm$MH/0x000001ae35ab0400::invoke@15
                      ; - java.lang.invoke.Invokers$Holder::linkToTargetMethod@5
                      ; - ui.views.waveform.executive.a::mDy@104 (line 513)
                      ; - ui.views.waveform.c.a::mCQ@7 (line 463)
                      ; - ui.views.waveform.c.a::mCO@1 (line 348)
                      ; - ui.views.waveform.a::mBh@4 (line 289)
                      ; - ui.views.waveform.a::Pl@11 (line 116)
                      ; - ui.views.waveform.u::aT@30 (line 1201)
  0x000001ae22e67c88: 74c9 87ff 

  0x000001ae22e67c8c: ;   {other}
  0x000001ae22e67c8c: 0f1f 8400 | 7c4f 0077 | 418b fb49 | 8bd7 c5f8 | 7749 bae0 | 086e 7df9 | 7f00 0041 

  0x000001ae22e67ca8: ;   {other}
  0x000001ae22e67ca8: ffd2 0f1f | 8400 0000 | 0000 448b | dfe9 e9c4 | ffff 498b | d7c5 f877 | 49ba e008 | 6e7d f97f 
  0x000001ae22e67cc8: 0000 41ff 

  0x000001ae22e67ccc: ;   {other}
  0x000001ae22e67ccc: d20f 1f84 | 0000 0000 | 00e9 f4ca | ffff 498b | d7c5 f877 | 49ba e008 | 6e7d f97f | 0000 41ff 
  0x000001ae22e67cec: ;   {other}
  0x000001ae22e67cec: d20f 1f84 | 0000 0000 | 00e9 46cb | ffff 498b | d7c5 f877 | 49ba e008 | 6e7d f97f | 0000 41ff 
  0x000001ae22e67d0c: ;   {other}
  0x000001ae22e67d0c: d20f 1f84 | 0000 0000 | 00e9 1bcb | ffff 498b | d7c5 f877 | 49ba e008 | 6e7d f97f | 0000 41ff 
  0x000001ae22e67d2c: ;   {other}
  0x000001ae22e67d2c: d20f 1f84 | 0000 0000 | 00e9 f0ca | ffff 498b | d7c5 f877 | 49ba e008 | 6e7d f97f | 0000 41ff 
  0x000001ae22e67d4c: ;   {other}
  0x000001ae22e67d4c: d20f 1f84 | 0000 0000 | 00e9 31cc | ffff 498b | d7c5 f877 | 49ba e008 | 6e7d f97f | 0000 41ff 
  0x000001ae22e67d6c: ;   {other}
  0x000001ae22e67d6c: d20f 1f84 | 0000 0000 | 00e9 21cb | ffff 498b | d7c5 f877 | 49ba e008 | 6e7d f97f | 0000 41ff 
  0x000001ae22e67d8c: ;   {other}
  0x000001ae22e67d8c: d20f 1f84 | 0000 0000 | 00e9 d5ca | ffff 498b | d7c5 f877 | 49ba e008 | 6e7d f97f | 0000 41ff 
  0x000001ae22e67dac: ;   {other}
  0x000001ae22e67dac: d20f 1f84 | 0000 0000 | 00e9 d6ca | ffff 498b | d7c5 f877 | 49ba e008 | 6e7d f97f | 0000 41ff 
  0x000001ae22e67dcc: ;   {other}
  0x000001ae22e67dcc: d20f 1f84 | 0000 0000 | 00e9 abca | ffff 498b | d7c5 f877 | 49ba e008 | 6e7d f97f | 0000 41ff 
  0x000001ae22e67dec: ;   {other}
  0x000001ae22e67dec: d20f 1f84 | 0000 0000 | 00e9 80ca | ffff 498b | d7c5 f877 | 49ba e008 | 6e7d f97f | 0000 41ff 
  0x000001ae22e67e0c: ;   {other}
  0x000001ae22e67e0c: d20f 1f84 | 0000 0000 | 00e9 d1cb | ffff ba45 | ffff ff48 | 8b6c 2438 | 448b 4424 | 3044 8944 
  0x000001ae22e67e2c: 2420 448b | 5424 4044 | 8954 2424 | 448b 4424 | 3444 8944 | 2428 448b | 5424 4444 | 8954 2438 
  0x000001ae22e67e4c: 4889 4424 | 4044 895c | 2448 6690 

  0x000001ae22e67e58: ;   {runtime_call UncommonTrapBlob}
  0x000001ae22e67e58: c5f8 77e8 

  0x000001ae22e67e5c: ; ImmutableOopMap {rbp=Oop [36]=NarrowOop [56]=NarrowOop [64]=Oop }
                      ;*if_icmple {reexecute=1 rethrow=0 return_oop=0}
                      ; - (reexecute) ui.frmwork.b.b::UY@22 (line 1422)
                      ; - ui.frmwork.b.b::K@18 (line 1248)
                      ; - ui.frmwork.b.b::iTS@5 (line 1202)
                      ; - ui.views.waveform.c.a::mCQ@127 (line 488)
                      ; - ui.views.waveform.c.a::mCO@1 (line 348)
                      ; - ui.views.waveform.a::mBh@4 (line 289)
                      ; - ui.views.waveform.a::Pl@11 (line 116)
                      ; - ui.views.waveform.u::aT@30 (line 1201)
  0x000001ae22e67e5c: a0c7 87ff 

  0x000001ae22e67e60: ;   {other}
  0x000001ae22e67e60: 0f1f 8400 | 5051 0078 | ba45 ffff | ff48 8b6c | 2438 448b | 4424 3044 | 8944 2420 | 448b 5424 
  0x000001ae22e67e80: 4044 8954 | 2424 448b | 4424 3444 | 8944 2428 | 448b 5424 | 4444 8954 | 2438 4889 | 4424 4044 
  0x000001ae22e67ea0: 895c 243c | 4489 4c24 | 4c66 6690 

  0x000001ae22e67eac: ;   {runtime_call UncommonTrapBlob}
  0x000001ae22e67eac: c5f8 77e8 

  0x000001ae22e67eb0: ; ImmutableOopMap {rbp=Oop [36]=NarrowOop [56]=NarrowOop [64]=Oop }
                      ;*if_icmple {reexecute=1 rethrow=0 return_oop=0}
                      ; - (reexecute) ui.frmwork.b.b::UY@22 (line 1422)
                      ; - ui.frmwork.b.b::K@25 (line 1249)
                      ; - ui.frmwork.b.b::iTS@5 (line 1202)
                      ; - ui.views.waveform.c.a::mCQ@127 (line 488)
                      ; - ui.views.waveform.c.a::mCO@1 (line 348)
                      ; - ui.views.waveform.a::mBh@4 (line 289)
                      ; - ui.views.waveform.a::Pl@11 (line 116)
                      ; - ui.views.waveform.u::aT@30 (line 1201)
  0x000001ae22e67eb0: 4cc7 87ff 

  0x000001ae22e67eb4: ;   {other}
  0x000001ae22e67eb4: 0f1f 8400 | a451 0079 | 4533 db4d | 3bd3 bdff | ffff ff7c | 0840 0f95 | c540 0fb6 | edba 45ff 
  0x000001ae22e67ed4: ffff 4c8b | 5c24 384c | 895c 2420 | 448b 5c24 | 3044 895c | 2428 448b | 4424 4044 | 8944 242c 
  0x000001ae22e67ef4: 4c89 5424 | 4066 6690 

  0x000001ae22e67efc: ;   {runtime_call UncommonTrapBlob}
  0x000001ae22e67efc: c5f8 77e8 

  0x000001ae22e67f00: ; ImmutableOopMap {[32]=Oop [44]=NarrowOop }
                      ;*iflt {reexecute=1 rethrow=0 return_oop=0}
                      ; - (reexecute) java.lang.Long::stringSize@5 (line 593)
                      ; - java.lang.StringConcatHelper::mix@2 (line 112)
                      ; - java.lang.invoke.DirectMethodHandle$Holder::invokeStatic@13
                      ; - java.lang.invoke.LambdaForm$MH/0x000001ae35ab0000::invoke@23
                      ; - java.lang.invoke.LambdaForm$MH/0x000001ae35ab0400::invoke@15
                      ; - java.lang.invoke.Invokers$Holder::linkToTargetMethod@5
                      ; - ui.views.waveform.c.a::mCQ@135 (line 490)
                      ; - ui.views.waveform.c.a::mCO@1 (line 348)
                      ; - ui.views.waveform.a::mBh@4 (line 289)
                      ; - ui.views.waveform.a::Pl@11 (line 116)
                      ; - ui.views.waveform.u::aT@30 (line 1201)
  0x000001ae22e67f00: fcc6 87ff 

  0x000001ae22e67f04: ;   {other}
  0x000001ae22e67f04: 0f1f 8400 | f451 007a | ba45 ffff | ff4c 8b54 | 2438 4c89 | 5424 2044 | 8b54 2430 | 4489 5424 
  0x000001ae22e67f24: 2844 8b5c | 2440 4489 | 5c24 2c44 | 8b54 2434 | 4489 5424 | 3044 8b5c | 2444 4489 | 5c24 344c 
  0x000001ae22e67f44: 8944 2440 

  0x000001ae22e67f48: ;   {runtime_call UncommonTrapBlob}
  0x000001ae22e67f48: c5f8 77e8 

  0x000001ae22e67f4c: ; ImmutableOopMap {[32]=Oop [44]=NarrowOop [52]=NarrowOop [64]=Oop [136]=Oop }
                      ;*ifeq {reexecute=1 rethrow=0 return_oop=0}
                      ; - (reexecute) ui.utils.x::bzD@3 (line 1498)
                      ; - ui.views.waveform.h.c::debug@0 (line 61)
                      ; - ui.views.waveform.executive.a::mDy@109 (line 513)
                      ; - ui.views.waveform.c.a::mCQ@7 (line 463)
                      ; - ui.views.waveform.c.a::mCO@1 (line 348)
                      ; - ui.views.waveform.a::mBh@4 (line 289)
                      ; - ui.views.waveform.a::Pl@11 (line 116)
                      ; - ui.views.waveform.u::aT@30 (line 1201)
  0x000001ae22e67f4c: b0c6 87ff 

  0x000001ae22e67f50: ;   {other}
  0x000001ae22e67f50: 0f1f 8400 | 4052 007b | ba45 ffff | ff48 8b6c | 2438 448b | 5c24 3044 | 895c 2420 | 448b 5424 
  0x000001ae22e67f70: 4044 8954 | 2424 448b | 5c24 3444 | 895c 2430 | 448b 5424 | 4444 8954 | 2434 4889 | 5c24 4090 
  0x000001ae22e67f90: ;   {runtime_call UncommonTrapBlob}
  0x000001ae22e67f90: c5f8 77e8 

  0x000001ae22e67f94: ; ImmutableOopMap {rbp=Oop [36]=NarrowOop [40]=Oop [52]=NarrowOop [64]=Oop [96]=NarrowOop }
                      ;*ifnonnull {reexecute=1 rethrow=0 return_oop=0}
                      ; - (reexecute) ui.views.waveform.c.a::mCQ@33 (line 471)
                      ; - ui.views.waveform.c.a::mCO@1 (line 348)
                      ; - ui.views.waveform.a::mBh@4 (line 289)
                      ; - ui.views.waveform.a::Pl@11 (line 116)
                      ; - ui.views.waveform.u::aT@30 (line 1201)
  0x000001ae22e67f94: 68c6 87ff 

  0x000001ae22e67f98: ;   {other}
  0x000001ae22e67f98: 0f1f 8400 | 8852 007c | 418b 6cdc | 44ba 45ff | ffff 4c8b | 5c24 384c | 895c 2420 | 448b 5c24 
  0x000001ae22e67fb8: 4044 895c | 2438 448b | 4424 4444 | 8944 243c | 4c8b 5c24 | 504c 895c | 2440 895c | 244c 897c 
  0x000001ae22e67fd8: 2450 6690 

  0x000001ae22e67fdc: ;   {runtime_call UncommonTrapBlob}
  0x000001ae22e67fdc: c5f8 77e8 

  0x000001ae22e67fe0: ; ImmutableOopMap {rbp=NarrowOop [32]=Oop [40]=Oop [56]=NarrowOop [60]=NarrowOop [76]=NarrowOop [80]=NarrowOop [96]=NarrowOop }
                      ;*ifnull {reexecute=1 rethrow=0 return_oop=0}
                      ; - (reexecute) ui.data.r.b.a::d@4 (line 389)
                      ; - ui.data.r.b.b.c::d@7 (line 987)
                      ; - ui.data.r.b.b.b.a::d@12 (line 140)
                      ; - ui.data.r.b.b.b.c::fNl@5 (line 66)
                      ; - ui.data.r.a::ci@10 (line 371)
                      ; - ui.views.waveform.c.a::mCQ@117 (line 484)
                      ; - ui.views.waveform.c.a::mCO@1 (line 348)
                      ; - ui.views.waveform.a::mBh@4 (line 289)
                      ; - ui.views.waveform.a::Pl@11 (line 116)
                      ; - ui.views.waveform.u::aT@30 (line 1201)
  0x000001ae22e67fe0: 1cc6 87ff 

  0x000001ae22e67fe4: ;   {other}
  0x000001ae22e67fe4: 0f1f 8400 | d452 007d | ba45 ffff | ff4c 8b54 | 2438 4c89 | 5424 2044 | 8b5c 2440 | 4489 5c24 
  0x000001ae22e68004: 3844 8b54 | 2444 4489 | 5424 3c89 | 5c24 4c90 

  0x000001ae22e68014: ;   {runtime_call UncommonTrapBlob}
  0x000001ae22e68014: c5f8 77e8 

  0x000001ae22e68018: ; ImmutableOopMap {rbp=NarrowOop [32]=Oop [40]=Oop [56]=NarrowOop [60]=NarrowOop [76]=NarrowOop [96]=NarrowOop }
                      ;*ifnull {reexecute=1 rethrow=0 return_oop=0}
                      ; - (reexecute) ui.data.r.b.a::d@46 (line 395)
                      ; - ui.data.r.b.b.c::d@7 (line 987)
                      ; - ui.data.r.b.b.b.a::d@12 (line 140)
                      ; - ui.data.r.b.b.b.c::fNl@5 (line 66)
                      ; - ui.data.r.a::ci@10 (line 371)
                      ; - ui.views.waveform.c.a::mCQ@117 (line 484)
                      ; - ui.views.waveform.c.a::mCO@1 (line 348)
                      ; - ui.views.waveform.a::mBh@4 (line 289)
                      ; - ui.views.waveform.a::Pl@11 (line 116)
                      ; - ui.views.waveform.u::aT@30 (line 1201)
  0x000001ae22e68018: e4c5 87ff 

  0x000001ae22e6801c: ;   {other}
  0x000001ae22e6801c: 0f1f 8400 | 0c53 007e | ba45 ffff | ff4c 8b54 | 2438 4c89 | 5424 2044 | 8b5c 2430 | 4489 5c24 
  0x000001ae22e6803c: 2844 8b54 | 2440 4489 | 5424 2c44 | 8b5c 2434 | 4489 5c24 | 3044 8b54 | 2444 4489 | 5424 404c 
  0x000001ae22e6805c: 8944 2448 

  0x000001ae22e68060: ;   {runtime_call UncommonTrapBlob}
  0x000001ae22e68060: c5f8 77e8 

  0x000001ae22e68064: ; ImmutableOopMap {[32]=Oop [44]=NarrowOop [64]=NarrowOop [68]=NarrowOop [72]=Oop }
                      ;*if_icmpeq {reexecute=1 rethrow=0 return_oop=0}
                      ; - (reexecute) ui.utils.swing.p.G::getPreferredSize@10 (line 139)
                      ; - ui.views.waveform.c.a::ike@1 (line 223)
                      ; - ui.frmwork.b.b::iTS@2 (line 1202)
                      ; - ui.views.waveform.c.a::mCQ@127 (line 488)
                      ; - ui.views.waveform.c.a::mCO@1 (line 348)
                      ; - ui.views.waveform.a::mBh@4 (line 289)
                      ; - ui.views.waveform.a::Pl@11 (line 116)
                      ; - ui.views.waveform.u::aT@30 (line 1201)
  0x000001ae22e68064: 98c5 87ff 

  0x000001ae22e68068: ;   {other}
  0x000001ae22e68068: 0f1f 8400 | 5853 007f | ba45 ffff | ff48 8b6c | 2438 448b | 5c24 4044 | 895c 2438 | 4c8b 5424 
  0x000001ae22e68088: 504c 8954 | 2448 448b | 5424 4444 | 8954 243c | 4889 4424 | 5866 6690 

  0x000001ae22e680a0: ;   {runtime_call UncommonTrapBlob}
  0x000001ae22e680a0: c5f8 77e8 

  0x000001ae22e680a4: ; ImmutableOopMap {rbp=Oop [40]=Oop [56]=NarrowOop [60]=NarrowOop [88]=Oop }
                      ;*if_acmpne {reexecute=1 rethrow=0 return_oop=0}
                      ; - (reexecute) com.sun.java.swing.SwingUtilities3::getDelegateRepaintManager@15 (line 128)
                      ; - javax.swing.RepaintManager::getDelegate@1 (line 1901)
                      ; - javax.swing.RepaintManager::addDirtyRegion@2 (line 506)
                      ; - javax.swing.JComponent::repaint@15 (line 4899)
                      ; - java.awt.Component::repaint@12 (line 3395)
                      ; - ui.frmwork.b.b::iTS@10 (line 1203)
                      ; - ui.views.waveform.c.a::mCQ@127 (line 488)
                      ; - ui.views.waveform.c.a::mCO@1 (line 348)
                      ; - ui.views.waveform.a::mBh@4 (line 289)
                      ; - ui.views.waveform.a::Pl@11 (line 116)
                      ; - ui.views.waveform.u::aT@30 (line 1201)
  0x000001ae22e680a4: 58c5 87ff 

  0x000001ae22e680a8: ;   {other}
  0x000001ae22e680a8: 0f1f 8400 | 9853 0080 | ba45 ffff | ff4c 8b54 | 2438 4c89 | 5424 2044 | 8b54 2430 | 4489 5424 
  0x000001ae22e680c8: 284c 8944 | 2438 6690 

  0x000001ae22e680d0: ;   {runtime_call UncommonTrapBlob}
  0x000001ae22e680d0: c5f8 77e8 

  0x000001ae22e680d4: ; ImmutableOopMap {[32]=Oop [56]=Oop [64]=NarrowOop }
                      ;*ifeq {reexecute=1 rethrow=0 return_oop=0}
                      ; - (reexecute) ui.utils.x::bzD@3 (line 1498)
                      ; - ui.views.waveform.h.c::debug@0 (line 61)
                      ; - ui.views.waveform.c.a::mCQ@140 (line 490)
                      ; - ui.views.waveform.c.a::mCO@1 (line 348)
                      ; - ui.views.waveform.a::mBh@4 (line 289)
                      ; - ui.views.waveform.a::Pl@11 (line 116)
                      ; - ui.views.waveform.u::aT@30 (line 1201)
  0x000001ae22e680d4: 28c5 87ff 

  0x000001ae22e680d8: ;   {other}
  0x000001ae22e680d8: 0f1f 8400 | c853 0081 | 498b d7c5 | f877 49ba | e008 6e7d | f97f 0000 

  0x000001ae22e680f0: ;   {other}
  0x000001ae22e680f0: 41ff d20f | 1f84 0000 | 0000 00e9 | 95cd ffff 

  0x000001ae22e68100: ;   {oop(a 'java/awt/Component$AWTTreeLock'{0x00000006808cdc88})}
  0x000001ae22e68100: 48ba 88dc | 8c80 0600 | 0000 4c8d | 8424 9000 | 0000 488b | 6c24 3890 

  0x000001ae22e68118: ;   {runtime_call _complete_monitor_locking_Java}
  0x000001ae22e68118: c5f8 77e8 

  0x000001ae22e6811c: ; ImmutableOopMap {rbp=Oop [56]=Oop [64]=NarrowOop [68]=NarrowOop [72]=Oop [88]=Oop }
                      ;*monitorenter {reexecute=0 rethrow=0 return_oop=0}
                      ; - java.awt.Container::preferredSize@29 (line 1824)
                      ; - java.awt.Container::getPreferredSize@1 (line 1810)
                      ; - javax.swing.JComponent::getPreferredSize@39 (line 1736)
                      ; - ui.utils.swing.p.G::getPreferredSize@1 (line 137)
                      ; - ui.views.waveform.c.a::ike@1 (line 223)
                      ; - ui.frmwork.b.b::iTS@2 (line 1202)
                      ; - ui.views.waveform.c.a::mCQ@127 (line 488)
                      ; - ui.views.waveform.c.a::mCO@1 (line 348)
                      ; - ui.views.waveform.a::mBh@4 (line 289)
                      ; - ui.views.waveform.a::Pl@11 (line 116)
                      ; - ui.views.waveform.u::aT@30 (line 1201)
  0x000001ae22e6811c: e0e5 94ff 

  0x000001ae22e68120: ;   {other}
  0x000001ae22e68120: 0f1f 8400 | 1054 0082 | e947 caff 

  0x000001ae22e6812c: ;   {oop(a 'java/awt/Component$AWTTreeLock'{0x00000006808cdc88})}
  0x000001ae22e6812c: ff48 b988 | dc8c 8006 | 0000 0048 | 8d94 2490 | 0000 004d | 8bc7 c5f8 | 7749 bac0 | c4ae 7df9 
  0x000001ae22e6814c: 7f00 0041 

  0x000001ae22e68150: ;   {other}
  0x000001ae22e68150: ffd2 0f1f | 8400 0000 | 0000 e953 

  0x000001ae22e6815c: ;   {metadata('java/lang/String')}
  0x000001ae22e6815c: cbff ff48 | bad8 e800 | 34ae 0100 | 0066 6690 

  0x000001ae22e6816c: ;   {runtime_call _new_instance_Java}
  0x000001ae22e6816c: c5f8 77e8 

  0x000001ae22e68170: ; ImmutableOopMap {rbp=NarrowOop [56]=Oop [64]=NarrowOop [68]=NarrowOop [72]=Oop [88]=Oop [100]=NarrowOop [120]=Oop [136]=Oop }
                      ;*new {reexecute=0 rethrow=0 return_oop=1}
                      ; - java.lang.StringConcatHelper::newString@24 (line 402)
                      ; - java.lang.invoke.DirectMethodHandle$Holder::invokeStatic@13
                      ; - java.lang.invoke.LambdaForm$MH/0x000001ae35ab0400::invoke@74
                      ; - java.lang.invoke.Invokers$Holder::linkToTargetMethod@5
                      ; - ui.views.waveform.executive.a::mDy@104 (line 513)
                      ; - ui.views.waveform.c.a::mCQ@7 (line 463)
                      ; - ui.views.waveform.c.a::mCO@1 (line 348)
                      ; - ui.views.waveform.a::mBh@4 (line 289)
                      ; - ui.views.waveform.a::Pl@11 (line 116)
                      ; - ui.views.waveform.u::aT@30 (line 1201)
  0x000001ae22e68170: 8cc1 94ff 

  0x000001ae22e68174: ;   {other}
  0x000001ae22e68174: 0f1f 8400 | 6454 0083 | e9e0 d8ff | ff4d 8bd3 

  0x000001ae22e68184: ;   {metadata('java/lang/String')}
  0x000001ae22e68184: 48ba d8e8 | 0034 ae01 | 0000 4c89 | 5424 5090 

  0x000001ae22e68194: ;   {runtime_call _new_instance_Java}
  0x000001ae22e68194: c5f8 77e8 

  0x000001ae22e68198: ; ImmutableOopMap {rbp=NarrowOop [56]=Oop [64]=NarrowOop [80]=Oop [88]=Oop }
                      ;*new {reexecute=0 rethrow=0 return_oop=1}
                      ; - java.lang.StringConcatHelper::newString@24 (line 402)
                      ; - java.lang.invoke.DirectMethodHandle$Holder::invokeStatic@13
                      ; - java.lang.invoke.LambdaForm$MH/0x000001ae35ab0400::invoke@74
                      ; - java.lang.invoke.Invokers$Holder::linkToTargetMethod@5
                      ; - ui.views.waveform.c.a::mCQ@135 (line 490)
                      ; - ui.views.waveform.c.a::mCO@1 (line 348)
                      ; - ui.views.waveform.a::mBh@4 (line 289)
                      ; - ui.views.waveform.a::Pl@11 (line 116)
                      ; - ui.views.waveform.u::aT@30 (line 1201)
  0x000001ae22e68198: 64c1 94ff 

  0x000001ae22e6819c: ;   {other}
  0x000001ae22e6819c: 0f1f 8400 | 8c54 0084 | e919 d9ff | ff49 8bd7 | c5f8 7749 | bae0 086e | 7df9 7f00 | 0041 ffd2 
  0x000001ae22e681bc: ;   {other}
  0x000001ae22e681bc: 0f1f 8400 | 0000 0000 | e9fd c9ff | ffba 45ff | ffff 4c8b | 5424 384c | 8954 2420 | 448b 5424 
  0x000001ae22e681dc: 3044 8954 | 2428 448b | 5c24 4044 | 895c 242c | 448b 5424 | 3444 8954 | 2430 448b | 5c24 4444 
  0x000001ae22e681fc: 895c 2440 

  0x000001ae22e68200: ;   {runtime_call UncommonTrapBlob}
  0x000001ae22e68200: c5f8 77e8 

  0x000001ae22e68204: ; ImmutableOopMap {rbp=NarrowOop [32]=Oop [44]=NarrowOop [64]=NarrowOop [68]=NarrowOop }
                      ;*ifnull {reexecute=1 rethrow=0 return_oop=0}
                      ; - (reexecute) java.awt.Container::preferredSize@74 (line 1831)
                      ; - java.awt.Container::getPreferredSize@1 (line 1810)
                      ; - javax.swing.JComponent::getPreferredSize@39 (line 1736)
                      ; - ui.utils.swing.p.G::getPreferredSize@1 (line 137)
                      ; - ui.views.waveform.c.a::ike@1 (line 223)
                      ; - ui.frmwork.b.b::iTS@2 (line 1202)
                      ; - ui.views.waveform.c.a::mCQ@127 (line 488)
                      ; - ui.views.waveform.c.a::mCO@1 (line 348)
                      ; - ui.views.waveform.a::mBh@4 (line 289)
                      ; - ui.views.waveform.a::Pl@11 (line 116)
                      ; - ui.views.waveform.u::aT@30 (line 1201)
  0x000001ae22e68204: f8c3 87ff 

  0x000001ae22e68208: ;   {other}
  0x000001ae22e68208: 0f1f 8400 | f854 0085 | baf6 ffff | ff48 8b6c | 2438 448b | 5424 3044 | 8954 2428 | 448b 5c24 
  0x000001ae22e68228: 4044 895c | 242c 448b | 5424 3444 | 8954 2430 | 448b 5c24 | 4444 895c | 2440 6690 

  0x000001ae22e68244: ;   {runtime_call UncommonTrapBlob}
  0x000001ae22e68244: c5f8 77e8 

  0x000001ae22e68248: ; ImmutableOopMap {rbp=Oop [44]=NarrowOop [64]=NarrowOop [68]=NarrowOop }
                      ;*monitorenter {reexecute=0 rethrow=0 return_oop=0}
                      ; - java.util.Collections$SynchronizedMap::get@6 (line 2892)
                      ; - sun.awt.SunToolkit::targetToAppContext@19 (line 383)
                      ; - javax.swing.JComponent::repaint@1 (line 4898)
                      ; - java.awt.Component::repaint@12 (line 3395)
                      ; - ui.frmwork.b.b::iTS@10 (line 1203)
                      ; - ui.views.waveform.c.a::mCQ@127 (line 488)
                      ; - ui.views.waveform.c.a::mCO@1 (line 348)
                      ; - ui.views.waveform.a::mBh@4 (line 289)
                      ; - ui.views.waveform.a::Pl@11 (line 116)
                      ; - ui.views.waveform.u::aT@30 (line 1201)
  0x000001ae22e68248: b4c3 87ff 

  0x000001ae22e6824c: ;   {other}
  0x000001ae22e6824c: 0f1f 8400 | 3c55 0086 | baf6 ffff | ff48 8b6c | 2438 448b | 5c24 4044 | 895c 2438 | 4c8b 5424 
  0x000001ae22e6826c: 504c 8954 | 2448 448b | 5424 4444 | 8954 243c 

  0x000001ae22e6827c: ;   {runtime_call UncommonTrapBlob}
  0x000001ae22e6827c: c5f8 77e8 

  0x000001ae22e68280: ; ImmutableOopMap {rbp=Oop [40]=Oop [56]=NarrowOop [60]=NarrowOop }
                      ;*monitorenter {reexecute=0 rethrow=0 return_oop=0}
                      ; - java.util.Collections$SynchronizedMap::get@6 (line 2892)
                      ; - sun.awt.SunToolkit::targetToAppContext@19 (line 383)
                      ; - com.sun.java.swing.SwingUtilities3::getDelegateRepaintManager@6 (line 127)
                      ; - javax.swing.RepaintManager::getDelegate@1 (line 1901)
                      ; - javax.swing.RepaintManager::addDirtyRegion@2 (line 506)
                      ; - javax.swing.JComponent::repaint@15 (line 4899)
                      ; - java.awt.Component::repaint@12 (line 3395)
                      ; - ui.frmwork.b.b::iTS@10 (line 1203)
                      ; - ui.views.waveform.c.a::mCQ@127 (line 488)
                      ; - ui.views.waveform.c.a::mCO@1 (line 348)
                      ; - ui.views.waveform.a::mBh@4 (line 289)
                      ; - ui.views.waveform.a::Pl@11 (line 116)
                      ; - ui.views.waveform.u::aT@30 (line 1201)
  0x000001ae22e68280: 7cc3 87ff 

  0x000001ae22e68284: ;   {other}
  0x000001ae22e68284: 0f1f 8400 | 7455 0087 | 488b d54c | 8d84 2490 | 0000 0090 

  0x000001ae22e68298: ;   {runtime_call _complete_monitor_locking_Java}
  0x000001ae22e68298: c5f8 77e8 

  0x000001ae22e6829c: ; ImmutableOopMap {rbp=Oop [56]=Oop [64]=NarrowOop [68]=NarrowOop [72]=Oop [88]=Oop }
                      ;*monitorenter {reexecute=0 rethrow=0 return_oop=0}
                      ; - java.util.Collections$SynchronizedMap::get@6 (line 2892)
                      ; - sun.awt.SunToolkit::targetToAppContext@19 (line 383)
                      ; - javax.swing.JComponent::repaint@1 (line 4898)
                      ; - java.awt.Component::repaint@12 (line 3395)
                      ; - ui.frmwork.b.b::iTS@10 (line 1203)
                      ; - ui.views.waveform.c.a::mCQ@127 (line 488)
                      ; - ui.views.waveform.c.a::mCO@1 (line 348)
                      ; - ui.views.waveform.a::mBh@4 (line 289)
                      ; - ui.views.waveform.a::Pl@11 (line 116)
                      ; - ui.views.waveform.u::aT@30 (line 1201)
  0x000001ae22e6829c: 60e4 94ff 

  0x000001ae22e682a0: ;   {other}
  0x000001ae22e682a0: 0f1f 8400 | 9055 0088 | e9f7 d0ff | ff48 8bcd | 488d 9424 | 9000 0000 | 4d8b c7c5 | f877 49ba 
  0x000001ae22e682c0: c0c4 ae7d | f97f 0000 

  0x000001ae22e682c8: ;   {other}
  0x000001ae22e682c8: 41ff d20f | 1f84 0000 | 0000 00e9 | a0d1 ffff | bade ffff | ff48 8beb 

  0x000001ae22e682e0: ;   {runtime_call UncommonTrapBlob}
  0x000001ae22e682e0: c5f8 77e8 

  0x000001ae22e682e4: ; ImmutableOopMap {rbp=Oop }
                      ;*checkcast {reexecute=0 rethrow=0 return_oop=0}
                      ; - sun.awt.SunToolkit::targetToAppContext@24 (line 383)
                      ; - javax.swing.JComponent::repaint@1 (line 4898)
                      ; - java.awt.Component::repaint@12 (line 3395)
                      ; - ui.frmwork.b.b::iTS@10 (line 1203)
                      ; - ui.views.waveform.c.a::mCQ@127 (line 488)
                      ; - ui.views.waveform.c.a::mCO@1 (line 348)
                      ; - ui.views.waveform.a::mBh@4 (line 289)
                      ; - ui.views.waveform.a::Pl@11 (line 116)
                      ; - ui.views.waveform.u::aT@30 (line 1201)
  0x000001ae22e682e4: 18c3 87ff 

  0x000001ae22e682e8: ;   {other}
  0x000001ae22e682e8: 0f1f 8400 | d855 0089 | 488b d54c | 8d84 2490 | 0000 0090 

  0x000001ae22e682fc: ;   {runtime_call _complete_monitor_locking_Java}
  0x000001ae22e682fc: c5f8 77e8 

  0x000001ae22e68300: ; ImmutableOopMap {rbp=Oop [40]=Oop [56]=Oop [64]=NarrowOop [68]=NarrowOop [72]=Oop [88]=Oop }
                      ;*monitorenter {reexecute=0 rethrow=0 return_oop=0}
                      ; - java.util.Collections$SynchronizedMap::get@6 (line 2892)
                      ; - sun.awt.SunToolkit::targetToAppContext@19 (line 383)
                      ; - com.sun.java.swing.SwingUtilities3::getDelegateRepaintManager@6 (line 127)
                      ; - javax.swing.RepaintManager::getDelegate@1 (line 1901)
                      ; - javax.swing.RepaintManager::addDirtyRegion@2 (line 506)
                      ; - javax.swing.JComponent::repaint@15 (line 4899)
                      ; - java.awt.Component::repaint@12 (line 3395)
                      ; - ui.frmwork.b.b::iTS@10 (line 1203)
                      ; - ui.views.waveform.c.a::mCQ@127 (line 488)
                      ; - ui.views.waveform.c.a::mCO@1 (line 348)
                      ; - ui.views.waveform.a::mBh@4 (line 289)
                      ; - ui.views.waveform.a::Pl@11 (line 116)
                      ; - ui.views.waveform.u::aT@30 (line 1201)
  0x000001ae22e68300: fce3 94ff 

  0x000001ae22e68304: ;   {other}
  0x000001ae22e68304: 0f1f 8400 | f455 008a | e90e d2ff | ff48 8bcd | 488d 9424 | 9000 0000 | 4d8b c7c5 | f877 49ba 
  0x000001ae22e68324: c0c4 ae7d | f97f 0000 

  0x000001ae22e6832c: ;   {other}
  0x000001ae22e6832c: 41ff d20f | 1f84 0000 | 0000 00e9 | b8d2 ffff | bade ffff | ff48 8beb 

  0x000001ae22e68344: ;   {runtime_call UncommonTrapBlob}
  0x000001ae22e68344: c5f8 77e8 

  0x000001ae22e68348: ; ImmutableOopMap {rbp=Oop }
                      ;*checkcast {reexecute=0 rethrow=0 return_oop=0}
                      ; - sun.awt.SunToolkit::targetToAppContext@24 (line 383)
                      ; - com.sun.java.swing.SwingUtilities3::getDelegateRepaintManager@6 (line 127)
                      ; - javax.swing.RepaintManager::getDelegate@1 (line 1901)
                      ; - javax.swing.RepaintManager::addDirtyRegion@2 (line 506)
                      ; - javax.swing.JComponent::repaint@15 (line 4899)
                      ; - java.awt.Component::repaint@12 (line 3395)
                      ; - ui.frmwork.b.b::iTS@10 (line 1203)
                      ; - ui.views.waveform.c.a::mCQ@127 (line 488)
                      ; - ui.views.waveform.c.a::mCO@1 (line 348)
                      ; - ui.views.waveform.a::mBh@4 (line 289)
                      ; - ui.views.waveform.a::Pl@11 (line 116)
                      ; - ui.views.waveform.u::aT@30 (line 1201)
  0x000001ae22e68348: b4c2 87ff 

  0x000001ae22e6834c: ;   {other}
  0x000001ae22e6834c: 0f1f 8400 | 3c56 008b | 498b d7c5 | f877 49ba | e008 6e7d | f97f 0000 

  0x000001ae22e68364: ;   {other}
  0x000001ae22e68364: 41ff d20f | 1f84 0000 | 0000 00e9 | 6ece ffff | 498b d34c | 8d84 2490 | 0000 0090 

  0x000001ae22e68380: ;   {runtime_call _complete_monitor_locking_Java}
  0x000001ae22e68380: c5f8 77e8 

  0x000001ae22e68384: ; ImmutableOopMap {rbp=Oop [40]=Oop [56]=Oop [64]=NarrowOop [68]=NarrowOop [72]=Oop [88]=Oop }
                      ;*monitorenter {reexecute=0 rethrow=0 return_oop=0}
                      ; - javax.swing.RepaintManager::addDirtyRegion0@139 (line 478)
                      ; - javax.swing.RepaintManager::addDirtyRegion@33 (line 511)
                      ; - javax.swing.JComponent::repaint@15 (line 4899)
                      ; - java.awt.Component::repaint@12 (line 3395)
                      ; - ui.frmwork.b.b::iTS@10 (line 1203)
                      ; - ui.views.waveform.c.a::mCQ@127 (line 488)
                      ; - ui.views.waveform.c.a::mCO@1 (line 348)
                      ; - ui.views.waveform.a::mBh@4 (line 289)
                      ; - ui.views.waveform.a::Pl@11 (line 116)
                      ; - ui.views.waveform.u::aT@30 (line 1201)
  0x000001ae22e68384: 78e3 94ff 

  0x000001ae22e68388: ;   {other}
  0x000001ae22e68388: 0f1f 8400 | 7856 008c | e943 d4ff | ffba deff | ffff 4c8b | 5424 384c | 8954 2420 | 448b 5424 
  0x000001ae22e683a8: 4044 8954 | 2438 4c8b | 5424 504c | 8954 2448 | 448b 5424 | 4444 8954 | 243c 4c89 | 4c24 5890 
  0x000001ae22e683c8: ;   {runtime_call UncommonTrapBlob}
  0x000001ae22e683c8: c5f8 77e8 

  0x000001ae22e683cc: ; ImmutableOopMap {rbp=NarrowOop [32]=Oop [40]=Oop [56]=NarrowOop [60]=NarrowOop [88]=Oop }
                      ;*invokeinterface put {reexecute=0 rethrow=0 return_oop=0}
                      ; - javax.swing.RepaintManager::addDirtyRegion0@176 (line 484)
                      ; - javax.swing.RepaintManager::addDirtyRegion@33 (line 511)
                      ; - javax.swing.JComponent::repaint@15 (line 4899)
                      ; - java.awt.Component::repaint@12 (line 3395)
                      ; - ui.frmwork.b.b::iTS@10 (line 1203)
                      ; - ui.views.waveform.c.a::mCQ@127 (line 488)
                      ; - ui.views.waveform.c.a::mCO@1 (line 348)
                      ; - ui.views.waveform.a::mBh@4 (line 289)
                      ; - ui.views.waveform.a::Pl@11 (line 116)
                      ; - ui.views.waveform.u::aT@30 (line 1201)
  0x000001ae22e683cc: 30c2 87ff 

  0x000001ae22e683d0: ;   {other}
  0x000001ae22e683d0: 0f1f 8400 | c056 008d | 498b cb48 | 8d94 2490 | 0000 004d | 8bc7 c5f8 | 7749 bac0 | c4ae 7df9 
  0x000001ae22e683f0: 7f00 0041 

  0x000001ae22e683f4: ;   {other}
  0x000001ae22e683f4: ffd2 0f1f | 8400 0000 | 0000 e939 | d5ff ffba | deff ffff | 4c8b 5424 | 384c 8954 | 2420 448b 
  0x000001ae22e68414: 5c24 4044 | 895c 2438 | 448b 5424 | 4444 8954 | 2440 6690 

  0x000001ae22e68428: ;   {runtime_call UncommonTrapBlob}
  0x000001ae22e68428: c5f8 77e8 

  0x000001ae22e6842c: ; ImmutableOopMap {rbp=NarrowOop [32]=Oop [40]=Oop [56]=NarrowOop [64]=NarrowOop [68]=NarrowOop }
                      ;*invokeinterface getAppContext {reexecute=0 rethrow=0 return_oop=0}
                      ; - sun.awt.SunToolkit::getAppContext@14 (line 360)
                      ; - sun.awt.SunToolkit::targetToAppContext@7 (line 379)
                      ; - javax.swing.RepaintManager::addDirtyRegion0@198 (line 489)
                      ; - javax.swing.RepaintManager::addDirtyRegion@33 (line 511)
                      ; - javax.swing.JComponent::repaint@15 (line 4899)
                      ; - java.awt.Component::repaint@12 (line 3395)
                      ; - ui.frmwork.b.b::iTS@10 (line 1203)
                      ; - ui.views.waveform.c.a::mCQ@127 (line 488)
                      ; - ui.views.waveform.c.a::mCO@1 (line 348)
                      ; - ui.views.waveform.a::mBh@4 (line 289)
                      ; - ui.views.waveform.a::Pl@11 (line 116)
                      ; - ui.views.waveform.u::aT@30 (line 1201)
  0x000001ae22e6842c: d0c1 87ff 

  0x000001ae22e68430: ;   {other}
  0x000001ae22e68430: 0f1f 8400 | 2057 008e | ba45 ffff | ff44 8b44 | 2430 4489 | 4424 2044 | 8b5c 2440 | 4489 5c24 
  0x000001ae22e68450: 2444 8b44 | 2434 4489 | 4424 3089 | 4424 3490 

  0x000001ae22e68460: ;   {runtime_call UncommonTrapBlob}
  0x000001ae22e68460: c5f8 77e8 

  0x000001ae22e68464: ; ImmutableOopMap {rbp=Oop [36]=NarrowOop [40]=Oop }
                      ;*ifeq {reexecute=1 rethrow=0 return_oop=0}
                      ; - (reexecute) javax.swing.RepaintManager::addDirtyRegion0@151 (line 479)
                      ; - javax.swing.RepaintManager::addDirtyRegion@33 (line 511)
                      ; - javax.swing.JComponent::repaint@15 (line 4899)
                      ; - java.awt.Component::repaint@12 (line 3395)
                      ; - ui.frmwork.b.b::iTS@10 (line 1203)
                      ; - ui.views.waveform.c.a::mCQ@127 (line 488)
                      ; - ui.views.waveform.c.a::mCO@1 (line 348)
                      ; - ui.views.waveform.a::mBh@4 (line 289)
                      ; - ui.views.waveform.a::Pl@11 (line 116)
                      ; - ui.views.waveform.u::aT@30 (line 1201)
  0x000001ae22e68464: 98c1 87ff 

  0x000001ae22e68468: ;   {other}
  0x000001ae22e68468: 0f1f 8400 | 5857 008f | ba45 ffff | ff44 8b5c | 2440 4489 | 5c24 3844 | 8b54 2444 | 4489 5424 
  0x000001ae22e68488: 3c66 6690 

  0x000001ae22e6848c: ;   {runtime_call UncommonTrapBlob}
  0x000001ae22e6848c: c5f8 77e8 

  0x000001ae22e68490: ; ImmutableOopMap {rbp=Oop [40]=Oop [56]=NarrowOop [60]=NarrowOop [96]=Oop }
                      ;*ifeq {reexecute=1 rethrow=0 return_oop=0}
                      ; - (reexecute) javax.swing.RepaintManager::addDirtyRegion0@86 (line 464)
                      ; - javax.swing.RepaintManager::addDirtyRegion@33 (line 511)
                      ; - javax.swing.JComponent::repaint@15 (line 4899)
                      ; - java.awt.Component::repaint@12 (line 3395)
                      ; - ui.frmwork.b.b::iTS@10 (line 1203)
                      ; - ui.views.waveform.c.a::mCQ@127 (line 488)
                      ; - ui.views.waveform.c.a::mCO@1 (line 348)
                      ; - ui.views.waveform.a::mBh@4 (line 289)
                      ; - ui.views.waveform.a::Pl@11 (line 116)
                      ; - ui.views.waveform.u::aT@30 (line 1201)
  0x000001ae22e68490: 6cc1 87ff 

  0x000001ae22e68494: ;   {other}
  0x000001ae22e68494: 0f1f 8400 | 8457 0090 | baad ffff | ff48 8b6c | 2438 448b | 5c24 3044 | 895c 2420 | 448b 5c24 
  0x000001ae22e684b4: 3444 895c | 2428 4889 | 4424 3890 

  0x000001ae22e684c0: ;   {runtime_call UncommonTrapBlob}
  0x000001ae22e684c0: c5f8 77e8 

  0x000001ae22e684c4: ; ImmutableOopMap {rbp=Oop [64]=NarrowOop [68]=NarrowOop [136]=Oop }
                      ;*new {reexecute=0 rethrow=0 return_oop=0}
                      ; - java.lang.StringConcatHelper::newString@34 (line 404)
                      ; - java.lang.invoke.DirectMethodHandle$Holder::invokeStatic@13
                      ; - java.lang.invoke.LambdaForm$MH/0x000001ae35ab0400::invoke@74
                      ; - java.lang.invoke.Invokers$Holder::linkToTargetMethod@5
                      ; - ui.views.waveform.executive.a::mDy@104 (line 513)
                      ; - ui.views.waveform.c.a::mCQ@7 (line 463)
                      ; - ui.views.waveform.c.a::mCO@1 (line 348)
                      ; - ui.views.waveform.a::mBh@4 (line 289)
                      ; - ui.views.waveform.a::Pl@11 (line 116)
                      ; - ui.views.waveform.u::aT@30 (line 1201)
  0x000001ae22e684c4: 38c1 87ff 

  0x000001ae22e684c8: ;   {other}
  0x000001ae22e684c8: 0f1f 8400 | b857 0091 | baad ffff | ff48 8b6c | 2438 448b | 5424 3044 | 8954 2420 | 448b 5424 
  0x000001ae22e684e8: 3444 8954 | 2428 4889 | 4424 3090 

  0x000001ae22e684f4: ;   {runtime_call UncommonTrapBlob}
  0x000001ae22e684f4: c5f8 77e8 

  0x000001ae22e684f8: ; ImmutableOopMap {rbp=Oop [64]=NarrowOop }
                      ;*new {reexecute=0 rethrow=0 return_oop=0}
                      ; - java.lang.StringConcatHelper::newString@34 (line 404)
                      ; - java.lang.invoke.DirectMethodHandle$Holder::invokeStatic@13
                      ; - java.lang.invoke.LambdaForm$MH/0x000001ae35ab0400::invoke@74
                      ; - java.lang.invoke.Invokers$Holder::linkToTargetMethod@5
                      ; - ui.views.waveform.c.a::mCQ@135 (line 490)
                      ; - ui.views.waveform.c.a::mCO@1 (line 348)
                      ; - ui.views.waveform.a::mBh@4 (line 289)
                      ; - ui.views.waveform.a::Pl@11 (line 116)
                      ; - ui.views.waveform.u::aT@30 (line 1201)
  0x000001ae22e684f8: 04c1 87ff 

  0x000001ae22e684fc: ;   {other}
  0x000001ae22e684fc: 0f1f 8400 | ec57 0092 | ba45 ffff | ff66 6690 

  0x000001ae22e6850c: ;   {runtime_call UncommonTrapBlob}
  0x000001ae22e6850c: c5f8 77e8 

  0x000001ae22e68510: ; ImmutableOopMap {rbp=NarrowOop [40]=Oop [56]=Oop [64]=NarrowOop [68]=NarrowOop }
                      ;*ifnull {reexecute=1 rethrow=0 return_oop=0}
                      ; - (reexecute) javax.swing.RepaintManager::addDirtyRegion0@53 (line 460)
                      ; - javax.swing.RepaintManager::addDirtyRegion@33 (line 511)
                      ; - javax.swing.JComponent::repaint@15 (line 4899)
                      ; - java.awt.Component::repaint@12 (line 3395)
                      ; - ui.frmwork.b.b::iTS@10 (line 1203)
                      ; - ui.views.waveform.c.a::mCQ@127 (line 488)
                      ; - ui.views.waveform.c.a::mCO@1 (line 348)
                      ; - ui.views.waveform.a::mBh@4 (line 289)
                      ; - ui.views.waveform.a::Pl@11 (line 116)
                      ; - ui.views.waveform.u::aT@30 (line 1201)
  0x000001ae22e68510: ecc0 87ff 

  0x000001ae22e68514: ;   {other}
  0x000001ae22e68514: 0f1f 8400 | 0458 0093 | baf6 ffff | ff49 8bea 

  0x000001ae22e68524: ;   {runtime_call UncommonTrapBlob}
  0x000001ae22e68524: c5f8 77e8 

  0x000001ae22e68528: ; ImmutableOopMap {rbp=Oop }
                      ;*putfield iME {reexecute=1 rethrow=0 return_oop=0}
                      ; - (reexecute) ui.data.r.b.b.b.c::<init>@14 (line 40)
                      ; - ui.data.r.a::ci@20 (line 372)
                      ; - ui.views.waveform.c.a::mCQ@117 (line 484)
                      ; - ui.views.waveform.c.a::mCO@1 (line 348)
                      ; - ui.views.waveform.a::mBh@4 (line 289)
                      ; - ui.views.waveform.a::Pl@11 (line 116)
                      ; - ui.views.waveform.u::aT@30 (line 1201)
  0x000001ae22e68528: d4c0 87ff 

  0x000001ae22e6852c: ;   {other}
  0x000001ae22e6852c: 0f1f 8400 | 1c58 0094 | baf6 ffff | ff48 8b6c | 2438 448b | 5424 3044 | 8954 2420 | 448b 5424 
  0x000001ae22e6854c: 3444 8954 | 2430 6690 

  0x000001ae22e68554: ;   {runtime_call UncommonTrapBlob}
  0x000001ae22e68554: c5f8 77e8 

  0x000001ae22e68558: ; ImmutableOopMap {rbp=Oop [40]=Oop [64]=NarrowOop [68]=NarrowOop }
                      ;*monitorenter {reexecute=0 rethrow=0 return_oop=0}
                      ; - java.util.Collections$SynchronizedMap::get@6 (line 2892)
                      ; - sun.awt.SunToolkit::targetToAppContext@19 (line 383)
                      ; - javax.swing.RepaintManager::addDirtyRegion0@198 (line 489)
                      ; - javax.swing.RepaintManager::addDirtyRegion@33 (line 511)
                      ; - javax.swing.JComponent::repaint@15 (line 4899)
                      ; - java.awt.Component::repaint@12 (line 3395)
                      ; - ui.frmwork.b.b::iTS@10 (line 1203)
                      ; - ui.views.waveform.c.a::mCQ@127 (line 488)
                      ; - ui.views.waveform.c.a::mCO@1 (line 348)
                      ; - ui.views.waveform.a::mBh@4 (line 289)
                      ; - ui.views.waveform.a::Pl@11 (line 116)
                      ; - ui.views.waveform.u::aT@30 (line 1201)
  0x000001ae22e68558: a4c0 87ff 

  0x000001ae22e6855c: ;   {other}
  0x000001ae22e6855c: 0f1f 8400 | 4c58 0095 | 488b d54c | 8d84 2490 | 0000 0090 

  0x000001ae22e68570: ;   {runtime_call _complete_monitor_locking_Java}
  0x000001ae22e68570: c5f8 77e8 

  0x000001ae22e68574: ; ImmutableOopMap {rbp=Oop [40]=Oop [56]=Oop [64]=NarrowOop [72]=Oop [88]=Oop }
                      ;*monitorenter {reexecute=0 rethrow=0 return_oop=0}
                      ; - java.util.Collections$SynchronizedMap::get@6 (line 2892)
                      ; - sun.awt.SunToolkit::targetToAppContext@19 (line 383)
                      ; - javax.swing.RepaintManager::addDirtyRegion0@198 (line 489)
                      ; - javax.swing.RepaintManager::addDirtyRegion@33 (line 511)
                      ; - javax.swing.JComponent::repaint@15 (line 4899)
                      ; - java.awt.Component::repaint@12 (line 3395)
                      ; - ui.frmwork.b.b::iTS@10 (line 1203)
                      ; - ui.views.waveform.c.a::mCQ@127 (line 488)
                      ; - ui.views.waveform.c.a::mCO@1 (line 348)
                      ; - ui.views.waveform.a::mBh@4 (line 289)
                      ; - ui.views.waveform.a::Pl@11 (line 116)
                      ; - ui.views.waveform.u::aT@30 (line 1201)
  0x000001ae22e68574: 88e1 94ff 

  0x000001ae22e68578: ;   {other}
  0x000001ae22e68578: 0f1f 8400 | 6858 0096 | e905 e0ff | ff48 8bcd | 488d 9424 | 9000 0000 | 4d8b c7c5 | f877 49ba 
  0x000001ae22e68598: c0c4 ae7d | f97f 0000 

  0x000001ae22e685a0: ;   {other}
  0x000001ae22e685a0: 41ff d20f | 1f84 0000 | 0000 00e9 | b0e0 ffff | bade ffff | ff48 8b6c | 2438 448b | 5424 3044 
  0x000001ae22e685c0: 8954 2420 | 448b 5c24 | 4044 895c | 2424 4889 | 5c24 4090 

  0x000001ae22e685d4: ;   {runtime_call UncommonTrapBlob}
  0x000001ae22e685d4: c5f8 77e8 

  0x000001ae22e685d8: ; ImmutableOopMap {rbp=Oop [36]=NarrowOop [40]=Oop [64]=Oop }
                      ;*checkcast {reexecute=0 rethrow=0 return_oop=0}
                      ; - sun.awt.SunToolkit::targetToAppContext@24 (line 383)
                      ; - javax.swing.RepaintManager::addDirtyRegion0@198 (line 489)
                      ; - javax.swing.RepaintManager::addDirtyRegion@33 (line 511)
                      ; - javax.swing.JComponent::repaint@15 (line 4899)
                      ; - java.awt.Component::repaint@12 (line 3395)
                      ; - ui.frmwork.b.b::iTS@10 (line 1203)
                      ; - ui.views.waveform.c.a::mCQ@127 (line 488)
                      ; - ui.views.waveform.c.a::mCO@1 (line 348)
                      ; - ui.views.waveform.a::mBh@4 (line 289)
                      ; - ui.views.waveform.a::Pl@11 (line 116)
                      ; - ui.views.waveform.u::aT@30 (line 1201)
  0x000001ae22e685d8: 24c0 87ff 

  0x000001ae22e685dc: ;   {other}
  0x000001ae22e685dc: 0f1f 8400 | cc58 0097 | ba45 ffff | ff4c 8b54 | 2438 4c89 | 5424 2044 | 8b5c 2430 | 4489 5c24 
  0x000001ae22e685fc: 2844 8b54 | 2434 4489 | 5424 2c44 | 8b5c 2450 | 4489 5c24 | 3448 895c | 2448 4889 | 5c24 5048 
  0x000001ae22e6861c: 897c 2458 

  0x000001ae22e68620: ;   {runtime_call UncommonTrapBlob}
  0x000001ae22e68620: c5f8 77e8 

  0x000001ae22e68624: ; ImmutableOopMap {[32]=Oop [52]=NarrowOop [64]=Oop [72]=Oop [80]=Oop [88]=Oop }
                      ;*ifeq {reexecute=1 rethrow=0 return_oop=0}
                      ; - (reexecute) com.google.protobuf.GeneratedMessageV3$Builder::onChanged@4 (line 920)
                      ; - ui.views.waveform.executive.protobuf.WVPrefs$WVPrefsMessage$Builder::mergeColorPrefs@61 (line 5261)
                      ; - ui.views.waveform.executive.protobuf.WVPrefs$WVPrefsMessage$Builder::mergeFrom@37 (line 5002)
                      ; - ui.views.waveform.executive.protobuf.WVPrefs$WVPrefsMessage$Builder::mergeFrom@22 (line 5048)
                      ; - ui.views.waveform.executive.protobuf.WVPrefs$WVPrefsMessage$Builder::mergeFrom@3 (line 4838)
                      ; - com.google.protobuf.AbstractMessage$Builder::mergeFrom@5 (line 418)
                      ; - com.google.protobuf.AbstractMessage$Builder::mergeFrom@2 (line 317)
                      ; - com.google.protobuf.AbstractMessageLite$Builder::mergeFrom@11 (line 222)
                      ; - com.google.protobuf.AbstractMessage$Builder::mergeFrom@4 (line 535)
                      ; - com.google.protobuf.AbstractMessage$Builder::mergeFrom@4 (line 317)
                      ; - ui.views.waveform.h.c::aGl@16 (line 177)
                      ; - ui.views.waveform.executive.a::mDJ@20 (line 665)
                      ; - ui.views.waveform.executive.a::mDZ@2 (line 754)
                      ; - ui.views.waveform.u::aT@22 (line 1200)
  0x000001ae22e68624: d8bf 87ff 

  0x000001ae22e68628: ;   {other}
  0x000001ae22e68628: 0f1f 8400 | 1859 0098 | ba45 ffff | ff4c 8b54 | 2438 4c89 | 5424 2044 | 8b54 2430 | 4489 5424 
  0x000001ae22e68648: 2844 8b5c | 2434 4489 | 5c24 2c44 | 8b54 2450 | 458b da44 | 895c 2434 | 4889 5c24 | 4848 895c 
  0x000001ae22e68668: 2450 4889 | 7c24 5890 

  0x000001ae22e68670: ;   {runtime_call UncommonTrapBlob}
  0x000001ae22e68670: c5f8 77e8 

  0x000001ae22e68674: ; ImmutableOopMap {[32]=Oop [52]=NarrowOop [64]=Oop [72]=Oop [80]=Oop [88]=Oop }
                      ;*ifeq {reexecute=1 rethrow=0 return_oop=0}
                      ; - (reexecute) com.google.protobuf.GeneratedMessageV3$Builder::onChanged@4 (line 920)
                      ; - ui.views.waveform.executive.protobuf.WVPrefs$WVPrefsMessage$Builder::mergeTimeValuePrefs@61 (line 5395)
                      ; - ui.views.waveform.executive.protobuf.WVPrefs$WVPrefsMessage$Builder::mergeFrom@53 (line 5005)
                      ; - ui.views.waveform.executive.protobuf.WVPrefs$WVPrefsMessage$Builder::mergeFrom@22 (line 5048)
                      ; - ui.views.waveform.executive.protobuf.WVPrefs$WVPrefsMessage$Builder::mergeFrom@3 (line 4838)
                      ; - com.google.protobuf.AbstractMessage$Builder::mergeFrom@5 (line 418)
                      ; - com.google.protobuf.AbstractMessage$Builder::mergeFrom@2 (line 317)
                      ; - com.google.protobuf.AbstractMessageLite$Builder::mergeFrom@11 (line 222)
                      ; - com.google.protobuf.AbstractMessage$Builder::mergeFrom@4 (line 535)
                      ; - com.google.protobuf.AbstractMessage$Builder::mergeFrom@4 (line 317)
                      ; - ui.views.waveform.h.c::aGl@16 (line 177)
                      ; - ui.views.waveform.executive.a::mDJ@20 (line 665)
                      ; - ui.views.waveform.executive.a::mDZ@2 (line 754)
                      ; - ui.views.waveform.u::aT@22 (line 1200)
  0x000001ae22e68674: 88bf 87ff 

  0x000001ae22e68678: ;   {other}
  0x000001ae22e68678: 0f1f 8400 | 6859 0099 | bade ffff | ff48 8b6c | 2438 448b | 5c24 3044 | 895c 2428 | 448b 5424 
  0x000001ae22e68698: 3444 8954 | 242c 448b | 5c24 5044 | 895c 2434 | 4c8b 5424 | 404c 8954 | 2438 4889 | 4424 5090 
  0x000001ae22e686b8: ;   {runtime_call UncommonTrapBlob}
  0x000001ae22e686b8: c5f8 77e8 

  0x000001ae22e686bc: ; ImmutableOopMap {rbp=Oop [32]=Oop [52]=NarrowOop [56]=Oop [80]=Oop }
                      ;*checkcast {reexecute=0 rethrow=0 return_oop=0}
                      ; - ui.views.waveform.executive.protobuf.WVPrefs$WVPrefsMessage$Builder::mergeUnknownFields@5 (line 5465)
                      ; - ui.views.waveform.executive.protobuf.WVPrefs$WVPrefsMessage$Builder::mergeFrom@62 (line 5007)
                      ; - ui.views.waveform.executive.protobuf.WVPrefs$WVPrefsMessage$Builder::mergeFrom@22 (line 5048)
                      ; - ui.views.waveform.executive.protobuf.WVPrefs$WVPrefsMessage$Builder::mergeFrom@3 (line 4838)
                      ; - com.google.protobuf.AbstractMessage$Builder::mergeFrom@5 (line 418)
                      ; - com.google.protobuf.AbstractMessage$Builder::mergeFrom@2 (line 317)
                      ; - com.google.protobuf.AbstractMessageLite$Builder::mergeFrom@11 (line 222)
                      ; - com.google.protobuf.AbstractMessage$Builder::mergeFrom@4 (line 535)
                      ; - com.google.protobuf.AbstractMessage$Builder::mergeFrom@4 (line 317)
                      ; - ui.views.waveform.h.c::aGl@16 (line 177)
                      ; - ui.views.waveform.executive.a::mDJ@20 (line 665)
                      ; - ui.views.waveform.executive.a::mDZ@2 (line 754)
                      ; - ui.views.waveform.u::aT@22 (line 1200)
  0x000001ae22e686bc: 40bf 87ff 

  0x000001ae22e686c0: ;   {other}
  0x000001ae22e686c0: 0f1f 8400 | b059 009a | bade ffff | ff4c 8b54 | 2438 4c89 | 5424 2844 | 8b54 2440 | 4489 5424 
  0x000001ae22e686e0: 3844 8b5c | 2444 4489 | 5c24 3c48 | 8944 2440 

  0x000001ae22e686f0: ;   {runtime_call UncommonTrapBlob}
  0x000001ae22e686f0: c5f8 77e8 

  0x000001ae22e686f4: ; ImmutableOopMap {rbp=Oop [40]=Oop [56]=NarrowOop [60]=NarrowOop [64]=Oop }
                      ;*checkcast {reexecute=0 rethrow=0 return_oop=0}
                      ; - javax.swing.RepaintManager::currentManager@7 (line 283)
                      ; - javax.swing.JComponent::repaint@4 (line 4898)
                      ; - java.awt.Component::repaint@12 (line 3395)
                      ; - ui.frmwork.b.b::iTS@10 (line 1203)
                      ; - ui.views.waveform.c.a::mCQ@127 (line 488)
                      ; - ui.views.waveform.c.a::mCO@1 (line 348)
                      ; - ui.views.waveform.a::mBh@4 (line 289)
                      ; - ui.views.waveform.a::Pl@11 (line 116)
                      ; - ui.views.waveform.u::aT@30 (line 1201)
  0x000001ae22e686f4: 08bf 87ff 

  0x000001ae22e686f8: ;   {other}
  0x000001ae22e686f8: 0f1f 8400 | e859 009b | bade ffff | ff48 8b6c | 2438 448b | 4424 3044 | 8944 2420 | 448b 5c24 
  0x000001ae22e68718: 3444 895c | 2424 448b | 4424 5045 | 8bd8 4489 | 5c24 2c48 | 897c 2440 | 4889 7c24 | 4848 895c 
  0x000001ae22e68738: 2450 4489 | 5424 5890 

  0x000001ae22e68740: ;   {runtime_call UncommonTrapBlob}
  0x000001ae22e68740: c5f8 77e8 

  0x000001ae22e68744: ; ImmutableOopMap {rbp=Oop [44]=NarrowOop [64]=Oop [72]=Oop [80]=Oop [88]=NarrowOop }
                      ;*instanceof {reexecute=0 rethrow=0 return_oop=0}
                      ; - com.google.protobuf.GeneratedMessageV3$Builder::getUnknownFields@4 (line 845)
                      ; - com.google.protobuf.GeneratedMessageV3::<init>@6 (line 98)
                      ; - ui.views.waveform.executive.protobuf.WVPrefs$WVPrefsMessage::<init>@2 (line 4430)
                      ; - ui.views.waveform.executive.protobuf.WVPrefs$WVPrefsMessage$Builder::buildPartial@5 (line 4918)
                      ; - ui.views.waveform.executive.protobuf.WVPrefs$WVPrefsMessage$Builder::build@1 (line 4910)
                      ; - ui.views.waveform.executive.protobuf.WVPrefs$WVPrefsMessage$Builder::build@1 (line 4838)
                      ; - ui.views.waveform.h.c::aGl@21 (line 177)
                      ; - ui.views.waveform.executive.a::mDJ@20 (line 665)
                      ; - ui.views.waveform.executive.a::mDZ@2 (line 754)
                      ; - ui.views.waveform.u::aT@22 (line 1200)
  0x000001ae22e68744: b8be 87ff 

  0x000001ae22e68748: ;   {other}
  0x000001ae22e68748: 0f1f 8400 | 385a 009c | bade ffff | ff44 894c | 2424 4c8b | 5424 384c | 8954 2428 | 448b 5424 
  0x000001ae22e68768: 5045 8bda | 4489 5c24 | 3c66 6690 

  0x000001ae22e68774: ;   {runtime_call UncommonTrapBlob}
  0x000001ae22e68774: c5f8 77e8 

  0x000001ae22e68778: ; ImmutableOopMap {rbp=NarrowOop [32]=NarrowOop [40]=Oop [60]=NarrowOop [64]=Oop [80]=NarrowOop }
                      ;*checkcast {reexecute=0 rethrow=0 return_oop=0}
                      ; - ui.views.waveform.executive.protobuf.WVPrefs$WVColorPrefs::getColoredObjects@10 (line 2365)
                      ; - ui.views.waveform.executive.protobuf.WVPrefs$WVColorPrefs::isInitialized@30 (line 2384)
                      ; - ui.views.waveform.executive.protobuf.WVPrefs$WVPrefsMessage::isInitialized@81 (line 4628)
                      ; - ui.views.waveform.executive.protobuf.WVPrefs$WVPrefsMessage$Builder::build@6 (line 4911)
                      ; - ui.views.waveform.executive.protobuf.WVPrefs$WVPrefsMessage$Builder::build@1 (line 4838)
                      ; - ui.views.waveform.h.c::aGl@21 (line 177)
                      ; - ui.views.waveform.executive.a::mDJ@20 (line 665)
                      ; - ui.views.waveform.executive.a::mDZ@2 (line 754)
                      ; - ui.views.waveform.u::aT@22 (line 1200)
  0x000001ae22e68778: 84be 87ff 

  0x000001ae22e6877c: ;   {other}
  0x000001ae22e6877c: 0f1f 8400 | 6c5a 009d | bade ffff | ff44 8b5c | 2440 4489 | 5c24 384c | 8b54 2450 | 4c89 5424 
  0x000001ae22e6879c: 4844 8b54 | 2444 4489 | 5424 3c90 

  0x000001ae22e687a8: ;   {runtime_call UncommonTrapBlob}
  0x000001ae22e687a8: c5f8 77e8 

  0x000001ae22e687ac: ; ImmutableOopMap {rbp=Oop [40]=Oop [56]=NarrowOop [60]=NarrowOop [96]=Oop }
                      ;*checkcast {reexecute=0 rethrow=0 return_oop=0}
                      ; - javax.swing.RepaintManager::addDirtyRegion0@99 (line 466)
                      ; - javax.swing.RepaintManager::addDirtyRegion@33 (line 511)
                      ; - javax.swing.JComponent::repaint@15 (line 4899)
                      ; - java.awt.Component::repaint@12 (line 3395)
                      ; - ui.frmwork.b.b::iTS@10 (line 1203)
                      ; - ui.views.waveform.c.a::mCQ@127 (line 488)
                      ; - ui.views.waveform.c.a::mCO@1 (line 348)
                      ; - ui.views.waveform.a::mBh@4 (line 289)
                      ; - ui.views.waveform.a::Pl@11 (line 116)
                      ; - ui.views.waveform.u::aT@30 (line 1201)
  0x000001ae22e687ac: 50be 87ff 

  0x000001ae22e687b0: ;   {other}
  0x000001ae22e687b0: 0f1f 8400 | a05a 009e | baf6 ffff | ff41 8be9 | 448b 5c24 | 3044 895c | 2428 448b | 5424 3444 
  0x000001ae22e687d0: 8954 242c | 448b 5c24 | 5044 895c | 2434 6690 

  0x000001ae22e687e0: ;   {runtime_call UncommonTrapBlob}
  0x000001ae22e687e0: c5f8 77e8 

  0x000001ae22e687e4: ; ImmutableOopMap {[52]=NarrowOop [56]=Oop [80]=NarrowOop }
                      ;*invokeinterface get {reexecute=0 rethrow=0 return_oop=0}
                      ; - ui.views.waveform.executive.protobuf.WVPrefs$WVColorPrefs::getColoredObjects@5 (line 2365)
                      ; - ui.views.waveform.executive.protobuf.WVPrefs$WVColorPrefs::isInitialized@30 (line 2384)
                      ; - ui.views.waveform.executive.protobuf.WVPrefs$WVPrefsMessage::isInitialized@81 (line 4628)
                      ; - ui.views.waveform.executive.protobuf.WVPrefs$WVPrefsMessage$Builder::build@6 (line 4911)
                      ; - ui.views.waveform.executive.protobuf.WVPrefs$WVPrefsMessage$Builder::build@1 (line 4838)
                      ; - ui.views.waveform.h.c::aGl@21 (line 177)
                      ; - ui.views.waveform.executive.a::mDJ@20 (line 665)
                      ; - ui.views.waveform.executive.a::mDZ@2 (line 754)
                      ; - ui.views.waveform.u::aT@22 (line 1200)
  0x000001ae22e687e4: 18be 87ff 

  0x000001ae22e687e8: ;   {other}
  0x000001ae22e687e8: 0f1f 8400 | d85a 009f | baf6 ffff | ff41 8be9 | 448b 5c24 | 3044 895c | 2428 448b | 5424 3444 
  0x000001ae22e68808: 8954 242c | 448b 5c24 | 5044 895c | 2434 6690 

  0x000001ae22e68818: ;   {runtime_call UncommonTrapBlob}
  0x000001ae22e68818: c5f8 77e8 

  0x000001ae22e6881c: ; ImmutableOopMap {[52]=NarrowOop [56]=Oop [80]=NarrowOop }
                      ;*invokeinterface get {reexecute=0 rethrow=0 return_oop=0}
                      ; - java.util.Collections$UnmodifiableList::get@5 (line 1501)
                      ; - ui.views.waveform.executive.protobuf.WVPrefs$WVColorPrefs::getColoredObjects@5 (line 2365)
                      ; - ui.views.waveform.executive.protobuf.WVPrefs$WVColorPrefs::isInitialized@30 (line 2384)
                      ; - ui.views.waveform.executive.protobuf.WVPrefs$WVPrefsMessage::isInitialized@81 (line 4628)
                      ; - ui.views.waveform.executive.protobuf.WVPrefs$WVPrefsMessage$Builder::build@6 (line 4911)
                      ; - ui.views.waveform.executive.protobuf.WVPrefs$WVPrefsMessage$Builder::build@1 (line 4838)
                      ; - ui.views.waveform.h.c::aGl@21 (line 177)
                      ; - ui.views.waveform.executive.a::mDJ@20 (line 665)
                      ; - ui.views.waveform.executive.a::mDZ@2 (line 754)
                      ; - ui.views.waveform.u::aT@22 (line 1200)
  0x000001ae22e6881c: e0bd 87ff 

  0x000001ae22e68820: ;   {other}
  0x000001ae22e68820: 0f1f 8400 | 105b 00a0 | baf4 ffff | ff8b 6c24 | 2044 894c | 2420 4c8b | 5424 384c | 8954 2428 
  0x000001ae22e68840: 448b 5424 | 3044 8954 | 2424 448b | 5c24 3444 | 895c 2430 | 448b 5424 | 5045 8bda | 4489 5c24 
  0x000001ae22e68860: 3866 6690 

  0x000001ae22e68864: ;   {runtime_call UncommonTrapBlob}
  0x000001ae22e68864: c5f8 77e8 

  0x000001ae22e68868: ; ImmutableOopMap {rbp=NarrowOop [40]=Oop [56]=NarrowOop [64]=Oop [80]=NarrowOop }
                      ;*checkcast {reexecute=0 rethrow=0 return_oop=0}
                      ; - ui.views.waveform.executive.protobuf.WVPrefs$WVColorPrefs::getColoredObjects@10 (line 2365)
                      ; - ui.views.waveform.executive.protobuf.WVPrefs$WVColorPrefs::isInitialized@30 (line 2384)
                      ; - ui.views.waveform.executive.protobuf.WVPrefs$WVPrefsMessage::isInitialized@81 (line 4628)
                      ; - ui.views.waveform.executive.protobuf.WVPrefs$WVPrefsMessage$Builder::build@6 (line 4911)
                      ; - ui.views.waveform.executive.protobuf.WVPrefs$WVPrefsMessage$Builder::build@1 (line 4838)
                      ; - ui.views.waveform.h.c::aGl@21 (line 177)
                      ; - ui.views.waveform.executive.a::mDJ@20 (line 665)
                      ; - ui.views.waveform.executive.a::mDZ@2 (line 754)
                      ; - ui.views.waveform.u::aT@22 (line 1200)
  0x000001ae22e68868: 94bd 87ff 

  0x000001ae22e6886c: ;   {other}
  0x000001ae22e6886c: 0f1f 8400 | 5c5b 00a1 | baf6 ffff | ff44 8b54 | 2430 4489 | 5424 2844 | 8b5c 2434 | 4489 5c24 
  0x000001ae22e6888c: 2c44 8b54 | 2450 458b | da44 895c | 2434 6690 

  0x000001ae22e6889c: ;   {runtime_call UncommonTrapBlob}
  0x000001ae22e6889c: c5f8 77e8 

  0x000001ae22e688a0: ; ImmutableOopMap {[52]=NarrowOop [56]=Oop [80]=NarrowOop }
                      ;*aaload {reexecute=0 rethrow=0 return_oop=0}
                      ; - java.util.ArrayList::elementData@5 (line 411)
                      ; - java.util.ArrayList::get@11 (line 428)
                      ; - java.util.Collections$UnmodifiableList::get@5 (line 1501)
                      ; - ui.views.waveform.executive.protobuf.WVPrefs$WVColorPrefs::getColoredObjects@5 (line 2365)
                      ; - ui.views.waveform.executive.protobuf.WVPrefs$WVColorPrefs::isInitialized@30 (line 2384)
                      ; - ui.views.waveform.executive.protobuf.WVPrefs$WVPrefsMessage::isInitialized@81 (line 4628)
                      ; - ui.views.waveform.executive.protobuf.WVPrefs$WVPrefsMessage$Builder::build@6 (line 4911)
                      ; - ui.views.waveform.executive.protobuf.WVPrefs$WVPrefsMessage$Builder::build@1 (line 4838)
                      ; - ui.views.waveform.h.c::aGl@21 (line 177)
                      ; - ui.views.waveform.executive.a::mDJ@20 (line 665)
                      ; - ui.views.waveform.executive.a::mDZ@2 (line 754)
                      ; - ui.views.waveform.u::aT@22 (line 1200)
  0x000001ae22e688a0: 5cbd 87ff 

  0x000001ae22e688a4: ;   {other}
  0x000001ae22e688a4: 0f1f 8400 | 945b 00a2 | baf6 ffff | ff41 8be9 | 448b 5424 | 3044 8954 | 2428 448b | 5c24 3444 
  0x000001ae22e688c4: 895c 242c | 448b 5424 | 5045 8bda | 4489 5c24 | 3466 6690 

  0x000001ae22e688d8: ;   {runtime_call UncommonTrapBlob}
  0x000001ae22e688d8: c5f8 77e8 

  0x000001ae22e688dc: ; ImmutableOopMap {[52]=NarrowOop [56]=Oop [80]=NarrowOop }
                      ;*aaload {reexecute=0 rethrow=0 return_oop=0}
                      ; - java.util.Arrays$ArrayList::get@5 (line 4266)
                      ; - java.util.Collections$UnmodifiableList::get@5 (line 1501)
                      ; - ui.views.waveform.executive.protobuf.WVPrefs$WVColorPrefs::getColoredObjects@5 (line 2365)
                      ; - ui.views.waveform.executive.protobuf.WVPrefs$WVColorPrefs::isInitialized@30 (line 2384)
                      ; - ui.views.waveform.executive.protobuf.WVPrefs$WVPrefsMessage::isInitialized@81 (line 4628)
                      ; - ui.views.waveform.executive.protobuf.WVPrefs$WVPrefsMessage$Builder::build@6 (line 4911)
                      ; - ui.views.waveform.executive.protobuf.WVPrefs$WVPrefsMessage$Builder::build@1 (line 4838)
                      ; - ui.views.waveform.h.c::aGl@21 (line 177)
                      ; - ui.views.waveform.executive.a::mDJ@20 (line 665)
                      ; - ui.views.waveform.executive.a::mDZ@2 (line 754)
                      ; - ui.views.waveform.u::aT@22 (line 1200)
  0x000001ae22e688dc: 20bd 87ff 

  0x000001ae22e688e0: ;   {other}
  0x000001ae22e688e0: 0f1f 8400 | d05b 00a3 | baf6 ffff | ff66 6690 

  0x000001ae22e688f0: ;   {runtime_call UncommonTrapBlob}
  0x000001ae22e688f0: c5f8 77e8 

  0x000001ae22e688f4: ; ImmutableOopMap {}
                      ;*invokevirtual mDZ {reexecute=0 rethrow=0 return_oop=0}
                      ; - ui.views.waveform.u::aT@22 (line 1200)
  0x000001ae22e688f4: 08bd 87ff 

  0x000001ae22e688f8: ;   {other}
  0x000001ae22e688f8: 0f1f 8400 | e85b 00a4 | baf6 ffff | ff66 6690 

  0x000001ae22e68908: ;   {runtime_call UncommonTrapBlob}
  0x000001ae22e68908: c5f8 77e8 

  0x000001ae22e6890c: ; ImmutableOopMap {}
                      ;*invokevirtual length {reexecute=0 rethrow=0 return_oop=0}
                      ; - ui.views.waveform.executive.a::mDJ@11 (line 662)
                      ; - ui.views.waveform.executive.a::mDZ@2 (line 754)
                      ; - ui.views.waveform.u::aT@22 (line 1200)
  0x000001ae22e6890c: f0bc 87ff 

  0x000001ae22e68910: ;   {other}
  0x000001ae22e68910: 0f1f 8400 | 005c 00a5 | baf6 ffff | ff66 6690 

  0x000001ae22e68920: ;   {runtime_call UncommonTrapBlob}
  0x000001ae22e68920: c5f8 77e8 

  0x000001ae22e68924: ; ImmutableOopMap {}
                      ;*arraylength {reexecute=0 rethrow=0 return_oop=0}
                      ; - java.lang.String::length@4 (line 1519)
                      ; - ui.views.waveform.executive.a::mDJ@11 (line 662)
                      ; - ui.views.waveform.executive.a::mDZ@2 (line 754)
                      ; - ui.views.waveform.u::aT@22 (line 1200)
  0x000001ae22e68924: d8bc 87ff 

  0x000001ae22e68928: ;   {other}
  0x000001ae22e68928: 0f1f 8400 | 185c 00a6 | baf6 ffff | ff48 8b6c | 2438 448b | 5c24 3044 | 895c 2428 | 448b 5424 
  0x000001ae22e68948: 3444 8954 | 242c 4889 | 4424 f88b | 4424 5089 | 4424 3048 | 8b44 24f8 

  0x000001ae22e68960: ;   {runtime_call UncommonTrapBlob}
  0x000001ae22e68960: c5f8 77e8 

  0x000001ae22e68964: ; ImmutableOopMap {rbp=Oop [32]=Oop [48]=NarrowOop }
                      ;*arraylength {reexecute=0 rethrow=0 return_oop=0}
                      ; - ui.views.waveform.h.c::aGl@13 (line 177)
                      ; - ui.views.waveform.executive.a::mDJ@20 (line 665)
                      ; - ui.views.waveform.executive.a::mDZ@2 (line 754)
                      ; - ui.views.waveform.u::aT@22 (line 1200)
  0x000001ae22e68964: 98bc 87ff 

  0x000001ae22e68968: ;   {other}
  0x000001ae22e68968: 0f1f 8400 | 585c 00a7 | baf4 ffff | ff48 8b6c | 2438 448b | 5424 3044 | 8954 2428 | 448b 5c24 
  0x000001ae22e68988: 3444 895c | 242c 448b | 5424 5045 | 8bda 4489 | 5c24 344c | 8b54 2440 | 4c89 5424 | 3866 6690 
  0x000001ae22e689a8: ;   {runtime_call UncommonTrapBlob}
  0x000001ae22e689a8: c5f8 77e8 

  0x000001ae22e689ac: ; ImmutableOopMap {rbp=Oop [32]=Oop [52]=NarrowOop [56]=Oop [80]=NarrowOop }
                      ;*checkcast {reexecute=0 rethrow=0 return_oop=0}
                      ; - ui.views.waveform.executive.protobuf.WVPrefs$WVPrefsMessage$Builder::mergeUnknownFields@5 (line 5465)
                      ; - ui.views.waveform.executive.protobuf.WVPrefs$WVPrefsMessage$Builder::mergeFrom@62 (line 5007)
                      ; - ui.views.waveform.executive.protobuf.WVPrefs$WVPrefsMessage$Builder::mergeFrom@22 (line 5048)
                      ; - ui.views.waveform.executive.protobuf.WVPrefs$WVPrefsMessage$Builder::mergeFrom@3 (line 4838)
                      ; - com.google.protobuf.AbstractMessage$Builder::mergeFrom@5 (line 418)
                      ; - com.google.protobuf.AbstractMessage$Builder::mergeFrom@2 (line 317)
                      ; - com.google.protobuf.AbstractMessageLite$Builder::mergeFrom@11 (line 222)
                      ; - com.google.protobuf.AbstractMessage$Builder::mergeFrom@4 (line 535)
                      ; - com.google.protobuf.AbstractMessage$Builder::mergeFrom@4 (line 317)
                      ; - ui.views.waveform.h.c::aGl@16 (line 177)
                      ; - ui.views.waveform.executive.a::mDJ@20 (line 665)
                      ; - ui.views.waveform.executive.a::mDZ@2 (line 754)
                      ; - ui.views.waveform.u::aT@22 (line 1200)
  0x000001ae22e689ac: 50bc 87ff 

  0x000001ae22e689b0: ;   {other}
  0x000001ae22e689b0: 0f1f 8400 | a05c 00a8 | baf4 ffff | ff48 8b6c | 2438 448b | 5424 3044 | 8954 2420 | 448b 5c24 
  0x000001ae22e689d0: 3444 895c | 2424 448b | 5424 5045 | 8bda 4489 | 5c24 2c48 | 897c 2440 | 4889 7c24 | 4848 895c 
  0x000001ae22e689f0: 2450 6690 

  0x000001ae22e689f4: ;   {runtime_call UncommonTrapBlob}
  0x000001ae22e689f4: c5f8 77e8 

  0x000001ae22e689f8: ; ImmutableOopMap {rbp=Oop [44]=NarrowOop [64]=Oop [72]=Oop [80]=Oop }
                      ;*instanceof {reexecute=0 rethrow=0 return_oop=0}
                      ; - com.google.protobuf.GeneratedMessageV3$Builder::getUnknownFields@4 (line 845)
                      ; - com.google.protobuf.GeneratedMessageV3::<init>@6 (line 98)
                      ; - ui.views.waveform.executive.protobuf.WVPrefs$WVPrefsMessage::<init>@2 (line 4430)
                      ; - ui.views.waveform.executive.protobuf.WVPrefs$WVPrefsMessage$Builder::buildPartial@5 (line 4918)
                      ; - ui.views.waveform.executive.protobuf.WVPrefs$WVPrefsMessage$Builder::build@1 (line 4910)
                      ; - ui.views.waveform.executive.protobuf.WVPrefs$WVPrefsMessage$Builder::build@1 (line 4838)
                      ; - ui.views.waveform.h.c::aGl@21 (line 177)
                      ; - ui.views.waveform.executive.a::mDJ@20 (line 665)
                      ; - ui.views.waveform.executive.a::mDZ@2 (line 754)
                      ; - ui.views.waveform.u::aT@22 (line 1200)
  0x000001ae22e689f8: 04bc 87ff 

  0x000001ae22e689fc: ;   {other}
  0x000001ae22e689fc: 0f1f 8400 | ec5c 00a9 | baf6 ffff | ff48 8b6c | 2438 448b | 5424 5045 | 8bda 4489 | 5c24 2c90 
  0x000001ae22e68a1c: ;   {runtime_call UncommonTrapBlob}
  0x000001ae22e68a1c: c5f8 77e8 

  0x000001ae22e68a20: ; ImmutableOopMap {rbp=Oop [44]=NarrowOop [80]=NarrowOop }
                      ;*invokeinterface size {reexecute=0 rethrow=0 return_oop=0}
                      ; - ui.views.waveform.executive.protobuf.WVPrefs$WVColorPrefs::getColoredObjectsCount@4 (line 2358)
                      ; - ui.views.waveform.executive.protobuf.WVPrefs$WVColorPrefs::isInitialized@22 (line 2383)
                      ; - ui.views.waveform.executive.protobuf.WVPrefs$WVPrefsMessage::isInitialized@81 (line 4628)
                      ; - ui.views.waveform.executive.protobuf.WVPrefs$WVPrefsMessage$Builder::build@6 (line 4911)
                      ; - ui.views.waveform.executive.protobuf.WVPrefs$WVPrefsMessage$Builder::build@1 (line 4838)
                      ; - ui.views.waveform.h.c::aGl@21 (line 177)
                      ; - ui.views.waveform.executive.a::mDJ@20 (line 665)
                      ; - ui.views.waveform.executive.a::mDZ@2 (line 754)
                      ; - ui.views.waveform.u::aT@22 (line 1200)
  0x000001ae22e68a20: dcbb 87ff 

  0x000001ae22e68a24: ;   {other}
  0x000001ae22e68a24: 0f1f 8400 | 145d 00aa | baf6 ffff | ff8b 6c24 | 3466 6690 

  0x000001ae22e68a38: ;   {runtime_call UncommonTrapBlob}
  0x000001ae22e68a38: c5f8 77e8 

  0x000001ae22e68a3c: ; ImmutableOopMap {}
                      ;*invokevirtual Pl {reexecute=0 rethrow=0 return_oop=0}
                      ; - ui.views.waveform.u::aT@30 (line 1201)
  0x000001ae22e68a3c: c0bb 87ff 

  0x000001ae22e68a40: ;   {other}
  0x000001ae22e68a40: 0f1f 8400 | 305d 00ab | baf6 ffff | ff66 6690 

  0x000001ae22e68a50: ;   {runtime_call UncommonTrapBlob}
  0x000001ae22e68a50: c5f8 77e8 

  0x000001ae22e68a54: ; ImmutableOopMap {}
                      ;*invokevirtual mCO {reexecute=0 rethrow=0 return_oop=0}
                      ; - ui.views.waveform.a::mBh@4 (line 289)
                      ; - ui.views.waveform.a::Pl@11 (line 116)
                      ; - ui.views.waveform.u::aT@30 (line 1201)
  0x000001ae22e68a54: a8bb 87ff 

  0x000001ae22e68a58: ;   {other}
  0x000001ae22e68a58: 0f1f 8400 | 485d 00ac | baf6 ffff | ff66 6690 

  0x000001ae22e68a68: ;   {runtime_call UncommonTrapBlob}
  0x000001ae22e68a68: c5f8 77e8 

  0x000001ae22e68a6c: ; ImmutableOopMap {}
                      ;*getfield zvP {reexecute=1 rethrow=0 return_oop=0}
                      ; - (reexecute) ui.views.waveform.c.a::mCQ@4 (line 463)
                      ; - ui.views.waveform.c.a::mCO@1 (line 348)
                      ; - ui.views.waveform.a::mBh@4 (line 289)
                      ; - ui.views.waveform.a::Pl@11 (line 116)
                      ; - ui.views.waveform.u::aT@30 (line 1201)
  0x000001ae22e68a6c: 90bb 87ff 

  0x000001ae22e68a70: ;   {other}
  0x000001ae22e68a70: 0f1f 8400 | 605d 00ad | baf6 ffff | ff66 6690 

  0x000001ae22e68a80: ;   {runtime_call UncommonTrapBlob}
  0x000001ae22e68a80: c5f8 77e8 

  0x000001ae22e68a84: ; ImmutableOopMap {}
                      ;*invokevirtual mDy {reexecute=0 rethrow=0 return_oop=0}
                      ; - ui.views.waveform.c.a::mCQ@7 (line 463)
                      ; - ui.views.waveform.c.a::mCO@1 (line 348)
                      ; - ui.views.waveform.a::mBh@4 (line 289)
                      ; - ui.views.waveform.a::Pl@11 (line 116)
                      ; - ui.views.waveform.u::aT@30 (line 1201)
  0x000001ae22e68a84: 78bb 87ff 

  0x000001ae22e68a88: ;   {other}
  0x000001ae22e68a88: 0f1f 8400 | 785d 00ae | baf6 ffff | ff66 6690 

  0x000001ae22e68a98: ;   {runtime_call UncommonTrapBlob}
  0x000001ae22e68a98: c5f8 77e8 

  0x000001ae22e68a9c: ; ImmutableOopMap {}
                      ;*invokevirtual Pn {reexecute=0 rethrow=0 return_oop=0}
                      ; - ui.views.waveform.a::Pn@5 (line 285)
                      ; - ui.views.waveform.a::Pl@25 (line 120)
                      ; - ui.views.waveform.u::aT@30 (line 1201)
  0x000001ae22e68a9c: 60bb 87ff 

  0x000001ae22e68aa0: ;   {other}
  0x000001ae22e68aa0: 0f1f 8400 | 905d 00af | baf6 ffff | ff66 6690 

  0x000001ae22e68ab0: ;   {runtime_call UncommonTrapBlob}
  0x000001ae22e68ab0: c5f8 77e8 

  0x000001ae22e68ab4: ; ImmutableOopMap {}
                      ;*invokevirtual fNl {reexecute=0 rethrow=0 return_oop=0}
                      ; - ui.data.r.a::ci@10 (line 371)
                      ; - ui.views.waveform.c.a::mCQ@117 (line 484)
                      ; - ui.views.waveform.c.a::mCO@1 (line 348)
                      ; - ui.views.waveform.a::mBh@4 (line 289)
                      ; - ui.views.waveform.a::Pl@11 (line 116)
                      ; - ui.views.waveform.u::aT@30 (line 1201)
  0x000001ae22e68ab4: 48bb 87ff 

  0x000001ae22e68ab8: ;   {other}
  0x000001ae22e68ab8: 0f1f 8400 | a85d 00b0 | baf6 ffff | ff66 6690 

  0x000001ae22e68ac8: ;   {runtime_call UncommonTrapBlob}
  0x000001ae22e68ac8: c5f8 77e8 

  0x000001ae22e68acc: ; ImmutableOopMap {}
                      ;*getfield width {reexecute=1 rethrow=0 return_oop=0}
                      ; - (reexecute) ui.views.waveform.c.a::ike@12 (line 224)
                      ; - ui.frmwork.b.b::iTS@2 (line 1202)
                      ; - ui.views.waveform.c.a::mCQ@127 (line 488)
                      ; - ui.views.waveform.c.a::mCO@1 (line 348)
                      ; - ui.views.waveform.a::mBh@4 (line 289)
                      ; - ui.views.waveform.a::Pl@11 (line 116)
                      ; - ui.views.waveform.u::aT@30 (line 1201)
  0x000001ae22e68acc: 30bb 87ff 

  0x000001ae22e68ad0: ;   {other}
  0x000001ae22e68ad0: 0f1f 8400 | c05d 00b1 | baf6 ffff | ff66 6690 

  0x000001ae22e68ae0: ;   {runtime_call UncommonTrapBlob}
  0x000001ae22e68ae0: c5f8 77e8 

  0x000001ae22e68ae4: ; ImmutableOopMap {}
                      ;*invokevirtual iUs {reexecute=0 rethrow=0 return_oop=0}
                      ; - ui.frmwork.b.b::UY@7 (line 1421)
                      ; - ui.frmwork.b.b::K@18 (line 1248)
                      ; - ui.frmwork.b.b::iTS@5 (line 1202)
                      ; - ui.views.waveform.c.a::mCQ@127 (line 488)
                      ; - ui.views.waveform.c.a::mCO@1 (line 348)
                      ; - ui.views.waveform.a::mBh@4 (line 289)
                      ; - ui.views.waveform.a::Pl@11 (line 116)
                      ; - ui.views.waveform.u::aT@30 (line 1201)
  0x000001ae22e68ae4: 18bb 87ff 

  0x000001ae22e68ae8: ;   {other}
  0x000001ae22e68ae8: 0f1f 8400 | d85d 00b2 | baf4 ffff | ff4c 8b54 | 2438 4c89 | 5424 2890 

  0x000001ae22e68b00: ;   {runtime_call UncommonTrapBlob}
  0x000001ae22e68b00: c5f8 77e8 

  0x000001ae22e68b04: ; ImmutableOopMap {rbp=Oop [40]=Oop [64]=NarrowOop [68]=NarrowOop }
                      ;*checkcast {reexecute=0 rethrow=0 return_oop=0}
                      ; - javax.swing.RepaintManager::currentManager@7 (line 283)
                      ; - javax.swing.JComponent::repaint@4 (line 4898)
                      ; - java.awt.Component::repaint@12 (line 3395)
                      ; - ui.frmwork.b.b::iTS@10 (line 1203)
                      ; - ui.views.waveform.c.a::mCQ@127 (line 488)
                      ; - ui.views.waveform.c.a::mCO@1 (line 348)
                      ; - ui.views.waveform.a::mBh@4 (line 289)
                      ; - ui.views.waveform.a::Pl@11 (line 116)
                      ; - ui.views.waveform.u::aT@30 (line 1201)
  0x000001ae22e68b04: f8ba 87ff 

  0x000001ae22e68b08: ;   {other}
  0x000001ae22e68b08: 0f1f 8400 | f85d 00b3 | ba45 ffff | ff48 8b6c | 2438 448b | 5c24 3044 | 895c 2420 | 448b 5424 
  0x000001ae22e68b28: 3444 8954 | 2424 448b | 5c24 5044 | 895c 242c | 4889 7c24 | 3889 4c24 | 4066 6690 

  0x000001ae22e68b44: ;   {runtime_call UncommonTrapBlob}
  0x000001ae22e68b44: c5f8 77e8 

  0x000001ae22e68b48: ; ImmutableOopMap {rbp=Oop [44]=NarrowOop [56]=Oop [64]=NarrowOop [80]=NarrowOop }
                      ;*ifnonnull {reexecute=1 rethrow=0 return_oop=0}
                      ; - (reexecute) ui.views.waveform.executive.protobuf.WVPrefs$WVPrefsMessage::getGeneralPrefs@4 (line 4547)
                      ; - ui.views.waveform.executive.protobuf.WVPrefs$WVPrefsMessage::isInitialized@61 (line 4624)
                      ; - ui.views.waveform.executive.protobuf.WVPrefs$WVPrefsMessage$Builder::build@6 (line 4911)
                      ; - ui.views.waveform.executive.protobuf.WVPrefs$WVPrefsMessage$Builder::build@1 (line 4838)
                      ; - ui.views.waveform.h.c::aGl@21 (line 177)
                      ; - ui.views.waveform.executive.a::mDJ@20 (line 665)
                      ; - ui.views.waveform.executive.a::mDZ@2 (line 754)
                      ; - ui.views.waveform.u::aT@22 (line 1200)
  0x000001ae22e68b48: b4ba 87ff 

  0x000001ae22e68b4c: ;   {other}
  0x000001ae22e68b4c: 0f1f 8400 | 3c5e 00b4 | ba45 ffff | ff41 8be8 | 4c8b 5424 | 384c 8954 | 2420 448b | 5424 3044 
  0x000001ae22e68b6c: 8954 2428 | 448b 5c24 | 3444 895c | 242c 448b | 5424 5045 | 8bda 4489 | 5c24 3448 | 897c 2440 
  0x000001ae22e68b8c: ;   {runtime_call UncommonTrapBlob}
  0x000001ae22e68b8c: c5f8 77e8 

  0x000001ae22e68b90: ; ImmutableOopMap {rbp=NarrowOop [32]=Oop [52]=NarrowOop [64]=Oop [80]=NarrowOop }
                      ;*ifnonnull {reexecute=1 rethrow=0 return_oop=0}
                      ; - (reexecute) ui.views.waveform.executive.protobuf.WVPrefs$WVPrefsMessage::getColorPrefs@4 (line 4571)
                      ; - ui.views.waveform.executive.protobuf.WVPrefs$WVPrefsMessage::isInitialized@78 (line 4628)
                      ; - ui.views.waveform.executive.protobuf.WVPrefs$WVPrefsMessage$Builder::build@6 (line 4911)
                      ; - ui.views.waveform.executive.protobuf.WVPrefs$WVPrefsMessage$Builder::build@1 (line 4838)
                      ; - ui.views.waveform.h.c::aGl@21 (line 177)
                      ; - ui.views.waveform.executive.a::mDJ@20 (line 665)
                      ; - ui.views.waveform.executive.a::mDZ@2 (line 754)
                      ; - ui.views.waveform.u::aT@22 (line 1200)
  0x000001ae22e68b90: 6cba 87ff 

  0x000001ae22e68b94: ;   {other}
  0x000001ae22e68b94: 0f1f 8400 | 845e 00b5 | ba45 ffff | ff4c 8b54 | 2438 4c89 | 5424 2044 | 8b44 2440 | 4489 4424 
  0x000001ae22e68bb4: 3844 895c | 2440 6690 

  0x000001ae22e68bbc: ;   {runtime_call UncommonTrapBlob}
  0x000001ae22e68bbc: c5f8 77e8 

  0x000001ae22e68bc0: ; ImmutableOopMap {rbp=NarrowOop [32]=Oop [56]=NarrowOop [64]=NarrowOop [68]=NarrowOop [104]=Oop }
                      ;*ifnull {reexecute=1 rethrow=0 return_oop=0}
                      ; - (reexecute) ui.views.waveform.executive.a::mDy@65 (line 507)
                      ; - ui.views.waveform.c.a::mCQ@7 (line 463)
                      ; - ui.views.waveform.c.a::mCO@1 (line 348)
                      ; - ui.views.waveform.a::mBh@4 (line 289)
                      ; - ui.views.waveform.a::Pl@11 (line 116)
                      ; - ui.views.waveform.u::aT@30 (line 1201)
  0x000001ae22e68bc0: 3cba 87ff 

  0x000001ae22e68bc4: ;   {other}
  0x000001ae22e68bc4: 0f1f 8400 | b45e 00b6 | ba45 ffff | ff48 8b6c | 2438 448b | 4424 3044 | 8944 2420 | 448b 5424 
  0x000001ae22e68be4: 3444 8954 | 2424 448b | 4424 5044 | 8944 242c | 4889 5c24 | 3844 895c | 2440 6690 

  0x000001ae22e68c00: ;   {runtime_call UncommonTrapBlob}
  0x000001ae22e68c00: c5f8 77e8 

  0x000001ae22e68c04: ; ImmutableOopMap {rbp=Oop [44]=NarrowOop [56]=Oop [64]=NarrowOop [80]=NarrowOop }
                      ;*ifnonnull {reexecute=1 rethrow=0 return_oop=0}
                      ; - (reexecute) ui.views.waveform.executive.protobuf.WVPrefs$WVPrefsMessage::getTimeValuePrefs@4 (line 4595)
                      ; - ui.views.waveform.executive.protobuf.WVPrefs$WVPrefsMessage::isInitialized@95 (line 4632)
                      ; - ui.views.waveform.executive.protobuf.WVPrefs$WVPrefsMessage$Builder::build@6 (line 4911)
                      ; - ui.views.waveform.executive.protobuf.WVPrefs$WVPrefsMessage$Builder::build@1 (line 4838)
                      ; - ui.views.waveform.h.c::aGl@21 (line 177)
                      ; - ui.views.waveform.executive.a::mDJ@20 (line 665)
                      ; - ui.views.waveform.executive.a::mDZ@2 (line 754)
                      ; - ui.views.waveform.u::aT@22 (line 1200)
  0x000001ae22e68c04: f8b9 87ff 

  0x000001ae22e68c08: ;   {other}
  0x000001ae22e68c08: 0f1f 8400 | f85e 00b7 | ba45 ffff | ff48 8b6c | 2438 448b | 5c24 3044 | 895c 2420 | 448b 4c24 
  0x000001ae22e68c28: 4044 894c | 2424 448b | 5c24 3444 | 895c 2428 | 4c89 4424 | 3844 8954 | 2440 6690 

  0x000001ae22e68c44: ;   {runtime_call UncommonTrapBlob}
  0x000001ae22e68c44: c5f8 77e8 

  0x000001ae22e68c48: ; ImmutableOopMap {rbp=Oop [36]=NarrowOop [56]=Oop [64]=NarrowOop [68]=NarrowOop [136]=Oop }
                      ;*ifnonnull {reexecute=1 rethrow=0 return_oop=0}
                      ; - (reexecute) ui.utils.x::jOC@3 (line 1458)
                      ; - ui.utils.x::bzD@0 (line 1498)
                      ; - ui.views.waveform.h.c::debug@0 (line 61)
                      ; - ui.views.waveform.executive.a::mDy@109 (line 513)
                      ; - ui.views.waveform.c.a::mCQ@7 (line 463)
                      ; - ui.views.waveform.c.a::mCO@1 (line 348)
                      ; - ui.views.waveform.a::mBh@4 (line 289)
                      ; - ui.views.waveform.a::Pl@11 (line 116)
                      ; - ui.views.waveform.u::aT@30 (line 1201)
  0x000001ae22e68c48: b4b9 87ff 

  0x000001ae22e68c4c: ;   {other}
  0x000001ae22e68c4c: 0f1f 8400 | 3c5f 00b8 | ba45 ffff | ff4c 8b54 | 2438 4c89 | 5424 2844 | 8b54 2440 | 4489 5424 
  0x000001ae22e68c6c: 3844 8b5c | 2444 4489 | 5c24 4090 

  0x000001ae22e68c78: ;   {runtime_call UncommonTrapBlob}
  0x000001ae22e68c78: c5f8 77e8 

  0x000001ae22e68c7c: ; ImmutableOopMap {rbp=NarrowOop [40]=Oop [56]=NarrowOop [64]=NarrowOop [68]=NarrowOop }
                      ;*ifnonnull {reexecute=1 rethrow=0 return_oop=0}
                      ; - (reexecute) sun.awt.AWTAccessor::getComponentAccessor@5 (line 911)
                      ; - sun.awt.SunToolkit::getAppContext@7 (line 359)
                      ; - sun.awt.SunToolkit::targetToAppContext@7 (line 379)
                      ; - javax.swing.JComponent::repaint@1 (line 4898)
                      ; - java.awt.Component::repaint@12 (line 3395)
                      ; - ui.frmwork.b.b::iTS@10 (line 1203)
                      ; - ui.views.waveform.c.a::mCQ@127 (line 488)
                      ; - ui.views.waveform.c.a::mCO@1 (line 348)
                      ; - ui.views.waveform.a::mBh@4 (line 289)
                      ; - ui.views.waveform.a::Pl@11 (line 116)
                      ; - ui.views.waveform.u::aT@30 (line 1201)
  0x000001ae22e68c7c: 80b9 87ff 

  0x000001ae22e68c80: ;   {other}
  0x000001ae22e68c80: 0f1f 8400 | 705f 00b9 | ba45 ffff | ff4c 8b54 | 2450 4c89 | 5424 4890 

  0x000001ae22e68c98: ;   {runtime_call UncommonTrapBlob}
  0x000001ae22e68c98: c5f8 77e8 

  0x000001ae22e68c9c: ; ImmutableOopMap {rbp=NarrowOop [40]=Oop [56]=Oop [64]=NarrowOop [68]=NarrowOop }
                      ;*ifnonnull {reexecute=1 rethrow=0 return_oop=0}
                      ; - (reexecute) sun.awt.AWTAccessor::getComponentAccessor@5 (line 911)
                      ; - sun.awt.SunToolkit::getAppContext@7 (line 359)
                      ; - sun.awt.SunToolkit::targetToAppContext@7 (line 379)
                      ; - com.sun.java.swing.SwingUtilities3::getDelegateRepaintManager@6 (line 127)
                      ; - javax.swing.RepaintManager::getDelegate@1 (line 1901)
                      ; - javax.swing.RepaintManager::addDirtyRegion@2 (line 506)
                      ; - javax.swing.JComponent::repaint@15 (line 4899)
                      ; - java.awt.Component::repaint@12 (line 3395)
                      ; - ui.frmwork.b.b::iTS@10 (line 1203)
                      ; - ui.views.waveform.c.a::mCQ@127 (line 488)
                      ; - ui.views.waveform.c.a::mCO@1 (line 348)
                      ; - ui.views.waveform.a::mBh@4 (line 289)
                      ; - ui.views.waveform.a::Pl@11 (line 116)
                      ; - ui.views.waveform.u::aT@30 (line 1201)
  0x000001ae22e68c9c: 60b9 87ff 

  0x000001ae22e68ca0: ;   {other}
  0x000001ae22e68ca0: 0f1f 8400 | 905f 00ba | ba45 ffff | ff48 8b6c | 2438 448b | 4c24 3044 | 894c 2420 | 448b 4c24 
  0x000001ae22e68cc0: 3444 894c | 2428 4c89 | 4424 3044 | 895c 242c 

  0x000001ae22e68cd0: ;   {runtime_call UncommonTrapBlob}
  0x000001ae22e68cd0: c5f8 77e8 

  0x000001ae22e68cd4: ; ImmutableOopMap {rbp=Oop [44]=NarrowOop [48]=Oop [64]=NarrowOop }
                      ;*ifnonnull {reexecute=1 rethrow=0 return_oop=0}
                      ; - (reexecute) ui.utils.x::jOC@3 (line 1458)
                      ; - ui.utils.x::bzD@0 (line 1498)
                      ; - ui.views.waveform.h.c::debug@0 (line 61)
                      ; - ui.views.waveform.c.a::mCQ@140 (line 490)
                      ; - ui.views.waveform.c.a::mCO@1 (line 348)
                      ; - ui.views.waveform.a::mBh@4 (line 289)
                      ; - ui.views.waveform.a::Pl@11 (line 116)
                      ; - ui.views.waveform.u::aT@30 (line 1201)
  0x000001ae22e68cd4: 28b9 87ff 

  0x000001ae22e68cd8: ;   {other}
  0x000001ae22e68cd8: 0f1f 8400 | c85f 00bb | baf6 ffff | ff66 6690 

  0x000001ae22e68ce8: ;   {runtime_call UncommonTrapBlob}
  0x000001ae22e68ce8: c5f8 77e8 

  0x000001ae22e68cec: ; ImmutableOopMap {}
                      ;*putfield height {reexecute=1 rethrow=0 return_oop=0}
                      ; - (reexecute) ui.utils.swing.p.G::getPreferredSize@34 (line 143)
                      ; - ui.views.waveform.c.a::ike@1 (line 223)
                      ; - ui.frmwork.b.b::iTS@2 (line 1202)
                      ; - ui.views.waveform.c.a::mCQ@127 (line 488)
                      ; - ui.views.waveform.c.a::mCO@1 (line 348)
                      ; - ui.views.waveform.a::mBh@4 (line 289)
                      ; - ui.views.waveform.a::Pl@11 (line 116)
                      ; - ui.views.waveform.u::aT@30 (line 1201)
  0x000001ae22e68cec: 10b9 87ff 

  0x000001ae22e68cf0: ;   {other}
  0x000001ae22e68cf0: 0f1f 8400 | e05f 00bc | baf6 ffff | ff66 6690 

  0x000001ae22e68d00: ;   {runtime_call UncommonTrapBlob}
  0x000001ae22e68d00: c5f8 77e8 

  0x000001ae22e68d04: ; ImmutableOopMap {}
                      ;*invokevirtual get {reexecute=0 rethrow=0 return_oop=0}
                      ; - javax.swing.RepaintManager::currentManager@4 (line 283)
                      ; - javax.swing.JComponent::repaint@4 (line 4898)
                      ; - java.awt.Component::repaint@12 (line 3395)
                      ; - ui.frmwork.b.b::iTS@10 (line 1203)
                      ; - ui.views.waveform.c.a::mCQ@127 (line 488)
                      ; - ui.views.waveform.c.a::mCO@1 (line 348)
                      ; - ui.views.waveform.a::mBh@4 (line 289)
                      ; - ui.views.waveform.a::Pl@11 (line 116)
                      ; - ui.views.waveform.u::aT@30 (line 1201)
  0x000001ae22e68d04: f8b8 87ff 

  0x000001ae22e68d08: ;   {other}
  0x000001ae22e68d08: 0f1f 8400 | f85f 00bd | baf6 ffff | ff66 6690 

  0x000001ae22e68d18: ;   {runtime_call UncommonTrapBlob}
  0x000001ae22e68d18: c5f8 77e8 

  0x000001ae22e68d1c: ; ImmutableOopMap {}
                      ;*invokevirtual get {reexecute=0 rethrow=0 return_oop=0}
                      ; - com.sun.java.swing.SwingUtilities3::getDelegateRepaintManager@12 (line 128)
                      ; - javax.swing.RepaintManager::getDelegate@1 (line 1901)
                      ; - javax.swing.RepaintManager::addDirtyRegion@2 (line 506)
                      ; - javax.swing.JComponent::repaint@15 (line 4899)
                      ; - java.awt.Component::repaint@12 (line 3395)
                      ; - ui.frmwork.b.b::iTS@10 (line 1203)
                      ; - ui.views.waveform.c.a::mCQ@127 (line 488)
                      ; - ui.views.waveform.c.a::mCO@1 (line 348)
                      ; - ui.views.waveform.a::mBh@4 (line 289)
                      ; - ui.views.waveform.a::Pl@11 (line 116)
                      ; - ui.views.waveform.u::aT@30 (line 1201)
  0x000001ae22e68d1c: e0b8 87ff 

  0x000001ae22e68d20: ;   {other}
  0x000001ae22e68d20: 0f1f 8400 | 1060 00be | baf6 ffff | ff48 8b6c | 2438 448b | 5c24 3044 | 895c 2420 | 448b 5424 
  0x000001ae22e68d40: 4044 8954 | 2424 448b | 5c24 3444 | 895c 2430 | 4c8b 5424 | 504c 8954 | 2438 448b | 5424 4444 
  0x000001ae22e68d60: 8954 2434 | 4c89 4c24 | 5066 6690 

  0x000001ae22e68d6c: ;   {runtime_call UncommonTrapBlob}
  0x000001ae22e68d6c: c5f8 77e8 

  0x000001ae22e68d70: ; ImmutableOopMap {rbp=Oop [36]=NarrowOop [40]=Oop [52]=NarrowOop [80]=Oop }
                      ;*invokeinterface put {reexecute=0 rethrow=0 return_oop=0}
                      ; - javax.swing.RepaintManager::addDirtyRegion0@176 (line 484)
                      ; - javax.swing.RepaintManager::addDirtyRegion@33 (line 511)
                      ; - javax.swing.JComponent::repaint@15 (line 4899)
                      ; - java.awt.Component::repaint@12 (line 3395)
                      ; - ui.frmwork.b.b::iTS@10 (line 1203)
                      ; - ui.views.waveform.c.a::mCQ@127 (line 488)
                      ; - ui.views.waveform.c.a::mCO@1 (line 348)
                      ; - ui.views.waveform.a::mBh@4 (line 289)
                      ; - ui.views.waveform.a::Pl@11 (line 116)
                      ; - ui.views.waveform.u::aT@30 (line 1201)
  0x000001ae22e68d70: 8cb8 87ff 

  0x000001ae22e68d74: ;   {other}
  0x000001ae22e68d74: 0f1f 8400 | 6460 00bf | ba45 ffff | ff4c 8b54 | 2438 4c89 | 5424 2044 | 8b5c 2440 | 4489 5c24 
  0x000001ae22e68d94: 3844 8b54 | 2444 4489 | 5424 4090 

  0x000001ae22e68da0: ;   {runtime_call UncommonTrapBlob}
  0x000001ae22e68da0: c5f8 77e8 

  0x000001ae22e68da4: ; ImmutableOopMap {rbp=NarrowOop [32]=Oop [40]=Oop [56]=NarrowOop [64]=NarrowOop [68]=NarrowOop }
                      ;*ifnonnull {reexecute=1 rethrow=0 return_oop=0}
                      ; - (reexecute) sun.awt.AWTAccessor::getComponentAccessor@5 (line 911)
                      ; - sun.awt.SunToolkit::getAppContext@7 (line 359)
                      ; - sun.awt.SunToolkit::targetToAppContext@7 (line 379)
                      ; - javax.swing.RepaintManager::addDirtyRegion0@198 (line 489)
                      ; - javax.swing.RepaintManager::addDirtyRegion@33 (line 511)
                      ; - javax.swing.JComponent::repaint@15 (line 4899)
                      ; - java.awt.Component::repaint@12 (line 3395)
                      ; - ui.frmwork.b.b::iTS@10 (line 1203)
                      ; - ui.views.waveform.c.a::mCQ@127 (line 488)
                      ; - ui.views.waveform.c.a::mCO@1 (line 348)
                      ; - ui.views.waveform.a::mBh@4 (line 289)
                      ; - ui.views.waveform.a::Pl@11 (line 116)
                      ; - ui.views.waveform.u::aT@30 (line 1201)
  0x000001ae22e68da4: 58b8 87ff 

  0x000001ae22e68da8: ;   {other}
  0x000001ae22e68da8: 0f1f 8400 | 9860 00c0 | 4c8b d0eb | 334c 8bd0 | e920 0700 | 0048 8bd8 | e9c0 0400 | 004c 8bc8 
  0x000001ae22e68dc8: e98a 0a00 | 004c 8bc8 | e982 0a00 | 0048 8bd8 | e90b 0700 | 004c 8bd0 | e9f8 0600 | 004c 8bd0 
  0x000001ae22e68de8: 4d8b cae9 | 670a 0000 | 4c8b c8e9 | 5f0a 0000 | 4c8b d0e9 | 5305 0000 | 4c8b d0e9 | ca06 0000 
  0x000001ae22e68e08: 4c8b c8e9 | 470a 0000 | 4c8b c8e9 | 3f0a 0000 | 4c8b d0e9 | bd06 0000 | 4c8b c844 | 8b40 0849 
  0x000001ae22e68e28: ba00 0000 | 34ae 0100 | 004d 03d0 | 4d8b 5a50 

  0x000001ae22e68e38: ;   {metadata('com/google/protobuf/InvalidProtocolBufferException')}
  0x000001ae22e68e38: 49b8 4837 | 1735 ae01 | 0000 4d3b | d80f 853f | 0b00 00e9 | 5f07 0000 | 4c8b c844 | 8b40 0849 
  0x000001ae22e68e58: ba00 0000 | 34ae 0100 | 004d 03d0 | 49bb 0000 | a427 ae01 | 0000 e964 | 0700 004c | 8bc8 448b 
  0x000001ae22e68e78: 4008 49ba | 0000 0034 | ae01 0000 | 4d03 d0e9 | db06 0000 | 4c8b c8e9 | c309 0000 | 4c8b c8e9 
  0x000001ae22e68e98: bb09 0000 

  0x000001ae22e68e9c: ;   {oop(a 'java/lang/Class'{0x0000000680408410} = 'ui/utils/e/c')}
  0x000001ae22e68e9c: 488b d849 | bb10 8440 | 8006 0000 | 0048 8d84 | 2498 0000 | 0048 8338 | 000f 8479 | 0000 004d 
  0x000001ae22e68ebc: 8b13 41f6 | c202 0f84 | 6200 0000 | 4983 ba86 | 0000 0000 | 7409 49ff | 8a86 0000 | 00eb 4b49 
  0x000001ae22e68edc: 8b82 9600 | 0000 490b | 828e 0000 | 0075 0a49 | c742 3e00 | 0000 00eb | 3d49 83ba | 9e00 0000 
  0x000001ae22e68efc: 0074 2248 | 33c0 49c7 | 423e 0000 | 0000 f083 | 0424 0049 | 83ba 9e00 | 0000 0075 | 0df0 4d0f 
  0x000001ae22e68f1c: b17a 3e75 | 0583 c801 | eb0c a800 | eb08 4c8b | 10f0 4d0f | b113 750a | 49ff 8f50 | 0500 0045 
  0x000001ae22e68f3c: 33d2 0f85 | 1e0b 0000 

  0x000001ae22e68f44: ;   {oop(a 'java/lang/Class'{0x0000000682a04eb8} = 'ui/utils/x')}
  0x000001ae22e68f44: 49bb b84e | a082 0600 | 0000 488d | 8424 9000 | 0000 4883 | 3800 0f84 | 7900 0000 | 4d8b 1341 
  0x000001ae22e68f64: f6c2 020f | 8462 0000 | 0049 83ba | 8600 0000 | 0074 0949 | ff8a 8600 | 0000 eb4b | 498b 8296 
  0x000001ae22e68f84: 0000 0049 | 0b82 8e00 | 0000 750a | 49c7 423e | 0000 0000 | eb3d 4983 | ba9e 0000 | 0000 7422 
  0x000001ae22e68fa4: 4833 c049 | c742 3e00 | 0000 00f0 | 8304 2400 | 4983 ba9e | 0000 0000 | 750d f04d | 0fb1 7a3e 
  0x000001ae22e68fc4: 7505 83c8 | 01eb 0ca8 | 00eb 084c | 8b10 f04d | 0fb1 1375 | 0a49 ff8f | 5005 0000 | 4533 d20f 
  0x000001ae22e68fe4: 8547 0a00 | 004c 8bcb | e966 0800 | 0048 8bd8 | 4c8b dd48 | 8d84 2490 | 0000 0048 | 8338 000f 
  0x000001ae22e69004: 8479 0000 | 004d 8b13 | 41f6 c202 | 0f84 6200 | 0000 4983 | ba86 0000 | 0000 7409 | 49ff 8a86 
  0x000001ae22e69024: 0000 00eb | 4b49 8b82 | 9600 0000 | 490b 828e | 0000 0075 | 0a49 c742 | 3e00 0000 

  0x000001ae22e69040: ;   {no_reloc}
  0x000001ae22e69040: 00eb 3d49 | 83ba 9e00 | 0000 0074 | 2248 33c0 | 49c7 423e | 0000 0000 | f083 0424 | 0049 83ba 
  0x000001ae22e69060: 9e00 0000 | 0075 0df0 | 4d0f b17a | 3e75 0583 | c801 eb0c | a800 eb08 | 4c8b 10f0 | 4d0f b113 
  0x000001ae22e69080: 750a 49ff | 8f50 0500 | 0045 33d2 | 0f84 c207 | 0000 498b | cb48 8d94 | 2490 0000 | 004d 8bc7 
  0x000001ae22e690a0: c5f8 7749 | bac0 c4ae | 7df9 7f00 | 0041 ffd2 

  0x000001ae22e690b0: ;   {other}
  0x000001ae22e690b0: 0f1f 8400 | 0000 0000 | e997 0700 | 0048 8bd8 | e92a 0300 | 0048 8bd8 | e987 0700 | 0048 8bd8 
  0x000001ae22e690d0: e97f 0700 | 0048 8bd8 | e977 0700 | 0048 8bd8 | e96f 0700 | 0048 8bd8 | 4c8b dd48 | 8d84 2490 
  0x000001ae22e690f0: 0000 0048 | 8338 000f | 8479 0000 | 004d 8b13 | 41f6 c202 | 0f84 6200 | 0000 4983 | ba86 0000 
  0x000001ae22e69110: 0000 7409 | 49ff 8a86 | 0000 00eb | 4b49 8b82 | 9600 0000 | 490b 828e | 0000 0075 | 0a49 c742 
  0x000001ae22e69130: 3e00 0000 | 00eb 3d49 | 83ba 9e00 | 0000 0074 | 2248 33c0 | 49c7 423e | 0000 0000 | f083 0424 
  0x000001ae22e69150: 0049 83ba | 9e00 0000 | 0075 0df0 | 4d0f b17a | 3e75 0583 | c801 eb0c | a800 eb08 | 4c8b 10f0 
  0x000001ae22e69170: 4d0f b113 | 750a 49ff | 8f50 0500 | 0045 33d2 | 0f84 ce06 | 0000 498b | cb48 8d94 | 2490 0000 
  0x000001ae22e69190: 004d 8bc7 | c5f8 7749 | bac0 c4ae | 7df9 7f00 | 0041 ffd2 

  0x000001ae22e691a4: ;   {other}
  0x000001ae22e691a4: 0f1f 8400 | 0000 0000 | e9a3 0600 | 0048 8bd8 | 4c8b dd48 | 8d84 2490 | 0000 0048 | 8338 000f 
  0x000001ae22e691c4: 8479 0000 | 004d 8b13 | 41f6 c202 | 0f84 6200 | 0000 4983 | ba86 0000 | 0000 7409 | 49ff 8a86 
  0x000001ae22e691e4: 0000 00eb | 4b49 8b82 | 9600 0000 | 490b 828e | 0000 0075 | 0a49 c742 | 3e00 0000 | 00eb 3d49 
  0x000001ae22e69204: 83ba 9e00 | 0000 0074 | 2248 33c0 | 49c7 423e | 0000 0000 | f083 0424 | 0049 83ba | 9e00 0000 
  0x000001ae22e69224: 0075 0df0 | 4d0f b17a | 3e75 0583 | c801 eb0c | a800 eb08 | 4c8b 10f0 | 4d0f b113 | 750a 49ff 
  0x000001ae22e69244: 8f50 0500 | 0045 33d2 | 0f84 0206 | 0000 498b | cb48 8d94 | 2490 0000 | 004d 8bc7 | c5f8 7749 
  0x000001ae22e69264: bac0 c4ae | 7df9 7f00 | 0041 ffd2 

  0x000001ae22e69270: ;   {other}
  0x000001ae22e69270: 0f1f 8400 | 0000 0000 | e9d7 0500 | 0048 8bd8 | eb03 488b | d84c 8b5c | 2428 488d | 8424 9000 
  0x000001ae22e69290: 0000 4883 | 3800 0f84 | 7900 0000 | 4d8b 1341 | f6c2 020f | 8462 0000 | 0049 83ba | 8600 0000 
  0x000001ae22e692b0: 0074 0949 | ff8a 8600 | 0000 eb4b | 498b 8296 | 0000 0049 | 0b82 8e00 | 0000 750a | 49c7 423e 
  0x000001ae22e692d0: 0000 0000 | eb3d 4983 | ba9e 0000 | 0000 7422 | 4833 c049 | c742 3e00 | 0000 00f0 | 8304 2400 
  0x000001ae22e692f0: 4983 ba9e | 0000 0000 | 750d f04d | 0fb1 7a3e | 7505 83c8 | 01eb 0ca8 | 00eb 084c | 8b10 f04d 
  0x000001ae22e69310: 0fb1 1375 | 0a49 ff8f | 5005 0000 | 4533 d20f | 842f 0500 | 0049 8bcb | 488d 9424 | 9000 0000 
  0x000001ae22e69330: 4d8b c7c5 | f877 49ba | c0c4 ae7d | f97f 0000 

  0x000001ae22e69340: ;   {other}
  0x000001ae22e69340: 41ff d20f | 1f84 0000 | 0000 00e9 | 0405 0000 | 4c8b d04d | 8bca e9fc | 0400 0048 | 8bd8 e985 
  0x000001ae22e69360: 0100 004c | 8bc8 448b 

  0x000001ae22e69368: ;   {metadata('java/lang/Exception')}
  0x000001ae22e69368: 5808 49ba | b8c0 0034 | ae01 0000 | 49b8 0000 | 0034 ae01 | 0000 4d03 | c34d 8b58 | 404d 3bda 
  0x000001ae22e69388: 0f85 c904 | 0000 4c8b | d049 8bea | 498b d266 | 6690 c5f8 | 7748 b8ff | ffff ffff 

  0x000001ae22e693a4: ;   {virtual_call}
  0x000001ae22e693a4: ffff ffe8 

  0x000001ae22e693a8: ; ImmutableOopMap {rbp=Oop [56]=Oop [64]=NarrowOop [68]=NarrowOop [72]=Oop [88]=Oop }
                      ;*invokevirtual toString {reexecute=0 rethrow=0 return_oop=1}
                      ; - ui.views.waveform.executive.a::mDy@28 (line 498)
                      ; - ui.views.waveform.c.a::mCQ@7 (line 463)
                      ; - ui.views.waveform.c.a::mCO@1 (line 348)
                      ; - ui.views.waveform.a::mBh@4 (line 289)
                      ; - ui.views.waveform.a::Pl@11 (line 116)
                      ; - ui.views.waveform.u::aT@30 (line 1201)
  0x000001ae22e693a8: d459 87ff 

  0x000001ae22e693ac: ;   {other}
  0x000001ae22e693ac: 0f1f 8400 | 9c66 00c1 | 4885 c00f | 8417 0600 

  0x000001ae22e693bc: ;   {oop("Unknown exception occurred"{0x0000000682c49650})}
  0x000001ae22e693bc: 0049 b850 | 96c4 8206 | 0000 0048 | 8bd0 6690 

  0x000001ae22e693cc: ;   {optimized virtual_call}
  0x000001ae22e693cc: c5f8 77e8 

  0x000001ae22e693d0: ; ImmutableOopMap {rbp=Oop [56]=Oop [64]=NarrowOop [72]=Oop [88]=Oop }
                      ;*invokevirtual contains {reexecute=0 rethrow=0 return_oop=0}
                      ; - ui.views.waveform.executive.a::mDy@33 (line 498)
                      ; - ui.views.waveform.c.a::mCQ@7 (line 463)
                      ; - ui.views.waveform.c.a::mCO@1 (line 348)
                      ; - ui.views.waveform.a::mBh@4 (line 289)
                      ; - ui.views.waveform.a::Pl@11 (line 116)
                      ; - ui.views.waveform.u::aT@30 (line 1201)
  0x000001ae22e693d0: ac56 87ff 

  0x000001ae22e693d4: ;   {other}
  0x000001ae22e693d4: 0f1f 8400 | c466 00c2 | 85c0 0f85 | b7b0 ffff | 488b d5e9 | 6e04 0000 

  0x000001ae22e693ec: ;   {oop(a 'java/awt/Component$AWTTreeLock'{0x00000006808cdc88})}
  0x000001ae22e693ec: 488b d849 | bb88 dc8c | 8006 0000 | 0048 8d84 | 2490 0000 | 0048 8338 | 000f 8479 | 0000 004d 
  0x000001ae22e6940c: 8b13 41f6 | c202 0f84 | 6200 0000 | 4983 ba86 | 0000 0000 | 7409 49ff | 8a86 0000 | 00eb 4b49 
  0x000001ae22e6942c: 8b82 9600 | 0000 490b | 828e 0000 | 0075 0a49 | c742 3e00 | 0000 00eb | 3d49 83ba | 9e00 0000 
  0x000001ae22e6944c: 0074 2248 | 33c0 49c7 | 423e 0000 | 0000 f083 | 0424 0049 | 83ba 9e00 | 0000 0075 | 0df0 4d0f 
  0x000001ae22e6946c: b17a 3e75 | 0583 c801 | eb0c a800 | eb08 4c8b | 10f0 4d0f | b113 750a | 49ff 8f50 | 0500 0045 
  0x000001ae22e6948c: 33d2 7458 

  0x000001ae22e69490: ;   {oop(a 'java/awt/Component$AWTTreeLock'{0x00000006808cdc88})}
  0x000001ae22e69490: 48b9 88dc | 8c80 0600 | 0000 488d | 9424 9000 | 0000 4d8b | c7c5 f877 | 49ba c0c4 | ae7d f97f 
  0x000001ae22e694b0: 0000 41ff 

  0x000001ae22e694b4: ;   {other}
  0x000001ae22e694b4: d20f 1f84 | 0000 0000 | 00eb 294c | 8bc8 e990 | 0300 004c | 8bc8 e988 | 0300 004c | 8bd0 4d8b 
  0x000001ae22e694d4: cae9 7d03 | 0000 4c8b | d04d 8bca | e972 0300 | 0048 8bd8 | 4c8b cbe9 | 6703 0000 | 4c8b c8e9 
  0x000001ae22e694f4: 5f03 0000 | 4c8b c8e9 | 5703 0000 | 4c8b c8e9 | 4f03 0000 | 4c8b c8e9 | 4703 0000 | 4c8b c8e9 
  0x000001ae22e69514: 3f03 0000 | 4c8b c8e9 | 3703 0000 | 4c8b c844 | 8b40 0849 | ba00 0000 | 34ae 0100 | 004d 03d0 
  0x000001ae22e69534: 49bb 0000 | a427 ae01 | 0000 e994 | 0000 004c | 8bc8 e90c | 0300 004c | 8bc8 e904 | 0300 004c 
  0x000001ae22e69554: 8bc8 448b | 5808 49ba | 0000 0034 | ae01 0000 | 4d03 d34d 

  0x000001ae22e69568: ;   {metadata('com/google/protobuf/InvalidProtocolBufferException')}
  0x000001ae22e69568: 8b52 5049 | bb48 3717 | 35ae 0100 | 004d 3bd3 | 0f84 2804 | 0000 458b | 5108 eb07 | 4c8b c844 
  0x000001ae22e69588: 8b50 0849 | bb00 0000 | 34ae 0100 | 004d 03da | 4d8b 5350 

  0x000001ae22e6959c: ;   {metadata('com/google/protobuf/InvalidProtocolBufferException')}
  0x000001ae22e6959c: 49b8 4837 | 1735 ae01 | 0000 4d3b | d00f 85bb | 0200 0049 | bb00 00a4 | 27ae 0100 | 004d 8bc1 
  0x000001ae22e695bc: eb33 4c8b | c844 8b58 | 0849 ba00 | 0000 34ae | 0100 004d | 03d3 4c8b | 5c24 584d 

  0x000001ae22e695d8: ;   {metadata('java/io/IOException')}
  0x000001ae22e695d8: 8b52 4849 | b8e8 4504 | 35ae 0100 | 004d 3bd0 | 0f85 6902 | 0000 4d8b 

  0x000001ae22e695f0: ;   {oop(a 'java/lang/Class'{0x0000000682a04eb8} = 'ui/utils/x')}
  0x000001ae22e695f0: c149 b9b8 | 4ea0 8206 | 0000 0048 | 8d9c 2490 | 0000 0049 | 8b01 a802 | 0f85 2300 | 0000 4883 
  0x000001ae22e69610: c801 4889 | 03f0 490f | b119 0f84 | 3700 0000 | 482b c448 | 2507 f0ff | ff48 8903 | e924 0000 
  0x000001ae22e69630: 004c 8bd0 | 4833 c0f0 | 4d0f b17a | 3e48 c703 | 0300 0000 | 7411 4c3b | f875 1549 | ff82 8600 
  0x000001ae22e69650: 0000 4833 | c075 0949 | ff87 5005 | 0000 33c0 | 0f85 5102 

  0x000001ae22e69664: ;   {oop(a 'java/lang/Class'{0x0000000680408410} = 'ui/utils/e/c')}
  0x000001ae22e69664: 0000 49b9 | 1084 4080 | 0600 0000 | 488d 9c24 | 9800 0000 | 498b 01a8 | 020f 8523 | 0000 0048 
  0x000001ae22e69684: 83c8 0148 | 8903 f049 | 0fb1 190f | 8437 0000 | 0048 2bc4 | 4825 07f0 | ffff 4889 | 03e9 2400 
  0x000001ae22e696a4: 0000 4c8b | d048 33c0 | f04d 0fb1 | 7a3e 48c7 | 0303 0000 | 0074 114c | 3bf8 7515 | 49ff 8286 
  0x000001ae22e696c4: 0000 0048 | 33c0 7509 | 49ff 8750 | 0500 0033 | c00f 8516 | 0200 0049 | 8beb 498b | d041 b801 
  0x000001ae22e696e4: 0000 0090 

  0x000001ae22e696e8: ;   {static_call}
  0x000001ae22e696e8: c5f8 77e8 

  0x000001ae22e696ec: ; ImmutableOopMap {[40]=Oop [56]=Oop [80]=NarrowOop }
                      ;*invokestatic c {reexecute=0 rethrow=0 return_oop=0}
                      ; - ui.utils.e.c::debug@2 (line 232)
                      ; - ui.utils.x::debug@1 (line 259)
                      ; - ui.views.waveform.h.c::aGl@32 (line 180)
                      ; - ui.views.waveform.executive.a::mDJ@20 (line 665)
                      ; - ui.views.waveform.executive.a::mDZ@2 (line 754)
                      ; - ui.views.waveform.u::aT@22 (line 1200)
  0x000001ae22e696ec: 9059 87ff 

  0x000001ae22e696f0: ;   {other}
  0x000001ae22e696f0: 0f1f 8400 | e069 00c3 

  0x000001ae22e696f8: ;   {oop(a 'java/lang/Class'{0x0000000680408410} = 'ui/utils/e/c')}
  0x000001ae22e696f8: 49bb 1084 | 4080 0600 | 0000 488d | 8424 9800 | 0000 4883 | 3800 0f84 | 7900 0000 | 4d8b 1341 
  0x000001ae22e69718: f6c2 020f | 8462 0000 | 0049 83ba | 8600 0000 | 0074 0949 | ff8a 8600 | 0000 eb4b | 498b 8296 
  0x000001ae22e69738: 0000 0049 | 0b82 8e00 | 0000 750a | 49c7 423e | 0000 0000 | eb3d 4983 | ba9e 0000 | 0000 7422 
  0x000001ae22e69758: 4833 c049 | c742 3e00 | 0000 00f0 | 8304 2400 | 4983 ba9e | 0000 0000 | 750d f04d | 0fb1 7a3e 
  0x000001ae22e69778: 7505 83c8 | 01eb 0ca8 | 00eb 084c | 8b10 f04d | 0fb1 1375 | 0a49 ff8f | 5005 0000 | 4533 d20f 
  0x000001ae22e69798: 8589 0100 

  0x000001ae22e6979c: ;   {oop(a 'java/lang/Class'{0x0000000682a04eb8} = 'ui/utils/x')}
  0x000001ae22e6979c: 0049 bbb8 | 4ea0 8206 | 0000 0048 | 8d84 2490 | 0000 0048 | 8338 000f | 8479 0000 | 004d 8b13 
  0x000001ae22e697bc: 41f6 c202 | 0f84 6200 | 0000 4983 | ba86 0000 | 0000 7409 | 49ff 8a86 | 0000 00eb | 4b49 8b82 
  0x000001ae22e697dc: 9600 0000 | 490b 828e | 0000 0075 | 0a49 c742 | 3e00 0000 | 00eb 3d49 | 83ba 9e00 | 0000 0074 
  0x000001ae22e697fc: 2248 33c0 | 49c7 423e | 0000 0000 | f083 0424 | 0049 83ba | 9e00 0000 | 0075 0df0 | 4d0f b17a 
  0x000001ae22e6981c: 3e75 0583 | c801 eb0c | a800 eb08 | 4c8b 10f0 | 4d0f b113 | 750a 49ff | 8f50 0500 | 0045 33d2 
  0x000001ae22e6983c: 0f85 1601 | 0000 33db | 488b f5e9 | fda5 ffff | 488b d8eb | 0348 8bd8 | 4c8b cb49 | 8bd1 c5f8 
  0x000001ae22e6985c: 7748 81c4 | b000 0000 

  0x000001ae22e69864: ;   {runtime_call _rethrow_Java}
  0x000001ae22e69864: 5de9 96d7 | 94ff 4d8b 

  0x000001ae22e6986c: ;   {metadata('java/io/IOException')}
  0x000001ae22e6986c: 5348 49bb | e845 0435 | ae01 0000 | 4d3b d30f | 847f 0100 | 0045 8b59 | 0849 ba00 | 0000 34ae 
  0x000001ae22e6988c: 0100 004d | 03d3 4d8b 

  0x000001ae22e69894: ;   {metadata('java/io/IOException')}
  0x000001ae22e69894: 5248 49bb | e845 0435 | ae01 0000 | 4d3b d375 | b24d 8bc1 | 49bb 0000 | a427 ae01 | 0000 e93a 
  0x000001ae22e698b4: fdff ff4c | 8944 2420 

  0x000001ae22e698bc: ;   {oop(a 'java/lang/Class'{0x0000000682a04eb8} = 'ui/utils/x')}
  0x000001ae22e698bc: 498b eb48 | bab8 4ea0 | 8206 0000 | 004c 8d84 | 2490 0000 | 0066 6690 

  0x000001ae22e698d4: ;   {runtime_call _complete_monitor_locking_Java}
  0x000001ae22e698d4: c5f8 77e8 

  0x000001ae22e698d8: ; ImmutableOopMap {[32]=Oop [40]=Oop [56]=Oop [80]=NarrowOop }
                      ;*synchronization entry
                      ; - ui.utils.x::debug@-1 (line 259)
                      ; - ui.views.waveform.h.c::aGl@32 (line 180)
                      ; - ui.views.waveform.executive.a::mDJ@20 (line 665)
                      ; - ui.views.waveform.executive.a::mDZ@2 (line 754)
                      ; - ui.views.waveform.u::aT@22 (line 1200)
  0x000001ae22e698d8: 24ce 94ff 

  0x000001ae22e698dc: ;   {other}
  0x000001ae22e698dc: 0f1f 8400 | cc6b 00c4 | 4c8b dd4c | 8b44 2420 | e975 fdff | ff4c 8944 | 2420 498b 

  0x000001ae22e698f8: ;   {oop(a 'java/lang/Class'{0x0000000680408410} = 'ui/utils/e/c')}
  0x000001ae22e698f8: eb48 ba10 | 8440 8006 | 0000 004c | 8d84 2498 | 0000 0090 

  0x000001ae22e6990c: ;   {runtime_call _complete_monitor_locking_Java}
  0x000001ae22e6990c: c5f8 77e8 

  0x000001ae22e69910: ; ImmutableOopMap {[32]=Oop [40]=Oop [56]=Oop [80]=NarrowOop }
                      ;*synchronization entry
                      ; - ui.utils.e.c::debug@-1 (line 232)
                      ; - ui.utils.x::debug@1 (line 259)
                      ; - ui.views.waveform.h.c::aGl@32 (line 180)
                      ; - ui.views.waveform.executive.a::mDJ@20 (line 665)
                      ; - ui.views.waveform.executive.a::mDZ@2 (line 754)
                      ; - ui.views.waveform.u::aT@22 (line 1200)
  0x000001ae22e69910: eccd 94ff 

  0x000001ae22e69914: ;   {other}
  0x000001ae22e69914: 0f1f 8400 | 046c 00c5 | 4c8b 4424 | 20e9 b8fd 

  0x000001ae22e69924: ;   {oop(a 'java/lang/Class'{0x0000000680408410} = 'ui/utils/e/c')}
  0x000001ae22e69924: ffff 48b9 | 1084 4080 | 0600 0000 | 488d 9424 | 9800 0000 | 4d8b c7c5 | f877 49ba | c0c4 ae7d 
  0x000001ae22e69944: f97f 0000 

  0x000001ae22e69948: ;   {other}
  0x000001ae22e69948: 41ff d20f | 1f84 0000 | 0000 00e9 | 45fe ffff 

  0x000001ae22e69958: ;   {oop(a 'java/lang/Class'{0x0000000682a04eb8} = 'ui/utils/x')}
  0x000001ae22e69958: 48b9 b84e | a082 0600 | 0000 488d | 9424 9000 | 0000 4d8b | c7c5 f877 | 49ba c0c4 | ae7d f97f 
  0x000001ae22e69978: 0000 41ff 

  0x000001ae22e6997c: ;   {other}
  0x000001ae22e6997c: d20f 1f84 | 0000 0000 | 00e9 b8fe | ffff 4d8b 

  0x000001ae22e6998c: ;   {metadata('java/io/IOException')}
  0x000001ae22e6998c: 5a48 49b8 | e845 0435 | ae01 0000 | 4d3b d80f | 85f1 feff | ff48 8be8 | eb5d 498b | e9ba adff 
  0x000001ae22e699ac: ffff 4c8b | 5424 384c | 8954 2428 | 448b 5c24 | 5044 895c | 243c 6690 

  0x000001ae22e699c4: ;   {runtime_call UncommonTrapBlob}
  0x000001ae22e699c4: c5f8 77e8 

  0x000001ae22e699c8: ; ImmutableOopMap {rbp=Oop [32]=Oop [40]=Oop [60]=NarrowOop [64]=Oop [80]=NarrowOop }
                      ;*invokevirtual getUnfinishedMessage {reexecute=0 rethrow=0 return_oop=0}
                      ; - ui.views.waveform.executive.protobuf.WVPrefs$WVPrefsMessage$Builder::mergeFrom@33 (line 5043)
                      ; - ui.views.waveform.executive.protobuf.WVPrefs$WVPrefsMessage$Builder::mergeFrom@3 (line 4838)
                      ; - com.google.protobuf.AbstractMessage$Builder::mergeFrom@5 (line 418)
                      ; - com.google.protobuf.AbstractMessage$Builder::mergeFrom@2 (line 317)
                      ; - com.google.protobuf.AbstractMessageLite$Builder::mergeFrom@11 (line 222)
                      ; - com.google.protobuf.AbstractMessage$Builder::mergeFrom@4 (line 535)
                      ; - com.google.protobuf.AbstractMessage$Builder::mergeFrom@4 (line 317)
                      ; - ui.views.waveform.h.c::aGl@16 (line 177)
                      ; - ui.views.waveform.executive.a::mDJ@20 (line 665)
                      ; - ui.views.waveform.executive.a::mDZ@2 (line 754)
                      ; - ui.views.waveform.u::aT@22 (line 1200)
  0x000001ae22e699c8: 34ac 87ff 

  0x000001ae22e699cc: ;   {other}
  0x000001ae22e699cc: 0f1f 8400 | bc6c 00c6 | baf6 ffff | ff44 8b5c | 2430 4489 | 5c24 2844 | 8b5c 2434 | 4489 5c24 
  0x000001ae22e699ec: 3066 6690 

  0x000001ae22e699f0: ;   {runtime_call UncommonTrapBlob}
  0x000001ae22e699f0: c5f8 77e8 

  0x000001ae22e699f4: ; ImmutableOopMap {rbp=Oop [56]=Oop [64]=NarrowOop [68]=NarrowOop }
                      ;*invokevirtual contains {reexecute=0 rethrow=0 return_oop=0}
                      ; - ui.views.waveform.executive.a::mDy@33 (line 498)
                      ; - ui.views.waveform.c.a::mCQ@7 (line 463)
                      ; - ui.views.waveform.c.a::mCO@1 (line 348)
                      ; - ui.views.waveform.a::mBh@4 (line 289)
                      ; - ui.views.waveform.a::Pl@11 (line 116)
                      ; - ui.views.waveform.u::aT@30 (line 1201)
  0x000001ae22e699f4: 08ac 87ff 

  0x000001ae22e699f8: ;   {other}
  0x000001ae22e699f8: 0f1f 8400 | e86c 00c7 | 498b e9ba | 0900 0000 | 4c8b 5424 | 384c 8954 | 2428 448b | 5424 5045 
  0x000001ae22e69a18: 8bda 4489 | 5c24 3c90 

  0x000001ae22e69a20: ;   {runtime_call UncommonTrapBlob}
  0x000001ae22e69a20: c5f8 77e8 

  0x000001ae22e69a24: ; ImmutableOopMap {rbp=Oop [32]=Oop [40]=Oop [60]=NarrowOop [80]=NarrowOop }
                      ;*new {reexecute=0 rethrow=0 return_oop=0}
                      ; - com.google.protobuf.AbstractMessageLite$Builder::mergeFrom@30 (line 228)
                      ; - com.google.protobuf.AbstractMessage$Builder::mergeFrom@4 (line 535)
                      ; - com.google.protobuf.AbstractMessage$Builder::mergeFrom@4 (line 317)
                      ; - ui.views.waveform.h.c::aGl@16 (line 177)
                      ; - ui.views.waveform.executive.a::mDJ@20 (line 665)
                      ; - ui.views.waveform.executive.a::mDZ@2 (line 754)
                      ; - ui.views.waveform.u::aT@22 (line 1200)
  0x000001ae22e69a24: d8ab 87ff 

  0x000001ae22e69a28: ;   {other}
  0x000001ae22e69a28: 0f1f 8400 | 186d 00c8 

  0x000001ae22e69a30: ;   {oop(a 'java/lang/Class'{0x0000000682a04eb8} = 'ui/utils/x')}
  0x000001ae22e69a30: 48b9 b84e | a082 0600 | 0000 488d | 9424 9000 | 0000 4d8b | c7c5 f877 | 49ba c0c4 | ae7d f97f 
  0x000001ae22e69a50: 0000 41ff 

  0x000001ae22e69a54: ;   {other}
  0x000001ae22e69a54: d20f 1f84 | 0000 0000 | 00e9 87f5 

  0x000001ae22e69a60: ;   {oop(a 'java/lang/Class'{0x0000000680408410} = 'ui/utils/e/c')}
  0x000001ae22e69a60: ffff 48b9 | 1084 4080 | 0600 0000 | 488d 9424 | 9800 0000 | 4d8b c7c5 | f877 49ba | c0c4 ae7d 
  0x000001ae22e69a80: f97f 0000 

  0x000001ae22e69a84: ;   {other}
  0x000001ae22e69a84: 41ff d20f | 1f84 0000 | 0000 00e9 | b0f4 ffff | 4883 ec08 | c5fb 1104 

  0x000001ae22e69a9c: ;   {runtime_call StubRoutines (initial stubs)}
  0x000001ae22e69a9c: 24e8 f576 | 82ff 59e9 | 70b3 ffff | 4883 ec08 | c5fb 110c 

  0x000001ae22e69ab0: ;   {runtime_call StubRoutines (initial stubs)}
  0x000001ae22e69ab0: 24e8 e176 | 82ff 415a | e912 b3ff 

  0x000001ae22e69abc: ;   {internal_word}
  0x000001ae22e69abc: ff49 ba63 | 45e6 22ae | 0100 004d | 8997 6804 

  0x000001ae22e69acc: ;   {runtime_call SafepointBlob}
  0x000001ae22e69acc: 0000 e92d 

  0x000001ae22e69ad0: ;   {runtime_call StubRoutines (final stubs)}
  0x000001ae22e69ad0: bc87 ffe8 | 88b2 85ff | e921 9aff | fff4 f4f4 
[Stub Code]
  0x000001ae22e69ae0: ;   {no_reloc}
  0x000001ae22e69ae0: 48bb 0000 | 0000 0000 

  0x000001ae22e69ae8: ;   {runtime_call}
  0x000001ae22e69ae8: 0000 e9fb 

  0x000001ae22e69aec: ;   {static_stub}
  0x000001ae22e69aec: ffff ff48 | bb00 0000 | 0000 0000 

  0x000001ae22e69af8: ;   {runtime_call}
  0x000001ae22e69af8: 00e9 fbff 

  0x000001ae22e69afc: ;   {static_stub}
  0x000001ae22e69afc: ffff 48bb | 0000 0000 | 0000 0000 

  0x000001ae22e69b08: ;   {runtime_call}
  0x000001ae22e69b08: e9fb ffff 

  0x000001ae22e69b0c: ;   {static_stub}
  0x000001ae22e69b0c: ff48 bb00 | 0000 0000 

  0x000001ae22e69b14: ;   {runtime_call}
  0x000001ae22e69b14: 0000 00e9 | fbff ffff 

  0x000001ae22e69b1c: ;   {static_stub}
  0x000001ae22e69b1c: 48bb 0000 | 0000 0000 

  0x000001ae22e69b24: ;   {runtime_call}
  0x000001ae22e69b24: 0000 e9fb 

  0x000001ae22e69b28: ;   {static_stub}
  0x000001ae22e69b28: ffff ff48 | bb00 0000 | 0000 0000 

  0x000001ae22e69b34: ;   {runtime_call}
  0x000001ae22e69b34: 00e9 fbff 

  0x000001ae22e69b38: ;   {static_stub}
  0x000001ae22e69b38: ffff 48bb | d06d a375 | ae01 0000 

  0x000001ae22e69b44: ;   {runtime_call I2C/C2I adapters}
  0x000001ae22e69b44: e99e a687 

  0x000001ae22e69b48: ;   {static_stub}
  0x000001ae22e69b48: ff48 bb00 | 0000 0000 

  0x000001ae22e69b50: ;   {runtime_call}
  0x000001ae22e69b50: 0000 00e9 | fbff ffff 

  0x000001ae22e69b58: ;   {static_stub}
  0x000001ae22e69b58: 48bb 0000 | 0000 0000 

  0x000001ae22e69b60: ;   {runtime_call}
  0x000001ae22e69b60: 0000 e9fb 

  0x000001ae22e69b64: ;   {static_stub}
  0x000001ae22e69b64: ffff ff48 | bb00 0000 | 0000 0000 

  0x000001ae22e69b70: ;   {runtime_call}
  0x000001ae22e69b70: 00e9 fbff 

  0x000001ae22e69b74: ;   {static_stub}
  0x000001ae22e69b74: ffff 48bb | 0000 0000 | 0000 0000 

  0x000001ae22e69b80: ;   {runtime_call}
  0x000001ae22e69b80: e9fb ffff 

  0x000001ae22e69b84: ;   {static_stub}
  0x000001ae22e69b84: ff48 bb00 | 0000 0000 

  0x000001ae22e69b8c: ;   {runtime_call}
  0x000001ae22e69b8c: 0000 00e9 | fbff ffff 

  0x000001ae22e69b94: ;   {static_stub}
  0x000001ae22e69b94: 48bb 0000 | 0000 0000 

  0x000001ae22e69b9c: ;   {runtime_call}
  0x000001ae22e69b9c: 0000 e9fb 

  0x000001ae22e69ba0: ;   {static_stub}
  0x000001ae22e69ba0: ffff ff48 | bb00 0000 | 0000 0000 

  0x000001ae22e69bac: ;   {runtime_call}
  0x000001ae22e69bac: 00e9 fbff 

  0x000001ae22e69bb0: ;   {static_stub}
  0x000001ae22e69bb0: ffff 48bb | 0000 0000 | 0000 0000 

  0x000001ae22e69bbc: ;   {runtime_call}
  0x000001ae22e69bbc: e9fb ffff 

  0x000001ae22e69bc0: ;   {static_stub}
  0x000001ae22e69bc0: ff48 bb00 | 0000 0000 

  0x000001ae22e69bc8: ;   {runtime_call}
  0x000001ae22e69bc8: 0000 00e9 | fbff ffff 

  0x000001ae22e69bd0: ;   {static_stub}
  0x000001ae22e69bd0: 48bb 0000 | 0000 0000 

  0x000001ae22e69bd8: ;   {runtime_call}
  0x000001ae22e69bd8: 0000 e9fb 

  0x000001ae22e69bdc: ;   {static_stub}
  0x000001ae22e69bdc: ffff ff48 | bb00 0000 | 0000 0000 

  0x000001ae22e69be8: ;   {runtime_call}
  0x000001ae22e69be8: 00e9 fbff 

  0x000001ae22e69bec: ;   {static_stub}
  0x000001ae22e69bec: ffff 48bb | 0000 0000 | 0000 0000 

  0x000001ae22e69bf8: ;   {runtime_call}
  0x000001ae22e69bf8: e9fb ffff 

  0x000001ae22e69bfc: ;   {static_stub}
  0x000001ae22e69bfc: ff48 bb00 | 0000 0000 

  0x000001ae22e69c04: ;   {runtime_call}
  0x000001ae22e69c04: 0000 00e9 | fbff ffff 

  0x000001ae22e69c0c: ;   {static_stub}
  0x000001ae22e69c0c: 48bb 0000 | 0000 0000 

  0x000001ae22e69c14: ;   {runtime_call}
  0x000001ae22e69c14: 0000 e9fb 

  0x000001ae22e69c18: ;   {static_stub}
  0x000001ae22e69c18: ffff ff48 | bb00 0000 | 0000 0000 

  0x000001ae22e69c24: ;   {runtime_call}
  0x000001ae22e69c24: 00e9 fbff 

  0x000001ae22e69c28: ;   {static_stub}
  0x000001ae22e69c28: ffff 48bb | 0000 0000 | 0000 0000 

  0x000001ae22e69c34: ;   {runtime_call}
  0x000001ae22e69c34: e9fb ffff 

  0x000001ae22e69c38: ;   {static_stub}
  0x000001ae22e69c38: ff48 bb00 | 0000 0000 

  0x000001ae22e69c40: ;   {runtime_call}
  0x000001ae22e69c40: 0000 00e9 | fbff ffff 
[Exception Handler]
  0x000001ae22e69c48: ;   {runtime_call ExceptionBlob}
  0x000001ae22e69c48: e9b3 6894 | ffe8 0000 | 0000 4883 

  0x000001ae22e69c54: ;   {runtime_call DeoptimizationBlob}
  0x000001ae22e69c54: 2c24 05e9 | 44ad 87ff | f4f4 f4f4 
[/MachCode]


Compiled method (c2) 173361939 340032       4       ui.views.waveform.d.b::l (654 bytes)
 total in heap  [0x000001ae23226090,0x000001ae2322bae8] = 23128
 relocation     [0x000001ae232261f0,0x000001ae23226600] = 1040
 main code      [0x000001ae23226600,0x000001ae23229ad8] = 13528
 stub code      [0x000001ae23229ad8,0x000001ae23229bf0] = 280
 oops           [0x000001ae23229bf0,0x000001ae23229ca0] = 176
 metadata       [0x000001ae23229ca0,0x000001ae23229f20] = 640
 scopes data    [0x000001ae23229f20,0x000001ae2322ae48] = 3880
 scopes pcs     [0x000001ae2322ae48,0x000001ae2322b4e8] = 1696
 dependencies   [0x000001ae2322b4e8,0x000001ae2322b530] = 72
 handler table  [0x000001ae2322b530,0x000001ae2322ba88] = 1368
 nul chk table  [0x000001ae2322ba88,0x000001ae2322bae8] = 96

[Constant Pool (empty)]

[MachCode]
[Entry Point]
  # {method} {0x000001ae9f3b5ba0} 'l' '(Lui/frmwork/a/v;)V' in 'ui/views/waveform/d/b'
  # this:     rdx:rdx   = 'ui/views/waveform/d/b'
  # parm0:    r8:r8     = 'ui/frmwork/a/v'
  #           [sp+0x90]  (sp of caller)
  0x000001ae23226600: 448b 5208 | 49bb 0000 | 0034 ae01 | 0000 4d03 | d349 3bc2 

  0x000001ae23226614: ;   {runtime_call ic_miss_stub}
  0x000001ae23226614: 0f85 6681 | 4bff 6690 | 0f1f 4000 
[Verified Entry Point]
  0x000001ae23226620: 8984 2400 | 80ff ff55 | 4881 ec80 | 0000 0090 | 4181 7f20 | 3a0d 0000 | 0f85 9034 | 0000 4889 
  0x000001ae23226640: 5424 284c | 8944 2430 

  0x000001ae23226648: ; implicit exception: dispatches to 0x000001ae232297e8
  0x000001ae23226648: 498b 5010 

  0x000001ae2322664c: ;   {static_call}
  0x000001ae2322664c: c5f8 77e8 

  0x000001ae23226650: ; ImmutableOopMap {[40]=Oop [48]=Oop }
                      ;*invokestatic GuiEventBase_getType {reexecute=0 rethrow=0 return_oop=0}
                      ; - ui.frmwork.a.v::iSQ@4 (line 36)
                      ; - ui.views.waveform.d.b::l@1 (line 532)
  0x000001ae23226650: 0c2a 1900 

  0x000001ae23226654: ;   {other}
  0x000001ae23226654: 0f1f 8400 | c405 0000 | 8944 2420 | 4c63 c044 | 8d98 8000 

  0x000001ae23226668: ;   {oop(a 'java/lang/Class'{0x0000000681576b00} = 'ui/frmwork/a/v')}
  0x000001ae23226668: 0000 49ba | 006b 5781 | 0600 0000 | 418b 6a70 | 4181 fb00 | 0100 000f | 8359 0900 

  0x000001ae23226684: ;   {oop(a 'java/lang/Integer'[256] {0x00000006812576d8})}
  0x000001ae23226684: 0049 bad8 | 7625 8106 | 0000 0047 | 8b94 8210 | 0200 004f | 8d2c d48b | d845 8b54 

  0x000001ae232266a0: ;   {metadata('java/util/HashMap')}
  0x000001ae232266a0: ec08 4181 | fab0 cb08 | 000f 8515 | 2900 004d | 8d14 ec41 

  0x000001ae232266b4: ;   {oop(a 'ui/frmwork/a/z'{0x000000068151d968})}
  0x000001ae232266b4: 8b52 2449 | ba68 d951 | 8106 0000 | 0045 8b72 

  0x000001ae232266c4: ;   {oop(a 'ui/frmwork/a/z'{0x000000068151dad0})}
  0x000001ae232266c4: 1849 bad0 | da51 8106 | 0000 0045 

  0x000001ae232266d0: ;   {oop(a 'ui/frmwork/a/z'{0x000000068151d9c0})}
  0x000001ae232266d0: 8b52 1849 | bbc0 d951 | 8106 0000 | 0045 8b5b 

  0x000001ae232266e0: ;   {oop(a 'ui/frmwork/a/z'{0x000000068151da20})}
  0x000001ae232266e0: 1848 bd20 | da51 8106 | 0000 008b 

  0x000001ae232266ec: ;   {oop(a 'ui/frmwork/a/z'{0x000000068151da78})}
  0x000001ae232266ec: 4d18 49b9 | 78da 5181 | 0600 0000 | 458b 4918 | 85d2 0f84 | 2116 0000 | 4c89 4424 | 2089 5c24 
  0x000001ae2322670c: 3841 8b7c | d40c 85ff | 0f86 5a29 | 0000 498d | 1cd4 448b | 4424 3841 | c1e8 1044 | 3344 2438 
  0x000001ae2322672c: ffcf 4123 | f88b 5cbb | 1085 db75 

  0x000001ae23226738: ;   {oop(a 'ui/frmwork/a/z'{0x000000068151da78})}
  0x000001ae23226738: 4d48 bb78 | da51 8106 | 0000 004c | 8b44 2420 | 4d63 d24d | 3bc2 750f 

  0x000001ae23226750: ;   {oop(a 'ui/frmwork/a/z'{0x000000068151dad0})}
  0x000001ae23226750: 48bb d0da | 5181 0600 | 0000 e947 | 0100 004d | 63d1 4d3b | c20f 843b | 0100 004c | 63d1 4d3b 
  0x000001ae23226770: c20f 8570 

  0x000001ae23226774: ;   {oop(a 'ui/frmwork/a/z'{0x000000068151da20})}
  0x000001ae23226774: 1b00 0048 | bb20 da51 | 8106 0000 | 00e9 2001 | 0000 418b | 74dc 0c49 | 8d14 dc41 | 3bf0 7539 
  0x000001ae23226794: 418b 74dc | 1048 8bfe | 48c1 e703 | 493b fd0f | 84ce 0000 | 0041 8b7c 

  0x000001ae232267ac: ;   {metadata('java/lang/Integer')}
  0x000001ae232267ac: f408 81ff | 885c 0200 | 0f85 ca2f | 0000 498d | 3cf4 8b7f | 0c8b 4424 | 383b c70f | 84aa 0000 
  0x000001ae232267cc: 0041 8b7c | dc18 85ff 

  0x000001ae232267d4: ;   {oop(a 'ui/frmwork/a/z'{0x000000068151da78})}
  0x000001ae232267d4: 7514 48bb | 78da 5181 | 0600 0000 | 4c8b 4424 | 20e9 5eff | ffff 418b 

  0x000001ae232267ec: ;   {metadata('java/util/HashMap$TreeNode')}
  0x000001ae232267ec: 74dc 0881 | fe60 271a | 000f 856d | 1400 004d | 8bcd 6690 

  0x000001ae23226800: ;   {optimized virtual_call}
  0x000001ae23226800: c5f8 77e8 

  0x000001ae23226804: ; ImmutableOopMap {rbp=Oop [40]=Oop [48]=Oop }
                      ;*invokevirtual getTreeNode {reexecute=0 rethrow=0 return_oop=1}
                      ; - java.util.HashMap::getNode@95 (line 582)
                      ; - java.util.HashMap::get@2 (line 564)
                      ; - ui.frmwork.a.v::UR@7 (line 29)
                      ; - ui.frmwork.a.v::iSQ@7 (line 36)
                      ; - ui.views.waveform.d.b::l@1 (line 532)
  0x000001ae23226804: 7882 4bff 

  0x000001ae23226808: ;   {other}
  0x000001ae23226808: 0f1f 8400 | 7807 0001 

  0x000001ae23226810: ;   {oop(a 'ui/frmwork/a/z'{0x000000068151d968})}
  0x000001ae23226810: 49ba 68d9 | 5181 0600 | 0000 458b 

  0x000001ae2322681c: ;   {oop(a 'ui/frmwork/a/z'{0x000000068151d9c0})}
  0x000001ae2322681c: 7218 49ba | c0d9 5181 | 0600 0000 | 458b 5a18 

  0x000001ae2322682c: ;   {oop(a 'ui/frmwork/a/z'{0x000000068151dad0})}
  0x000001ae2322682c: 49ba d0da | 5181 0600 | 0000 458b 

  0x000001ae23226838: ;   {oop(a 'ui/frmwork/a/z'{0x000000068151da78})}
  0x000001ae23226838: 5218 49b8 | 78da 5181 | 0600 0000 | 458b 4818 | 8b4d 1848 | 85c0 7413 

  0x000001ae23226850: ;   {oop(a 'ui/frmwork/a/z'{0x000000068151da78})}
  0x000001ae23226850: 488b d048 | bb78 da51 | 8106 0000 | 008b 7424 

  0x000001ae23226860: ;   {oop(a 'ui/frmwork/a/z'{0x000000068151da78})}
  0x000001ae23226860: 38eb 2248 | bb78 da51 | 8106 0000 | 004c 8b44 | 2420 e9d1 

  0x000001ae23226874: ;   {oop(a 'ui/frmwork/a/z'{0x000000068151da78})}
  0x000001ae23226874: feff ff48 | bb78 da51 | 8106 0000 | 008b 7424 | 388b 7a14 | 85ff 0f84 | a41c 0000 | 458b 5cfc 
  0x000001ae23226894: ;   {metadata('ui/frmwork/a/y')}
  0x000001ae23226894: 0841 81fb | c067 0801 | 0f85 222f | 0000 498d | 1cfc 448b 

  0x000001ae232268a8: ;   {metadata('ui/frmwork/a/y')}
  0x000001ae232268a8: 5308 4181 | fac0 6708 | 010f 8569 | 2e00 0044 | 8b5b 1443 | 8b7c dc14 

  0x000001ae232268c0: ; implicit exception: dispatches to 0x000001ae23229838
  0x000001ae232268c0: 458b 44fc | 0c44 8944 | 2450 4585 | c00f 869a | 0600 0043 | 0fbe 4cdc | 10c4 4272 | f7c0 4d63 
  0x000001ae232268e0: c049 8d68 | 1d83 f901 | 0f84 7e1a | 0000 448b | d545 85d2 | 0f8c ce27 | 0000 4c8b | cd49 c1f9 
  0x000001ae23226900: 2041 8bd1 | 440f beca | c442 31f7 | ea45 85ed | 0f8c e627 | 0000 4181 | fd00 0010 | 000f 87d5 
  0x000001ae23226920: 2600 004d | 63cd 4f8d | 14dc 4181 | fd00 0010 | 000f 87ad | 2200 0049 | 8b87 b801 | 0000 4983 
  0x000001ae23226940: c117 4983 | e1f8 4c8b | d84d 03d9 | 4d3b 9fc8 | 0100 000f | 838b 2200 | 004d 899f | b801 0000 
  0x000001ae23226960: 410f 1883 | 0001 0000 | 48c7 0001 | 0000 0041 | 0f18 8340 

  0x000001ae23226974: ;   {metadata({type array byte})}
  0x000001ae23226974: 0100 00c7 | 4008 c022 | 0000 4489 | 680c 410f | 1883 8001 | 0000 4c8b | f049 2be8 | 448b cd49 
  0x000001ae23226994: bb00 0000 | 0001 0000 | 0049 3beb | 0f8d 2c18 | 0000 4d8d | 14fc 4d8d | 5cfc 1085 | c90f 8592 
  0x000001ae232269b4: 1b00 0045 | 85c9 0f8c | 7826 0000 | 458b d144 | 0354 2450 | 453b ea0f | 8267 2600 | 0044 8b54 
  0x000001ae232269d4: 2450 4585 | d276 254b | 8d54 0e10 | 4c63 4424 | 5049 8bcb | c5f8 7749 | baa0 2d6c | 22ae 0100 
  0x000001ae232269f4: 0041 ffd2 

  0x000001ae232269f8: ;   {other}
  0x000001ae232269f8: 0f1f 8400 | 0000 0000 | 4883 c5e3 | 448b cd49 | ba00 0000 | 0001 0000 | 0049 3bea | 0f8d 0c18 
  0x000001ae23226a18: 0000 4585 | c90f 8cdd | 2500 0045 | 8d51 1d45 | 3bea 0f82 | d025 0000 | 4b8d 540e 

  0x000001ae23226a34: ;   {oop([B{0x0000000685001a90})}
  0x000001ae23226a34: 1041 bb52 | 03a0 d04f | 8d14 dc4b | 8d4c dc10 | 41b8 1d00 | 0000 c5f8 | 7749 baa0 | 2d6c 22ae 
  0x000001ae23226a54: 0100 0041 

  0x000001ae23226a58: ;   {other}
  0x000001ae23226a58: ffd2 0f1f | 8400 0000 | 0000 4d8b | d649 c1ea | 0344 8954 | 2440 4885 | ed0f 850b | 1800 0049 
  0x000001ae23226a78: 8b87 b801 | 0000 4c8b | d049 83c2 | 184d 3b97 | c801 0000 | 0f83 e721 | 0000 4d89 | 97b8 0100 
  0x000001ae23226a98: 0041 0f18 | 8200 0100 | 0048 c700 | 0100 0000 

  0x000001ae23226aa8: ;   {metadata('java/lang/String')}
  0x000001ae23226aa8: c740 08d8 | e800 0044 | 8960 0c4c | 8960 1044 | 8b54 2440 | 4489 5014 

  0x000001ae23226ac0: ;   {oop(a 'java/lang/Class'{0x0000000682a04eb8} = 'ui/utils/x')}
  0x000001ae23226ac0: 49ba b84e | a082 0600 | 0000 458b | 8284 0000 | 0047 0fb6 | 5cc4 0c45 | 85db 0f85 | b425 0000 
  0x000001ae23226ae0: 448b 530c | 4181 faac | 0100 000f | 83a3 2400 | 004c 8b5c | 2430 498b | 5310 bd03 

  0x000001ae23226afc: ;   {oop([I{0x0000000685001c18})}
  0x000001ae23226afc: 0000 0049 | bb18 1c00 | 8506 0000 | 0047 8b54 | 9310 4183 | fa01 0f84 | 0903 0000 | 4183 fa06 
  0x000001ae23226b1c: 0f85 4b01 | 0000 6690 

  0x000001ae23226b24: ;   {static_call}
  0x000001ae23226b24: c5f8 77e8 

  0x000001ae23226b28: ; ImmutableOopMap {[40]=Oop }
                      ;*invokestatic GuiEventBase_getKey {reexecute=0 rethrow=0 return_oop=0}
                      ; - ui.frmwork.a.v::iST@4 (line 56)
                      ; - ui.views.waveform.d.b::l@257 (line 577)
  0x000001ae23226b28: 34d0 5b00 

  0x000001ae23226b2c: ;   {other}
  0x000001ae23226b2c: 0f1f 8400 | 9c0a 0002 | 4889 4424 | 2048 85c0 | 0f8c cf29 | 0000 4c8b | d849 f7db | 4983 fbf6 
  0x000001ae23226b4c: 0f8f 2712 | 0000 4983 | fb9c 0f8f | fe13 0000 | 4981 fb18 | fcff ff0f | 8f40 1400 | 0049 81fb 
  0x000001ae23226b6c: f0d8 ffff | 0f8f 0a12 | 0000 4981 | fb60 79fe | ff0f 8fa2 | 1400 0049 | 81fb c0bd | f0ff 0f8f 
  0x000001ae23226b8c: 0812 0000 | 4981 fb80 | 6967 ff0f | 8fc5 1400 | 0049 81fb | 001f 0afa | 0f8f c514 | 0000 4981 
  0x000001ae23226bac: fb00 3665 | c40f 8f13 | 1600 0049 | ba00 1cf4 | abfd ffff | ff4d 3bda | 0f8f b016 | 0000 49ba 
  0x000001ae23226bcc: 0018 89b7 | e8ff ffff | 4d3b da0f | 8fd4 1300 | 0049 ba00 | f05a 2b17 | ffff ff4d | 3bda 0f8f 
  0x000001ae23226bec: 9811 0000 | 49ba 0060 | 8db1 e7f6 | ffff 4d3b | da0f 8f2a | 1400 0049 | ba00 c085 | ef0c a5ff 
  0x000001ae23226c0c: ff4d 3bda | 0f8f 7d11 | 0000 49ba | 0080 395b | 8172 fcff | 4d3b da0f | 8f34 1400 

  0x000001ae23226c28: ;   {no_reloc}
  0x000001ae23226c28: 0049 ba00 | 003f 900d | 79dc ff4d | 3bda 0f8f | 2e14 0000 | 49ba 0000 | 76a2 87ba | 9cfe 4d3b 
  0x000001ae23226c48: da0f 8f76 | 1500 0049 | ba00 009c | 584c 491f | f24d 3bda | 0f8f 1316 | 0000 41ba | 1300 0000 
  0x000001ae23226c68: e933 1100 | 0041 83fa | 030f 8476 | 1000 0045 | 8d42 fe41 | 83f8 010f | 86f2 1300 | 0041 83fa 
  0x000001ae23226c88: 040f 8585 | 2500 0090 

  0x000001ae23226c90: ;   {static_call}
  0x000001ae23226c90: c5f8 77e8 

  0x000001ae23226c94: ; ImmutableOopMap {[40]=Oop [48]=Oop }
                      ;*invokestatic GuiEventBase_getKey {reexecute=0 rethrow=0 return_oop=0}
                      ; - ui.frmwork.a.v::iST@4 (line 56)
                      ; - ui.views.waveform.d.b::l@148 (line 549)
  0x000001ae23226c94: c8ce 5b00 

  0x000001ae23226c98: ;   {other}
  0x000001ae23226c98: 0f1f 8400 | 080c 0003 | 4889 4424 | 484c 8b54 | 2430 498b | 5210 4533 | c066 6690 

  0x000001ae23226cb4: ;   {static_call}
  0x000001ae23226cb4: c5f8 77e8 

  0x000001ae23226cb8: ; ImmutableOopMap {[40]=Oop [48]=Oop }
                      ;*invokestatic GuiEventBase_getDataPtr {reexecute=0 rethrow=0 return_oop=0}
                      ; - ui.frmwork.a.v::US@5 (line 44)
                      ; - ui.frmwork.a.v::iSR@2 (line 48)
                      ; - ui.views.waveform.d.b::l@152 (line 550)
  0x000001ae23226cb8: 247b 5b00 

  0x000001ae23226cbc: ;   {other}
  0x000001ae23226cbc: 0f1f 8400 | 2c0c 0004 | 4889 4424 | 384c 8b54 | 2430 498b | 5210 41b8 | 0100 0000 

  0x000001ae23226cd8: ;   {static_call}
  0x000001ae23226cd8: c5f8 77e8 

  0x000001ae23226cdc: ; ImmutableOopMap {[40]=Oop [48]=Oop }
                      ;*invokestatic GuiEventBase_getDataPtr {reexecute=0 rethrow=0 return_oop=0}
                      ; - ui.frmwork.a.v::US@5 (line 44)
                      ; - ui.views.waveform.d.b::l@157 (line 550)
  0x000001ae23226cdc: 007b 5b00 

  0x000001ae23226ce0: ;   {other}
  0x000001ae23226ce0: 0f1f 8400 | 500c 0005 | 4885 c00f | 8cd0 2500 | 0048 8944 | 2440 4c8b | d849 f7db | 4983 fbf6 
  0x000001ae23226d00: 0f8f b70b | 0000 4983 | fb9c 0f8f | 8d0e 0000 | 4981 fb18 | fcff ff0f | 8fb8 0e00 | 0049 81fb 
  0x000001ae23226d20: f0d8 ffff | 0f8f 9b0b | 0000 4981 | fb60 79fe | ff0f 8fe1 | 0e00 0049 | 81fb c0bd | f0ff 0f8f 
  0x000001ae23226d40: 890b 0000 | 4981 fb80 | 6967 ff0f | 8fe3 0f00 | 0049 81fb | 001f 0afa | 0f8f b711 | 0000 4981 
  0x000001ae23226d60: fb00 3665 | c40f 8ff9 | 1100 0049 | ba00 1cf4 | abfd ffff | ff4d 3bda | 0f8f 4112 | 0000 49ba 
  0x000001ae23226d80: 0018 89b7 | e8ff ffff | 4d3b da0f | 8f73 1200 | 0049 ba00 | f05a 2b17 | ffff ff4d | 3bda 0f8f 
  0x000001ae23226da0: 9812 0000 | 49ba 0060 | 8db1 e7f6 | ffff 4d3b | da0f 8f69 | 0e00 0049 | ba00 c085 | ef0c a5ff 
  0x000001ae23226dc0: ff4d 3bda | 0f8f 0b0b | 0000 49ba | 0080 395b | 8172 fcff | 4d3b da0f | 8f5f 0f00 

  0x000001ae23226ddc: ;   {no_reloc}
  0x000001ae23226ddc: 0049 ba00 | 003f 900d | 79dc ff4d | 3bda 0f8f | 2d11 0000 | 49ba 0000 | 76a2 87ba | 9cfe 4d3b 
  0x000001ae23226dfc: da0f 8f69 | 1100 0049 | ba00 009c | 584c 491f | f24d 3bda | 0f8f b111 | 0000 41bb | 1300 0000 
  0x000001ae23226e1c: e9c1 0a00 | 0066 6690 

  0x000001ae23226e24: ;   {static_call}
  0x000001ae23226e24: c5f8 77e8 

  0x000001ae23226e28: ; ImmutableOopMap {[40]=Oop }
                      ;*invokestatic GuiEventBase_getKey {reexecute=0 rethrow=0 return_oop=0}
                      ; - ui.frmwork.a.v::iST@4 (line 56)
                      ; - ui.views.waveform.d.b::l@77 (line 536)
  0x000001ae23226e28: 34cd 5b00 

  0x000001ae23226e2c: ;   {other}
  0x000001ae23226e2c: 0f1f 8400 | 9c0d 0006 | 4889 4424 | 2048 85c0 | 0f8c 3e23 | 0000 4c8b | d849 f7db | 4983 fbf6 
  0x000001ae23226e4c: 0f8f d301 | 0000 4983 | fb9c 0f8f | 1d0a 0000 | 4981 fb18 | fcff ff0f | 8f1b 0a00 | 0049 81fb 
  0x000001ae23226e6c: f0d8 ffff | 0f8f b701 | 0000 4981 | fb60 79fe | ff0f 8f0c | 0a00 0049 | 81fb c0bd | f0ff 0f8f 
  0x000001ae23226e8c: a501 0000 | 4981 fb80 | 6967 ff0f | 8f09 0a00 | 0049 81fb | 001f 0afa | 0f8f dc0c | 0000 4981 
  0x000001ae23226eac: fb00 3665 | c40f 8f07 | 0d00 0049 | ba00 1cf4 | abfd ffff | ff4d 3bda | 0f8f 2c0d | 0000 49ba 
  0x000001ae23226ecc: 0018 89b7 | e8ff ffff | 4d3b da0f | 8f30 0d00 | 0049 ba00 | f05a 2b17 | ffff ff4d | 3bda 0f8f 
  0x000001ae23226eec: 6d0d 0000 | 49ba 0060 | 8db1 e7f6 | ffff 4d3b | da0f 8f94 | 0900 0049 | ba00 c085 | ef0c a5ff 
  0x000001ae23226f0c: ff4d 3bda | 0f8f 2701 | 0000 49ba | 0080 395b | 8172 fcff | 4d3b da0f | 8f85 0900 

  0x000001ae23226f28: ;   {no_reloc}
  0x000001ae23226f28: 0049 ba00 | 003f 900d | 79dc ff4d | 3bda 0f8f | 520c 0000 | 49ba 0000 | 76a2 87ba | 9cfe 4d3b 
  0x000001ae23226f48: da0f 8f77 | 0c00 0049 | ba00 009c | 584c 491f | f24d 3bda | 0f8f 9c0c | 0000 41ba | 1300 0000 
  0x000001ae23226f68: e9dd 0000 | 0049 8b87 | b801 0000 | 4c8b d049 | 83c2 184d | 3b97 c801 | 0000 0f83 | 001f 0000 
  0x000001ae23226f88: 4d89 97b8 | 0100 0041 | 0f18 8200 | 0100 0048 | c700 0100 

  0x000001ae23226f9c: ;   {metadata('java/lang/String')}
  0x000001ae23226f9c: 0000 c740 | 08d8 e800 | 0044 8960 | 0c44 8960 

  0x000001ae23226fac: ;   {oop([B{0x0000000685001a90})}
  0x000001ae23226fac: 10c7 4014 | 5203 a0d0 

  0x000001ae23226fb4: ;   {oop("processTclEvent: eventType - "{0x0000000685001a78})}
  0x000001ae23226fb4: 49ba 781a | 0085 0600 | 0000 450f | b652 1144 

  0x000001ae23226fc4: ;   {oop("processTclEvent: eventType - "{0x0000000685001a78})}
  0x000001ae23226fc4: 8850 1149 | ba78 1a00 | 8506 0000 | 0045 8b5a | 0c44 8958 | 0ce9 e2fa | ffff 4d8b | afb8 0100 
  0x000001ae23226fe4: 004d 8bd5 | 4983 c210 | 4d3b 97c8 | 0100 000f | 83bd 1e00 | 004d 8997 | b801 0000 | 410f 1882 
  0x000001ae23227004: 0001 0000 | 49c7 4500 | 0100 0000 

  0x000001ae23227010: ;   {metadata('java/lang/Integer')}
  0x000001ae23227010: 41c7 4508 | 885c 0200 | 8b5c 2420 | 4189 5d0c | e978 f6ff | ff41 ba01 | 0000 00eb | 1d41 ba03 
  0x000001ae23227030: 0000 00eb | 1241 ba03 | 0000 00eb | 0641 ba0b | 0000 0041 | 83c2 0241 | ffc2 498b | 87b8 0100 
  0x000001ae23227050: 004d 63ca | 4d8d 5132 | 4983 c11b | 4983 e2f8 | 4c8b d84d | 03da 458b | c14d 3b9f | c801 0000 
  0x000001ae23227070: 0f83 461c | 0000 4d89 | 9fb8 0100 | 0041 0f18 | 8300 0100 | 0048 c700 | 0100 0000 | 410f 1883 
  0x000001ae23227090: 4001 0000 

  0x000001ae23227094: ;   {metadata({type array byte})}
  0x000001ae23227094: c740 08c0 | 2200 0044 | 8940 0c41 | 0f18 8380 | 0100 004c | 894c 2430 

  0x000001ae232270ac: ;   {oop("WAVEFORM_UPDATE_WAVEFORM - "{0x0000000685004fc0})}
  0x000001ae232270ac: 488b e848 | bfc0 4f00 | 8506 0000 | 0048 8b54 | 2430 4c8b | c54c 8b4c | 2420 6690 

  0x000001ae232270c8: ;   {static_call java.lang.StringConcatHelper::prepend}
  0x000001ae232270c8: c5f8 77e8 

  0x000001ae232270cc: ; ImmutableOopMap {rbp=Oop [40]=Oop }
                      ;*invokestatic linkToStatic {reexecute=0 rethrow=0 return_oop=0}
                      ; - java.lang.invoke.DirectMethodHandle$Holder::invokeStatic@17
                      ; - java.lang.invoke.LambdaForm$MH/0x000001ae35785000::invoke@28
                      ; - java.lang.invoke.LambdaForm$MH/0x000001ae35ab0400::invoke@54
                      ; - java.lang.invoke.Invokers$Holder::linkToTargetMethod@5
                      ; - ui.views.waveform.d.b::l@80 (line 536)
  0x000001ae232270cc: 50f4 9100 

  0x000001ae232270d0: ;   {other}
  0x000001ae232270d0: 0f1f 8400 | 4010 0007 | 4c8b dd48 | c1ed 0348 | 85c0 0f85 | 2612 0000 | 498b 87b8 | 0100 004c 
  0x000001ae232270f0: 8bd0 4983 | c218 4d3b | 97c8 0100 | 000f 83e2 | 1b00 004d | 8997 b801 | 0000 410f | 1882 0001 
  0x000001ae23227110: 0000 48c7 | 0001 0000 

  0x000001ae23227118: ;   {metadata('java/lang/String')}
  0x000001ae23227118: 00c7 4008 | d8e8 0000 | 4489 600c | 4489 6010 

  0x000001ae23227128: ;   {oop(a 'java/lang/Class'{0x0000000682a04eb8} = 'ui/utils/x')}
  0x000001ae23227128: 8968 1449 | bab8 4ea0 | 8206 0000 | 0045 8b9a | 8400 0000 

  0x000001ae2322713c: ; implicit exception: dispatches to 0x000001ae23229884
  0x000001ae2322713c: 470f b644 | dc0c 4585 | c00f 8571 | 2000 004c | 8b54 2428 | 458b 5214 | 4585 d20f | 8483 2000 
  0x000001ae2322715c: 004b 8d14 | d441 b801 | 0000 0045 | 33c9 6690 

  0x000001ae2322716c: ;   {optimized virtual_call}
  0x000001ae2322716c: c5f8 77e8 

  0x000001ae23227170: ; ImmutableOopMap {}
                      ;*invokevirtual aT {reexecute=0 rethrow=0 return_oop=0}
                      ; - ui.views.waveform.d.b::l@101 (line 538)
  0x000001ae23227170: 6cc3 c3ff 

  0x000001ae23227174: ;   {other}
  0x000001ae23227174: 0f1f 8400 | e410 0008 | e9df 0600 | 0041 ba03 | 0000 00eb | 1241 ba03 | 0000 00eb | 0641 ba0b 
  0x000001ae23227194: 0000 0041 | 83c2 0241 | ffc2 498b | 87b8 0100 | 004d 63d2 | 4d03 d34d | 8d5a 334c | 895c 2450 
  0x000001ae232271b4: 4983 c24a | 458b c349 | 83e2 f84c | 8bd8 4d03 | da4d 3b9f | c801 0000 | 0f83 371b | 0000 4d89 
  0x000001ae232271d4: 9fb8 0100 | 0041 0f18 | 8300 0100 | 0048 c700 | 0100 0000 | 410f 1883 | 4001 0000 

  0x000001ae232271f0: ;   {metadata({type array byte})}
  0x000001ae232271f0: c740 08c0 | 2200 0044 | 8940 0c41 | 0f18 8380 | 0100 0048 

  0x000001ae23227204: ;   {oop(" Delay = "{0x00000006850023b8})}
  0x000001ae23227204: 8be8 48bf | b823 0085 | 0600 0000 | 488b 5424 | 504c 8bc5 | 4c8b 4c24 | 4066 6690 

  0x000001ae23227220: ;   {static_call java.lang.StringConcatHelper::prepend}
  0x000001ae23227220: c5f8 77e8 

  0x000001ae23227224: ; ImmutableOopMap {rbp=Oop [40]=Oop [48]=Oop }
                      ;*invokestatic linkToStatic {reexecute=0 rethrow=0 return_oop=0}
                      ; - java.lang.invoke.DirectMethodHandle$Holder::invokeStatic@17
                      ; - java.lang.invoke.LambdaForm$MH/0x000001ae35785000::invoke@28
                      ; - java.lang.invoke.LambdaForm$MH/0x000001ae35b63400::invoke@20
                      ; - java.lang.invoke.LambdaForm$MH/0x000001ae35b71400::invoke@62
                      ; - java.lang.invoke.LambdaForm$MH/0x000001ae35b71c00::linkToTargetMethod@9
                      ; - ui.views.waveform.d.b::l@160 (line 550)
  0x000001ae23227224: f8f2 9100 

  0x000001ae23227228: ;   {other}
  0x000001ae23227228: 0f1f 8400 | 9811 0009 

  0x000001ae23227230: ;   {oop(" EventId = "{0x0000000685002380})}
  0x000001ae23227230: 48bf 8023 | 0085 0600 | 0000 488b | d04c 8bc5 | 4c8b 4c24 | 3866 6690 

  0x000001ae23227248: ;   {static_call java.lang.StringConcatHelper::prepend}
  0x000001ae23227248: c5f8 77e8 

  0x000001ae2322724c: ; ImmutableOopMap {rbp=Oop [40]=Oop [48]=Oop }
                      ;*invokestatic linkToStatic {reexecute=0 rethrow=0 return_oop=0}
                      ; - java.lang.invoke.DirectMethodHandle$Holder::invokeStatic@17
                      ; - java.lang.invoke.LambdaForm$MH/0x000001ae35785000::invoke@28
                      ; - java.lang.invoke.LambdaForm$MH/0x000001ae35b38400::invoke@20
                      ; - java.lang.invoke.LambdaForm$MH/0x000001ae35b63400::invoke@43
                      ; - java.lang.invoke.LambdaForm$MH/0x000001ae35b71400::invoke@62
                      ; - java.lang.invoke.LambdaForm$MH/0x000001ae35b71c00::linkToTargetMethod@9
                      ; - ui.views.waveform.d.b::l@160 (line 550)
  0x000001ae2322724c: d0f2 9100 

  0x000001ae23227250: ;   {other}
  0x000001ae23227250: 0f1f 8400 | c011 000a 

  0x000001ae23227258: ;   {oop("WAVEFORM_DELAYED_MODEL_EVENT - "{0x0000000685002338})}
  0x000001ae23227258: 48bf 3823 | 0085 0600 | 0000 488b | d04c 8bc5 | 4c8b 4c24 | 4866 6690 

  0x000001ae23227270: ;   {static_call java.lang.StringConcatHelper::prepend}
  0x000001ae23227270: c5f8 77e8 

  0x000001ae23227274: ; ImmutableOopMap {rbp=Oop [40]=Oop [48]=Oop }
                      ;*invokestatic linkToStatic {reexecute=0 rethrow=0 return_oop=0}
                      ; - java.lang.invoke.DirectMethodHandle$Holder::invokeStatic@17
                      ; - java.lang.invoke.LambdaForm$MH/0x000001ae35785000::invoke@28
                      ; - java.lang.invoke.LambdaForm$MH/0x000001ae35b38400::invoke@41
                      ; - java.lang.invoke.LambdaForm$MH/0x000001ae35b63400::invoke@43
                      ; - java.lang.invoke.LambdaForm$MH/0x000001ae35b71400::invoke@62
                      ; - java.lang.invoke.LambdaForm$MH/0x000001ae35b71c00::linkToTargetMethod@9
                      ; - ui.views.waveform.d.b::l@160 (line 550)
  0x000001ae23227274: a8f2 9100 

  0x000001ae23227278: ;   {other}
  0x000001ae23227278: 0f1f 8400 | e811 000b | 4c8b dd49 | c1eb 0344 | 895c 2438 | 4885 c00f | 85e9 1000 | 0049 8b97 
  0x000001ae23227298: b801 0000 | 4c8b d249 | 83c2 184d | 3b97 c801 | 0000 0f83 | b51b 0000 | 4d89 97b8 | 0100 0041 
  0x000001ae232272b8: 0f18 8200 | 0100 0048 | c702 0100 

  0x000001ae232272c4: ;   {metadata('java/lang/String')}
  0x000001ae232272c4: 0000 c742 | 08d8 e800 | 0044 8962 | 0c44 8962 | 1044 8b54 | 2438 4489 | 5214 6690 

  0x000001ae232272e0: ;   {static_call}
  0x000001ae232272e0: c5f8 77e8 

  0x000001ae232272e4: ; ImmutableOopMap {[40]=Oop [48]=Oop }
                      ;*invokestatic debug {reexecute=0 rethrow=0 return_oop=0}
                      ; - ui.views.waveform.d.b::l@165 (line 549)
  0x000001ae232272e4: b883 c0ff 

  0x000001ae232272e8: ;   {other}
  0x000001ae232272e8: 0f1f 8400 | 5812 000c | 488b 6c24 | 3048 8b55 | 1045 33c0 

  0x000001ae232272fc: ;   {static_call}
  0x000001ae232272fc: c5f8 77e8 

  0x000001ae23227300: ; ImmutableOopMap {rbp=Oop [40]=Oop [48]=Oop }
                      ;*invokestatic GuiEventBase_getDataPtr {reexecute=0 rethrow=0 return_oop=0}
                      ; - ui.frmwork.a.v::US@5 (line 44)
                      ; - ui.frmwork.a.v::iSR@2 (line 48)
                      ; - ui.views.waveform.d.b::l@169 (line 551)
  0x000001ae23227300: dc74 5b00 

  0x000001ae23227304: ;   {other}
  0x000001ae23227304: 0f1f 8400 | 7412 000d | 4889 4424 | 304c 8b54 | 2428 458b | 5a24 4585 | db0f 8479 | 2100 004b 
  0x000001ae23227324: 8d14 dc90 

  0x000001ae23227328: ;   {optimized virtual_call}
  0x000001ae23227328: c5f8 77e8 

  0x000001ae2322732c: ; ImmutableOopMap {rbp=Oop [40]=Oop }
                      ;*invokevirtual stop {reexecute=0 rethrow=0 return_oop=0}
                      ; - ui.views.waveform.d.b::l@184 (line 562)
  0x000001ae2322732c: 9035 c9ff 

  0x000001ae23227330: ;   {other}
  0x000001ae23227330: 0f1f 8400 | a012 000e | 4d8b 9fb8 | 0100 004d | 8bd3 4983 | c238 4d3b | 97c8 0100 | 000f 83da 
  0x000001ae23227350: 1900 004d | 8997 b801 | 0000 410f | 1882 0001 | 0000 49c7 | 0301 0000 

  0x000001ae23227368: ;   {metadata('javax/swing/Timer')}
  0x000001ae23227368: 0041 c743 | 0888 600e | 0145 8963 | 0c4d 8963 | 104d 8963 | 184d 8963 | 204d 8963 | 284d 8963 
  0x000001ae23227388: 304c 895c | 2420 488b | 5510 41b8 | 0100 0000 | 498b eb90 

  0x000001ae2322739c: ;   {static_call}
  0x000001ae2322739c: c5f8 77e8 

  0x000001ae232273a0: ; ImmutableOopMap {rbp=Oop [32]=Oop [40]=Oop }
                      ;*invokestatic GuiEventBase_getDataPtr {reexecute=0 rethrow=0 return_oop=0}
                      ; - ui.frmwork.a.v::US@5 (line 44)
                      ; - ui.views.waveform.d.b::l@197 (line 563)
  0x000001ae232273a0: 3c74 5b00 

  0x000001ae232273a4: ;   {other}
  0x000001ae232273a4: 0f1f 8400 | 1413 000f | 4c8b d049 | 8b87 b801 | 0000 4c8b | d849 83c3 | 184d 69d2 | e803 0000 
  0x000001ae232273c4: 458b d244 | 8954 2458 | 4d3b 9fc8 | 0100 000f | 8334 1a00 | 004d 899f | b801 0000 | 410f 1883 
  0x000001ae232273e4: 0001 0000 | 48c7 0001 

  0x000001ae232273ec: ;   {metadata('ui/views/waveform/d/f')}
  0x000001ae232273ec: 0000 00c7 | 4008 70d2 | b601 4c8b | 5424 2849 | c1ea 0344 | 8950 0c4c | 8b54 2430 | 4c89 5010 
  0x000001ae2322740c: 488b f849 | 8b9f b801 | 0000 4c8b | d349 83c2 | 104d 3b97 | c801 0000 | 0f83 8919 | 0000 4d89 
  0x000001ae2322742c: 97b8 0100 | 0041 0f18 | 8200 0100 | 0048 c703 | 0100 0000 

  0x000001ae23227440: ;   {metadata('javax/swing/event/EventListenerList')}
  0x000001ae23227440: c743 0838 | 9006 0144 | 8963 0c41 | 807f 4000 | 0f85 c812 

  0x000001ae23227454: ;   {oop(a 'java/lang/Object'[0] {0x0000000682022c88})}
  0x000001ae23227454: 0000 c743 | 0c91 4540 | d048 8bf3 | 48c1 ee03 

  0x000001ae23227464: ;   {oop(a 'java/lang/Object'[0] {0x0000000682022c88})}
  0x000001ae23227464: 4c8b d349 | bb88 2c02 | 8206 0000 | 004d 33da | 49c1 eb16 | 4d85 db74 | 1a49 c1ea | 0948 b900 
  0x000001ae23227484: 00a4 27ae | 0100 0049 | 03ca 8039 | 020f 85b1 | 1400 00f0 | 8344 24c0 | 0041 807f | 4000 0f85 
  0x000001ae232274a4: c211 0000 | 4c8b 5424 | 2041 8972 | 184c 8bd3 | 4c8b 5c24 | 204d 33d3 | 49c1 ea16 | 4d85 d274 
  0x000001ae232274c4: 1a49 c1eb | 0948 b900 | 00a4 27ae | 0100 0049 | 03cb 8039 | 020f 8576 | 1300 0049 | 8b9f b801 
  0x000001ae232274e4: 0000 4c8b | d349 83c2 | 104d 3b97 | c801 0000 | 0f83 5618 | 0000 4d89 | 97b8 0100 | 0041 0f18 
  0x000001ae23227504: 8200 0100 | 0048 c703 | 0100 0000 

  0x000001ae23227510: ;   {metadata('java/util/concurrent/atomic/AtomicBoolean')}
  0x000001ae23227510: c743 08a8 | 770e 0144 | 8963 0c41 | 807f 4000 | 0f85 bc11 | 0000 4c8b | 5424 204c | 8bc3 49c1 
  0x000001ae23227530: e803 4c8b | 5c24 2045 | 8943 1c4c | 8bdb 4d33 | da49 c1eb | 164d 85db | 741a 49c1 | ea09 48b9 
  0x000001ae23227550: 0000 a427 | ae01 0000 | 4903 ca80 | 3902 0f85 | a012 0000 | 4c8b 5424 | 2041 c642 | 1401 41c6 
  0x000001ae23227570: 4215 01f0 | 8344 24c0 | 0049 8bb7 | b801 0000 | 4c8b d649 | 83c2 104d | 3b97 c801 | 0000 0f83 
  0x000001ae23227590: 4d18 0000 | 4d89 97b8 | 0100 0041 | 0f18 8200 | 0100 0048 | c706 0100 

  0x000001ae232275a8: ;   {metadata('java/util/concurrent/locks/ReentrantLock')}
  0x000001ae232275a8: 0000 c746 | 0868 ec17 | 0044 8966 | 0c49 8b87 | b801 0000 | 4c8b d049 | 83c2 204d | 3b97 c801 
  0x000001ae232275c8: 0000 0f83 | ad17 0000 | 4d89 97b8 | 0100 0041 | 0f18 8200 | 0100 0048 | c700 0100 

  0x000001ae232275e4: ;   {metadata('java/util/concurrent/locks/ReentrantLock$NonfairSync')}
  0x000001ae232275e4: 0000 c740 | 0850 fd1a | 0044 8960 | 0c4c 8960 | 104c 8960 | 1848 8bde | 48c1 eb03 | 4c8b d849 
  0x000001ae23227604: c1eb 0344 | 895e 0c4c | 8bd0 4c8b | de4d 33d3 | 49c1 ea16 | 4d85 d274 | 1a49 c1eb | 0948 b900 
  0x000001ae23227624: 00a4 27ae | 0100 0049 | 03cb 8039 | 020f 85c0 | 1200 0041 | 807f 4000 | 0f85 6410 | 0000 4c8b 
  0x000001ae23227644: 5424 2041 | 895a 244c | 8bd6 4c8b | 5c24 204d | 33d3 49c1 | ea16 4d85 | d274 1a49 | c1eb 0948 
  0x000001ae23227664: b900 00a4 | 27ae 0100 | 0049 03cb | 8039 020f | 852d 1200 | 0041 807f | 4000 0f85 | aa0f 0000 
  0x000001ae23227684: 4889 7c24 | 304c 8b54 | 2420 4589 | 6228 488b | 6c24 2090 

  0x000001ae23227698: ;   {static_call}
  0x000001ae23227698: c5f8 77e8 

  0x000001ae2322769c: ; ImmutableOopMap {rbp=Oop [32]=Oop [40]=Oop [48]=Oop }
                      ;*invokestatic getStackAccessControlContext {reexecute=0 rethrow=0 return_oop=1}
                      ; - java.security.AccessController::getContext@0 (line 1006)
                      ; - javax.swing.Timer::<init>@54 (line 217)
                      ; - ui.views.waveform.d.b::l@211 (line 563)
  0x000001ae2322769c: c007 d7ff 

  0x000001ae232276a0: ;   {other}
  0x000001ae232276a0: 0f1f 8400 | 1016 0010 | 4885 c00f | 84cd 1400 | 0048 8bd0 

  0x000001ae232276b4: ;   {optimized virtual_call}
  0x000001ae232276b4: c5f8 77e8 

  0x000001ae232276b8: ; ImmutableOopMap {rbp=Oop [32]=Oop [40]=Oop [48]=Oop }
                      ;*invokevirtual optimize {reexecute=0 rethrow=0 return_oop=1}
                      ; - java.security.AccessController::getContext@19 (line 1012)
                      ; - javax.swing.Timer::<init>@54 (line 217)
                      ; - ui.views.waveform.d.b::l@211 (line 563)
  0x000001ae232276b8: 0418 ca00 

  0x000001ae232276bc: ;   {other}
  0x000001ae232276bc: 0f1f 8400 | 2c16 0011 | 488b d841 | 807f 4000 | 0f85 ba10 | 0000 488b | 7c24 204c | 8bd7 488b 
  0x000001ae232276dc: ef48 c1ed | 034c 8bc3 | 49c1 e803 | 4489 4730 | 4c8b db4d | 33da 49c1 | eb16 4d85 | db74 1f48 
  0x000001ae232276fc: 85db 741a | 49c1 ea09 | 48b9 0000 | a427 ae01 | 0000 4903 | ca80 3902 | 0f85 3213 | 0000 448b 
  0x000001ae2322771c: 5424 5844 | 8957 1044 | 8957 0cf0 | 8344 24c0 | 0049 8b9f | b801 0000 | 4c8b d349 | 83c2 104d 
  0x000001ae2322773c: 3b97 c801 | 0000 0f83 | ee16 0000 | 4d89 97b8 | 0100 0041 | 0f18 8200 | 0100 0048 | c703 0100 
  0x000001ae2322775c: ;   {metadata('javax/swing/Timer$DoPostEvent')}
  0x000001ae2322775c: 0000 c743 | 08e8 7e0e | 0144 8963 | 0c89 6b0c | 4180 7f40 | 000f 85de | 0f00 004c | 8bd7 4c8b 
  0x000001ae2322777c: c349 c1e8 | 0344 8947 | 204c 8bdb | 4d33 da49 | c1eb 164d | 85db 741a | 49c1 ea09 | 48b9 0000 
  0x000001ae2322779c: a427 ae01 | 0000 4903 | ca80 3902 | 0f85 eb11 | 0000 448b | 5f18 4585 | db0f 843d | 1a00 0048 
  0x000001ae232277bc: 897c 2420 | 4b8d 14dc 

  0x000001ae232277c4: ;   {oop(a 'java/lang/Class'{0x0000000682066dd0} = 'java/awt/event/ActionListener')}
  0x000001ae232277c4: 49b8 d06d | 0682 0600 | 0000 4c8b | 4c24 3090 

  0x000001ae232277d4: ;   {optimized virtual_call}
  0x000001ae232277d4: c5f8 77e8 

  0x000001ae232277d8: ; ImmutableOopMap {rbp=NarrowOop [32]=Oop [40]=Oop }
                      ;*invokevirtual add {reexecute=0 rethrow=0 return_oop=0}
                      ; - javax.swing.Timer::addActionListener@7 (line 265)
                      ; - javax.swing.Timer::<init>@88 (line 208)
                      ; - ui.views.waveform.d.b::l@211 (line 563)
  0x000001ae232277d8: 241b f4ff 

  0x000001ae232277dc: ;   {other}
  0x000001ae232277dc: 0f1f 8400 | 4c17 0012 | 4180 7f40 | 000f 85d9 | 0f00 0048 | 8b5c 2428 | 896b 244c | 8b44 2420 
  0x000001ae232277fc: 4d8b d04c | 8bdb 4d33 | d349 c1ea | 164d 85d2 | 741b 49c1 | eb09 49b9 | 0000 a427 | ae01 0000 
  0x000001ae2322781c: 4d03 cb41 | 8039 020f | 85c1 1100 | 0045 8860 | 14f0 8344 | 24c0 0044 | 8b53 2447 | 8b44 d408 
  0x000001ae2322783c: ;   {metadata('javax/swing/Timer')}
  0x000001ae2322783c: 4181 f888 | 600e 010f | 85fb 1900 | 004b 8d14 | d466 6690 

  0x000001ae23227850: ;   {optimized virtual_call}
  0x000001ae23227850: c5f8 77e8 

  0x000001ae23227854: ; ImmutableOopMap {}
                      ;*invokevirtual start {reexecute=0 rethrow=0 return_oop=0}
                      ; - ui.views.waveform.d.b::l@229 (line 570)
  0x000001ae23227854: 8870 beff 

  0x000001ae23227858: ;   {other}
  0x000001ae23227858: 0f1f 8400 | c817 0013 | c5f8 7748 | 81c4 8000 

  0x000001ae23227868: ;   {poll_return}
  0x000001ae23227868: 0000 5d49 | 3ba7 5004 | 0000 0f87 | 4022 0000 | c341 ba02 | 0000 00e9 | c6f7 ffff | 41ba 0300 
  0x000001ae23227888: 0000 e9bb | f7ff ff41 | ba03 0000 | 00eb 0641 | ba0b 0000 | 0041 83c2 | 02e9 a4f7 | ffff 41ba 
  0x000001ae232278a8: 0300 0000 | eb06 41ba | 0b00 0000 | 4183 c204 | e98d f7ff | ff41 bb01 | 0000 00eb | 1d41 bb03 
  0x000001ae232278c8: 0000 00eb | 1241 bb03 | 0000 00eb | 0641 bb0b | 0000 0041 | 83c3 0241 | ffc3 4d63 | d34c 8b5c 
  0x000001ae232278e8: 2438 4d85 | db0f 8c11 | 1a00 004d | 8bc3 49f7 | d849 83f8 | f60f 8f14 | 0100 0049 | 83f8 9c0f 
  0x000001ae23227908: 8f9b 0200 | 0049 81f8 | 18fc ffff | 0f8f c602 | 0000 4981 | f8f0 d8ff | ff0f 8ff8 | 0000 0049 
  0x000001ae23227928: 81f8 6079 | feff 0f8f | fb02 0000 | 4981 f8c0 | bdf0 ff0f | 8fe6 0000 | 0049 81f8 | 8069 67ff 
  0x000001ae23227948: 0f8f fd03 | 0000 4981 | f800 1f0a | fa0f 8fd1 | 0500 0049 | 81f8 0036 | 65c4 0f8f | 1306 0000 
  0x000001ae23227968: ;   {no_reloc}
  0x000001ae23227968: 49bb 001c | f4ab fdff | ffff 4d3b | c30f 8f5b | 0600 0049 | bb00 1889 | b7e8 ffff | ff4d 3bc3 
  0x000001ae23227988: 0f8f 8106 | 0000 49bb | 00f0 5a2b | 17ff ffff | 4d3b c30f | 8fa6 0600 | 0049 bb00 | 608d b1e7 
  0x000001ae232279a8: f6ff ff4d | 3bc3 0f8f | 8302 0000 | 49bb 00c0 | 85ef 0ca5 | ffff 4d3b | c37f 6c49 | bb00 8039 
  0x000001ae232279c8: 5b81 72fc | ff4d 3bc3 | 0f8f 7d03 | 0000 49bb | 0000 3f90 | 0d79 dcff | 4d3b c30f | 8f4b 0500 
  0x000001ae232279e8: 0049 bb00 | 0076 a287 | ba9c fe4d | 3bc3 0f8f | 8705 0000 | 49bb 0000 | 9c58 4c49 | 1ff2 4d3b 
  0x000001ae23227a08: c30f 8fcf | 0500 0041 | b813 0000 | 00eb 2541 | b801 0000 | 00eb 1d41 | b803 0000 | 00eb 1241 
  0x000001ae23227a28: b803 0000 | 00eb 0641 | b80b 0000 | 0041 83c0 | 0241 ffc0 | 4d63 d84d | 03da 4c8b | 5424 484d 
  0x000001ae23227a48: 85d2 0f8c | 0019 0000 | 4d8b c249 | f7d8 4983 | f8f6 0f8f | 1b01 0000 | 4983 f89c | 0f8f 4901 
  0x000001ae23227a68: ;   {no_reloc}
  0x000001ae23227a68: 0000 4981 | f818 fcff | ff0f 8f74 | 0100 0049 | 81f8 f0d8 | ffff 0f8f | fdf6 ffff | 4981 f860 
  0x000001ae23227a88: 79fe ff0f | 8fb5 0100 | 0049 81f8 | c0bd f0ff | 0f8f ebf6 | ffff 4981 | f880 6967 | ff0f 8fb7 
  0x000001ae23227aa8: 0200 0049 | 81f8 001f | 0afa 0f8f | 8b04 0000 | 4981 f800 | 3665 c40f | 8fcd 0400 | 0049 ba00 
  0x000001ae23227ac8: 1cf4 abfd | ffff ff4d | 3bc2 0f8f | 1505 0000 | 49ba 0018 | 89b7 e8ff | ffff 4d3b | c20f 8f2f 
  0x000001ae23227ae8: 0500 0049 | ba00 f05a | 2b17 ffff | ff4d 3bc2 | 0f8f 5405 | 0000 49ba | 0060 8db1 | e7f6 ffff 
  0x000001ae23227b08: 4d3b c20f | 8f3d 0100 | 0049 ba00 | c085 ef0c | a5ff ff4d | 3bc2 0f8f | 6df6 ffff | 49ba 0080 
  0x000001ae23227b28: 395b 8172 | fcff 4d3b | c20f 8f33 | 0200 0049 | ba00 003f | 900d 79dc | ff4d 3bc2 | 0f8f 0104 
  0x000001ae23227b48: 0000 49ba | 0000 76a2 | 87ba 9cfe | 4d3b c20f | 8f3d 0400 | 0049 ba00 | 009c 584c | 491f f24d 
  0x000001ae23227b68: ;   {no_reloc}
  0x000001ae23227b68: 3bc2 0f8f | 8504 0000 | 41ba 1300 | 0000 e923 | f6ff ff41 | ba01 0000 | 00e9 18f6 | ffff 41ba 
  0x000001ae23227b88: 0300 0000 | eb06 41ba | 0b00 0000 | 4183 c204 | e9aa f4ff | ff41 bb02 | 0000 00e9 | 3afd ffff 
  0x000001ae23227ba8: 41b8 0200 | 0000 e989 | feff ff41 | ba02 0000 | 00e9 e0f5 | ffff 41ba | 0300 0000 | eb06 41ba 
  0x000001ae23227bc8: 0b00 0000 | 4183 c206 | e975 f4ff | ff41 bb03 | 0000 00e9 | 02fd ffff | 41b8 0300 | 0000 e951 
  0x000001ae23227be8: feff ff41 | ba03 0000 | 00e9 a8f5 | ffff 41ba | 0300 0000 | eb06 41ba | 0b00 0000 | 4183 c206 
  0x000001ae23227c08: e93a f4ff | ff41 ba0b | 0000 00e9 | 32f4 ffff | 41bb 0300 | 0000 eb06 | 41bb 0b00 | 0000 4183 
  0x000001ae23227c28: c302 e9b3 | fcff ff41 | b803 0000 | 00eb 0641 | b80b 0000 | 0041 83c0 | 02e9 f6fd | ffff 41ba 
  0x000001ae23227c48: 0300 0000 | eb06 41ba | 0b00 0000 | 4183 c202 | e941 f5ff | ff41 ba0b | 0000 00e9 

  0x000001ae23227c64: ;   {no_reloc}
  0x000001ae23227c64: dff3 ffff | 498d 14fc 

  0x000001ae23227c6c: ;   {oop(a 'ui/frmwork/a/z'{0x000000068151da78})}
  0x000001ae23227c6c: 48bb 78da | 5181 0600 | 0000 8b7a | 0c41 3bf8 | 742f 8b74 | 2438 498b | c549 8baf | 5804 0000 
  0x000001ae23227c8c: ; ImmutableOopMap {rbx=Oop rdx=NarrowOop rax=Oop [40]=Oop [48]=Oop }
                      ;*ifnonnull {reexecute=1 rethrow=0 return_oop=0}
                      ; - (reexecute) java.util.HashMap::getNode@145 (line 587)
                      ; - java.util.HashMap::get@2 (line 564)
                      ; - ui.frmwork.a.v::UR@7 (line 29)
                      ; - ui.frmwork.a.v::iSQ@7 (line 36)
                      ; - ui.views.waveform.d.b::l@1 (line 532)
                      ;   {poll}
  0x000001ae23227c8c: 8b52 1885 | 4500 85d2 | 750a 4c8b | 4424 20e9 | a8ea ffff | 48c1 e203 | 8974 2438 | 4c8b e8eb 
  0x000001ae23227cac: c98b 6a10 | 488b fd48 | c1e7 0349 | 8bc5 493b | fd74 2541 | 8b7c ec08 

  0x000001ae23227cc4: ;   {metadata('java/lang/Integer')}
  0x000001ae23227cc4: 81ff 885c | 0200 0f85 | 701a 0000 | 498d 3cec | 8b7f 0c8b | 7424 383b | f775 a6e9 | a1eb ffff 
  0x000001ae23227ce4: 8b74 2438 | e998 ebff | ff45 33c0 | 488b 6c24 | 2866 6690 

  0x000001ae23227cf8: ;   {static_call}
  0x000001ae23227cf8: c5f8 77e8 

  0x000001ae23227cfc: ; ImmutableOopMap {rbp=Oop }
                      ;*invokestatic GuiEventBase_getDataPtr {reexecute=0 rethrow=0 return_oop=0}
                      ; - ui.frmwork.a.v::US@5 (line 44)
                      ; - ui.frmwork.a.v::iSR@2 (line 48)
                      ; - ui.views.waveform.d.b::l@138 (line 546)
  0x000001ae23227cfc: e06a 5b00 

  0x000001ae23227d00: ;   {other}
  0x000001ae23227d00: 0f1f 8400 | 701c 0015 | 488b d54c | 8bc0 6690 

  0x000001ae23227d10: ;   {optimized virtual_call}
  0x000001ae23227d10: c5f8 77e8 

  0x000001ae23227d14: ; ImmutableOopMap {}
                      ;*invokevirtual gr {reexecute=0 rethrow=0 return_oop=0}
                      ; - ui.views.waveform.d.b::l@141 (line 546)
  0x000001ae23227d14: fc1d 0000 

  0x000001ae23227d18: ;   {other}
  0x000001ae23227d18: 0f1f 8400 | 881c 0016 | e93b fbff 

  0x000001ae23227d24: ;   {oop(a 'ui/frmwork/a/z'{0x000000068151da78})}
  0x000001ae23227d24: ff48 bb78 | da51 8106 | 0000 00e9 | 14ea ffff | 41bb 0300 | 0000 eb06 | 41bb 0b00 | 0000 4183 
  0x000001ae23227d44: c304 e997 | fbff ff41 | b803 0000 | 00eb 0641 | b80b 0000 | 0041 83c0 | 04e9 dafc | ffff 41ba 
  0x000001ae23227d64: 0300 0000 | eb06 41ba | 0b00 0000 | 4183 c204 | e925 f4ff | ffbd 0100 | 0000 eb1d | 41ba 0300 
  0x000001ae23227d84: 0000 eb06 | 41ba 0b00 | 0000 418b | eaeb 08bd | 0b00 0000 | 83c5 02ff | c544 8bd5 | 498b 87b8 
  0x000001ae23227da4: 0100 004d | 63d2 4d8d | 5a32 4983 | c21b 4c89 | 5424 3049 | 83e3 f84c | 8bd0 4d03 | d34c 8b5c 
  0x000001ae23227dc4: 2430 458b | c34d 3b97 | c801 0000 | 0f83 7611 | 0000 4d89 | 97b8 0100 | 0041 0f18 | 8200 0100 
  0x000001ae23227de4: 0048 c700 | 0100 0000 | 410f 1882 | 4001 0000 

  0x000001ae23227df4: ;   {metadata({type array byte})}
  0x000001ae23227df4: c740 08c0 | 2200 0044 | 8940 0c41 | 0f18 8280 | 0100 0048 

  0x000001ae23227e08: ;   {oop("WAVEFORM_UPDATE_COMMANDS - "{0x00000006850050d8})}
  0x000001ae23227e08: 8be8 48bf | d850 0085 | 0600 0000 | 488b 5424 | 304c 8bc5 | 4c8b 4c24 | 2066 6690 

  0x000001ae23227e24: ;   {static_call java.lang.StringConcatHelper::prepend}
  0x000001ae23227e24: c5f8 77e8 

  0x000001ae23227e28: ; ImmutableOopMap {rbp=Oop [40]=Oop }
                      ;*invokestatic linkToStatic {reexecute=0 rethrow=0 return_oop=0}
                      ; - java.lang.invoke.DirectMethodHandle$Holder::invokeStatic@17
                      ; - java.lang.invoke.LambdaForm$MH/0x000001ae35785000::invoke@28
                      ; - java.lang.invoke.LambdaForm$MH/0x000001ae35ab0400::invoke@54
                      ; - java.lang.invoke.Invokers$Holder::linkToTargetMethod@5
                      ; - ui.views.waveform.d.b::l@260 (line 577)
  0x000001ae23227e28: f4e6 9100 

  0x000001ae23227e2c: ;   {other}
  0x000001ae23227e2c: 0f1f 8400 | 9c1d 0017 | 4c8b d549 | c1ea 0344 | 8954 2430 | 4885 c00f | 857a 0c00 | 0049 8b97 
  0x000001ae23227e4c: b801 0000 | 4c8b d249 | 83c2 184d | 3b97 c801 | 0000 0f83 | 0d11 0000 | 4d89 97b8 | 0100 0041 
  0x000001ae23227e6c: 0f18 8200 | 0100 0048 | c702 0100 

  0x000001ae23227e78: ;   {metadata('java/lang/String')}
  0x000001ae23227e78: 0000 c742 | 08d8 e800 | 0044 8962 | 0c44 8962 | 1044 8b5c | 2430 4489 | 5a14 488b | 6c24 2890 
  0x000001ae23227e98: ;   {static_call}
  0x000001ae23227e98: c5f8 77e8 

  0x000001ae23227e9c: ; ImmutableOopMap {rbp=Oop }
                      ;*invokestatic debug {reexecute=0 rethrow=0 return_oop=0}
                      ; - ui.views.waveform.d.b::l@265 (line 577)
  0x000001ae23227e9c: 0078 c0ff 

  0x000001ae23227ea0: ;   {other}
  0x000001ae23227ea0: 0f1f 8400 | 101e 0018 | 448b 5514 | 4585 d20f | 8497 1600 | 004b 8d14 | d466 6690 

  0x000001ae23227ebc: ;   {optimized virtual_call}
  0x000001ae23227ebc: c5f8 77e8 

  0x000001ae23227ec0: ; ImmutableOopMap {rbp=Oop }
                      ;*invokevirtual lwg {reexecute=0 rethrow=0 return_oop=0}
                      ; - ui.views.waveform.d.b::l@279 (line 579)
  0x000001ae23227ec0: bc00 faff 

  0x000001ae23227ec4: ;   {other}
  0x000001ae23227ec4: 0f1f 8400 | 341e 0019 | 448b 5d14 

  0x000001ae23227ed0: ; implicit exception: dispatches to 0x000001ae232298fc
  0x000001ae23227ed0: 478b 94dc | 8801 0000 

  0x000001ae23227ed8: ; implicit exception: dispatches to 0x000001ae23229914
  0x000001ae23227ed8: 478b 44d4 

  0x000001ae23227edc: ;   {metadata('ui/views/P/a')}
  0x000001ae23227edc: 0841 81f8 | f889 7c01 | 0f85 ee15 | 0000 49c1 | e203 458b | 5240 4585 | d20f 84c5 | 1500 004b 
  0x000001ae23227efc: 8d14 d490 

  0x000001ae23227f00: ;   {optimized virtual_call}
  0x000001ae23227f00: c5f8 77e8 

  0x000001ae23227f04: ; ImmutableOopMap {}
                      ;*invokevirtual bgh {reexecute=0 rethrow=0 return_oop=0}
                      ; - ui.views.waveform.d.b::l@303 (line 581)
  0x000001ae23227f04: 981e 4801 

  0x000001ae23227f08: ;   {other}
  0x000001ae23227f08: 0f1f 8400 | 781e 001a | e94b f9ff | ff41 bb03 | 0000 00eb | 0641 bb0b | 0000 0041 | 83c3 04e9 
  0x000001ae23227f28: b3f9 ffff | 41b8 0300 | 0000 eb06 | 41b8 0b00 | 0000 4183 | c004 e9f6 | faff ff41 | ba03 0000 
  0x000001ae23227f48: 00eb 0641 | ba0b 0000 | 0041 83c2 | 04e9 41f2 | ffff bd02 | 0000 00e9 | 39fe ffff | 41bb 0300 
  0x000001ae23227f68: 0000 eb06 | 41bb 0b00 | 0000 4183 | c306 e967 | f9ff ff41 | b803 0000 | 00eb 0641 | b80b 0000 
  0x000001ae23227f88: 0041 83c0 | 06e9 aafa | ffff 41ba | 0300 0000 | eb06 41ba | 0b00 0000 | 4183 c206 | e9f5 f1ff 
  0x000001ae23227fa8: ff41 bb03 | 0000 00eb | 0641 bb0b | 0000 0041 | 8beb e9de | fdff ff41 | bb03 0000 | 00eb 0641 
  0x000001ae23227fc8: bb0b 0000 | 0041 83c3 | 06e9 09f9 | ffff 41b8 | 0300 0000 | eb06 41b8 | 0b00 0000 | 4183 c006 
  0x000001ae23227fe8: e94c faff | ff41 ba03 | 0000 00eb | 0641 ba0b | 0000 0041 | 83c2 06e9 | 97f1 ffff 

  0x000001ae23228004: ;   {no_reloc}
  0x000001ae23228004: 41bb 0b00 | 0000 e9d3 | f8ff ff41 | b80b 0000 | 00e9 22fa | ffff 41ba | 0b00 0000 | e979 f1ff 
  0x000001ae23228024: ff41 bb03 | 0000 00eb | 0641 bb0b | 0000 0041 | 8d6b 02e9 | 61fd ffff | 41bb 0b00 | 0000 e998 
  0x000001ae23228044: f8ff ff41 | b80b 0000 | 00e9 e7f9 | ffff 41ba | 0b00 0000 | e93e f1ff | ffbd 0b00 | 0000 83c5 
  0x000001ae23228064: 04e9 33fd | ffff bd0b | 0000 0083 | c504 e924 | fdff ff48 | 8b6c 2428 

  0x000001ae2322807c: ;   {static_call}
  0x000001ae2322807c: c5f8 77e8 

  0x000001ae23228080: ; ImmutableOopMap {rbp=Oop [40]=Oop }
                      ;*invokestatic GuiEventBase_getKey {reexecute=0 rethrow=0 return_oop=0}
                      ; - ui.frmwork.a.v::iST@4 (line 56)
                      ; - ui.views.waveform.d.b::l@108 (line 541)
  0x000001ae23228080: dcba 5b00 

  0x000001ae23228084: ;   {other}
  0x000001ae23228084: 0f1f 8400 | f41f 001b | 4889 4424 | 4048 85c0 | 0f8c 3e15 | 0000 4c8b | d849 f7db | 4983 fbf6 
  0x000001ae232280a4: 0f8f 3b03 | 0000 4983 | fb9c 0f8f | 7504 0000 | 4981 fb18 | fcff ff0f | 8f7d 0400 | 0049 81fb 
  0x000001ae232280c4: f0d8 ffff | 0f8f 1f03 | 0000 4981 | fb60 79fe | ff0f 8f3c | 0500 0049 | 81fb c0bd | f0ff 0f8f 
  0x000001ae232280e4: 0d03 0000 | 4981 fb80 | 6967 ff0f | 8fa8 0900 | 0049 81fb | 001f 0afa | 0f8f 280a | 0000 4981 
  0x000001ae23228104: fb00 3665 | c40f 8f41 | 0a00 0049 | ba00 1cf4 | abfd ffff | ff4d 3bda | 0f8f 450a | 0000 49ba 
  0x000001ae23228124: 0018 89b7 | e8ff ffff | 4d3b da0f | 8f99 0a00 | 0049 ba00 | f05a 2b17 | ffff ff4d | 3bda 0f8f 
  0x000001ae23228144: 910a 0000 | 49ba 0060 | 8db1 e7f6 | ffff 4d3b | da0f 8fc4 | 0400 0049 | ba00 c085 | ef0c a5ff 
  0x000001ae23228164: ff4d 3bda | 0f8f 8f02 | 0000 49ba | 0080 395b | 8172 fcff | 4d3b da0f | 8f24 0900 

  0x000001ae23228180: ;   {no_reloc}
  0x000001ae23228180: 0049 ba00 | 003f 900d | 79dc ff4d | 3bda 0f8f | 9e09 0000 | 49ba 0000 | 76a2 87ba | 9cfe 4d3b 
  0x000001ae232281a0: da0f 8fb1 | 0900 0049 | ba00 009c | 584c 491f | f24d 3bda | 0f8f b509 | 0000 41ba | 1300 0000 
  0x000001ae232281c0: e946 0200 | 00bd 0b00 | 0000 83c5 | 06e9 cbfb | ffff 4c89 | 7424 4844 | 896c 2440 | 4889 5c24 
  0x000001ae232281e0: 384c 8b5c | 2430 4c89 | 5c24 2049 | 8bd2 4d8b | c6bf 0100 | 0000 6690 

  0x000001ae232281f8: ;   {optimized virtual_call}
  0x000001ae232281f8: c5f8 77e8 

  0x000001ae232281fc: ; ImmutableOopMap {[32]=Oop [40]=Oop [56]=Oop [72]=Oop }
                      ;*invokevirtual getBytes {reexecute=0 rethrow=0 return_oop=0}
                      ; - java.lang.StringConcatHelper::prepend@32 (line 326)
                      ; - java.lang.StringConcatHelper::simpleConcat@71 (line 438)
                      ; - java.lang.invoke.DirectMethodHandle$Holder::invokeStatic@11
                      ; - java.lang.invoke.LambdaForm$MH/0x000001ae35080800::invoke@21
                      ; - java.lang.invoke.Invokers$Holder::linkToTargetMethod@5
                      ; - ui.views.waveform.d.b::l@12 (line 533)
  0x000001ae232281fc: 8068 4bff 

  0x000001ae23228200: ;   {other}
  0x000001ae23228200: 0f1f 8400 | 7021 001c | 4c8b 5424 | 204c 8954 | 2430 488b | 5c24 3844 | 8b6c 2440 | 4c8b 7424 
  0x000001ae23228220: 48e9 dae7 | ffff 4c89 | 7424 4048 | 895c 2438 | 4c8b 5424 | 304c 8954 

  0x000001ae23228238: ;   {oop("processTclEvent: eventType - "{0x0000000685001a78})}
  0x000001ae23228238: 2420 48ba | 781a 0085 | 0600 0000 | 4d8b c6bf | 0100 0000 

  0x000001ae2322824c: ;   {optimized virtual_call}
  0x000001ae2322824c: c5f8 77e8 

  0x000001ae23228250: ; ImmutableOopMap {[32]=Oop [40]=Oop [56]=Oop [64]=Oop }
                      ;*invokevirtual getBytes {reexecute=0 rethrow=0 return_oop=0}
                      ; - java.lang.StringConcatHelper::prepend@32 (line 326)
                      ; - java.lang.StringConcatHelper::simpleConcat@81 (line 439)
                      ; - java.lang.invoke.DirectMethodHandle$Holder::invokeStatic@11
                      ; - java.lang.invoke.LambdaForm$MH/0x000001ae35080800::invoke@21
                      ; - java.lang.invoke.Invokers$Holder::linkToTargetMethod@5
                      ; - ui.views.waveform.d.b::l@12 (line 533)
  0x000001ae23228250: 2c68 4bff 

  0x000001ae23228254: ;   {other}
  0x000001ae23228254: 0f1f 8400 | c421 001d | 4c8b 5424 | 204c 8954 | 2430 488b | 5c24 384c | 8b74 2440 | e9ed e7ff 
  0x000001ae23228274: ffbd 0b00 | 0000 83c5 | 06e9 19fb | ffff 49ba | 0000 0000 | 0100 0000 | 493b ea0f | 8513 1300 
  0x000001ae23228294: 0049 8b87 | b801 0000 | 4c8b d049 | 83c2 184d | 3b97 c801 | 0000 0f83 | ac0f 0000 | 4d89 97b8 
  0x000001ae232282b4: 0100 0041 | 0f18 8200 | 0100 0048 | c700 0100 

  0x000001ae232282c4: ;   {metadata('java/lang/String')}
  0x000001ae232282c4: 0000 c740 | 08d8 e800 | 0044 8960 | 0c48 c740 | 1001 0000 | 0044 8b5c | 2440 4489 | 5814 e9d9 
  0x000001ae232282e4: e7ff ff4d | 63d3 4d3b | c20f 84c1 | 0700 004d | 63d6 4d3b | c20f 8442 

  0x000001ae232282fc: ;   {oop(a 'ui/frmwork/a/z'{0x000000068151db28})}
  0x000001ae232282fc: 0800 0048 | bb28 db51 | 8106 0000 | 00e9 98e5 | ffff 49ba | 0000 0000 | 0100 0000 | 493b c20f 
  0x000001ae2322831c: 850b 1300 | 0049 8b87 | b801 0000 | 4c8b d049 | 83c2 184d | 3b97 c801 | 0000 0f83 | 600f 0000 
  0x000001ae2322833c: 4d89 97b8 | 0100 0041 | 0f18 8200 | 0100 0048 | c700 0100 

  0x000001ae23228350: ;   {metadata('java/lang/String')}
  0x000001ae23228350: 0000 c740 | 08d8 e800 | 0044 8960 | 0cc7 4010 | 0100 0000 | 8968 14e9 | bfed ffff | 49ba 0000 
  0x000001ae23228370: 0000 0100 | 0000 490b | eae9 70e5 | ffff 49ba | 0000 0000 | 0100 0000 | 493b c20f | 85dc 1200 
  0x000001ae23228390: 0049 8b87 | b801 0000 | 4c8b d049 | 83c2 184d | 3b97 c801 | 0000 0f83 | 4411 0000 | 4d89 97b8 
  0x000001ae232283b0: 0100 0041 | 0f18 8200 | 0100 0048 | c700 0100 

  0x000001ae232283c0: ;   {metadata('java/lang/String')}
  0x000001ae232283c0: 0000 c740 | 08d8 e800 | 0044 8960 | 0cc7 4010 | 0100 0000 | 448b 5c24 | 3844 8958 | 1448 8bd0 
  0x000001ae232283e0: e9f9 eeff | ff41 ba01 | 0000 00eb | 1e41 bb03 | 0000 00eb | 1241 bb03 | 0000 00eb | 0641 bb0b 
  0x000001ae23228400: 0000 0041 | 83c3 0245 | 8d53 0149 | 8b87 b801 | 0000 4d63 | ca4d 8d51 | 2f49 83c1 | 1849 83e2 
  0x000001ae23228420: f84c 8bd8 | 4d03 da45 | 8bc1 4d3b | 9fc8 0100 | 000f 83fd | 0c00 004d | 899f b801 | 0000 410f 
  0x000001ae23228440: 1883 0001 | 0000 48c7 | 0001 0000 | 0041 0f18 | 8340 0100 

  0x000001ae23228454: ;   {metadata({type array byte})}
  0x000001ae23228454: 00c7 4008 | c022 0000 | 4489 400c | 410f 1883 | 8001 0000 

  0x000001ae23228468: ;   {oop("WAVEFORM_UPDATE_TITLE - "{0x0000000683912ff0})}
  0x000001ae23228468: 488b e848 | bff0 2f91 | 8306 0000 | 0049 8bd1 | 4c8b c54c | 8b4c 2440 

  0x000001ae23228480: ;   {static_call java.lang.StringConcatHelper::prepend}
  0x000001ae23228480: c5f8 77e8 

  0x000001ae23228484: ; ImmutableOopMap {rbp=Oop [40]=Oop }
                      ;*invokestatic linkToStatic {reexecute=0 rethrow=0 return_oop=0}
                      ; - java.lang.invoke.DirectMethodHandle$Holder::invokeStatic@17
                      ; - java.lang.invoke.LambdaForm$MH/0x000001ae35785000::invoke@28
                      ; - java.lang.invoke.LambdaForm$MH/0x000001ae35ab0400::invoke@54
                      ; - java.lang.invoke.Invokers$Holder::linkToTargetMethod@5
                      ; - ui.views.waveform.d.b::l@111 (line 541)
  0x000001ae23228484: 98e0 9100 

  0x000001ae23228488: ;   {other}
  0x000001ae23228488: 0f1f 8400 | f823 001e | 4c8b c549 | c1e8 0344 | 8944 2430 | 4885 c00f | 8540 0a00 | 0049 8b97 
  0x000001ae232284a8: b801 0000 | 4c8b d249 | 83c2 184d | 3b97 c801 | 0000 0f83 | 9e0c 0000 | 4d89 97b8 | 0100 0041 
  0x000001ae232284c8: 0f18 8200 | 0100 0048 | c702 0100 

  0x000001ae232284d4: ;   {metadata('java/lang/String')}
  0x000001ae232284d4: 0000 c742 | 08d8 e800 | 0044 8962 | 0c44 8962 | 1044 8b5c | 2430 4489 | 5a14 488b | 6c24 2890 
  0x000001ae232284f4: ;   {static_call}
  0x000001ae232284f4: c5f8 77e8 

  0x000001ae232284f8: ; ImmutableOopMap {rbp=Oop }
                      ;*invokestatic debug {reexecute=0 rethrow=0 return_oop=0}
                      ; - ui.views.waveform.d.b::l@116 (line 541)
  0x000001ae232284f8: a471 c0ff 

  0x000001ae232284fc: ;   {other}
  0x000001ae232284fc: 0f1f 8400 | 6c24 001f | 8b6d 1485 | ed0f 8405 | 1100 0049 | 8d14 ec90 

  0x000001ae23228514: ;   {optimized virtual_call}
  0x000001ae23228514: c5f8 77e8 

  0x000001ae23228518: ; ImmutableOopMap {}
                      ;*invokevirtual updateTitle {reexecute=0 rethrow=0 return_oop=0}
                      ; - ui.views.waveform.d.b::l@130 (line 543)
  0x000001ae23228518: 2516 0000 

  0x000001ae2322851c: ;   {other}
  0x000001ae2322851c: 0f1f 8400 | 8c24 0020 | e937 f3ff | ff41 ba02 | 0000 00e9 | d7fe ffff | 4c8b 4424 | 20e9 0ae2 
  0x000001ae2322853c: ffff 41ba | 0300 0000 | e9c2 feff | ff43 8d14 | 0985 d20f | 8c37 1100 | 0044 8b54 | 2450 41d1 
  0x000001ae2322855c: e245 85d2 | 0f8c 2611 | 0000 468d | 0412 453b | e80f 8219 | 1100 0049 | 8d7c 1610 | 498b f38b 
  0x000001ae2322857c: 5424 508b | ca83 e10f | 83e2 f074 | 1c48 8d34 | 1648 8d3c | 5748 f7da | c4e2 7d30 | 0416 c5fe 
  0x000001ae2322859c: 7f04 5748 | 83c2 1075 | ef8b d183 | e107 83e2 | f874 27c4 | e279 3006 | c5fa 7f07 | 4883 c608 
  0x000001ae232285bc: 4883 c710 | e911 0000 | 00c4 e279 | 3004 16c5 | fa7f 0457 | 4883 c208 | 75ef 8bd1 | 83fa 047c 
  0x000001ae232285dc: 19c5 f96e | 06c4 e279 | 30c0 c5f9 | d607 4883 | ea04 4883 | c604 4883 | c708 85d2 | 7418 488d 
  0x000001ae232285fc: 3416 488d | 3c57 48f7 | da0f b60c | 1666 890c | 5748 ffc2 | 75f3 e9e9 | e3ff ff41 

  0x000001ae23228618: ;   {no_reloc}
  0x000001ae23228618: ba03 0000 | 00eb 0641 | ba0b 0000 | 0041 83c2 | 02e9 ddfd | ffff 4c8b | 5424 2045 | 8b52 2845 
  0x000001ae23228638: 85d2 0f84 | 44f0 ffff | 4d8b 5f28 | 498b ca48 | c1e1 034d | 85db 0f84 | 480d 0000 | 4d8b 5738 
  0x000001ae23228658: 4b89 4c1a | f849 83c3 | f84d 895f | 28e9 1af0 | ffff 4c8b | 5424 2045 | 8b52 1845 | 85d2 0f84 
  0x000001ae23228678: 2cee ffff | 4d8b 5f28 | 498b ca48 | c1e1 034d | 85db 0f84 | 2c0d 0000 | 4d8b 5738 | 4b89 4c1a 
  0x000001ae23228698: f849 83c3 | f84d 895f | 28e9 02ee | ffff 4c8b | 5424 2045 | 8b52 2445 | 85d2 0f84 | 8aef ffff 
  0x000001ae232286b8: 4d8b 5f28 | 498b ca48 | c1e1 034d | 85db 0f84 | 500d 0000 | 4d8b 5738 | 4b89 4c1a | f849 83c3 
  0x000001ae232286d8: f84d 895f | 28e9 60ef | ffff 4c8b | 5424 2045 | 8b52 1c45 | 85d2 0f84 | 32ee ffff | 4d8b 5f28 
  0x000001ae232286f8: 498b ca48 | c1e1 034d | 85db 0f84 | d40c 0000 | 4d8b 5738 | 4b89 4c1a | f849 83c3 | f84d 895f 
  0x000001ae23228718: ;   {no_reloc}
  0x000001ae23228718: 28e9 08ee | ffff 448b | 530c 4585 | d20f 842b | edff ff4d | 8b5f 2849 | 8bca 48c1 | e103 4d85 
  0x000001ae23228738: db0f 84bd | 0c00 004d | 8b57 384b | 894c 1af8 | 4983 c3f8 | 4d89 5f28 | e901 edff | ff44 8b57 
  0x000001ae23228758: 2045 85d2 | 0f84 15f0 | ffff 4d8b | 5f28 498b | ca48 c1e1 | 034d 85db | 0f84 c60c | 0000 4d8b 
  0x000001ae23228778: 5738 4b89 | 4c1a f849 | 83c3 f84d | 895f 28e9 | ebef ffff | 488b 7c24 | 2044 8b5f | 3045 85db 
  0x000001ae23228798: 0f84 39ef | ffff 4d8b | 5728 498b | cb48 c1e1 | 034d 85d2 | 0f84 aa0c | 0000 4d8b | 5f38 4b89 
  0x000001ae232287b8: 4c13 f849 | 83c2 f84d | 8957 28e9 | 0fef ffff | 488b 5c24 | 2844 8b5b | 2445 85db | 0f84 1af0 
  0x000001ae232287d8: ffff 4d8b | 5728 498b | cb48 c1e1 | 034d 85d2 | 0f84 8e0c | 0000 4d8b | 5f38 4b89 | 4c13 f849 
  0x000001ae232287f8: 83c2 f84d | 8957 28e9 | f0ef ffff | 4d8b 5748 | 4d8b 5f58 | f083 4424 | c000 8039 | 000f 8449 
  0x000001ae23228818: ;   {no_reloc}
  0x000001ae23228818: edff ff44 | 8821 4d85 | d275 2049 | 8bd7 c5f8 | 7749 bac0 | 086e 7df9 | 7f00 0041 

  0x000001ae23228834: ;   {other}
  0x000001ae23228834: ffd2 0f1f | 8400 0000 | 0000 e921 | edff ff4b | 894c 13f8 | 4983 c2f8 | 4d89 5748 | e90f edff 
  0x000001ae23228854: ff4d 8b57 | 484d 8b5f | 58f0 8344 | 24c0 0080 | 3900 0f84 | 73ec ffff | 4488 214d | 85d2 7520 
  0x000001ae23228874: 498b d7c5 | f877 49ba | c008 6e7d | f97f 0000 

  0x000001ae23228884: ;   {other}
  0x000001ae23228884: 41ff d20f | 1f84 0000 | 0000 00e9 | 4bec ffff | 4b89 4c13 | f849 83c2 | f84d 8957 | 48e9 39ec 
  0x000001ae232288a4: ffff 4d8b | 5748 4d8b | 5f58 f083 | 4424 c000 | 8039 000f | 84bc edff | ff44 8821 | 4d85 d275 
  0x000001ae232288c4: 2049 8bd7 | c5f8 7749 | bac0 086e | 7df9 7f00 | 0041 ffd2 

  0x000001ae232288d8: ;   {other}
  0x000001ae232288d8: 0f1f 8400 | 0000 0000 | e994 edff | ff4b 894c | 13f8 4983 | c2f8 4d89 | 5748 e982 | edff ff4d 
  0x000001ae232288f8: 8b57 484d | 8b5f 58f0 | 8344 24c0 | 0080 3900 | 0f84 29ed | ffff 4488 | 214d 85d2 | 7520 498b 
  0x000001ae23228918: d7c5 f877 | 49ba c008 | 6e7d f97f | 0000 41ff 

  0x000001ae23228928: ;   {other}
  0x000001ae23228928: d20f 1f84 | 0000 0000 | 00e9 01ed | ffff 4b89 | 4c13 f849 | 83c2 f84d | 8957 48e9 | efec ffff 
  0x000001ae23228948: 4d8b 5758 | 4d8b 5f48 | f083 4424 | c000 8039 | 000f 8438 | ebff ff44 | 8821 4d85 | db75 2049 
  0x000001ae23228968: 8bd7 c5f8 | 7749 bac0 | 086e 7df9 | 7f00 0041 

  0x000001ae23228978: ;   {other}
  0x000001ae23228978: ffd2 0f1f | 8400 0000 | 0000 e910 | ebff ff4b | 894c 1af8 | 4983 c3f8 | 4d89 5f48 | e9fe eaff 
  0x000001ae23228998: ff4d 8b57 | 484d 8b5f | 58f0 8344 | 24c0 0080 | 3900 0f84 | feed ffff | 4488 214d | 85d2 7520 
  0x000001ae232289b8: 498b d7c5 | f877 49ba | c008 6e7d | f97f 0000 

  0x000001ae232289c8: ;   {other}
  0x000001ae232289c8: 41ff d20f | 1f84 0000 | 0000 00e9 | d6ed ffff | 4b89 4c13 | f849 83c2 | f84d 8957 | 48e9 c4ed 
  0x000001ae232289e8: ffff 4d8b | 5748 4d8b | 5f58 f083 | 4424 c000 | 4180 3900 | 7435 4588 | 214d 85d2 | 740f 4f89 
  0x000001ae23228a08: 4c13 f849 | 83c2 f84d | 8957 48eb | 1e49 8bc9 | 498b d7c5 | f877 49ba | c008 6e7d | f97f 0000 
  0x000001ae23228a28: ;   {other}
  0x000001ae23228a28: 41ff d20f | 1f84 0000 | 0000 0044 | 8b53 2445 | 85d2 0f84 | 880c 0000 | 49c1 e203 | 4d8b c2e9 
  0x000001ae23228a48: dded ffff | 4d8b 5748 | 4d8b 5f58 | f083 4424 | c000 8039 | 000f 84b7 | ecff ff44 | 8821 4d85 
  0x000001ae23228a68: d275 2049 | 8bd7 c5f8 | 7749 bac0 | 086e 7df9 | 7f00 0041 

  0x000001ae23228a7c: ;   {other}
  0x000001ae23228a7c: ffd2 0f1f | 8400 0000 | 0000 e98f | ecff ff4b | 894c 13f8 | 4983 c2f8 | 4d89 5748 | e97d ecff 
  0x000001ae23228a9c: ff41 ba03 | 0000 00eb | 0641 ba0b | 0000 0041 | 83c2 04e9 | 57f9 ffff 

  0x000001ae23228ab4: ;   {oop(a 'ui/frmwork/a/z'{0x000000068151d9c0})}
  0x000001ae23228ab4: 48bb c0d9 | 5181 0600 | 0000 e9e3 | ddff ff49 | ba00 0000 | 0001 0000 | 0049 3bc2 | 0f85 0a0c 
  0x000001ae23228ad4: 0000 498b | 87b8 0100 | 004c 8bd0 | 4983 c218 | 4d3b 97c8 | 0100 000f | 8373 0a00 | 004d 8997 
  0x000001ae23228af4: b801 0000 | 410f 1882 | 0001 0000 | 48c7 0001 

  0x000001ae23228b04: ;   {metadata('java/lang/String')}
  0x000001ae23228b04: 0000 00c7 | 4008 d8e8 | 0000 4489 | 600c c740 | 1001 0000 | 0044 8b54 | 2430 4489 | 5014 488b 
  0x000001ae23228b24: d0e9 68f3 | ffff 41bb | 0300 0000 | eb06 41bb | 0b00 0000 | 4183 c304 | e9c6 f8ff 

  0x000001ae23228b40: ;   {oop(a 'ui/frmwork/a/z'{0x000000068151d968})}
  0x000001ae23228b40: ff48 bb68 | d951 8106 | 0000 00e9 | 56dd ffff | 41ba 0300 | 0000 eb06 | 41ba 0b00 | 0000 4183 
  0x000001ae23228b60: c206 e9a4 | f8ff ff41 | bb03 0000 | 00eb 0641 | bb0b 0000 | 0041 83c3 | 06e9 89f8 | ffff 498b 
  0x000001ae23228b80: 9fb8 0100 | 004c 8bd3 | 4983 c228 | 4d3b 97c8 | 0100 000f | 83ec 0900 | 004d 8997 | b801 0000 
  0x000001ae23228ba0: 410f 1882 | 0001 0000 | 48c7 0301 

  0x000001ae23228bac: ;   {metadata('java/security/AccessControlContext')}
  0x000001ae23228bac: 0000 00c7 | 4308 0098 | 0200 4c89 | 6310 4c89 | 6318 4c89 | 6320 c743 | 0c01 0100 | 00e9 f9ea 
  0x000001ae23228bcc: ffff 41ba | 0b00 0000 | e932 f8ff | ff41 bb0b | 0000 00e9 | 23f8 ffff | 4c89 5424 | 6044 896c 
  0x000001ae23228bec: 244c 4c89 | 4424 5889 | 4c24 4848 | 8944 24f8 | 8b44 2450 | 8944 2444 | 488b 4424 | f889 7c24 
  0x000001ae23228c0c: 4048 895c | 2438 4c8b | 5424 304c | 8954 2420 

  0x000001ae23228c1c: ;   {metadata({type array byte})}
  0x000001ae23228c1c: 48ba c022 | 0034 ae01 | 0000 458b | c566 6690 

  0x000001ae23228c2c: ;   {runtime_call _new_array_Java}
  0x000001ae23228c2c: c5f8 77e8 

  0x000001ae23228c30: ; ImmutableOopMap {[32]=Oop [40]=Oop [56]=Oop [64]=NarrowOop [96]=Oop }
                      ;*invokevirtual allocateUninitializedArray0 {reexecute=0 rethrow=0 return_oop=1}
                      ; - jdk.internal.misc.Unsafe::allocateUninitializedArray@51 (line 1380)
                      ; - java.lang.StringConcatHelper::newArray@33 (line 511)
                      ; - java.lang.StringConcatHelper::simpleConcat@61 (line 435)
                      ; - java.lang.invoke.DirectMethodHandle$Holder::invokeStatic@11
                      ; - java.lang.invoke.LambdaForm$MH/0x000001ae35080800::invoke@21
                      ; - java.lang.invoke.Invokers$Holder::linkToTargetMethod@5
                      ; - ui.views.waveform.d.b::l@12 (line 533)
  0x000001ae23228c30: ccb9 58ff 

  0x000001ae23228c34: ;   {other}
  0x000001ae23228c34: 0f1f 8400 | a42b 0021 | 4c8b 5424 | 204c 8954 | 2430 488b | 5c24 388b | 7c24 4048 | 8944 24f8 
  0x000001ae23228c54: 8b44 2444 | 8944 2450 | 488b 4424 | f88b 4c24 | 484c 8b44 | 2458 448b | 6c24 4c4c | 8b54 2460 
  0x000001ae23228c74: e911 ddff | ff48 895c | 2438 4c8b | 5424 304c | 8954 2420 

  0x000001ae23228c88: ;   {metadata('java/lang/String')}
  0x000001ae23228c88: 48ba d8e8 | 0034 ae01 | 0000 498b | ee66 6690 

  0x000001ae23228c98: ;   {runtime_call _new_instance_Java}
  0x000001ae23228c98: c5f8 77e8 

  0x000001ae23228c9c: ; ImmutableOopMap {rbp=Oop [32]=Oop [40]=Oop [56]=Oop [64]=NarrowOop }
                      ;*new {reexecute=0 rethrow=0 return_oop=1}
                      ; - java.lang.StringConcatHelper::newString@6 (line 400)
                      ; - java.lang.StringConcatHelper::simpleConcat@90 (line 440)
                      ; - java.lang.invoke.DirectMethodHandle$Holder::invokeStatic@11
                      ; - java.lang.invoke.LambdaForm$MH/0x000001ae35080800::invoke@21
                      ; - java.lang.invoke.Invokers$Holder::linkToTargetMethod@5
                      ; - ui.views.waveform.d.b::l@12 (line 533)
  0x000001ae23228c9c: 60b6 58ff 

  0x000001ae23228ca0: ;   {other}
  0x000001ae23228ca0: 0f1f 8400 | 102c 0022 | 4c8b 5424 | 204c 8954 | 2430 488b | 5c24 38e9 | fbdd ffff | 4c89 4c24 
  0x000001ae23228cc0: ;   {metadata({type array byte})}
  0x000001ae23228cc0: 3048 bac0 | 2200 34ae | 0100 0048 | 8b6c 2428 

  0x000001ae23228cd0: ;   {runtime_call _new_array_Java}
  0x000001ae23228cd0: c5f8 77e8 

  0x000001ae23228cd4: ; ImmutableOopMap {rbp=Oop [40]=Oop }
                      ;*invokevirtual allocateUninitializedArray0 {reexecute=0 rethrow=0 return_oop=1}
                      ; - jdk.internal.misc.Unsafe::allocateUninitializedArray@51 (line 1380)
                      ; - java.lang.StringConcatHelper::newArray@33 (line 511)
                      ; - java.lang.invoke.DirectMethodHandle$Holder::invokeStatic@10
                      ; - java.lang.invoke.LambdaForm$MH/0x000001ae35ab0400::invoke@33
                      ; - java.lang.invoke.Invokers$Holder::linkToTargetMethod@5
                      ; - ui.views.waveform.d.b::l@80 (line 536)
  0x000001ae23228cd4: 28b9 58ff 

  0x000001ae23228cd8: ;   {other}
  0x000001ae23228cd8: 0f1f 8400 | 482c 0023 | e9c7 e3ff 

  0x000001ae23228ce4: ;   {metadata('java/lang/String')}
  0x000001ae23228ce4: ff48 bad8 | e800 34ae | 0100 004c | 895c 2420 

  0x000001ae23228cf4: ;   {runtime_call _new_instance_Java}
  0x000001ae23228cf4: c5f8 77e8 

  0x000001ae23228cf8: ; ImmutableOopMap {rbp=NarrowOop [32]=Oop [40]=Oop }
                      ;*new {reexecute=0 rethrow=0 return_oop=1}
                      ; - java.lang.StringConcatHelper::newString@6 (line 400)
                      ; - java.lang.invoke.DirectMethodHandle$Holder::invokeStatic@13
                      ; - java.lang.invoke.LambdaForm$MH/0x000001ae35ab0400::invoke@74
                      ; - java.lang.invoke.Invokers$Holder::linkToTargetMethod@5
                      ; - ui.views.waveform.d.b::l@80 (line 536)
  0x000001ae23228cf8: 04b6 58ff 

  0x000001ae23228cfc: ;   {other}
  0x000001ae23228cfc: 0f1f 8400 | 6c2c 0024 | e91f e4ff 

  0x000001ae23228d08: ;   {metadata({type array byte})}
  0x000001ae23228d08: ff48 bac0 | 2200 34ae | 0100 0048 | 8b6c 2428 

  0x000001ae23228d18: ;   {runtime_call _new_array_Java}
  0x000001ae23228d18: c5f8 77e8 

  0x000001ae23228d1c: ; ImmutableOopMap {rbp=Oop [40]=Oop [48]=Oop }
                      ;*invokevirtual allocateUninitializedArray0 {reexecute=0 rethrow=0 return_oop=1}
                      ; - jdk.internal.misc.Unsafe::allocateUninitializedArray@51 (line 1380)
                      ; - java.lang.StringConcatHelper::newArray@33 (line 511)
                      ; - java.lang.invoke.DirectMethodHandle$Holder::invokeStatic@10
                      ; - java.lang.invoke.LambdaForm$MH/0x000001ae35b71400::invoke@38
                      ; - java.lang.invoke.LambdaForm$MH/0x000001ae35b71c00::linkToTargetMethod@9
                      ; - ui.views.waveform.d.b::l@160 (line 550)
  0x000001ae23228d1c: e0b8 58ff 

  0x000001ae23228d20: ;   {other}
  0x000001ae23228d20: 0f1f 8400 | 902c 0025 | e9d6 e4ff 

  0x000001ae23228d2c: ;   {metadata('javax/swing/Timer')}
  0x000001ae23228d2c: ff48 ba88 | 600e 35ae | 0100 0090 

  0x000001ae23228d38: ;   {runtime_call _new_instance_Java}
  0x000001ae23228d38: c5f8 77e8 

  0x000001ae23228d3c: ; ImmutableOopMap {rbp=Oop [40]=Oop }
                      ;*new {reexecute=0 rethrow=0 return_oop=1}
                      ; - ui.views.waveform.d.b::l@188 (line 563)
  0x000001ae23228d3c: c0b5 58ff 

  0x000001ae23228d40: ;   {other}
  0x000001ae23228d40: 0f1f 8400 | b02c 0026 | 4c8b d8e9 | 39e6 ffff | 4889 7c24 

  0x000001ae23228d54: ;   {metadata('java/util/concurrent/atomic/AtomicBoolean')}
  0x000001ae23228d54: 3048 baa8 | 770e 35ae | 0100 0090 

  0x000001ae23228d60: ;   {runtime_call _new_instance_Java}
  0x000001ae23228d60: c5f8 77e8 

  0x000001ae23228d64: ; ImmutableOopMap {[32]=Oop [40]=Oop [48]=Oop }
                      ;*new {reexecute=0 rethrow=0 return_oop=1}
                      ; - javax.swing.Timer::<init>@16 (line 167)
                      ; - ui.views.waveform.d.b::l@211 (line 563)
  0x000001ae23228d64: 98b5 58ff 

  0x000001ae23228d68: ;   {other}
  0x000001ae23228d68: 0f1f 8400 | d82c 0027 | 488b 7c24 | 3048 8bd8 | e99e e7ff | ff48 8974 | 2438 4889 

  0x000001ae23228d84: ;   {metadata('java/util/concurrent/locks/ReentrantLock$NonfairSync')}
  0x000001ae23228d84: 7c24 3048 | ba50 fd1a | 34ae 0100 | 0066 6690 

  0x000001ae23228d94: ;   {runtime_call _new_instance_Java}
  0x000001ae23228d94: c5f8 77e8 

  0x000001ae23228d98: ; ImmutableOopMap {[32]=Oop [40]=Oop [48]=Oop [56]=Oop }
                      ;*new {reexecute=0 rethrow=0 return_oop=1}
                      ; - java.util.concurrent.locks.ReentrantLock::<init>@5 (line 294)
                      ; - javax.swing.Timer::<init>@42 (line 176)
                      ; - ui.views.waveform.d.b::l@211 (line 563)
  0x000001ae23228d98: 64b5 58ff 

  0x000001ae23228d9c: ;   {other}
  0x000001ae23228d9c: 0f1f 8400 | 0c2d 0028 | 488b 7c24 | 3048 8b74 | 2438 e946 | e8ff ff48 | 897c 2430 

  0x000001ae23228db8: ;   {metadata('javax/swing/event/EventListenerList')}
  0x000001ae23228db8: 48ba 3890 | 0635 ae01 | 0000 6690 

  0x000001ae23228dc4: ;   {runtime_call _new_instance_Java}
  0x000001ae23228dc4: c5f8 77e8 

  0x000001ae23228dc8: ; ImmutableOopMap {[32]=Oop [40]=Oop [48]=Oop }
                      ;*new {reexecute=0 rethrow=0 return_oop=1}
                      ; - javax.swing.Timer::<init>@5 (line 152)
                      ; - ui.views.waveform.d.b::l@211 (line 563)
  0x000001ae23228dc8: 34b5 58ff 

  0x000001ae23228dcc: ;   {other}
  0x000001ae23228dcc: 0f1f 8400 | 3c2d 0029 | 488b 7c24 | 3048 8bd8 | e96a e6ff | ff48 897c 

  0x000001ae23228de4: ;   {metadata('java/util/concurrent/locks/ReentrantLock')}
  0x000001ae23228de4: 2430 48ba | 68ec 1734 | ae01 0000 

  0x000001ae23228df0: ;   {runtime_call _new_instance_Java}
  0x000001ae23228df0: c5f8 77e8 

  0x000001ae23228df4: ; ImmutableOopMap {[32]=Oop [40]=Oop [48]=Oop }
                      ;*new {reexecute=0 rethrow=0 return_oop=1}
                      ; - javax.swing.Timer::<init>@38 (line 176)
                      ; - ui.views.waveform.d.b::l@211 (line 563)
  0x000001ae23228df4: 08b5 58ff 

  0x000001ae23228df8: ;   {other}
  0x000001ae23228df8: 0f1f 8400 | 682d 002a | 488b 7c24 | 3048 8bf0 | e9a8 e7ff | ff48 8b6c 

  0x000001ae23228e10: ;   {metadata('ui/views/waveform/d/f')}
  0x000001ae23228e10: 2428 48ba | 70d2 b635 | ae01 0000 

  0x000001ae23228e1c: ;   {runtime_call _new_instance_Java}
  0x000001ae23228e1c: c5f8 77e8 

  0x000001ae23228e20: ; ImmutableOopMap {rbp=Oop [32]=Oop }
                      ;*new {reexecute=0 rethrow=0 return_oop=1}
                      ; - ui.views.waveform.d.b::l@202 (line 563)
  0x000001ae23228e20: dcb4 58ff 

  0x000001ae23228e24: ;   {other}
  0x000001ae23228e24: 0f1f 8400 | 942d 002b | 4889 6c24 | 28e9 c0e5 | ffff 4889 

  0x000001ae23228e38: ;   {metadata('javax/swing/Timer$DoPostEvent')}
  0x000001ae23228e38: 7c24 2048 | bae8 7e0e | 35ae 0100 | 0066 6690 

  0x000001ae23228e48: ;   {runtime_call _new_instance_Java}
  0x000001ae23228e48: c5f8 77e8 

  0x000001ae23228e4c: ; ImmutableOopMap {rbp=NarrowOop [32]=Oop [40]=Oop [48]=Oop }
                      ;*new {reexecute=0 rethrow=0 return_oop=1}
                      ; - javax.swing.Timer::<init>@71 (line 205)
                      ; - ui.views.waveform.d.b::l@211 (line 563)
  0x000001ae23228e4c: b0b4 58ff 

  0x000001ae23228e50: ;   {other}
  0x000001ae23228e50: 0f1f 8400 | c02d 002c | 488b 7c24 | 2048 8bd8 | e904 e9ff 

  0x000001ae23228e64: ;   {metadata('java/lang/String')}
  0x000001ae23228e64: ff48 bad8 | e800 34ae | 0100 0090 

  0x000001ae23228e70: ;   {runtime_call _new_instance_Java}
  0x000001ae23228e70: c5f8 77e8 

  0x000001ae23228e74: ; ImmutableOopMap {rbp=Oop [40]=Oop [48]=Oop [56]=NarrowOop }
                      ;*new {reexecute=0 rethrow=0 return_oop=1}
                      ; - java.lang.StringConcatHelper::newString@6 (line 400)
                      ; - java.lang.invoke.DirectMethodHandle$Holder::invokeStatic@13
                      ; - java.lang.invoke.LambdaForm$MH/0x000001ae35b71400::invoke@82
                      ; - java.lang.invoke.LambdaForm$MH/0x000001ae35b71c00::linkToTargetMethod@9
                      ; - ui.views.waveform.d.b::l@160 (line 550)
  0x000001ae23228e74: 88b4 58ff 

  0x000001ae23228e78: ;   {other}
  0x000001ae23228e78: 0f1f 8400 | e82d 002d | 488b d0e9 | 4de4 ffff | 4889 5c24 | 2048 8b6c 

  0x000001ae23228e90: ;   {metadata('java/lang/String')}
  0x000001ae23228e90: 2430 48ba | d8e8 0034 | ae01 0000 

  0x000001ae23228e9c: ;   {runtime_call _new_instance_Java}
  0x000001ae23228e9c: c5f8 77e8 

  0x000001ae23228ea0: ; ImmutableOopMap {rbp=Oop [32]=Oop [40]=Oop [48]=Oop }
                      ;*new {reexecute=0 rethrow=0 return_oop=1}
                      ; - java.lang.StringConcatHelper::simpleConcat@33 (line 429)
                      ; - java.lang.invoke.DirectMethodHandle$Holder::invokeStatic@11
                      ; - java.lang.invoke.LambdaForm$MH/0x000001ae35080800::invoke@21
                      ; - java.lang.invoke.Invokers$Holder::linkToTargetMethod@5
                      ; - ui.views.waveform.d.b::l@12 (line 533)
  0x000001ae23228ea0: 5cb4 58ff 

  0x000001ae23228ea4: ;   {other}
  0x000001ae23228ea4: 0f1f 8400 | 142e 002e | 488b 5c24 | 20e9 f7e0 | ffff 4c89 

  0x000001ae23228eb8: ;   {metadata('java/lang/Integer')}
  0x000001ae23228eb8: 4424 3848 | ba88 5c02 | 34ae 0100 | 0066 6690 

  0x000001ae23228ec8: ;   {runtime_call _new_instance_Java}
  0x000001ae23228ec8: c5f8 77e8 

  0x000001ae23228ecc: ; ImmutableOopMap {rbp=NarrowOop [40]=Oop [48]=Oop }
                      ;*new {reexecute=0 rethrow=0 return_oop=1}
                      ; - java.lang.Integer::valueOf@23 (line 1070)
                      ; - ui.frmwork.a.v::UR@4 (line 29)
                      ; - ui.frmwork.a.v::iSQ@7 (line 36)
                      ; - ui.views.waveform.d.b::l@1 (line 532)
  0x000001ae23228ecc: 30b4 58ff 

  0x000001ae23228ed0: ;   {other}
  0x000001ae23228ed0: 0f1f 8400 | 402e 002f | 4c8b 4424 | 384c 8be8 | e933 e1ff | ff49 ba00 | 0000 0001 | 0000 0049 
  0x000001ae23228ef0: 3bc2 0f85 | 0808 0000 | 498b 87b8 | 0100 004c | 8bd0 4983 | c218 4d3b | 97c8 0100 | 000f 8339 
  0x000001ae23228f10: 0700 004d | 8997 b801 | 0000 410f | 1882 0001 | 0000 48c7 | 0001 0000 

  0x000001ae23228f28: ;   {metadata('java/lang/String')}
  0x000001ae23228f28: 00c7 4008 | d8e8 0000 | 4489 600c | c740 1001 | 0000 0044 | 8b54 2430 | 4489 5014 | 488b d0e9 
  0x000001ae23228f48: a2f5 ffff 

  0x000001ae23228f4c: ;   {metadata({type array byte})}
  0x000001ae23228f4c: 48ba c022 | 0034 ae01 | 0000 488b | 6c24 2890 

  0x000001ae23228f5c: ;   {runtime_call _new_array_Java}
  0x000001ae23228f5c: c5f8 77e8 

  0x000001ae23228f60: ; ImmutableOopMap {rbp=Oop [40]=Oop }
                      ;*invokevirtual allocateUninitializedArray0 {reexecute=0 rethrow=0 return_oop=1}
                      ; - jdk.internal.misc.Unsafe::allocateUninitializedArray@51 (line 1380)
                      ; - java.lang.StringConcatHelper::newArray@33 (line 511)
                      ; - java.lang.invoke.DirectMethodHandle$Holder::invokeStatic@10
                      ; - java.lang.invoke.LambdaForm$MH/0x000001ae35ab0400::invoke@33
                      ; - java.lang.invoke.Invokers$Holder::linkToTargetMethod@5
                      ; - ui.views.waveform.d.b::l@260 (line 577)
  0x000001ae23228f60: 9cb6 58ff 

  0x000001ae23228f64: ;   {other}
  0x000001ae23228f64: 0f1f 8400 | d42e 0030 | e996 eeff 

  0x000001ae23228f70: ;   {metadata('java/lang/String')}
  0x000001ae23228f70: ff48 bad8 | e800 34ae | 0100 0090 

  0x000001ae23228f7c: ;   {runtime_call _new_instance_Java}
  0x000001ae23228f7c: c5f8 77e8 

  0x000001ae23228f80: ; ImmutableOopMap {rbp=Oop [40]=Oop [48]=NarrowOop }
                      ;*new {reexecute=0 rethrow=0 return_oop=1}
                      ; - java.lang.StringConcatHelper::newString@6 (line 400)
                      ; - java.lang.invoke.DirectMethodHandle$Holder::invokeStatic@13
                      ; - java.lang.invoke.LambdaForm$MH/0x000001ae35ab0400::invoke@74
                      ; - java.lang.invoke.Invokers$Holder::linkToTargetMethod@5
                      ; - ui.views.waveform.d.b::l@260 (line 577)
  0x000001ae23228f80: 7cb3 58ff 

  0x000001ae23228f84: ;   {other}
  0x000001ae23228f84: 0f1f 8400 | f42e 0031 | 488b d0e9 | f5ee ffff | bae4 ffff | ff48 8b6c | 2428 4c8b | 5c24 304c 
  0x000001ae23228fa4: 895c 2420 | 4889 5c24 | 2844 8954 | 2430 6690 

  0x000001ae23228fb4: ;   {runtime_call UncommonTrapBlob}
  0x000001ae23228fb4: c5f8 77e8 

  0x000001ae23228fb8: ; ImmutableOopMap {rbp=Oop [32]=Oop [40]=Oop }
                      ;*iaload {reexecute=0 rethrow=0 return_oop=0}
                      ; - ui.views.waveform.d.b::l@27 (line 534)
  0x000001ae23228fb8: 44b6 4bff 

  0x000001ae23228fbc: ;   {other}
  0x000001ae23228fbc: 0f1f 8400 | 2c2f 0032 | bade ffff | ff4c 8b54 | 2428 4c89 | 5424 204c | 8b54 2430 | 4c89 5424 
  0x000001ae23228fdc: 2889 5c24 | 304c 896c | 2438 6690 

  0x000001ae23228fe8: ;   {runtime_call UncommonTrapBlob}
  0x000001ae23228fe8: c5f8 77e8 

  0x000001ae23228fec: ; ImmutableOopMap {rbp=NarrowOop [32]=Oop [40]=Oop [56]=Oop }
                      ;*invokevirtual get {reexecute=0 rethrow=0 return_oop=0}
                      ; - ui.frmwork.a.v::UR@7 (line 29)
                      ; - ui.frmwork.a.v::iSQ@7 (line 36)
                      ; - ui.views.waveform.d.b::l@1 (line 532)
  0x000001ae23228fec: 10b6 4bff 

  0x000001ae23228ff0: ;   {other}
  0x000001ae23228ff0: 0f1f 8400 | 602f 0033 | 4d63 cde9 | 26d9 ffff | bacc ffff | ff4c 8b54 | 2428 4c89 | 5424 204c 
  0x000001ae23229010: 8b54 2430 | 4c89 5424 | 2848 895c | 2430 4c89 | 7424 4044 | 894c 2448 

  0x000001ae23229028: ;   {runtime_call UncommonTrapBlob}
  0x000001ae23229028: c5f8 77e8 

  0x000001ae2322902c: ; ImmutableOopMap {[32]=Oop [40]=Oop [48]=Oop [64]=Oop }
                      ;*invokestatic arraycopy {reexecute=0 rethrow=0 return_oop=0}
                      ; - java.lang.String::getBytes@22 (line 4722)
                      ; - java.lang.StringConcatHelper::prepend@21 (line 324)
                      ; - java.lang.StringConcatHelper::simpleConcat@81 (line 439)
                      ; - java.lang.invoke.DirectMethodHandle$Holder::invokeStatic@11
                      ; - java.lang.invoke.LambdaForm$MH/0x000001ae35080800::invoke@21
                      ; - java.lang.invoke.Invokers$Holder::linkToTargetMethod@5
                      ; - ui.views.waveform.d.b::l@12 (line 533)
  0x000001ae2322902c: d0b5 4bff 

  0x000001ae23229030: ;   {other}
  0x000001ae23229030: 0f1f 8400 | a02f 0034 | bacc ffff | ff4c 8b54 | 2428 4c89 | 5424 204c | 8b54 2430 | 4c89 5424 
  0x000001ae23229050: 2848 895c | 2430 897c | 2440 4c89 | 7424 4844 | 894c 2444 

  0x000001ae23229064: ;   {runtime_call UncommonTrapBlob}
  0x000001ae23229064: c5f8 77e8 

  0x000001ae23229068: ; ImmutableOopMap {[32]=Oop [40]=Oop [48]=Oop [64]=NarrowOop [72]=Oop }
                      ;*invokestatic arraycopy {reexecute=0 rethrow=0 return_oop=0}
                      ; - java.lang.String::getBytes@22 (line 4722)
                      ; - java.lang.StringConcatHelper::prepend@21 (line 324)
                      ; - java.lang.StringConcatHelper::simpleConcat@71 (line 438)
                      ; - java.lang.invoke.DirectMethodHandle$Holder::invokeStatic@11
                      ; - java.lang.invoke.LambdaForm$MH/0x000001ae35080800::invoke@21
                      ; - java.lang.invoke.Invokers$Holder::linkToTargetMethod@5
                      ; - ui.views.waveform.d.b::l@12 (line 533)
  0x000001ae23229068: 94b5 4bff 

  0x000001ae2322906c: ;   {other}
  0x000001ae2322906c: 0f1f 8400 | dc2f 0035 | ba45 ffff | ff48 8b6c | 2428 897c | 242c 6690 

  0x000001ae23229084: ;   {runtime_call UncommonTrapBlob}
  0x000001ae23229084: c5f8 77e8 

  0x000001ae23229088: ; ImmutableOopMap {rbp=Oop [48]=Oop }
                      ;*ifle {reexecute=1 rethrow=0 return_oop=0}
                      ; - (reexecute) java.util.HashMap::getNode@14 (line 575)
                      ; - java.util.HashMap::get@2 (line 564)
                      ; - ui.frmwork.a.v::UR@7 (line 29)
                      ; - ui.frmwork.a.v::iSQ@7 (line 36)
                      ; - ui.views.waveform.d.b::l@1 (line 532)
  0x000001ae23229088: 74b5 4bff 

  0x000001ae2322908c: ;   {other}
  0x000001ae2322908c: 0f1f 8400 | fc2f 0036 | ba45 ffff | ff48 8b6c | 2428 4c8b | 5424 304c | 8954 2420 | 4889 5c24 
  0x000001ae232290ac: 2848 8944 | 2430 4489 | 5c24 3890 

  0x000001ae232290b8: ;   {runtime_call UncommonTrapBlob}
  0x000001ae232290b8: c5f8 77e8 

  0x000001ae232290bc: ; ImmutableOopMap {rbp=Oop [32]=Oop [40]=Oop [48]=Oop }
                      ;*ifeq {reexecute=1 rethrow=0 return_oop=0}
                      ; - (reexecute) ui.utils.x::bzD@3 (line 1498)
                      ; - ui.views.waveform.h.c::debug@0 (line 61)
                      ; - ui.views.waveform.d.b::l@17 (line 533)
  0x000001ae232290bc: 40b5 4bff 

  0x000001ae232290c0: ;   {other}
  0x000001ae232290c0: 0f1f 8400 | 3030 0037 | ba45 ffff | ff48 8b6c | 2428 4c8b | 4424 304c | 8944 2420 | 4889 5c24 
  0x000001ae232290e0: 2844 895c | 2430 4489 | 5424 3490 

  0x000001ae232290ec: ;   {runtime_call UncommonTrapBlob}
  0x000001ae232290ec: c5f8 77e8 

  0x000001ae232290f0: ; ImmutableOopMap {rbp=Oop [32]=Oop [40]=Oop [48]=NarrowOop }
                      ;*iflt {reexecute=1 rethrow=0 return_oop=0}
                      ; - (reexecute) java.lang.StringConcatHelper::checkOverflow@2 (line 65)
                      ; - java.lang.StringConcatHelper::mix@23 (line 127)
                      ; - java.lang.StringConcatHelper::simpleConcat@54 (line 434)
                      ; - java.lang.invoke.DirectMethodHandle$Holder::invokeStatic@11
                      ; - java.lang.invoke.LambdaForm$MH/0x000001ae35080800::invoke@21
                      ; - java.lang.invoke.Invokers$Holder::linkToTargetMethod@5
                      ; - ui.views.waveform.d.b::l@12 (line 533)
  0x000001ae232290f0: 0cb5 4bff 

  0x000001ae232290f4: ;   {other}
  0x000001ae232290f4: 0f1f 8400 | 6430 0038 | ba45 ffff | ff4c 8b54 | 2428 4c89 | 5424 204c | 8b54 2430 | 4c89 5424 
  0x000001ae23229114: 2848 895c | 2430 4489 | 5c24 3844 | 896c 243c 

  0x000001ae23229124: ;   {runtime_call UncommonTrapBlob}
  0x000001ae23229124: c5f8 77e8 

  0x000001ae23229128: ; ImmutableOopMap {[32]=Oop [40]=Oop [48]=Oop [56]=NarrowOop }
                      ;*ifge {reexecute=1 rethrow=0 return_oop=0}
                      ; - (reexecute) java.lang.StringConcatHelper::newArray@13 (line 508)
                      ; - java.lang.StringConcatHelper::simpleConcat@61 (line 435)
                      ; - java.lang.invoke.DirectMethodHandle$Holder::invokeStatic@11
                      ; - java.lang.invoke.LambdaForm$MH/0x000001ae35080800::invoke@21
                      ; - java.lang.invoke.Invokers$Holder::linkToTargetMethod@5
                      ; - ui.views.waveform.d.b::l@12 (line 533)
  0x000001ae23229128: d4b4 4bff 

  0x000001ae2322912c: ;   {other}
  0x000001ae2322912c: 0f1f 8400 | 9c30 0039 

  0x000001ae23229134: ;   {metadata({type array byte})}
  0x000001ae23229134: 48ba c022 | 0034 ae01 | 0000 4c89 | 4c24 3890 

  0x000001ae23229144: ;   {runtime_call _new_array_Java}
  0x000001ae23229144: c5f8 77e8 

  0x000001ae23229148: ; ImmutableOopMap {rbp=Oop [40]=Oop }
                      ;*invokevirtual allocateUninitializedArray0 {reexecute=0 rethrow=0 return_oop=1}
                      ; - jdk.internal.misc.Unsafe::allocateUninitializedArray@51 (line 1380)
                      ; - java.lang.StringConcatHelper::newArray@33 (line 511)
                      ; - java.lang.invoke.DirectMethodHandle$Holder::invokeStatic@10
                      ; - java.lang.invoke.LambdaForm$MH/0x000001ae35ab0400::invoke@33
                      ; - java.lang.invoke.Invokers$Holder::linkToTargetMethod@5
                      ; - ui.views.waveform.d.b::l@111 (line 541)
  0x000001ae23229148: b4b4 58ff 

  0x000001ae2322914c: ;   {other}
  0x000001ae2322914c: 0f1f 8400 | bc30 003a | 4c8b 4c24 | 38e9 0af3 

  0x000001ae2322915c: ;   {metadata('java/lang/String')}
  0x000001ae2322915c: ffff 48ba | d8e8 0034 | ae01 0000 

  0x000001ae23229168: ;   {runtime_call _new_instance_Java}
  0x000001ae23229168: c5f8 77e8 

  0x000001ae2322916c: ; ImmutableOopMap {rbp=Oop [40]=Oop [48]=NarrowOop }
                      ;*new {reexecute=0 rethrow=0 return_oop=1}
                      ; - java.lang.StringConcatHelper::newString@6 (line 400)
                      ; - java.lang.invoke.DirectMethodHandle$Holder::invokeStatic@13
                      ; - java.lang.invoke.LambdaForm$MH/0x000001ae35ab0400::invoke@74
                      ; - java.lang.invoke.Invokers$Holder::linkToTargetMethod@5
                      ; - ui.views.waveform.d.b::l@111 (line 541)
  0x000001ae2322916c: 90b1 58ff 

  0x000001ae23229170: ;   {other}
  0x000001ae23229170: 0f1f 8400 | e030 003b | 488b d0e9 | 65f3 ffff | 4533 db49 | 3bc3 bdff | ffff ff7c | 0840 0f95 
  0x000001ae23229190: c540 0fb6 | edba 45ff | ffff 4c8b | 5c24 284c | 895c 2420 | 4889 4424 | 3066 6690 

  0x000001ae232291ac: ;   {runtime_call UncommonTrapBlob}
  0x000001ae232291ac: c5f8 77e8 

  0x000001ae232291b0: ; ImmutableOopMap {[32]=Oop }
                      ;*iflt {reexecute=1 rethrow=0 return_oop=0}
                      ; - (reexecute) java.lang.Long::stringSize@5 (line 593)
                      ; - java.lang.StringConcatHelper::mix@2 (line 112)
                      ; - java.lang.invoke.DirectMethodHandle$Holder::invokeStatic@13
                      ; - java.lang.invoke.LambdaForm$MH/0x000001ae35ab0000::invoke@23
                      ; - java.lang.invoke.LambdaForm$MH/0x000001ae35ab0400::invoke@15
                      ; - java.lang.invoke.Invokers$Holder::linkToTargetMethod@5
                      ; - ui.views.waveform.d.b::l@80 (line 536)
  0x000001ae232291b0: 4cb4 4bff 

  0x000001ae232291b4: ;   {other}
  0x000001ae232291b4: 0f1f 8400 | 2431 003c | ba45 ffff | ff48 8b6c | 2428 4889 | 4424 2044 | 8944 2428 

  0x000001ae232291d0: ;   {runtime_call UncommonTrapBlob}
  0x000001ae232291d0: c5f8 77e8 

  0x000001ae232291d4: ; ImmutableOopMap {rbp=Oop [32]=Oop }
                      ;*ifeq {reexecute=1 rethrow=0 return_oop=0}
                      ; - (reexecute) ui.utils.x::bzD@3 (line 1498)
                      ; - ui.views.waveform.h.c::debug@0 (line 61)
                      ; - ui.views.waveform.d.b::l@85 (line 536)
  0x000001ae232291d4: 28b4 4bff 

  0x000001ae232291d8: ;   {other}
  0x000001ae232291d8: 0f1f 8400 | 4831 003d | ba45 ffff | ff41 8bea 

  0x000001ae232291e8: ;   {runtime_call UncommonTrapBlob}
  0x000001ae232291e8: c5f8 77e8 

  0x000001ae232291ec: ; ImmutableOopMap {rbp=NarrowOop }
                      ;*ifnull {reexecute=1 rethrow=0 return_oop=0}
                      ; - (reexecute) ui.views.waveform.d.b::l@92 (line 537)
  0x000001ae232291ec: 10b4 4bff 

  0x000001ae232291f0: ;   {other}
  0x000001ae232291f0: 0f1f 8400 | 6031 003e | baf6 ffff | ff48 8b6c | 2430 6690 

  0x000001ae23229204: ;   {runtime_call UncommonTrapBlob}
  0x000001ae23229204: c5f8 77e8 

  0x000001ae23229208: ; ImmutableOopMap {rbp=Oop }
                      ;*invokevirtual add {reexecute=0 rethrow=0 return_oop=0}
                      ; - javax.swing.Timer::addActionListener@7 (line 265)
                      ; - javax.swing.Timer::<init>@88 (line 208)
                      ; - ui.views.waveform.d.b::l@211 (line 563)
  0x000001ae23229208: f4b3 4bff 

  0x000001ae2322920c: ;   {other}
  0x000001ae2322920c: 0f1f 8400 | 7c31 003f | ba45 ffff | ff48 8b6c | 2428 4c8b | 5c24 304c | 895c 2420 | 4889 5c24 
  0x000001ae2322922c: 2844 8954 | 2430 6690 

  0x000001ae23229234: ;   {runtime_call UncommonTrapBlob}
  0x000001ae23229234: c5f8 77e8 

  0x000001ae23229238: ; ImmutableOopMap {rbp=Oop [32]=Oop [40]=Oop }
                      ;*tableswitch {reexecute=1 rethrow=0 return_oop=0}
                      ; - (reexecute) ui.views.waveform.d.b::l@28 (line 534)
  0x000001ae23229238: c4b3 4bff 

  0x000001ae2322923c: ;   {other}
  0x000001ae2322923c: 0f1f 8400 | ac31 0040 | bade ffff | ff41 8bea 

  0x000001ae2322924c: ;   {runtime_call UncommonTrapBlob}
  0x000001ae2322924c: c5f8 77e8 

  0x000001ae23229250: ; ImmutableOopMap {rbp=NarrowOop }
                      ;*invokevirtual start {reexecute=0 rethrow=0 return_oop=0}
                      ; - ui.views.waveform.d.b::l@229 (line 570)
  0x000001ae23229250: acb3 4bff 

  0x000001ae23229254: ;   {other}
  0x000001ae23229254: 0f1f 8400 | c431 0041 | 4889 5c24 | 384c 8b54 | 2430 4c89 

  0x000001ae23229268: ;   {metadata('java/lang/String')}
  0x000001ae23229268: 5424 2048 | bad8 e800 | 34ae 0100 | 0049 8bee 

  0x000001ae23229278: ;   {runtime_call _new_instance_Java}
  0x000001ae23229278: c5f8 77e8 

  0x000001ae2322927c: ; ImmutableOopMap {rbp=Oop [32]=Oop [40]=Oop [56]=Oop [64]=NarrowOop }
                      ;*new {reexecute=0 rethrow=0 return_oop=1}
                      ; - java.lang.StringConcatHelper::newString@24 (line 402)
                      ; - java.lang.StringConcatHelper::simpleConcat@90 (line 440)
                      ; - java.lang.invoke.DirectMethodHandle$Holder::invokeStatic@11
                      ; - java.lang.invoke.LambdaForm$MH/0x000001ae35080800::invoke@21
                      ; - java.lang.invoke.Invokers$Holder::linkToTargetMethod@5
                      ; - ui.views.waveform.d.b::l@12 (line 533)
  0x000001ae2322927c: 80b0 58ff 

  0x000001ae23229280: ;   {other}
  0x000001ae23229280: 0f1f 8400 | f031 0042 | 4c8b 5424 | 204c 8954 | 2430 488b | 5c24 38e9 | 35f0 ffff 

  0x000001ae2322929c: ;   {metadata('java/lang/String')}
  0x000001ae2322929c: 48ba d8e8 | 0034 ae01 | 0000 4c89 | 5c24 2090 

  0x000001ae232292ac: ;   {runtime_call _new_instance_Java}
  0x000001ae232292ac: c5f8 77e8 

  0x000001ae232292b0: ; ImmutableOopMap {rbp=NarrowOop [32]=Oop [40]=Oop }
                      ;*new {reexecute=0 rethrow=0 return_oop=1}
                      ; - java.lang.StringConcatHelper::newString@24 (line 402)
                      ; - java.lang.invoke.DirectMethodHandle$Holder::invokeStatic@13
                      ; - java.lang.invoke.LambdaForm$MH/0x000001ae35ab0400::invoke@74
                      ; - java.lang.invoke.Invokers$Holder::linkToTargetMethod@5
                      ; - ui.views.waveform.d.b::l@80 (line 536)
  0x000001ae232292b0: 4cb0 58ff 

  0x000001ae232292b4: ;   {other}
  0x000001ae232292b4: 0f1f 8400 | 2432 0043 | e99c f0ff | ff45 33d2 | 493b c2bd | ffff ffff | 7c08 400f | 95c5 400f 
  0x000001ae232292d4: b6ed ba45 | ffff ff4c | 8b54 2428 | 4c89 5424 | 204c 8b54 | 2430 4c89 | 5424 2848 | 8944 2458 
  0x000001ae232292f4: ;   {runtime_call UncommonTrapBlob}
  0x000001ae232292f4: c5f8 77e8 

  0x000001ae232292f8: ; ImmutableOopMap {[32]=Oop [40]=Oop }
                      ;*iflt {reexecute=1 rethrow=0 return_oop=0}
                      ; - (reexecute) java.lang.Long::stringSize@5 (line 593)
                      ; - java.lang.StringConcatHelper::mix@2 (line 112)
                      ; - java.lang.invoke.DirectMethodHandle$Holder::invokeStatic@13
                      ; - java.lang.invoke.DelegatingMethodHandle$Holder::reinvoke_L@16
                      ; - java.lang.invoke.LambdaForm$MH/0x000001ae35b70c00::invoke@26
                      ; - java.lang.invoke.LambdaForm$MH/0x000001ae35b71400::invoke@20
                      ; - java.lang.invoke.LambdaForm$MH/0x000001ae35b71c00::linkToTargetMethod@9
                      ; - ui.views.waveform.d.b::l@160 (line 550)
  0x000001ae232292f8: 04b3 4bff 

  0x000001ae232292fc: ;   {other}
  0x000001ae232292fc: 0f1f 8400 | 6c32 0044 | 4d8b c345 | 33db 4d3b | c3bd ffff | ffff 7c08 | 400f 95c5 | 400f b6ed 
  0x000001ae2322931c: 4983 c233 | ba45 ffff | ff4c 8b5c | 2428 4c89 | 5c24 204c | 8b5c 2430 | 4c89 5c24 | 284c 8954 
  0x000001ae2322933c: 2450 6690 

  0x000001ae23229340: ;   {runtime_call UncommonTrapBlob}
  0x000001ae23229340: c5f8 77e8 

  0x000001ae23229344: ; ImmutableOopMap {[32]=Oop [40]=Oop }
                      ;*iflt {reexecute=1 rethrow=0 return_oop=0}
                      ; - (reexecute) java.lang.Long::stringSize@5 (line 593)
                      ; - java.lang.StringConcatHelper::mix@2 (line 112)
                      ; - java.lang.invoke.DirectMethodHandle$Holder::invokeStatic@13
                      ; - java.lang.invoke.DelegatingMethodHandle$Holder::reinvoke_L@16
                      ; - java.lang.invoke.LambdaForm$MH/0x000001ae35b70c00::invoke@45
                      ; - java.lang.invoke.LambdaForm$MH/0x000001ae35b71400::invoke@20
                      ; - java.lang.invoke.LambdaForm$MH/0x000001ae35b71c00::linkToTargetMethod@9
                      ; - ui.views.waveform.d.b::l@160 (line 550)
  0x000001ae23229344: b8b2 4bff 

  0x000001ae23229348: ;   {other}
  0x000001ae23229348: 0f1f 8400 | b832 0045 | 4533 c04d | 3bd0 bdff | ffff ff7c | 0840 0f95 | c540 0fb6 | ed49 83c3 
  0x000001ae23229368: 33ba 45ff | ffff 4c8b | 4424 284c | 8944 2420 | 4c8b 4424 | 304c 8944 | 2428 4c89 | 5c24 484c 
  0x000001ae23229388: 8954 2450 

  0x000001ae2322938c: ;   {runtime_call UncommonTrapBlob}
  0x000001ae2322938c: c5f8 77e8 

  0x000001ae23229390: ; ImmutableOopMap {[32]=Oop [40]=Oop }
                      ;*iflt {reexecute=1 rethrow=0 return_oop=0}
                      ; - (reexecute) java.lang.Long::stringSize@5 (line 593)
                      ; - java.lang.StringConcatHelper::mix@2 (line 112)
                      ; - java.lang.invoke.DirectMethodHandle$Holder::invokeStatic@13
                      ; - java.lang.invoke.LambdaForm$MH/0x000001ae35b70c00::invoke@64
                      ; - java.lang.invoke.LambdaForm$MH/0x000001ae35b71400::invoke@20
                      ; - java.lang.invoke.LambdaForm$MH/0x000001ae35b71c00::linkToTargetMethod@9
                      ; - ui.views.waveform.d.b::l@160 (line 550)
  0x000001ae23229390: 6cb2 4bff 

  0x000001ae23229394: ;   {other}
  0x000001ae23229394: 0f1f 8400 | 0433 0046 | 498b d7c5 | f877 49ba | e008 6e7d | f97f 0000 

  0x000001ae232293ac: ;   {other}
  0x000001ae232293ac: 41ff d20f | 1f84 0000 | 0000 00e9 | c8e2 ffff | 498b d7c5 | f877 49ba | e008 6e7d | f97f 0000 
  0x000001ae232293cc: ;   {other}
  0x000001ae232293cc: 41ff d20f | 1f84 0000 | 0000 00e9 | cce0 ffff | 498b d7c5 | f877 49ba | e008 6e7d | f97f 0000 
  0x000001ae232293ec: ;   {other}
  0x000001ae232293ec: 41ff d20f | 1f84 0000 | 0000 00e9 | 2ae1 ffff | 498b d7c5 | f877 49ba | e008 6e7d | f97f 0000 
  0x000001ae2322940c: ;   {other}
  0x000001ae2322940c: 41ff d20f | 1f84 0000 | 0000 00e9 | 3ae0 ffff | 498b d7c5 | f877 49ba | e008 6e7d | f97f 0000 
  0x000001ae2322942c: ;   {other}
  0x000001ae2322942c: 41ff d20f | 1f84 0000 | 0000 00e9 | 06e2 ffff | 498b d7c5 | f877 49ba | e008 6e7d | f97f 0000 
  0x000001ae2322944c: ;   {other}
  0x000001ae2322944c: 41ff d20f | 1f84 0000 | 0000 00e9 | 1be3 ffff | 498b d7c5 | f877 49ba | e008 6e7d | f97f 0000 
  0x000001ae2322946c: ;   {other}
  0x000001ae2322946c: 41ff d20f | 1f84 0000 | 0000 00e9 | 5be2 ffff | 498b d7c5 | f877 49ba | e008 6e7d | f97f 0000 
  0x000001ae2322948c: ;   {other}
  0x000001ae2322948c: 41ff d20f | 1f84 0000 | 0000 00e9 | 58e3 ffff | ba45 ffff | ff4c 8954 | 2420 4889 | 4424 2844 
  0x000001ae232294ac: 895c 2430 

  0x000001ae232294b0: ;   {runtime_call UncommonTrapBlob}
  0x000001ae232294b0: c5f8 77e8 

  0x000001ae232294b4: ; ImmutableOopMap {rbp=Oop [32]=Oop [48]=NarrowOop }
                      ;*ifnull {reexecute=1 rethrow=0 return_oop=0}
                      ; - (reexecute) ui.views.waveform.d.b::l@177 (line 561)
  0x000001ae232294b4: 48b1 4bff 

  0x000001ae232294b8: ;   {other}
  0x000001ae232294b8: 0f1f 8400 | 2834 0047 | baf6 ffff | ff66 6690 

  0x000001ae232294c8: ;   {runtime_call UncommonTrapBlob}
  0x000001ae232294c8: c5f8 77e8 

  0x000001ae232294cc: ; ImmutableOopMap {}
                      ;*invokevirtual bgh {reexecute=0 rethrow=0 return_oop=0}
                      ; - ui.views.waveform.d.b::l@303 (line 581)
  0x000001ae232294cc: 30b1 4bff 

  0x000001ae232294d0: ;   {other}
  0x000001ae232294d0: 0f1f 8400 | 4034 0048 | bade ffff | ff41 8bea 

  0x000001ae232294e0: ;   {runtime_call UncommonTrapBlob}
  0x000001ae232294e0: c5f8 77e8 

  0x000001ae232294e4: ; ImmutableOopMap {rbp=NarrowOop }
                      ;*invokevirtual bhF {reexecute=0 rethrow=0 return_oop=0}
                      ; - ui.views.waveform.d.b::l@300 (line 581)
  0x000001ae232294e4: 18b1 4bff 

  0x000001ae232294e8: ;   {other}
  0x000001ae232294e8: 0f1f 8400 | 5834 0049 

  0x000001ae232294f0: ;   {metadata('java/lang/String')}
  0x000001ae232294f0: 48ba d8e8 | 0034 ae01 | 0000 6690 

  0x000001ae232294fc: ;   {runtime_call _new_instance_Java}
  0x000001ae232294fc: c5f8 77e8 

  0x000001ae23229500: ; ImmutableOopMap {rbp=Oop [40]=Oop [48]=Oop [56]=NarrowOop }
                      ;*new {reexecute=0 rethrow=0 return_oop=1}
                      ; - java.lang.StringConcatHelper::newString@24 (line 402)
                      ; - java.lang.invoke.DirectMethodHandle$Holder::invokeStatic@13
                      ; - java.lang.invoke.LambdaForm$MH/0x000001ae35b71400::invoke@82
                      ; - java.lang.invoke.LambdaForm$MH/0x000001ae35b71c00::linkToTargetMethod@9
                      ; - ui.views.waveform.d.b::l@160 (line 550)
  0x000001ae23229500: fcad 58ff 

  0x000001ae23229504: ;   {other}
  0x000001ae23229504: 0f1f 8400 | 7434 004a | e9bc eeff | ff45 33db | 493b c3bd | ffff ffff | 7c08 400f | 95c5 400f 
  0x000001ae23229524: b6ed ba45 | ffff ff4c | 8b5c 2428 | 4c89 5c24 | 2048 8944 | 2430 6690 

  0x000001ae2322953c: ;   {runtime_call UncommonTrapBlob}
  0x000001ae2322953c: c5f8 77e8 

  0x000001ae23229540: ; ImmutableOopMap {[32]=Oop }
                      ;*iflt {reexecute=1 rethrow=0 return_oop=0}
                      ; - (reexecute) java.lang.Long::stringSize@5 (line 593)
                      ; - java.lang.StringConcatHelper::mix@2 (line 112)
                      ; - java.lang.invoke.DirectMethodHandle$Holder::invokeStatic@13
                      ; - java.lang.invoke.LambdaForm$MH/0x000001ae35ab0000::invoke@23
                      ; - java.lang.invoke.LambdaForm$MH/0x000001ae35ab0400::invoke@15
                      ; - java.lang.invoke.Invokers$Holder::linkToTargetMethod@5
                      ; - ui.views.waveform.d.b::l@260 (line 577)
  0x000001ae23229540: bcb0 4bff 

  0x000001ae23229544: ;   {other}
  0x000001ae23229544: 0f1f 8400 | b434 004b | ba45 ffff | ff41 8bea 

  0x000001ae23229554: ;   {runtime_call UncommonTrapBlob}
  0x000001ae23229554: c5f8 77e8 

  0x000001ae23229558: ; ImmutableOopMap {rbp=NarrowOop }
                      ;*ifnull {reexecute=1 rethrow=0 return_oop=0}
                      ; - (reexecute) ui.views.waveform.d.b::l@272 (line 578)
  0x000001ae23229558: a4b0 4bff 

  0x000001ae2322955c: ;   {other}
  0x000001ae2322955c: 0f1f 8400 | cc34 004c 

  0x000001ae23229564: ;   {metadata('java/lang/String')}
  0x000001ae23229564: 48ba d8e8 | 0034 ae01 | 0000 6690 

  0x000001ae23229570: ;   {runtime_call _new_instance_Java}
  0x000001ae23229570: c5f8 77e8 

  0x000001ae23229574: ; ImmutableOopMap {rbp=Oop [40]=Oop [48]=NarrowOop }
                      ;*new {reexecute=0 rethrow=0 return_oop=1}
                      ; - java.lang.StringConcatHelper::newString@24 (line 402)
                      ; - java.lang.invoke.DirectMethodHandle$Holder::invokeStatic@13
                      ; - java.lang.invoke.LambdaForm$MH/0x000001ae35ab0400::invoke@74
                      ; - java.lang.invoke.Invokers$Holder::linkToTargetMethod@5
                      ; - ui.views.waveform.d.b::l@260 (line 577)
  0x000001ae23229574: 88ad 58ff 

  0x000001ae23229578: ;   {other}
  0x000001ae23229578: 0f1f 8400 | e834 004d | e98d f5ff 

  0x000001ae23229584: ;   {metadata('java/security/AccessControlContext')}
  0x000001ae23229584: ff48 ba00 | 9802 34ae | 0100 0090 

  0x000001ae23229590: ;   {runtime_call _new_instance_Java}
  0x000001ae23229590: c5f8 77e8 

  0x000001ae23229594: ; ImmutableOopMap {[32]=Oop [40]=Oop [48]=Oop }
                      ;*new {reexecute=0 rethrow=0 return_oop=1}
                      ; - java.security.AccessController::getContext@8 (line 1010)
                      ; - javax.swing.Timer::<init>@54 (line 217)
                      ; - ui.views.waveform.d.b::l@211 (line 563)
  0x000001ae23229594: 68ad 58ff 

  0x000001ae23229598: ;   {other}
  0x000001ae23229598: 0f1f 8400 | 0835 004e | 488b d8e9 | 1af6 ffff | baad ffff | ff4c 8b54 | 2428 4c89 | 5424 204c 
  0x000001ae232295b8: 8b54 2430 | 4c89 5424 | 2848 895c | 2430 6690 

  0x000001ae232295c8: ;   {runtime_call UncommonTrapBlob}
  0x000001ae232295c8: c5f8 77e8 

  0x000001ae232295cc: ; ImmutableOopMap {[32]=Oop [40]=Oop [48]=Oop }
                      ;*new {reexecute=0 rethrow=0 return_oop=0}
                      ; - java.lang.StringConcatHelper::newString@34 (line 404)
                      ; - java.lang.StringConcatHelper::simpleConcat@90 (line 440)
                      ; - java.lang.invoke.DirectMethodHandle$Holder::invokeStatic@11
                      ; - java.lang.invoke.LambdaForm$MH/0x000001ae35080800::invoke@21
                      ; - java.lang.invoke.Invokers$Holder::linkToTargetMethod@5
                      ; - ui.views.waveform.d.b::l@12 (line 533)
  0x000001ae232295cc: 30b0 4bff 

  0x000001ae232295d0: ;   {other}
  0x000001ae232295d0: 0f1f 8400 | 4035 004f | 4533 db49 | 3bc3 bdff | ffff ff7c | 0840 0f95 | c540 0fb6 | edba 45ff 
  0x000001ae232295f0: ffff 4c8b | 5424 284c | 8954 2420 | 4889 4424 | 3066 6690 

  0x000001ae23229604: ;   {runtime_call UncommonTrapBlob}
  0x000001ae23229604: c5f8 77e8 

  0x000001ae23229608: ; ImmutableOopMap {[32]=Oop }
                      ;*iflt {reexecute=1 rethrow=0 return_oop=0}
                      ; - (reexecute) java.lang.Long::stringSize@5 (line 593)
                      ; - java.lang.StringConcatHelper::mix@2 (line 112)
                      ; - java.lang.invoke.DirectMethodHandle$Holder::invokeStatic@13
                      ; - java.lang.invoke.LambdaForm$MH/0x000001ae35ab0000::invoke@23
                      ; - java.lang.invoke.LambdaForm$MH/0x000001ae35ab0400::invoke@15
                      ; - java.lang.invoke.Invokers$Holder::linkToTargetMethod@5
                      ; - ui.views.waveform.d.b::l@111 (line 541)
  0x000001ae23229608: f4af 4bff 

  0x000001ae2322960c: ;   {other}
  0x000001ae2322960c: 0f1f 8400 | 7c35 0050 | ba45 ffff | ff66 6690 

  0x000001ae2322961c: ;   {runtime_call UncommonTrapBlob}
  0x000001ae2322961c: c5f8 77e8 

  0x000001ae23229620: ; ImmutableOopMap {rbp=NarrowOop }
                      ;*ifnull {reexecute=1 rethrow=0 return_oop=0}
                      ; - (reexecute) ui.views.waveform.d.b::l@123 (line 542)
  0x000001ae23229620: dcaf 4bff 

  0x000001ae23229624: ;   {other}
  0x000001ae23229624: 0f1f 8400 | 9435 0051 | baad ffff | ff48 8b6c | 2428 4889 | 4424 2090 

  0x000001ae2322963c: ;   {runtime_call UncommonTrapBlob}
  0x000001ae2322963c: c5f8 77e8 

  0x000001ae23229640: ; ImmutableOopMap {rbp=Oop }
                      ;*new {reexecute=0 rethrow=0 return_oop=0}
                      ; - java.lang.StringConcatHelper::newString@34 (line 404)
                      ; - java.lang.invoke.DirectMethodHandle$Holder::invokeStatic@13
                      ; - java.lang.invoke.LambdaForm$MH/0x000001ae35ab0400::invoke@74
                      ; - java.lang.invoke.Invokers$Holder::linkToTargetMethod@5
                      ; - ui.views.waveform.d.b::l@80 (line 536)
  0x000001ae23229640: bcaf 4bff 

  0x000001ae23229644: ;   {other}
  0x000001ae23229644: 0f1f 8400 | b435 0052 

  0x000001ae2322964c: ;   {metadata('java/lang/String')}
  0x000001ae2322964c: 48ba d8e8 | 0034 ae01 | 0000 6690 

  0x000001ae23229658: ;   {runtime_call _new_instance_Java}
  0x000001ae23229658: c5f8 77e8 

  0x000001ae2322965c: ; ImmutableOopMap {rbp=Oop [40]=Oop [48]=NarrowOop }
                      ;*new {reexecute=0 rethrow=0 return_oop=1}
                      ; - java.lang.StringConcatHelper::newString@24 (line 402)
                      ; - java.lang.invoke.DirectMethodHandle$Holder::invokeStatic@13
                      ; - java.lang.invoke.LambdaForm$MH/0x000001ae35ab0400::invoke@74
                      ; - java.lang.invoke.Invokers$Holder::linkToTargetMethod@5
                      ; - ui.views.waveform.d.b::l@111 (line 541)
  0x000001ae2322965c: a0ac 58ff 

  0x000001ae23229660: ;   {other}
  0x000001ae23229660: 0f1f 8400 | d035 0053 | e9c7 f8ff | ffba adff | ffff 488b | 6c24 2848 | 8944 2428 

  0x000001ae2322967c: ;   {runtime_call UncommonTrapBlob}
  0x000001ae2322967c: c5f8 77e8 

  0x000001ae23229680: ; ImmutableOopMap {rbp=Oop [48]=Oop }
                      ;*new {reexecute=0 rethrow=0 return_oop=0}
                      ; - java.lang.StringConcatHelper::newString@34 (line 404)
                      ; - java.lang.invoke.DirectMethodHandle$Holder::invokeStatic@13
                      ; - java.lang.invoke.LambdaForm$MH/0x000001ae35b71400::invoke@82
                      ; - java.lang.invoke.LambdaForm$MH/0x000001ae35b71c00::linkToTargetMethod@9
                      ; - ui.views.waveform.d.b::l@160 (line 550)
  0x000001ae23229680: 7caf 4bff 

  0x000001ae23229684: ;   {other}
  0x000001ae23229684: 0f1f 8400 | f435 0054 | bace ffff | ff4c 8b54 | 2428 4c89 | 5424 204c | 8b54 2430 | 4c89 5424 
  0x000001ae232296a4: 2848 895c | 2430 897c | 2440 4c89 | 7424 4844 | 894c 2444 

  0x000001ae232296b8: ;   {runtime_call UncommonTrapBlob}
  0x000001ae232296b8: c5f8 77e8 

  0x000001ae232296bc: ; ImmutableOopMap {[32]=Oop [40]=Oop [48]=Oop [64]=NarrowOop [72]=Oop }
                      ;*invokestatic inflate {reexecute=0 rethrow=0 return_oop=0}
                      ; - java.lang.String::getBytes@40 (line 4724)
                      ; - java.lang.StringConcatHelper::prepend@21 (line 324)
                      ; - java.lang.StringConcatHelper::simpleConcat@71 (line 438)
                      ; - java.lang.invoke.DirectMethodHandle$Holder::invokeStatic@11
                      ; - java.lang.invoke.LambdaForm$MH/0x000001ae35080800::invoke@21
                      ; - java.lang.invoke.Invokers$Holder::linkToTargetMethod@5
                      ; - ui.views.waveform.d.b::l@12 (line 533)
  0x000001ae232296bc: 40af 4bff 

  0x000001ae232296c0: ;   {other}
  0x000001ae232296c0: 0f1f 8400 | 3036 0055 | baf6 ffff | ff66 6690 

  0x000001ae232296d0: ;   {runtime_call UncommonTrapBlob}
  0x000001ae232296d0: c5f8 77e8 

  0x000001ae232296d4: ; ImmutableOopMap {}
                      ;*invokevirtual setRepeats {reexecute=0 rethrow=0 return_oop=0}
                      ; - ui.views.waveform.d.b::l@222 (line 569)
  0x000001ae232296d4: 28af 4bff 

  0x000001ae232296d8: ;   {other}
  0x000001ae232296d8: 0f1f 8400 | 4836 0056 | baad ffff | ff48 8b6c | 2428 4889 | 4424 2090 

  0x000001ae232296f0: ;   {runtime_call UncommonTrapBlob}
  0x000001ae232296f0: c5f8 77e8 

  0x000001ae232296f4: ; ImmutableOopMap {rbp=Oop }
                      ;*new {reexecute=0 rethrow=0 return_oop=0}
                      ; - java.lang.StringConcatHelper::newString@34 (line 404)
                      ; - java.lang.invoke.DirectMethodHandle$Holder::invokeStatic@13
                      ; - java.lang.invoke.LambdaForm$MH/0x000001ae35ab0400::invoke@74
                      ; - java.lang.invoke.Invokers$Holder::linkToTargetMethod@5
                      ; - ui.views.waveform.d.b::l@260 (line 577)
  0x000001ae232296f4: 08af 4bff 

  0x000001ae232296f8: ;   {other}
  0x000001ae232296f8: 0f1f 8400 | 6836 0057 | baad ffff | ff48 8b6c | 2428 4889 | 4424 2090 

  0x000001ae23229710: ;   {runtime_call UncommonTrapBlob}
  0x000001ae23229710: c5f8 77e8 

  0x000001ae23229714: ; ImmutableOopMap {rbp=Oop }
                      ;*new {reexecute=0 rethrow=0 return_oop=0}
                      ; - java.lang.StringConcatHelper::newString@34 (line 404)
                      ; - java.lang.invoke.DirectMethodHandle$Holder::invokeStatic@13
                      ; - java.lang.invoke.LambdaForm$MH/0x000001ae35ab0400::invoke@74
                      ; - java.lang.invoke.Invokers$Holder::linkToTargetMethod@5
                      ; - ui.views.waveform.d.b::l@111 (line 541)
  0x000001ae23229714: e8ae 4bff 

  0x000001ae23229718: ;   {other}
  0x000001ae23229718: 0f1f 8400 | 8836 0058 | bade ffff | ff48 8b6c | 2428 4889 | 5c24 2890 

  0x000001ae23229730: ;   {runtime_call UncommonTrapBlob}
  0x000001ae23229730: c5f8 77e8 

  0x000001ae23229734: ; ImmutableOopMap {rbp=Oop [40]=Oop [48]=Oop }
                      ;*checkcast {reexecute=0 rethrow=0 return_oop=0}
                      ; - ui.views.waveform.d.b::l@4 (line 532)
  0x000001ae23229734: c8ae 4bff 

  0x000001ae23229738: ;   {other}
  0x000001ae23229738: 0f1f 8400 | a836 0059 | 4c8b 5424 | 284c 8954 | 2420 4c8b | 5424 304c | 8954 2428 | 448b 5c24 
  0x000001ae23229758: 3844 895c | 2430 4889 | 5424 4044 | 8944 2434 | 4c89 6c24 | 48ba deff | ffff 6690 

  0x000001ae23229774: ;   {runtime_call UncommonTrapBlob}
  0x000001ae23229774: c5f8 77e8 

  0x000001ae23229778: ; ImmutableOopMap {rbp=NarrowOop [32]=Oop [40]=Oop [64]=Oop [72]=Oop }
                      ;*instanceof {reexecute=0 rethrow=0 return_oop=0}
                      ; - java.lang.Integer::equals@1 (line 1224)
                      ; - java.util.HashMap::getNode@128 (line 585)
                      ; - java.util.HashMap::get@2 (line 564)
                      ; - ui.frmwork.a.v::UR@7 (line 29)
                      ; - ui.frmwork.a.v::iSQ@7 (line 36)
                      ; - ui.views.waveform.d.b::l@1 (line 532)
  0x000001ae23229778: 84ae 4bff 

  0x000001ae2322977c: ;   {other}
  0x000001ae2322977c: 0f1f 8400 | ec36 005a | bade ffff | ff48 8b6c | 2428 4c8b | 5424 304c | 8954 2420 | 448b 5424 
  0x000001ae2322979c: 3844 8954 | 2428 895c | 242c 4489 | 4424 384c | 896c 2440 | 8974 2448 

  0x000001ae232297b4: ;   {runtime_call UncommonTrapBlob}
  0x000001ae232297b4: c5f8 77e8 

  0x000001ae232297b8: ; ImmutableOopMap {rbp=Oop [32]=Oop [44]=NarrowOop [64]=Oop [72]=NarrowOop }
                      ;*instanceof {reexecute=0 rethrow=0 return_oop=0}
                      ; - java.lang.Integer::equals@1 (line 1224)
                      ; - java.util.HashMap::getNode@63 (line 578)
                      ; - java.util.HashMap::get@2 (line 564)
                      ; - ui.frmwork.a.v::UR@7 (line 29)
                      ; - ui.frmwork.a.v::iSQ@7 (line 36)
                      ; - ui.views.waveform.d.b::l@1 (line 532)
  0x000001ae232297b8: 44ae 4bff 

  0x000001ae232297bc: ;   {other}
  0x000001ae232297bc: 0f1f 8400 | 2c37 005b | bade ffff | ff48 8b6c | 2428 8974 | 2428 897c | 242c 6690 

  0x000001ae232297d8: ;   {runtime_call UncommonTrapBlob}
  0x000001ae232297d8: c5f8 77e8 

  0x000001ae232297dc: ; ImmutableOopMap {rbp=Oop [44]=NarrowOop [48]=Oop }
                      ;*checkcast {reexecute=0 rethrow=0 return_oop=0}
                      ; - ui.frmwork.a.v::UR@10 (line 29)
                      ; - ui.frmwork.a.v::iSQ@7 (line 36)
                      ; - ui.views.waveform.d.b::l@1 (line 532)
  0x000001ae232297dc: 20ae 4bff 

  0x000001ae232297e0: ;   {other}
  0x000001ae232297e0: 0f1f 8400 | 5037 005c | baf6 ffff | ff66 6690 

  0x000001ae232297f0: ;   {runtime_call UncommonTrapBlob}
  0x000001ae232297f0: c5f8 77e8 

  0x000001ae232297f4: ; ImmutableOopMap {}
                      ;*invokevirtual iSQ {reexecute=0 rethrow=0 return_oop=0}
                      ; - ui.views.waveform.d.b::l@1 (line 532)
  0x000001ae232297f4: 08ae 4bff 

  0x000001ae232297f8: ;   {other}
  0x000001ae232297f8: 0f1f 8400 | 6837 005d | baf6 ffff | ff49 8bed 

  0x000001ae23229808: ;   {runtime_call UncommonTrapBlob}
  0x000001ae23229808: c5f8 77e8 

  0x000001ae2322980c: ; ImmutableOopMap {rbp=Oop }
                      ;*invokevirtual get {reexecute=0 rethrow=0 return_oop=0}
                      ; - ui.frmwork.a.v::UR@7 (line 29)
                      ; - ui.frmwork.a.v::iSQ@7 (line 36)
                      ; - ui.views.waveform.d.b::l@1 (line 532)
  0x000001ae2322980c: f0ad 4bff 

  0x000001ae23229810: ;   {other}
  0x000001ae23229810: 0f1f 8400 | 8037 005e | ba5c ffff | ff48 8b6c | 2428 4889 | 5c24 2890 

  0x000001ae23229828: ;   {runtime_call UncommonTrapBlob}
  0x000001ae23229828: c5f8 77e8 

  0x000001ae2322982c: ; ImmutableOopMap {rbp=Oop [40]=Oop [48]=Oop }
                      ;*ifnull {reexecute=1 rethrow=0 return_oop=0}
                      ; - (reexecute) java.lang.StringConcatHelper::stringOf@1 (line 467)
                      ; - java.lang.StringConcatHelper::simpleConcat@6 (line 422)
                      ; - java.lang.invoke.DirectMethodHandle$Holder::invokeStatic@11
                      ; - java.lang.invoke.LambdaForm$MH/0x000001ae35080800::invoke@21
                      ; - java.lang.invoke.Invokers$Holder::linkToTargetMethod@5
                      ; - ui.views.waveform.d.b::l@12 (line 533)
  0x000001ae2322982c: d0ad 4bff 

  0x000001ae23229830: ;   {other}
  0x000001ae23229830: 0f1f 8400 | a037 005f | baf6 ffff | ff66 6690 

  0x000001ae23229840: ;   {runtime_call UncommonTrapBlob}
  0x000001ae23229840: c5f8 77e8 

  0x000001ae23229844: ; ImmutableOopMap {}
                      ;*arraylength {reexecute=0 rethrow=0 return_oop=0}
                      ; - java.lang.String::isEmpty@4 (line 1532)
                      ; - java.lang.StringConcatHelper::simpleConcat@27 (line 427)
                      ; - java.lang.invoke.DirectMethodHandle$Holder::invokeStatic@11
                      ; - java.lang.invoke.LambdaForm$MH/0x000001ae35080800::invoke@21
                      ; - java.lang.invoke.Invokers$Holder::linkToTargetMethod@5
                      ; - ui.views.waveform.d.b::l@12 (line 533)
  0x000001ae23229844: b8ad 4bff 

  0x000001ae23229848: ;   {other}
  0x000001ae23229848: 0f1f 8400 | b837 0060 | ba45 ffff | ff48 8b6c | 2428 4c8b | 5424 304c | 8954 2420 | 4889 5c24 
  0x000001ae23229868: 2848 8944 | 2430 4489 | 4424 3890 

  0x000001ae23229874: ;   {runtime_call UncommonTrapBlob}
  0x000001ae23229874: c5f8 77e8 

  0x000001ae23229878: ; ImmutableOopMap {rbp=Oop [32]=Oop [40]=Oop [48]=Oop [56]=NarrowOop }
                      ;*ifnonnull {reexecute=1 rethrow=0 return_oop=0}
                      ; - (reexecute) ui.utils.x::jOC@3 (line 1458)
                      ; - ui.utils.x::bzD@0 (line 1498)
                      ; - ui.views.waveform.h.c::debug@0 (line 61)
                      ; - ui.views.waveform.d.b::l@17 (line 533)
  0x000001ae23229878: 84ad 4bff 

  0x000001ae2322987c: ;   {other}
  0x000001ae2322987c: 0f1f 8400 | ec37 0061 | ba45 ffff | ff48 8b6c | 2428 4889 | 4424 2044 | 895c 2428 

  0x000001ae23229898: ;   {runtime_call UncommonTrapBlob}
  0x000001ae23229898: c5f8 77e8 

  0x000001ae2322989c: ; ImmutableOopMap {rbp=Oop [32]=Oop [40]=NarrowOop }
                      ;*ifnonnull {reexecute=1 rethrow=0 return_oop=0}
                      ; - (reexecute) ui.utils.x::jOC@3 (line 1458)
                      ; - ui.utils.x::bzD@0 (line 1498)
                      ; - ui.views.waveform.h.c::debug@0 (line 61)
                      ; - ui.views.waveform.d.b::l@85 (line 536)
  0x000001ae2322989c: 60ad 4bff 

  0x000001ae232298a0: ;   {other}
  0x000001ae232298a0: 0f1f 8400 | 1038 0062 | baf6 ffff | ff66 6690 

  0x000001ae232298b0: ;   {runtime_call UncommonTrapBlob}
  0x000001ae232298b0: c5f8 77e8 

  0x000001ae232298b4: ; ImmutableOopMap {}
                      ;*invokevirtual start {reexecute=0 rethrow=0 return_oop=0}
                      ; - ui.views.waveform.d.b::l@229 (line 570)
  0x000001ae232298b4: 48ad 4bff 

  0x000001ae232298b8: ;   {other}
  0x000001ae232298b8: 0f1f 8400 | 2838 0063 | baf4 ffff | ff48 8b6c | 2428 4c8b | 5424 304c | 8954 2420 | 448b 5424 
  0x000001ae232298d8: 3844 8954 | 2428 895c | 242c 4489 | 4424 384c | 896c 2440 

  0x000001ae232298ec: ;   {runtime_call UncommonTrapBlob}
  0x000001ae232298ec: c5f8 77e8 

  0x000001ae232298f0: ; ImmutableOopMap {rbp=Oop [32]=Oop [44]=NarrowOop [64]=Oop }
                      ;*instanceof {reexecute=0 rethrow=0 return_oop=0}
                      ; - java.lang.Integer::equals@1 (line 1224)
                      ; - java.util.HashMap::getNode@63 (line 578)
                      ; - java.util.HashMap::get@2 (line 564)
                      ; - ui.frmwork.a.v::UR@7 (line 29)
                      ; - ui.frmwork.a.v::iSQ@7 (line 36)
                      ; - ui.views.waveform.d.b::l@1 (line 532)
  0x000001ae232298f0: 0cad 4bff 

  0x000001ae232298f4: ;   {other}
  0x000001ae232298f4: 0f1f 8400 | 6438 0064 | baf6 ffff | ff66 6690 

  0x000001ae23229904: ;   {runtime_call UncommonTrapBlob}
  0x000001ae23229904: c5f8 77e8 

  0x000001ae23229908: ; ImmutableOopMap {}
                      ;*invokevirtual dAI {reexecute=0 rethrow=0 return_oop=0}
                      ; - ui.views.waveform.d.b::l@287 (line 580)
  0x000001ae23229908: f4ac 4bff 

  0x000001ae2322990c: ;   {other}
  0x000001ae2322990c: 0f1f 8400 | 7c38 0065 | ba45 ffff | ff41 8bea 

  0x000001ae2322991c: ;   {runtime_call UncommonTrapBlob}
  0x000001ae2322991c: c5f8 77e8 

  0x000001ae23229920: ; ImmutableOopMap {rbp=NarrowOop }
                      ;*ifnull {reexecute=1 rethrow=0 return_oop=0}
                      ; - (reexecute) ui.views.waveform.d.b::l@290 (line 580)
  0x000001ae23229920: dcac 4bff 

  0x000001ae23229924: ;   {other}
  0x000001ae23229924: 0f1f 8400 | 9438 0066 | 488b 6c24 | 284c 8b54 | 2430 4c89 | 5424 2044 | 8b5c 2438 | 4489 5c24 
  0x000001ae23229944: 2848 8954 | 2438 4489 | 4424 2c4c | 896c 2440 | baf4 ffff | ff66 6690 

  0x000001ae2322995c: ;   {runtime_call UncommonTrapBlob}
  0x000001ae2322995c: c5f8 77e8 

  0x000001ae23229960: ; ImmutableOopMap {rbp=Oop [32]=Oop [56]=Oop [64]=Oop }
                      ;*instanceof {reexecute=0 rethrow=0 return_oop=0}
                      ; - java.lang.Integer::equals@1 (line 1224)
                      ; - java.util.HashMap::getNode@128 (line 585)
                      ; - java.util.HashMap::get@2 (line 564)
                      ; - ui.frmwork.a.v::UR@7 (line 29)
                      ; - ui.frmwork.a.v::iSQ@7 (line 36)
                      ; - ui.views.waveform.d.b::l@1 (line 532)
  0x000001ae23229960: 9cac 4bff 

  0x000001ae23229964: ;   {other}
  0x000001ae23229964: 0f1f 8400 | d438 0067 | eb10 e91e | 0100 00eb | 19eb 69eb | 77e9 a800 | 0000 488b | d0e9 2201 
  0x000001ae23229984: 0000 488b | d0e9 1a01 | 0000 488b | d0e9 1201 | 0000 488b | d0e9 0a01 | 0000 488b | d0e9 0201 
  0x000001ae232299a4: 0000 eb7e | 488b d0e9 | f800 0000 | 488b d0e9 | f000 0000 | 488b d0e9 | e800 0000 | 488b d0e9 
  0x000001ae232299c4: e000 0000 | 488b d0e9 | d800 0000 | 488b d0e9 | d000 0000 | 488b d0e9 | c800 0000 | 488b d0e9 
  0x000001ae232299e4: c000 0000 | 488b d0e9 | b800 0000 | 488b d0e9 | b000 0000 | 488b d0e9 | a800 0000 | eb24 eb22 
  0x000001ae23229a04: 488b d0e9 | 9c00 0000 | 488b d0e9 | 9400 0000 | 488b d0e9 | 8c00 0000 | 488b d0e9 | 8400 0000 
  0x000001ae23229a24: eb00 488b | d0eb 7d48 | 8bd0 eb78 | 488b d0eb | 7348 8bd0 | eb6e 488b | d0eb 6948 | 8bd0 eb64 
  0x000001ae23229a44: 488b d0eb | 5f48 8bd0 | eb5a 488b | d0eb 5548 | 8bd0 eb50 | 488b d0eb | 4b48 8bd0 

  0x000001ae23229a60: ;   {no_reloc}
  0x000001ae23229a60: eb46 488b | d0eb 4148 | 8bd0 eb3c | 488b d0eb | 3748 8bd0 | eb32 488b | d0eb 2d48 | 8bd0 eb28 
  0x000001ae23229a80: 488b d0eb | 2348 8bd0 | eb1e 488b | d0eb 19eb | 0048 8bd0 | eb12 488b | d0eb 0d48 | 8bd0 eb08 
  0x000001ae23229aa0: 488b d0eb | 0348 8bd0 | c5f8 7748 | 81c4 8000 

  0x000001ae23229ab0: ;   {runtime_call _rethrow_Java}
  0x000001ae23229ab0: 0000 5de9 | 48d5 58ff 

  0x000001ae23229ab8: ;   {internal_word}
  0x000001ae23229ab8: 49ba 6b78 | 2223 ae01 | 0000 4d89 | 9768 0400 

  0x000001ae23229ac8: ;   {runtime_call SafepointBlob}
  0x000001ae23229ac8: 00e9 32bc 

  0x000001ae23229acc: ;   {runtime_call StubRoutines (final stubs)}
  0x000001ae23229acc: 4bff e88d | b249 ffe9 | 66cb ffff 
[Stub Code]
  0x000001ae23229ad8: ;   {no_reloc}
  0x000001ae23229ad8: 48bb 0000 | 0000 0000 

  0x000001ae23229ae0: ;   {runtime_call}
  0x000001ae23229ae0: 0000 e9fb 

  0x000001ae23229ae4: ;   {static_stub}
  0x000001ae23229ae4: ffff ff48 | bb00 0000 | 0000 0000 

  0x000001ae23229af0: ;   {runtime_call}
  0x000001ae23229af0: 00e9 fbff 

  0x000001ae23229af4: ;   {static_stub}
  0x000001ae23229af4: ffff 48bb | 0000 0000 | 0000 0000 

  0x000001ae23229b00: ;   {runtime_call}
  0x000001ae23229b00: e9fb ffff 

  0x000001ae23229b04: ;   {static_stub}
  0x000001ae23229b04: ff48 bb00 | 0000 0000 

  0x000001ae23229b0c: ;   {runtime_call}
  0x000001ae23229b0c: 0000 00e9 | fbff ffff 

  0x000001ae23229b14: ;   {static_stub}
  0x000001ae23229b14: 48bb 105d | 3b9f ae01 

  0x000001ae23229b1c: ;   {runtime_call I2C/C2I adapters}
  0x000001ae23229b1c: 0000 e944 

  0x000001ae23229b20: ;   {static_stub}
  0x000001ae23229b20: bf4b ff48 | bb00 0000 | 0000 0000 

  0x000001ae23229b2c: ;   {runtime_call}
  0x000001ae23229b2c: 00e9 fbff 

  0x000001ae23229b30: ;   {static_stub}
  0x000001ae23229b30: ffff 48bb | 20b8 4175 | ae01 0000 

  0x000001ae23229b3c: ;   {runtime_call I2C/C2I adapters}
  0x000001ae23229b3c: e922 994b 

  0x000001ae23229b40: ;   {static_stub}
  0x000001ae23229b40: ff48 bb08 | 87ed 77ae 

  0x000001ae23229b48: ;   {runtime_call I2C/C2I adapters}
  0x000001ae23229b48: 0100 00e9 | 1399 4bff 

  0x000001ae23229b50: ;   {static_stub}
  0x000001ae23229b50: 48bb 0000 | 0000 0000 

  0x000001ae23229b58: ;   {runtime_call}
  0x000001ae23229b58: 0000 e9fb 

  0x000001ae23229b5c: ;   {static_stub}
  0x000001ae23229b5c: ffff ff48 | bb00 0000 | 0000 0000 

  0x000001ae23229b68: ;   {runtime_call}
  0x000001ae23229b68: 00e9 fbff 

  0x000001ae23229b6c: ;   {static_stub}
  0x000001ae23229b6c: ffff 48bb | 0000 0000 | 0000 0000 

  0x000001ae23229b78: ;   {runtime_call}
  0x000001ae23229b78: e9fb ffff 

  0x000001ae23229b7c: ;   {static_stub}
  0x000001ae23229b7c: ff48 bb00 | 0000 0000 

  0x000001ae23229b84: ;   {runtime_call}
  0x000001ae23229b84: 0000 00e9 | fbff ffff 

  0x000001ae23229b8c: ;   {static_stub}
  0x000001ae23229b8c: 48bb 0000 | 0000 0000 

  0x000001ae23229b94: ;   {runtime_call}
  0x000001ae23229b94: 0000 e9fb 

  0x000001ae23229b98: ;   {static_stub}
  0x000001ae23229b98: ffff ff48 | bb00 0000 | 0000 0000 

  0x000001ae23229ba4: ;   {runtime_call}
  0x000001ae23229ba4: 00e9 fbff 

  0x000001ae23229ba8: ;   {static_stub}
  0x000001ae23229ba8: ffff 48bb | 0000 0000 | 0000 0000 

  0x000001ae23229bb4: ;   {runtime_call}
  0x000001ae23229bb4: e9fb ffff 

  0x000001ae23229bb8: ;   {static_stub}
  0x000001ae23229bb8: ff48 bb00 | 0000 0000 

  0x000001ae23229bc0: ;   {runtime_call}
  0x000001ae23229bc0: 0000 00e9 | fbff ffff 

  0x000001ae23229bc8: ;   {static_stub}
  0x000001ae23229bc8: 48bb 0000 | 0000 0000 

  0x000001ae23229bd0: ;   {runtime_call}
  0x000001ae23229bd0: 0000 e9fb 

  0x000001ae23229bd4: ;   {runtime_call ExceptionBlob}
  0x000001ae23229bd4: ffff ffe9 | 2469 58ff 
[Deopt Handler Code]
  0x000001ae23229bdc: e800 0000 | 0048 832c 

  0x000001ae23229be4: ;   {runtime_call DeoptimizationBlob}
  0x000001ae23229be4: 2405 e9b5 | ad4b fff4 | f4f4 f4f4 
[/MachCode]


---------------  P R O C E S S  ---------------

Threads class SMR info:
_java_thread_list=0x000001aebeef0610, length=160, elements={
0x000001ae11f62940, 0x000001ae115b4280, 0x000001ae12976e80, 0x000001ae129778e0,
0x000001ae12978340, 0x000001ae1297b5b0, 0x000001ae11900700, 0x000001ae114b29e0,
0x000001ae114b30b0, 0x000001ae11901420, 0x000001ae119034f0, 0x000001ae11900070,
0x000001ae11902e60, 0x000001ae11902140, 0x000001ae119027d0, 0x000001ae11901ab0,
0x000001ae7cbe8f30, 0x000001ae7cbea970, 0x000001ae7cbe74f0, 0x000001ae7cbe95c0,
0x000001ae7cbeb690, 0x000001ae7cbe6e60, 0x000001ae7cbeb000, 0x000001ae7cbe5420,
0x000001ae7cbe5ab0, 0x000001ae82ca3df0, 0x000001ae82ca1d20, 0x000001ae8a5c06f0,
0x000001ae7cbea2e0, 0x000001ae8a5c0d80, 0x000001ae8a5c1aa0, 0x000001ae82ca02e0,
0x000001ae9a316200, 0x000001ae9a312d80, 0x000001ae9a312060, 0x000001ae9a313410,
0x000001ae9a314e50, 0x000001ae9a319680, 0x000001ae9a3126f0, 0x000001ae9a319d10,
0x000001ae9a317c40, 0x000001ae9a3175b0, 0x000001ae9a318ff0, 0x000001ae9a313aa0,
0x000001ae9a31a3a0, 0x000001ae9a314130, 0x000001ae9a3147c0, 0x000001ae9a3154e0,
0x000001ae9aaf8c50, 0x000001ae9aaf9970, 0x000001ae82c9d4f0, 0x000001ae9a316f20,
0x000001ae9bddd890, 0x000001ae9bddb7c0, 0x000001ae9bde13a0, 0x000001ae9bddb130,
0x000001ae9a3182d0, 0x000001ae7cbe88a0, 0x000001aea4f0cf30, 0x000001aea4f06630,
0x000001aea4f09ab0, 0x000001ae9bdd96f0, 0x000001ae9bdd9d80, 0x000001ae9aaf6b80,
0x000001aea4f0c210, 0x000001aea4f0dc50, 0x000001ae9a315b70, 0x000001ae9d765a00,
0x000001ae9d76a8c0, 0x000001ae9d768e80, 0x000001ae9d767440, 0x000001ae9d764650,
0x000001ae9d765370, 0x000001ae9d766090, 0x000001ae9d76b5e0, 0x000001ae9d766db0,
0x000001aea5b8b470, 0x000001aea5b8ceb0, 0x000001aea5b89a30, 0x000001aea5b8f610,
0x000001aea5b97fe0, 0x000001aea5b95880, 0x000001aea5b937b0, 0x000001aea5b965a0,
0x000001aeabc0f610, 0x000001aeabc0fca0, 0x000001aeabc0a750, 0x000001ae7cbe4700,
0x000001aeab4e1960, 0x000001aeab4dff20, 0x000001aeab4df890, 0x000001aeab4deb70,
0x000001aeab4dcaa0, 0x000001aeab4dde50, 0x000001ae9bde0d10, 0x000001aeab4e8260,
0x000001aeab4e9610, 0x000001ae9aaf64f0, 0x000001aea5b916e0, 0x000001ae9bdd9060,
0x000001aeab4e2d10, 0x000001ae9bddc4e0, 0x000001aea4f0c8a0, 0x000001aea5b97950,
0x000001aeabc09a30, 0x000001aea4f07350, 0x000001aeb1393ff0, 0x000001aeb1394680,
0x000001aeb139af80, 0x000001aeb139c330, 0x000001aeb1399bd0, 0x000001aeb1397470,
0x000001aeb1398eb0, 0x000001aeb1398190, 0x000001aeb13953a0, 0x000001aeb139a8f0,
0x000001aeb138d6f0, 0x000001aeb138f7c0, 0x000001aeb1393960, 0x000001aeab4e8f80,
0x000001aeb1396de0, 0x000001aeab4dd130, 0x000001ae9bde0680, 0x000001aeaedc5cb0,
0x000001aeaedc69d0, 0x000001aeaedc8aa0, 0x000001aeaedced10, 0x000001aeaedc8410,
0x000001aeaedc9e50, 0x000001aeaedc4f90, 0x000001aeaedc5620, 0x000001aeaedcbf20,
0x000001aeaedc7d80, 0x000001aeaedc21a0, 0x000001aeaedca4e0, 0x000001aeaedd0750,
0x000001aeaedd1470, 0x000001aeaedd00c0, 0x000001aeaedccc40, 0x000001aeaedd9120,
0x000001aeaedd9e40, 0x000001aeaedcc5b0, 0x000001aeaedc0760, 0x000001aeb13932d0,
0x000001aeb1395a30, 0x000001aeb13960c0, 0x000001aeb1391200, 0x000001aeaedd69c0,
0x000001aeaedd7d70, 0x000001aeaedd7050, 0x000001aeaedd48f0, 0x000001aebdb99640,
0x000001aebdb9aab0, 0x000001aeaedd2190, 0x000001aeaedcb200, 0x000001aeaedcb890,
0x000001aeaedd5610, 0x000001aeaedd8400, 0x000001aebdb9b180, 0x000001aebdb9b850
}

Java Threads: ( => current thread )
  0x000001ae11f62940 JavaThread "main"                              [_thread_blocked, id=8828, stack(0x0000003563f00000,0x0000003564000000) (1024K)]
  0x000001ae115b4280 JavaThread "Reference Handler"          daemon [_thread_blocked, id=6380, stack(0x0000003564700000,0x0000003565100000) (10240K)]
  0x000001ae12976e80 JavaThread "Finalizer"                  daemon [_thread_blocked, id=6444, stack(0x0000003565100000,0x0000003565b00000) (10240K)]
  0x000001ae129778e0 JavaThread "Signal Dispatcher"          daemon [_thread_blocked, id=6468, stack(0x0000003565b00000,0x0000003566500000) (10240K)]
  0x000001ae12978340 JavaThread "Attach Listener"            daemon [_thread_blocked, id=6340, stack(0x0000003566500000,0x0000003566f00000) (10240K)]
  0x000001ae1297b5b0 JavaThread "Service Thread"             daemon [_thread_blocked, id=6344, stack(0x0000003566f00000,0x0000003567900000) (10240K)]
  0x000001ae11900700 JavaThread "Monitor Deflation Thread"   daemon [_thread_blocked, id=9876, stack(0x0000003567900000,0x0000003568300000) (10240K)]
  0x000001ae114b29e0 JavaThread "C2 CompilerThread0"         daemon [_thread_blocked, id=12164, stack(0x0000003568300000,0x0000003568400000) (1024K)]
  0x000001ae114b30b0 JavaThread "C1 CompilerThread0"         daemon [_thread_blocked, id=9588, stack(0x0000003568400000,0x0000003568500000) (1024K)]
  0x000001ae11901420 JavaThread "StringDedupThread"          daemon [_thread_blocked, id=10228, stack(0x0000003568500000,0x0000003568f00000) (10240K)]
  0x000001ae119034f0 JavaThread "Common-Cleaner"             daemon [_thread_blocked, id=7028, stack(0x0000003569000000,0x0000003569a00000) (10240K)]
  0x000001ae11900070 JavaThread "Notification Thread"        daemon [_thread_blocked, id=11048, stack(0x0000003569a00000,0x000000356a400000) (10240K)]
  0x000001ae11902e60 JavaThread "Java2D Disposer"            daemon [_thread_blocked, id=9400, stack(0x000000356a400000,0x000000356ae00000) (10240K)]
  0x000001ae11902140 JavaThread "AWT-Windows"                daemon [_thread_in_native, id=11280, stack(0x000000356b800000,0x000000356c200000) (10240K)]
  0x000001ae119027d0 JavaThread "TimerQueue"                 daemon [_thread_blocked, id=7164, stack(0x000000356ce00000,0x000000356d800000) (10240K)]
  0x000001ae11901ab0 JavaThread "AWT-Shutdown"                      [_thread_blocked, id=7588, stack(0x000000356ae00000,0x000000356b800000) (10240K)]
=>0x000001ae7cbe8f30 JavaThread "AWT-EventQueue-0"                  [_thread_in_native, id=9580, stack(0x000000356d800000,0x000000356e200000) (10240K)]
  0x000001ae7cbea970 JavaThread "Thread-1"                          [_thread_in_native, id=22472, stack(0x0000003562600000,0x0000003563a00000) (20480K)]
  0x000001ae7cbe74f0 JavaThread "Process Messages Thread"           [_thread_blocked, id=7776, stack(0x000000356f600000,0x0000003570000000) (10240K)]
  0x000001ae7cbe95c0 JavaThread "Batik CleanerThread"        daemon [_thread_blocked, id=22512, stack(0x000000356ec00000,0x000000356f600000) (10240K)]
  0x000001ae7cbeb690 JavaThread "SyntheticaCleanerThread"    daemon [_thread_blocked, id=18300, stack(0x0000003570a00000,0x0000003571400000) (10240K)]
  0x000001ae7cbe6e60 JavaThread "Timer-0"                           [_thread_blocked, id=9244, stack(0x0000003571e00000,0x0000003572800000) (10240K)]
  0x000001ae7cbeb000 JavaThread "Monitor File Timestamp Swing Worker Thread"        [_thread_blocked, id=9124, stack(0x0000003572800000,0x0000003573200000) (10240K)]
  0x000001ae7cbe5420 JavaThread "Monitor HEventQueue for Sluggish Gui Thread"        [_thread_blocked, id=21508, stack(0x0000003573300000,0x0000003573d00000) (10240K)]
  0x000001ae7cbe5ab0 JavaThread "SyntheticaAnimation 50"     daemon [_thread_blocked, id=1776, stack(0x0000003573d00000,0x0000003574700000) (10240K)]
  0x000001ae82ca3df0 JavaThread "SyntheticaAnimation 25"     daemon [_thread_blocked, id=1532, stack(0x0000003574900000,0x0000003575300000) (10240K)]
  0x000001ae82ca1d20 JavaThread "SyntheticaAnimation 70"     daemon [_thread_blocked, id=2084, stack(0x0000003575d00000,0x0000003576700000) (10240K)]
  0x000001ae8a5c06f0 JavaThread "Refresh Filesets Swing Worker Thread"        [_thread_blocked, id=22188, stack(0x000000356e200000,0x000000356ec00000) (10240K)]
  0x000001ae7cbea2e0 JavaThread "hw_ila_monitor"                    [_thread_blocked, id=10892, stack(0x0000003570000000,0x0000003570a00000) (10240K)]
  0x000001ae8a5c0d80 JavaThread "pool-1-thread-1"                   [_thread_blocked, id=9608, stack(0x0000003577100000,0x0000003577b00000) (10240K)]
  0x000001ae8a5c1aa0 JavaThread "Timer-1"                           [_thread_blocked, id=10568, stack(0x0000003577b00000,0x0000003578500000) (10240K)]
  0x000001ae82ca02e0 JavaThread "pool-2-thread-1"                   [_thread_blocked, id=22244, stack(0x0000003578500000,0x0000003578f00000) (10240K)]
  0x000001ae9a316200 JavaThread "Timer-2"                           [_thread_blocked, id=10492, stack(0x0000003578f00000,0x0000003579900000) (10240K)]
  0x000001ae9a312d80 JavaThread "pool-3-thread-1"                   [_thread_blocked, id=3804, stack(0x0000003579900000,0x000000357a300000) (10240K)]
  0x000001ae9a312060 JavaThread "Timer-3"                           [_thread_blocked, id=4312, stack(0x000000357a300000,0x000000357ad00000) (10240K)]
  0x000001ae9a313410 JavaThread "pool-4-thread-1"                   [_thread_blocked, id=22088, stack(0x000000357ad00000,0x000000357b700000) (10240K)]
  0x000001ae9a314e50 JavaThread "Timer-4"                           [_thread_blocked, id=22136, stack(0x000000357b700000,0x000000357c100000) (10240K)]
  0x000001ae9a319680 JavaThread "pool-5-thread-1"                   [_thread_blocked, id=5744, stack(0x000000357c100000,0x000000357cb00000) (10240K)]
  0x000001ae9a3126f0 JavaThread "Timer-5"                           [_thread_blocked, id=6228, stack(0x000000357cb00000,0x000000357d500000) (10240K)]
  0x000001ae9a319d10 JavaThread "pool-6-thread-1"                   [_thread_blocked, id=5076, stack(0x000000357d500000,0x000000357df00000) (10240K)]
  0x000001ae9a317c40 JavaThread "Timer-6"                           [_thread_blocked, id=22124, stack(0x000000357df00000,0x000000357e900000) (10240K)]
  0x000001ae9a3175b0 JavaThread "pool-7-thread-1"                   [_thread_blocked, id=3584, stack(0x000000357e900000,0x000000357f300000) (10240K)]
  0x000001ae9a318ff0 JavaThread "Timer-7"                           [_thread_blocked, id=21220, stack(0x000000357f300000,0x000000357fd00000) (10240K)]
  0x000001ae9a313aa0 JavaThread "pool-8-thread-1"                   [_thread_blocked, id=4560, stack(0x0000003500000000,0x0000003500a00000) (10240K)]
  0x000001ae9a31a3a0 JavaThread "Timer-8"                           [_thread_blocked, id=10652, stack(0x0000003500a00000,0x0000003501400000) (10240K)]
  0x000001ae9a314130 JavaThread "pool-9-thread-1"                   [_thread_blocked, id=3568, stack(0x0000003501400000,0x0000003501e00000) (10240K)]
  0x000001ae9a3147c0 JavaThread "Timer-9"                           [_thread_blocked, id=2404, stack(0x0000003501e00000,0x0000003502800000) (10240K)]
  0x000001ae9a3154e0 JavaThread "Update Runs Swing Worker Thread"        [_thread_blocked, id=15748, stack(0x0000003502b00000,0x0000003503500000) (10240K)]
  0x000001ae9aaf8c50 JavaThread "Thread-41"                         [_thread_in_native, id=11796, stack(0x0000003502900000,0x0000003502a00000) (1024K)]
  0x000001ae9aaf9970 JavaThread "Thread-43"                         [_thread_in_native, id=18116, stack(0x0000003502800000,0x0000003502900000) (1024K)]
  0x000001ae82c9d4f0 JavaThread "SyntheticaAnimation 50"     daemon [_thread_blocked, id=22176, stack(0x0000003503b00000,0x0000003504500000) (10240K)]
  0x000001ae9a316f20 JavaThread "Timer-10"                          [_thread_blocked, id=22180, stack(0x0000003505100000,0x0000003505b00000) (10240K)]
  0x000001ae9bddd890 JavaThread "Image Animator 0"           daemon [_thread_blocked, id=8504, stack(0x0000003508400000,0x0000003508e00000) (10240K)]
  0x000001ae9bddb7c0 JavaThread "SyntheticaAnimation 50"     daemon [_thread_blocked, id=22728, stack(0x0000003504500000,0x0000003504f00000) (10240K)]
  0x000001ae9bde13a0 JavaThread "Thread-5896"                       [_thread_in_native, id=20284, stack(0x0000003508100000,0x0000003508200000) (1024K)]
  0x000001ae9bddb130 JavaThread "Thread-5897"                       [_thread_in_native, id=18656, stack(0x0000003508200000,0x0000003508300000) (1024K)]
  0x000001ae9a3182d0 JavaThread "Thread-5935"                       [_thread_in_native, id=9872, stack(0x0000003507c00000,0x0000003507d00000) (1024K)]
  0x000001ae7cbe88a0 JavaThread "Thread-5966"                       [_thread_in_native, id=14064, stack(0x0000003507d00000,0x0000003507e00000) (1024K)]
  0x000001aea4f0cf30 JavaThread "Thread-14044"                      [_thread_in_native, id=24540, stack(0x0000003507f00000,0x0000003508000000) (1024K)]
  0x000001aea4f06630 JavaThread "Thread-14045"                      [_thread_in_native, id=6176, stack(0x0000003508000000,0x0000003508100000) (1024K)]
  0x000001aea4f09ab0 JavaThread "Thread-14053"                      [_thread_in_native, id=26116, stack(0x0000003505000000,0x0000003505100000) (1024K)]
  0x000001ae9bdd96f0 JavaThread "Thread-14970"                      [_thread_in_native, id=18796, stack(0x0000003505000000,0x0000003505100000) (1024K)]
  0x000001ae9bdd9d80 JavaThread "Thread-14971"                      [_thread_in_native, id=20148, stack(0x0000003504f00000,0x0000003505000000) (1024K)]
  0x000001ae9aaf6b80 JavaThread "Thread-14995"                      [_thread_in_native, id=4412, stack(0x0000003507f00000,0x0000003508000000) (1024K)]
  0x000001aea4f0c210 JavaThread "Thread-15004"                      [_thread_in_native, id=19688, stack(0x0000003507e00000,0x0000003507f00000) (1024K)]
  0x000001aea4f0dc50 JavaThread "Thread-15302"                      [_thread_in_native, id=15772, stack(0x0000003502900000,0x0000003502a00000) (1024K)]
  0x000001ae9a315b70 JavaThread "Thread-15303"                      [_thread_in_native, id=2664, stack(0x0000003503500000,0x0000003503600000) (1024K)]
  0x000001ae9d765a00 JavaThread "Thread-15321"                      [_thread_in_native, id=19136, stack(0x0000003504f00000,0x0000003505000000) (1024K)]
  0x000001ae9d76a8c0 JavaThread "Thread-15670"                      [_thread_in_native, id=25584, stack(0x0000003502900000,0x0000003502a00000) (1024K)]
  0x000001ae9d768e80 JavaThread "Thread-15671"                      [_thread_in_native, id=24388, stack(0x0000003503500000,0x0000003503600000) (1024K)]
  0x000001ae9d767440 JavaThread "Thread-15737"                      [_thread_in_native, id=17512, stack(0x0000003505000000,0x0000003505100000) (1024K)]
  0x000001ae9d764650 JavaThread "Thread-15744"                      [_thread_in_native, id=24528, stack(0x0000003507900000,0x0000003507a00000) (1024K)]
  0x000001ae9d765370 JavaThread "Thread-15982"                      [_thread_in_native, id=13308, stack(0x0000003502900000,0x0000003502a00000) (1024K)]
  0x000001ae9d766090 JavaThread "Thread-15983"                      [_thread_in_native, id=23584, stack(0x0000003503500000,0x0000003503600000) (1024K)]
  0x000001ae9d76b5e0 JavaThread "Thread-15999"                      [_thread_in_native, id=27912, stack(0x0000003504f00000,0x0000003505000000) (1024K)]
  0x000001ae9d766db0 JavaThread "Thread-16077"                      [_thread_in_native, id=6108, stack(0x0000003503a00000,0x0000003503b00000) (1024K)]
  0x000001aea5b8b470 JavaThread "Thread-17286"                      [_thread_in_native, id=25608, stack(0x0000003502900000,0x0000003502a00000) (1024K)]
  0x000001aea5b8ceb0 JavaThread "Thread-17287"                      [_thread_in_native, id=19100, stack(0x0000003503500000,0x0000003503600000) (1024K)]
  0x000001aea5b89a30 JavaThread "Thread-17302"                      [_thread_in_native, id=18196, stack(0x0000003503a00000,0x0000003503b00000) (1024K)]
  0x000001aea5b8f610 JavaThread "Thread-17412"                      [_thread_in_native, id=10468, stack(0x0000003504f00000,0x0000003505000000) (1024K)]
  0x000001aea5b97fe0 JavaThread "Thread-17949"                      [_thread_in_native, id=13736, stack(0x0000003502900000,0x0000003502a00000) (1024K)]
  0x000001aea5b95880 JavaThread "Thread-17950"                      [_thread_in_native, id=24448, stack(0x0000003503500000,0x0000003503600000) (1024K)]
  0x000001aea5b937b0 JavaThread "Thread-17981"                      [_thread_in_native, id=28380, stack(0x0000003503a00000,0x0000003503b00000) (1024K)]
  0x000001aea5b965a0 JavaThread "Thread-17995"                      [_thread_in_native, id=25844, stack(0x0000003504f00000,0x0000003505000000) (1024K)]
  0x000001aeabc0f610 JavaThread "Thread-19994"                      [_thread_in_native, id=28316, stack(0x0000003502900000,0x0000003502a00000) (1024K)]
  0x000001aeabc0fca0 JavaThread "Thread-19995"                      [_thread_in_native, id=20980, stack(0x0000003503500000,0x0000003503600000) (1024K)]
  0x000001aeabc0a750 JavaThread "Thread-20036"                      [_thread_in_native, id=26248, stack(0x0000003504f00000,0x0000003505000000) (1024K)]
  0x000001ae7cbe4700 JavaThread "Thread-20124"                      [_thread_in_native, id=8164, stack(0x0000003503a00000,0x0000003503b00000) (1024K)]
  0x000001aeab4e1960 JavaThread "Thread-20754"                      [_thread_in_native, id=24864, stack(0x0000003502900000,0x0000003502a00000) (1024K)]
  0x000001aeab4dff20 JavaThread "Thread-20755"                      [_thread_in_native, id=27144, stack(0x0000003503500000,0x0000003503600000) (1024K)]
  0x000001aeab4df890 JavaThread "Thread-21569"                      [_thread_in_native, id=11932, stack(0x0000003502900000,0x0000003502a00000) (1024K)]
  0x000001aeab4deb70 JavaThread "Thread-21570"                      [_thread_in_native, id=19468, stack(0x0000003503500000,0x0000003503600000) (1024K)]
  0x000001aeab4dcaa0 JavaThread "Thread-21758"                      [_thread_in_native, id=26396, stack(0x0000003503800000,0x0000003503900000) (1024K)]
  0x000001aeab4dde50 JavaThread "Thread-22015"                      [_thread_in_native, id=23728, stack(0x0000003503700000,0x0000003503800000) (1024K)]
  0x000001ae9bde0d10 JavaThread "Thread-23481"                      [_thread_in_native, id=26556, stack(0x0000003508000000,0x0000003508100000) (1024K)]
  0x000001aeab4e8260 JavaThread "Thread-23482"                      [_thread_in_native, id=4408, stack(0x0000003508100000,0x0000003508200000) (1024K)]
  0x000001aeab4e9610 JavaThread "Thread-24955"                      [_thread_in_native, id=23232, stack(0x0000003507e00000,0x0000003507f00000) (1024K)]
  0x000001ae9aaf64f0 JavaThread "Thread-24956"                      [_thread_in_native, id=16988, stack(0x0000003507f00000,0x0000003508000000) (1024K)]
  0x000001aea5b916e0 JavaThread "Thread-25930"                      [_thread_in_native, id=30276, stack(0x0000003507e00000,0x0000003507f00000) (1024K)]
  0x000001ae9bdd9060 JavaThread "Thread-25931"                      [_thread_in_native, id=27220, stack(0x0000003507f00000,0x0000003508000000) (1024K)]
  0x000001aeab4e2d10 JavaThread "Thread-25967"                      [_thread_in_native, id=23960, stack(0x0000003508100000,0x0000003508200000) (1024K)]
  0x000001ae9bddc4e0 JavaThread "Thread-25975"                      [_thread_in_native, id=26120, stack(0x0000003508000000,0x0000003508100000) (1024K)]
  0x000001aea4f0c8a0 JavaThread "Thread-26579"                      [_thread_in_native, id=13792, stack(0x0000003504f00000,0x0000003505000000) (1024K)]
  0x000001aea5b97950 JavaThread "Thread-26580"                      [_thread_in_native, id=26564, stack(0x0000003507b00000,0x0000003507c00000) (1024K)]
  0x000001aeabc09a30 JavaThread "Thread-26585"                      [_thread_in_native, id=21848, stack(0x0000003507a00000,0x0000003507b00000) (1024K)]
  0x000001aea4f07350 JavaThread "Thread-26596"                      [_thread_in_native, id=28252, stack(0x0000003507c00000,0x0000003507d00000) (1024K)]
  0x000001aeb1393ff0 JavaThread "Thread-26837"                      [_thread_in_native, id=16432, stack(0x0000003507e00000,0x0000003507f00000) (1024K)]
  0x000001aeb1394680 JavaThread "Thread-26838"                      [_thread_in_native, id=20460, stack(0x0000003507f00000,0x0000003508000000) (1024K)]
  0x000001aeb139af80 JavaThread "Thread-27214"                      [_thread_in_native, id=21852, stack(0x0000003503a00000,0x0000003503b00000) (1024K)]
  0x000001aeb139c330 JavaThread "Thread-27215"                      [_thread_in_native, id=26608, stack(0x0000003504f00000,0x0000003505000000) (1024K)]
  0x000001aeb1399bd0 JavaThread "Thread-27230"                      [_thread_in_native, id=12900, stack(0x0000003502900000,0x0000003502a00000) (1024K)]
  0x000001aeb1397470 JavaThread "Thread-27394"                      [_thread_in_native, id=27944, stack(0x0000003503a00000,0x0000003503b00000) (1024K)]
  0x000001aeb1398eb0 JavaThread "Thread-27396"                      [_thread_in_native, id=15008, stack(0x0000003504f00000,0x0000003505000000) (1024K)]
  0x000001aeb1398190 JavaThread "Thread-27505"                      [_thread_in_native, id=23228, stack(0x0000003503700000,0x0000003503800000) (1024K)]
  0x000001aeb13953a0 JavaThread "Thread-27506"                      [_thread_in_native, id=23808, stack(0x0000003503900000,0x0000003503a00000) (1024K)]
  0x000001aeb139a8f0 JavaThread "Thread-27529"                      [_thread_in_native, id=23260, stack(0x0000003503a00000,0x0000003503b00000) (1024K)]
  0x000001aeb138d6f0 JavaThread "Thread-28408"                      [_thread_in_native, id=6120, stack(0x0000003502900000,0x0000003502a00000) (1024K)]
  0x000001aeb138f7c0 JavaThread "Thread-28409"                      [_thread_in_native, id=30240, stack(0x0000003503700000,0x0000003503800000) (1024K)]
  0x000001aeb1393960 JavaThread "Thread-28451"                      [_thread_in_native, id=13556, stack(0x0000003507a00000,0x0000003507b00000) (1024K)]
  0x000001aeab4e8f80 JavaThread "Thread-28515"                      [_thread_in_native, id=28480, stack(0x0000003507900000,0x0000003507a00000) (1024K)]
  0x000001aeb1396de0 JavaThread "Thread-29601"                      [_thread_in_native, id=11324, stack(0x0000003507f00000,0x0000003508000000) (1024K)]
  0x000001aeab4dd130 JavaThread "Thread-29602"                      [_thread_in_native, id=26164, stack(0x0000003508000000,0x0000003508100000) (1024K)]
  0x000001ae9bde0680 JavaThread "Thread-29648"                      [_thread_in_native, id=20240, stack(0x0000003505000000,0x0000003505100000) (1024K)]
  0x000001aeaedc5cb0 JavaThread "Thread-29723"                      [_thread_in_native, id=22332, stack(0x0000003507900000,0x0000003507a00000) (1024K)]
  0x000001aeaedc69d0 JavaThread "Thread-30071"                      [_thread_in_native, id=11732, stack(0x0000003507a00000,0x0000003507b00000) (1024K)]
  0x000001aeaedc8aa0 JavaThread "Thread-30072"                      [_thread_in_native, id=28368, stack(0x0000003507b00000,0x0000003507c00000) (1024K)]
  0x000001aeaedced10 JavaThread "Thread-30117"                      [_thread_in_native, id=23248, stack(0x0000003507f00000,0x0000003508000000) (1024K)]
  0x000001aeaedc8410 JavaThread "Thread-30466"                      [_thread_in_native, id=19808, stack(0x0000003507e00000,0x0000003507f00000) (1024K)]
  0x000001aeaedc9e50 JavaThread "Thread-30467"                      [_thread_in_native, id=25848, stack(0x0000003507f00000,0x0000003508000000) (1024K)]
  0x000001aeaedc4f90 JavaThread "Thread-30639"                      [_thread_in_native, id=9816, stack(0x0000003507d00000,0x0000003507e00000) (1024K)]
  0x000001aeaedc5620 JavaThread "Thread-30640"                      [_thread_in_native, id=27204, stack(0x0000003507e00000,0x0000003507f00000) (1024K)]
  0x000001aeaedcbf20 JavaThread "Thread-30719"                      [_thread_in_native, id=23136, stack(0x0000003503700000,0x0000003503800000) (1024K)]
  0x000001aeaedc7d80 JavaThread "Thread-31726"                      [_thread_in_native, id=10912, stack(0x0000003508000000,0x0000003508100000) (1024K)]
  0x000001aeaedc21a0 JavaThread "Thread-31727"                      [_thread_in_native, id=29564, stack(0x0000003508100000,0x0000003508200000) (1024K)]
  0x000001aeaedca4e0 JavaThread "Thread-31739"                      [_thread_in_native, id=27852, stack(0x0000003507c00000,0x0000003507d00000) (1024K)]
  0x000001aeaedd0750 JavaThread "Thread-31797"                      [_thread_in_native, id=30488, stack(0x0000003507b00000,0x0000003507c00000) (1024K)]
  0x000001aeaedd1470 JavaThread "Timer-12"                          [_thread_blocked, id=30180, stack(0x0000003509800000,0x000000350a200000) (10240K)]
  0x000001aeaedd00c0 JavaThread "Thread-32102"                      [_thread_in_native, id=2252, stack(0x0000003507e00000,0x0000003507f00000) (1024K)]
  0x000001aeaedccc40 JavaThread "Thread-32103"                      [_thread_in_native, id=23988, stack(0x0000003507f00000,0x0000003508000000) (1024K)]
  0x000001aeaedd9120 JavaThread "Timer-14"                          [_thread_blocked, id=33320, stack(0x0000003508e00000,0x0000003509800000) (10240K)]
  0x000001aeaedd9e40 JavaThread "Timer-16"                          [_thread_blocked, id=23896, stack(0x000000350de00000,0x000000350e800000) (10240K)]
  0x000001aeaedcc5b0 JavaThread "Timer-18"                          [_thread_blocked, id=11364, stack(0x0000003510a00000,0x0000003511400000) (10240K)]
  0x000001aeaedc0760 JavaThread "Timer-20"                          [_thread_blocked, id=32072, stack(0x0000003513200000,0x0000003513c00000) (10240K)]
  0x000001aeb13932d0 JavaThread "Timer-22"                          [_thread_blocked, id=36804, stack(0x0000003505c00000,0x0000003506600000) (10240K)]
  0x000001aeb1395a30 JavaThread "Monitor File Timestamp Swing Worker Thread"        [_thread_blocked, id=24644, stack(0x0000003506600000,0x0000003507000000) (10240K)]
  0x000001aeb13960c0 JavaThread "Timer-23"                          [_thread_blocked, id=38168, stack(0x000000350a200000,0x000000350ac00000) (10240K)]
  0x000001aeb1391200 JavaThread "Monitor File Timestamp Swing Worker Thread"        [_thread_blocked, id=2872, stack(0x000000350ac00000,0x000000350b600000) (10240K)]
  0x000001aeaedd69c0 JavaThread "Timer-24"                          [_thread_blocked, id=29956, stack(0x0000003507a00000,0x0000003508400000) (10240K)]
  0x000001aeaedd7d70 JavaThread "Monitor File Timestamp Swing Worker Thread"        [_thread_blocked, id=28176, stack(0x000000350b600000,0x000000350c000000) (10240K)]
  0x000001aeaedd7050 JavaThread "Timer-25"                          [_thread_blocked, id=28836, stack(0x000000350c000000,0x000000350ca00000) (10240K)]
  0x000001aeaedd48f0 JavaThread "Monitor File Timestamp Swing Worker Thread"        [_thread_blocked, id=24396, stack(0x000000350ca00000,0x000000350d400000) (10240K)]
  0x000001aebdb99640 JavaThread "C1 CompilerThread1"         daemon [_thread_blocked, id=19376, stack(0x0000003502800000,0x0000003502900000) (1024K)]
  0x000001aebdb9aab0 JavaThread "C1 CompilerThread2"         daemon [_thread_blocked, id=34456, stack(0x0000003503a00000,0x0000003503b00000) (1024K)]
  0x000001aeaedd2190 JavaThread "Timer-26"                          [_thread_blocked, id=31196, stack(0x000000350e800000,0x000000350f200000) (10240K)]
  0x000001aeaedcb200 JavaThread "Monitor File Timestamp Swing Worker Thread"        [_thread_blocked, id=37372, stack(0x000000350f200000,0x000000350fc00000) (10240K)]
  0x000001aeaedcb890 JavaThread "Timer-27"                          [_thread_blocked, id=30464, stack(0x000000350fc00000,0x0000003510600000) (10240K)]
  0x000001aeaedd5610 JavaThread "Monitor File Timestamp Swing Worker Thread"        [_thread_blocked, id=23096, stack(0x0000003511400000,0x0000003511e00000) (10240K)]
  0x000001aeaedd8400 JavaThread "Relaunch Simulation Thread"        [_thread_blocked, id=33780, stack(0x000000350d400000,0x000000350de00000) (10240K)]
  0x000001aebdb9b180 JavaThread "C2 CompilerThread1"         daemon [_thread_blocked, id=36556, stack(0x0000003503800000,0x0000003503900000) (1024K)]
  0x000001aebdb9b850 JavaThread "C2 CompilerThread2"         daemon [_thread_blocked, id=37544, stack(0x0000003503900000,0x0000003503a00000) (1024K)]
Total: 160

Other Threads:
  0x000001ae0e54c620 VMThread "VM Thread"                           [id=6500, stack(0x0000003564600000,0x0000003564700000) (1024K)]
  0x000001ae1175c0b0 WatcherThread "VM Periodic Task Thread"        [id=7672, stack(0x0000003564500000,0x0000003564600000) (1024K)]
  0x000001ae0e54c9c0 WorkerThread "GC Thread#0"                     [id=8784, stack(0x0000003564000000,0x0000003564100000) (1024K)]
  0x000001ae0e54df80 WorkerThread "GC Thread#1"                     [id=9812, stack(0x000000356cb00000,0x000000356cc00000) (1024K)]
  0x000001ae0e54d4a0 WorkerThread "GC Thread#2"                     [id=7548, stack(0x000000356cc00000,0x000000356cd00000) (1024K)]
  0x000001ae0e54b400 WorkerThread "GC Thread#3"                     [id=9768, stack(0x000000356cd00000,0x000000356ce00000) (1024K)]
  0x000001ae1173ec60 ConcurrentGCThread "G1 Main Marker"            [id=11440, stack(0x0000003564100000,0x0000003564200000) (1024K)]
  0x000001ae0e54c280 WorkerThread "G1 Conc#0"                       [id=9888, stack(0x0000003564200000,0x0000003564300000) (1024K)]
  0x000001ae128348c0 ConcurrentGCThread "G1 Refine#0"               [id=8824, stack(0x0000003564300000,0x0000003564400000) (1024K)]
  0x000001ae11305ea0 ConcurrentGCThread "G1 Service"                [id=7680, stack(0x0000003564400000,0x0000003564500000) (1024K)]
Total: 10

Threads with active compile tasks:
Total: 0

VM state: not at safepoint (normal execution)

VM Mutex/Monitor currently owned by a thread: None

Heap address: 0x0000000680000000, size: 6144 MB, Compressed Oops mode: Zero based, Oop shift amount: 3

CDS archive(s) mapped at: [0x000001ae34000000-0x000001ae34c90000-0x000001ae34c90000), size 13172736, SharedBaseAddress: 0x000001ae34000000, ArchiveRelocationMode: 1.
Compressed class space mapped at: 0x000001ae35000000-0x000001ae75000000, reserved size: 1073741824
Narrow klass base: 0x000001ae34000000, Narrow klass shift: 0, Narrow klass range: 0x100000000

GC Precious Log:
 CardTable entry size: 512
 Card Set container configuration: InlinePtr #cards 4 size 8 Array Of Cards #cards 32 size 80 Howl #buckets 8 coarsen threshold 7372 Howl Bitmap #cards 1024 size 144 coarsen threshold 921 Card regions per heap region 1 cards per card region 8192
 CPUs: 16 total, 16 available
 Memory: 16236M
 Large Page Support: Disabled
 NUMA Support: Disabled
 Compressed Oops: Enabled (Zero based)
 Heap Region Size: 4M
 Heap Min Capacity: 812M
 Heap Initial Capacity: 812M
 Heap Max Capacity: 6G
 Pre-touch: Disabled
 Parallel Workers: 4
 Concurrent Workers: 1
 Concurrent Refinement Workers: 4
 Periodic GC: Disabled
 String Deduplication is enabled

Heap:
 garbage-first heap   total 1327104K, used 438845K [0x0000000680000000, 0x0000000800000000)
  region size 4096K, 13 young (53248K), 0 survivors (0K)
 Metaspace       used 95669K, committed 96320K, reserved 1179648K
  class space    used 12221K, committed 12608K, reserved 1048576K

Heap Regions: E=young(eden), S=young(survivor), O=old, HS=humongous(starts), HC=humongous(continues), CS=collection set, F=free, TAMS=top-at-mark-start, PB=parsable bottom
|   0|0x0000000680000000, 0x00000006803ffbb8, 0x0000000680400000| 99%| O|  |TAMS 0x0000000680000000| PB 0x0000000680000000| Untracked 
|   1|0x0000000680400000, 0x00000006807fffb8, 0x0000000680800000| 99%| O|  |TAMS 0x0000000680400000| PB 0x0000000680400000| Untracked 
|   2|0x0000000680800000, 0x0000000680bfffe8, 0x0000000680c00000| 99%| O|  |TAMS 0x0000000680800000| PB 0x0000000680800000| Untracked 
|   3|0x0000000680c00000, 0x0000000681000000, 0x0000000681000000|100%| O|  |TAMS 0x0000000680c00000| PB 0x0000000680c00000| Untracked 
|   4|0x0000000681000000, 0x0000000681400000, 0x0000000681400000|100%| O|  |TAMS 0x0000000681000000| PB 0x0000000681000000| Untracked 
|   5|0x0000000681400000, 0x00000006817fffd0, 0x0000000681800000| 99%| O|  |TAMS 0x0000000681400000| PB 0x0000000681400000| Untracked 
|   6|0x0000000681800000, 0x0000000681bffff0, 0x0000000681c00000| 99%| O|  |TAMS 0x0000000681800000| PB 0x0000000681800000| Untracked 
|   7|0x0000000681c00000, 0x0000000681fffd38, 0x0000000682000000| 99%| O|  |TAMS 0x0000000681c00000| PB 0x0000000681c00000| Untracked 
|   8|0x0000000682000000, 0x00000006823ffff0, 0x0000000682400000| 99%| O|  |TAMS 0x0000000682000000| PB 0x0000000682000000| Untracked 
|   9|0x0000000682400000, 0x00000006827ffff0, 0x0000000682800000| 99%| O|  |TAMS 0x0000000682400000| PB 0x0000000682400000| Untracked 
|  10|0x0000000682800000, 0x0000000682bffff0, 0x0000000682c00000| 99%| O|  |TAMS 0x0000000682800000| PB 0x0000000682800000| Untracked 
|  11|0x0000000682c00000, 0x0000000682fffab8, 0x0000000683000000| 99%| O|  |TAMS 0x0000000682c00000| PB 0x0000000682c00000| Untracked 
|  12|0x0000000683000000, 0x00000006833fff18, 0x0000000683400000| 99%| O|  |TAMS 0x0000000683000000| PB 0x0000000683000000| Untracked 
|  13|0x0000000683400000, 0x00000006837ffc80, 0x0000000683800000| 99%| O|  |TAMS 0x0000000683400000| PB 0x0000000683400000| Untracked 
|  14|0x0000000683800000, 0x0000000683bff968, 0x0000000683c00000| 99%| O|  |TAMS 0x0000000683800000| PB 0x0000000683800000| Untracked 
|  15|0x0000000683c00000, 0x0000000683fffe08, 0x0000000684000000| 99%| O|  |TAMS 0x0000000683c00000| PB 0x0000000683c00000| Untracked 
|  16|0x0000000684000000, 0x00000006843ffff8, 0x0000000684400000| 99%| O|  |TAMS 0x0000000684000000| PB 0x0000000684000000| Untracked 
|  17|0x0000000684400000, 0x00000006847fff88, 0x0000000684800000| 99%| O|  |TAMS 0x0000000684400000| PB 0x0000000684400000| Untracked 
|  18|0x0000000684800000, 0x0000000684bfff28, 0x0000000684c00000| 99%| O|  |TAMS 0x0000000684800000| PB 0x0000000684800000| Untracked 
|  19|0x0000000684c00000, 0x0000000684ffffe8, 0x0000000685000000| 99%| O|  |TAMS 0x0000000684c00000| PB 0x0000000684c00000| Untracked 
|  20|0x0000000685000000, 0x00000006853ffff0, 0x0000000685400000| 99%| O|  |TAMS 0x0000000685000000| PB 0x0000000685000000| Untracked 
|  21|0x0000000685400000, 0x00000006857ffed8, 0x0000000685800000| 99%| O|  |TAMS 0x0000000685400000| PB 0x0000000685400000| Untracked 
|  22|0x0000000685800000, 0x0000000685bffff0, 0x0000000685c00000| 99%| O|  |TAMS 0x0000000685800000| PB 0x0000000685800000| Untracked 
|  23|0x0000000685c00000, 0x0000000685fffab8, 0x0000000686000000| 99%| O|  |TAMS 0x0000000685c00000| PB 0x0000000685c00000| Untracked 
|  24|0x0000000686000000, 0x0000000686400000, 0x0000000686400000|100%| O|  |TAMS 0x0000000686000000| PB 0x0000000686000000| Untracked 
|  25|0x0000000686400000, 0x00000006867fffe8, 0x0000000686800000| 99%| O|  |TAMS 0x0000000686400000| PB 0x0000000686400000| Untracked 
|  26|0x0000000686800000, 0x0000000686bffa38, 0x0000000686c00000| 99%| O|  |TAMS 0x0000000686800000| PB 0x0000000686800000| Untracked 
|  27|0x0000000686c00000, 0x0000000686ffffc0, 0x0000000687000000| 99%| O|  |TAMS 0x0000000686c00000| PB 0x0000000686c00000| Untracked 
|  28|0x0000000687000000, 0x00000006873ffd60, 0x0000000687400000| 99%| O|  |TAMS 0x0000000687000000| PB 0x0000000687000000| Untracked 
|  29|0x0000000687400000, 0x00000006877fff30, 0x0000000687800000| 99%| O|  |TAMS 0x0000000687400000| PB 0x0000000687400000| Untracked 
|  30|0x0000000687800000, 0x0000000687bfffb8, 0x0000000687c00000| 99%| O|  |TAMS 0x0000000687800000| PB 0x0000000687800000| Untracked 
|  31|0x0000000687c00000, 0x0000000687ffffb8, 0x0000000688000000| 99%| O|  |TAMS 0x0000000687c00000| PB 0x0000000687c00000| Untracked 
|  32|0x0000000688000000, 0x00000006883ff948, 0x0000000688400000| 99%| O|  |TAMS 0x0000000688000000| PB 0x0000000688000000| Untracked 
|  33|0x0000000688400000, 0x0000000688800000, 0x0000000688800000|100%| O|  |TAMS 0x0000000688400000| PB 0x0000000688400000| Untracked 
|  34|0x0000000688800000, 0x0000000688bffff8, 0x0000000688c00000| 99%| O|  |TAMS 0x0000000688800000| PB 0x0000000688800000| Untracked 
|  35|0x0000000688c00000, 0x0000000688fffff8, 0x0000000689000000| 99%| O|  |TAMS 0x0000000688c00000| PB 0x0000000688c00000| Untracked 
|  36|0x0000000689000000, 0x0000000689400000, 0x0000000689400000|100%| O|  |TAMS 0x0000000689000000| PB 0x0000000689000000| Untracked 
|  37|0x0000000689400000, 0x00000006897ffed8, 0x0000000689800000| 99%| O|  |TAMS 0x0000000689400000| PB 0x0000000689400000| Untracked 
|  38|0x0000000689800000, 0x0000000689bffff8, 0x0000000689c00000| 99%| O|  |TAMS 0x0000000689800000| PB 0x0000000689800000| Untracked 
|  39|0x0000000689c00000, 0x0000000689fffd48, 0x000000068a000000| 99%| O|  |TAMS 0x0000000689c00000| PB 0x0000000689c00000| Untracked 
|  40|0x000000068a000000, 0x000000068a3ffef0, 0x000000068a400000| 99%| O|  |TAMS 0x000000068a000000| PB 0x000000068a000000| Untracked 
|  41|0x000000068a400000, 0x000000068a7fff68, 0x000000068a800000| 99%| O|  |TAMS 0x000000068a400000| PB 0x000000068a400000| Untracked 
|  42|0x000000068a800000, 0x000000068abffbb0, 0x000000068ac00000| 99%| O|  |TAMS 0x000000068a800000| PB 0x000000068a800000| Untracked 
|  43|0x000000068ac00000, 0x000000068afffff8, 0x000000068b000000| 99%| O|  |TAMS 0x000000068ac00000| PB 0x000000068ac00000| Untracked 
|  44|0x000000068b000000, 0x000000068b3fffe8, 0x000000068b400000| 99%| O|  |TAMS 0x000000068b000000| PB 0x000000068b000000| Untracked 
|  45|0x000000068b400000, 0x000000068b7fffd8, 0x000000068b800000| 99%| O|  |TAMS 0x000000068b400000| PB 0x000000068b400000| Untracked 
|  46|0x000000068b800000, 0x000000068bbffde0, 0x000000068bc00000| 99%| O|  |TAMS 0x000000068b800000| PB 0x000000068b800000| Untracked 
|  47|0x000000068bc00000, 0x000000068bfffff0, 0x000000068c000000| 99%| O|  |TAMS 0x000000068bc00000| PB 0x000000068bc00000| Untracked 
|  48|0x000000068c000000, 0x000000068c400000, 0x000000068c400000|100%| O|  |TAMS 0x000000068c000000| PB 0x000000068c000000| Untracked 
|  49|0x000000068c400000, 0x000000068c7ffbf8, 0x000000068c800000| 99%| O|  |TAMS 0x000000068c400000| PB 0x000000068c400000| Untracked 
|  50|0x000000068c800000, 0x000000068cbffe90, 0x000000068cc00000| 99%| O|  |TAMS 0x000000068c800000| PB 0x000000068c800000| Untracked 
|  51|0x000000068cc00000, 0x000000068cfffff8, 0x000000068d000000| 99%| O|  |TAMS 0x000000068cc00000| PB 0x000000068cc00000| Untracked 
|  52|0x000000068d000000, 0x000000068d3ffd08, 0x000000068d400000| 99%| O|  |TAMS 0x000000068d000000| PB 0x000000068d000000| Untracked 
|  53|0x000000068d400000, 0x000000068d7ffe68, 0x000000068d800000| 99%| O|  |TAMS 0x000000068d400000| PB 0x000000068d400000| Untracked 
|  54|0x000000068d800000, 0x000000068dbffdc0, 0x000000068dc00000| 99%| O|  |TAMS 0x000000068d800000| PB 0x000000068d800000| Untracked 
|  55|0x000000068dc00000, 0x000000068e000000, 0x000000068e000000|100%| O|  |TAMS 0x000000068dc00000| PB 0x000000068dc00000| Untracked 
|  56|0x000000068e000000, 0x000000068e400000, 0x000000068e400000|100%| O|  |TAMS 0x000000068e000000| PB 0x000000068e000000| Untracked 
|  57|0x000000068e400000, 0x000000068e7fffc8, 0x000000068e800000| 99%| O|  |TAMS 0x000000068e400000| PB 0x000000068e400000| Untracked 
|  58|0x000000068e800000, 0x000000068ebffff8, 0x000000068ec00000| 99%| O|  |TAMS 0x000000068e800000| PB 0x000000068e800000| Untracked 
|  59|0x000000068ec00000, 0x000000068f000000, 0x000000068f000000|100%|HS|  |TAMS 0x000000068ec00000| PB 0x000000068ec00000| Untracked 
|  60|0x000000068f000000, 0x000000068f400000, 0x000000068f400000|100%|HS|  |TAMS 0x000000068f000000| PB 0x000000068f000000| Untracked 
|  61|0x000000068f400000, 0x000000068f800000, 0x000000068f800000|100%|HC|  |TAMS 0x000000068f400000| PB 0x000000068f400000| Untracked 
|  62|0x000000068f800000, 0x000000068fbffa90, 0x000000068fc00000| 99%| O|  |TAMS 0x000000068f800000| PB 0x000000068f800000| Untracked 
|  63|0x000000068fc00000, 0x000000068ffffaf8, 0x0000000690000000| 99%| O|  |TAMS 0x000000068fc00000| PB 0x000000068fc00000| Untracked 
|  64|0x0000000690000000, 0x0000000690400000, 0x0000000690400000|100%|HS|  |TAMS 0x0000000690000000| PB 0x0000000690000000| Untracked 
|  65|0x0000000690400000, 0x0000000690800000, 0x0000000690800000|100%|HC|  |TAMS 0x0000000690400000| PB 0x0000000690400000| Untracked 
|  66|0x0000000690800000, 0x0000000690bffbc0, 0x0000000690c00000| 99%| O|  |TAMS 0x0000000690800000| PB 0x0000000690800000| Untracked 
|  67|0x0000000690c00000, 0x0000000690fffc90, 0x0000000691000000| 99%| O|  |TAMS 0x0000000690c00000| PB 0x0000000690c00000| Untracked 
|  68|0x0000000691000000, 0x0000000691400000, 0x0000000691400000|100%| O|  |TAMS 0x0000000691000000| PB 0x0000000691000000| Untracked 
|  69|0x0000000691400000, 0x00000006917ffc48, 0x0000000691800000| 99%| O|  |TAMS 0x0000000691400000| PB 0x0000000691400000| Untracked 
|  70|0x0000000691800000, 0x0000000691bfffc8, 0x0000000691c00000| 99%| O|  |TAMS 0x0000000691800000| PB 0x0000000691800000| Untracked 
|  71|0x0000000691c00000, 0x0000000691fffbc0, 0x0000000692000000| 99%| O|  |TAMS 0x0000000691c00000| PB 0x0000000691c00000| Untracked 
|  72|0x0000000692000000, 0x00000006923fce58, 0x0000000692400000| 99%| O|  |TAMS 0x0000000692000000| PB 0x0000000692000000| Untracked 
|  73|0x0000000692400000, 0x00000006927ffb68, 0x0000000692800000| 99%| O|  |TAMS 0x0000000692400000| PB 0x0000000692400000| Untracked 
|  74|0x0000000692800000, 0x0000000692bffe98, 0x0000000692c00000| 99%| O|  |TAMS 0x0000000692800000| PB 0x0000000692800000| Untracked 
|  75|0x0000000692c00000, 0x0000000692fffae0, 0x0000000693000000| 99%| O|  |TAMS 0x0000000692c00000| PB 0x0000000692c00000| Untracked 
|  76|0x0000000693000000, 0x0000000693400000, 0x0000000693400000|100%| O|  |TAMS 0x0000000693000000| PB 0x0000000693000000| Untracked 
|  77|0x0000000693400000, 0x00000006937fffd8, 0x0000000693800000| 99%| O|  |TAMS 0x0000000693400000| PB 0x0000000693400000| Untracked 
|  78|0x0000000693800000, 0x0000000693bfffd8, 0x0000000693c00000| 99%| O|  |TAMS 0x0000000693800000| PB 0x0000000693800000| Untracked 
|  79|0x0000000693c00000, 0x0000000693fff990, 0x0000000694000000| 99%| O|  |TAMS 0x0000000693c00000| PB 0x0000000693c00000| Untracked 
|  80|0x0000000694000000, 0x00000006943fffe0, 0x0000000694400000| 99%| O|  |TAMS 0x0000000694000000| PB 0x0000000694000000| Untracked 
|  81|0x0000000694400000, 0x00000006947ff950, 0x0000000694800000| 99%| O|  |TAMS 0x0000000694400000| PB 0x0000000694400000| Untracked 
|  82|0x0000000694800000, 0x0000000694bffae0, 0x0000000694c00000| 99%| O|  |TAMS 0x0000000694800000| PB 0x0000000694800000| Untracked 
|  83|0x0000000694c00000, 0x0000000694ffff80, 0x0000000695000000| 99%| O|  |TAMS 0x0000000694c00000| PB 0x0000000694c00000| Untracked 
|  84|0x0000000695000000, 0x00000006953ffff0, 0x0000000695400000| 99%| O|  |TAMS 0x0000000695000000| PB 0x0000000695000000| Untracked 
|  85|0x0000000695400000, 0x0000000695800000, 0x0000000695800000|100%| O|  |TAMS 0x0000000695400000| PB 0x0000000695400000| Untracked 
|  86|0x0000000695800000, 0x0000000695bffa78, 0x0000000695c00000| 99%| O|  |TAMS 0x0000000695800000| PB 0x0000000695800000| Untracked 
|  87|0x0000000695c00000, 0x0000000695ffffe8, 0x0000000696000000| 99%| O|  |TAMS 0x0000000695c00000| PB 0x0000000695c00000| Untracked 
|  88|0x0000000696000000, 0x0000000696400000, 0x0000000696400000|100%| O|  |TAMS 0x0000000696000000| PB 0x0000000696000000| Untracked 
|  89|0x0000000696400000, 0x00000006967ffff0, 0x0000000696800000| 99%| O|  |TAMS 0x0000000696400000| PB 0x0000000696400000| Untracked 
|  90|0x0000000696800000, 0x0000000696bffb10, 0x0000000696c00000| 99%| O|  |TAMS 0x0000000696800000| PB 0x0000000696800000| Untracked 
|  91|0x0000000696c00000, 0x0000000696fe7bc8, 0x0000000697000000| 97%| O|  |TAMS 0x0000000696c00000| PB 0x0000000696c00000| Untracked 
|  92|0x0000000697000000, 0x00000006973b5ca8, 0x0000000697400000| 92%| O|  |TAMS 0x0000000697000000| PB 0x0000000697000000| Untracked 
|  93|0x0000000697400000, 0x00000006974d3638, 0x0000000697800000| 20%| O|  |TAMS 0x0000000697400000| PB 0x0000000697400000| Untracked 
|  94|0x0000000697800000, 0x0000000697c00000, 0x0000000697c00000|100%| O|  |TAMS 0x0000000697800000| PB 0x0000000697800000| Untracked 
|  95|0x0000000697c00000, 0x0000000697c23568, 0x0000000698000000|  3%| O|  |TAMS 0x0000000697c00000| PB 0x0000000697c00000| Untracked 
|  96|0x0000000698000000, 0x0000000698007100, 0x0000000698400000|  0%| O|  |TAMS 0x0000000698000000| PB 0x0000000698000000| Untracked 
|  97|0x0000000698400000, 0x0000000698400000, 0x0000000698800000|  0%| F|  |TAMS 0x0000000698400000| PB 0x0000000698400000| Untracked 
|  98|0x0000000698800000, 0x0000000698c00000, 0x0000000698c00000|100%|HS|  |TAMS 0x0000000698800000| PB 0x0000000698800000| Untracked 
|  99|0x0000000698c00000, 0x0000000698c00000, 0x0000000699000000|  0%| F|  |TAMS 0x0000000698c00000| PB 0x0000000698c00000| Untracked 
| 100|0x0000000699000000, 0x0000000699000000, 0x0000000699400000|  0%| F|  |TAMS 0x0000000699000000| PB 0x0000000699000000| Untracked 
| 101|0x0000000699400000, 0x0000000699400000, 0x0000000699800000|  0%| F|  |TAMS 0x0000000699400000| PB 0x0000000699400000| Untracked 
| 102|0x0000000699800000, 0x0000000699800000, 0x0000000699c00000|  0%| F|  |TAMS 0x0000000699800000| PB 0x0000000699800000| Untracked 
| 103|0x0000000699c00000, 0x0000000699c00000, 0x000000069a000000|  0%| F|  |TAMS 0x0000000699c00000| PB 0x0000000699c00000| Untracked 
| 104|0x000000069a000000, 0x000000069a000000, 0x000000069a400000|  0%| F|  |TAMS 0x000000069a000000| PB 0x000000069a000000| Untracked 
| 105|0x000000069a400000, 0x000000069a400000, 0x000000069a800000|  0%| F|  |TAMS 0x000000069a400000| PB 0x000000069a400000| Untracked 
| 106|0x000000069a800000, 0x000000069a800000, 0x000000069ac00000|  0%| F|  |TAMS 0x000000069a800000| PB 0x000000069a800000| Untracked 
| 107|0x000000069ac00000, 0x000000069ac00000, 0x000000069b000000|  0%| F|  |TAMS 0x000000069ac00000| PB 0x000000069ac00000| Untracked 
| 108|0x000000069b000000, 0x000000069b000000, 0x000000069b400000|  0%| F|  |TAMS 0x000000069b000000| PB 0x000000069b000000| Untracked 
| 109|0x000000069b400000, 0x000000069b400000, 0x000000069b800000|  0%| F|  |TAMS 0x000000069b400000| PB 0x000000069b400000| Untracked 
| 110|0x000000069b800000, 0x000000069b800000, 0x000000069bc00000|  0%| F|  |TAMS 0x000000069b800000| PB 0x000000069b800000| Untracked 
| 111|0x000000069bc00000, 0x000000069bc00000, 0x000000069c000000|  0%| F|  |TAMS 0x000000069bc00000| PB 0x000000069bc00000| Untracked 
| 112|0x000000069c000000, 0x000000069c000000, 0x000000069c400000|  0%| F|  |TAMS 0x000000069c000000| PB 0x000000069c000000| Untracked 
| 113|0x000000069c400000, 0x000000069c400000, 0x000000069c800000|  0%| F|  |TAMS 0x000000069c400000| PB 0x000000069c400000| Untracked 
| 114|0x000000069c800000, 0x000000069c800000, 0x000000069cc00000|  0%| F|  |TAMS 0x000000069c800000| PB 0x000000069c800000| Untracked 
| 115|0x000000069cc00000, 0x000000069cc00000, 0x000000069d000000|  0%| F|  |TAMS 0x000000069cc00000| PB 0x000000069cc00000| Untracked 
| 116|0x000000069d000000, 0x000000069d000000, 0x000000069d400000|  0%| F|  |TAMS 0x000000069d000000| PB 0x000000069d000000| Untracked 
| 117|0x000000069d400000, 0x000000069d400000, 0x000000069d800000|  0%| F|  |TAMS 0x000000069d400000| PB 0x000000069d400000| Untracked 
| 118|0x000000069d800000, 0x000000069d800000, 0x000000069dc00000|  0%| F|  |TAMS 0x000000069d800000| PB 0x000000069d800000| Untracked 
| 119|0x000000069dc00000, 0x000000069dc00000, 0x000000069e000000|  0%| F|  |TAMS 0x000000069dc00000| PB 0x000000069dc00000| Untracked 
| 120|0x000000069e000000, 0x000000069e000000, 0x000000069e400000|  0%| F|  |TAMS 0x000000069e000000| PB 0x000000069e000000| Untracked 
| 121|0x000000069e400000, 0x000000069e400000, 0x000000069e800000|  0%| F|  |TAMS 0x000000069e400000| PB 0x000000069e400000| Untracked 
| 122|0x000000069e800000, 0x000000069e800000, 0x000000069ec00000|  0%| F|  |TAMS 0x000000069e800000| PB 0x000000069e800000| Untracked 
| 123|0x000000069ec00000, 0x000000069ec00000, 0x000000069f000000|  0%| F|  |TAMS 0x000000069ec00000| PB 0x000000069ec00000| Untracked 
| 124|0x000000069f000000, 0x000000069f000000, 0x000000069f400000|  0%| F|  |TAMS 0x000000069f000000| PB 0x000000069f000000| Untracked 
| 125|0x000000069f400000, 0x000000069f400000, 0x000000069f800000|  0%| F|  |TAMS 0x000000069f400000| PB 0x000000069f400000| Untracked 
| 126|0x000000069f800000, 0x000000069f800000, 0x000000069fc00000|  0%| F|  |TAMS 0x000000069f800000| PB 0x000000069f800000| Untracked 
| 127|0x000000069fc00000, 0x000000069fc00000, 0x00000006a0000000|  0%| F|  |TAMS 0x000000069fc00000| PB 0x000000069fc00000| Untracked 
| 128|0x00000006a0000000, 0x00000006a0000000, 0x00000006a0400000|  0%| F|  |TAMS 0x00000006a0000000| PB 0x00000006a0000000| Untracked 
| 129|0x00000006a0400000, 0x00000006a0400000, 0x00000006a0800000|  0%| F|  |TAMS 0x00000006a0400000| PB 0x00000006a0400000| Untracked 
| 130|0x00000006a0800000, 0x00000006a0800000, 0x00000006a0c00000|  0%| F|  |TAMS 0x00000006a0800000| PB 0x00000006a0800000| Untracked 
| 131|0x00000006a0c00000, 0x00000006a0c00000, 0x00000006a1000000|  0%| F|  |TAMS 0x00000006a0c00000| PB 0x00000006a0c00000| Untracked 
| 132|0x00000006a1000000, 0x00000006a1000000, 0x00000006a1400000|  0%| F|  |TAMS 0x00000006a1000000| PB 0x00000006a1000000| Untracked 
| 133|0x00000006a1400000, 0x00000006a1400000, 0x00000006a1800000|  0%| F|  |TAMS 0x00000006a1400000| PB 0x00000006a1400000| Untracked 
| 134|0x00000006a1800000, 0x00000006a1800000, 0x00000006a1c00000|  0%| F|  |TAMS 0x00000006a1800000| PB 0x00000006a1800000| Untracked 
| 135|0x00000006a1c00000, 0x00000006a1c00000, 0x00000006a2000000|  0%| F|  |TAMS 0x00000006a1c00000| PB 0x00000006a1c00000| Untracked 
| 136|0x00000006a2000000, 0x00000006a2000000, 0x00000006a2400000|  0%| F|  |TAMS 0x00000006a2000000| PB 0x00000006a2000000| Untracked 
| 137|0x00000006a2400000, 0x00000006a2400000, 0x00000006a2800000|  0%| F|  |TAMS 0x00000006a2400000| PB 0x00000006a2400000| Untracked 
| 138|0x00000006a2800000, 0x00000006a2800000, 0x00000006a2c00000|  0%| F|  |TAMS 0x00000006a2800000| PB 0x00000006a2800000| Untracked 
| 139|0x00000006a2c00000, 0x00000006a2c00000, 0x00000006a3000000|  0%| F|  |TAMS 0x00000006a2c00000| PB 0x00000006a2c00000| Untracked 
| 140|0x00000006a3000000, 0x00000006a3000000, 0x00000006a3400000|  0%| F|  |TAMS 0x00000006a3000000| PB 0x00000006a3000000| Untracked 
| 141|0x00000006a3400000, 0x00000006a3400000, 0x00000006a3800000|  0%| F|  |TAMS 0x00000006a3400000| PB 0x00000006a3400000| Untracked 
| 142|0x00000006a3800000, 0x00000006a3800000, 0x00000006a3c00000|  0%| F|  |TAMS 0x00000006a3800000| PB 0x00000006a3800000| Untracked 
| 143|0x00000006a3c00000, 0x00000006a3c00000, 0x00000006a4000000|  0%| F|  |TAMS 0x00000006a3c00000| PB 0x00000006a3c00000| Untracked 
| 144|0x00000006a4000000, 0x00000006a4000000, 0x00000006a4400000|  0%| F|  |TAMS 0x00000006a4000000| PB 0x00000006a4000000| Untracked 
| 145|0x00000006a4400000, 0x00000006a4400000, 0x00000006a4800000|  0%| F|  |TAMS 0x00000006a4400000| PB 0x00000006a4400000| Untracked 
| 146|0x00000006a4800000, 0x00000006a4800000, 0x00000006a4c00000|  0%| F|  |TAMS 0x00000006a4800000| PB 0x00000006a4800000| Untracked 
| 147|0x00000006a4c00000, 0x00000006a4c00000, 0x00000006a5000000|  0%| F|  |TAMS 0x00000006a4c00000| PB 0x00000006a4c00000| Untracked 
| 148|0x00000006a5000000, 0x00000006a5000000, 0x00000006a5400000|  0%| F|  |TAMS 0x00000006a5000000| PB 0x00000006a5000000| Untracked 
| 149|0x00000006a5400000, 0x00000006a5400000, 0x00000006a5800000|  0%| F|  |TAMS 0x00000006a5400000| PB 0x00000006a5400000| Untracked 
| 150|0x00000006a5800000, 0x00000006a5800000, 0x00000006a5c00000|  0%| F|  |TAMS 0x00000006a5800000| PB 0x00000006a5800000| Untracked 
| 151|0x00000006a5c00000, 0x00000006a5c00000, 0x00000006a6000000|  0%| F|  |TAMS 0x00000006a5c00000| PB 0x00000006a5c00000| Untracked 
| 152|0x00000006a6000000, 0x00000006a6000000, 0x00000006a6400000|  0%| F|  |TAMS 0x00000006a6000000| PB 0x00000006a6000000| Untracked 
| 153|0x00000006a6400000, 0x00000006a6400000, 0x00000006a6800000|  0%| F|  |TAMS 0x00000006a6400000| PB 0x00000006a6400000| Untracked 
| 154|0x00000006a6800000, 0x00000006a6800000, 0x00000006a6c00000|  0%| F|  |TAMS 0x00000006a6800000| PB 0x00000006a6800000| Untracked 
| 155|0x00000006a6c00000, 0x00000006a6c00000, 0x00000006a7000000|  0%| F|  |TAMS 0x00000006a6c00000| PB 0x00000006a6c00000| Untracked 
| 156|0x00000006a7000000, 0x00000006a7000000, 0x00000006a7400000|  0%| F|  |TAMS 0x00000006a7000000| PB 0x00000006a7000000| Untracked 
| 157|0x00000006a7400000, 0x00000006a7400000, 0x00000006a7800000|  0%| F|  |TAMS 0x00000006a7400000| PB 0x00000006a7400000| Untracked 
| 158|0x00000006a7800000, 0x00000006a7800000, 0x00000006a7c00000|  0%| F|  |TAMS 0x00000006a7800000| PB 0x00000006a7800000| Untracked 
| 159|0x00000006a7c00000, 0x00000006a7c00000, 0x00000006a8000000|  0%| F|  |TAMS 0x00000006a7c00000| PB 0x00000006a7c00000| Untracked 
| 160|0x00000006a8000000, 0x00000006a8000000, 0x00000006a8400000|  0%| F|  |TAMS 0x00000006a8000000| PB 0x00000006a8000000| Untracked 
| 161|0x00000006a8400000, 0x00000006a8400000, 0x00000006a8800000|  0%| F|  |TAMS 0x00000006a8400000| PB 0x00000006a8400000| Untracked 
| 162|0x00000006a8800000, 0x00000006a8800000, 0x00000006a8c00000|  0%| F|  |TAMS 0x00000006a8800000| PB 0x00000006a8800000| Untracked 
| 163|0x00000006a8c00000, 0x00000006a8c00000, 0x00000006a9000000|  0%| F|  |TAMS 0x00000006a8c00000| PB 0x00000006a8c00000| Untracked 
| 164|0x00000006a9000000, 0x00000006a9000000, 0x00000006a9400000|  0%| F|  |TAMS 0x00000006a9000000| PB 0x00000006a9000000| Untracked 
| 165|0x00000006a9400000, 0x00000006a9400000, 0x00000006a9800000|  0%| F|  |TAMS 0x00000006a9400000| PB 0x00000006a9400000| Untracked 
| 166|0x00000006a9800000, 0x00000006a9800000, 0x00000006a9c00000|  0%| F|  |TAMS 0x00000006a9800000| PB 0x00000006a9800000| Untracked 
| 167|0x00000006a9c00000, 0x00000006a9c00000, 0x00000006aa000000|  0%| F|  |TAMS 0x00000006a9c00000| PB 0x00000006a9c00000| Untracked 
| 168|0x00000006aa000000, 0x00000006aa000000, 0x00000006aa400000|  0%| F|  |TAMS 0x00000006aa000000| PB 0x00000006aa000000| Untracked 
| 169|0x00000006aa400000, 0x00000006aa400000, 0x00000006aa800000|  0%| F|  |TAMS 0x00000006aa400000| PB 0x00000006aa400000| Untracked 
| 170|0x00000006aa800000, 0x00000006aa800000, 0x00000006aac00000|  0%| F|  |TAMS 0x00000006aa800000| PB 0x00000006aa800000| Untracked 
| 171|0x00000006aac00000, 0x00000006aac00000, 0x00000006ab000000|  0%| F|  |TAMS 0x00000006aac00000| PB 0x00000006aac00000| Untracked 
| 172|0x00000006ab000000, 0x00000006ab000000, 0x00000006ab400000|  0%| F|  |TAMS 0x00000006ab000000| PB 0x00000006ab000000| Untracked 
| 173|0x00000006ab400000, 0x00000006ab400000, 0x00000006ab800000|  0%| F|  |TAMS 0x00000006ab400000| PB 0x00000006ab400000| Untracked 
| 174|0x00000006ab800000, 0x00000006ab800000, 0x00000006abc00000|  0%| F|  |TAMS 0x00000006ab800000| PB 0x00000006ab800000| Untracked 
| 175|0x00000006abc00000, 0x00000006abc00000, 0x00000006ac000000|  0%| F|  |TAMS 0x00000006abc00000| PB 0x00000006abc00000| Untracked 
| 176|0x00000006ac000000, 0x00000006ac000000, 0x00000006ac400000|  0%| F|  |TAMS 0x00000006ac000000| PB 0x00000006ac000000| Untracked 
| 177|0x00000006ac400000, 0x00000006ac400000, 0x00000006ac800000|  0%| F|  |TAMS 0x00000006ac400000| PB 0x00000006ac400000| Untracked 
| 178|0x00000006ac800000, 0x00000006ac800000, 0x00000006acc00000|  0%| F|  |TAMS 0x00000006ac800000| PB 0x00000006ac800000| Untracked 
| 179|0x00000006acc00000, 0x00000006acc00000, 0x00000006ad000000|  0%| F|  |TAMS 0x00000006acc00000| PB 0x00000006acc00000| Untracked 
| 180|0x00000006ad000000, 0x00000006ad000000, 0x00000006ad400000|  0%| F|  |TAMS 0x00000006ad000000| PB 0x00000006ad000000| Untracked 
| 181|0x00000006ad400000, 0x00000006ad400000, 0x00000006ad800000|  0%| F|  |TAMS 0x00000006ad400000| PB 0x00000006ad400000| Untracked 
| 182|0x00000006ad800000, 0x00000006ad800000, 0x00000006adc00000|  0%| F|  |TAMS 0x00000006ad800000| PB 0x00000006ad800000| Untracked 
| 183|0x00000006adc00000, 0x00000006adc00000, 0x00000006ae000000|  0%| F|  |TAMS 0x00000006adc00000| PB 0x00000006adc00000| Untracked 
| 184|0x00000006ae000000, 0x00000006ae000000, 0x00000006ae400000|  0%| F|  |TAMS 0x00000006ae000000| PB 0x00000006ae000000| Untracked 
| 185|0x00000006ae400000, 0x00000006ae400000, 0x00000006ae800000|  0%| F|  |TAMS 0x00000006ae400000| PB 0x00000006ae400000| Untracked 
| 186|0x00000006ae800000, 0x00000006ae800000, 0x00000006aec00000|  0%| F|  |TAMS 0x00000006ae800000| PB 0x00000006ae800000| Untracked 
| 187|0x00000006aec00000, 0x00000006aec00000, 0x00000006af000000|  0%| F|  |TAMS 0x00000006aec00000| PB 0x00000006aec00000| Untracked 
| 188|0x00000006af000000, 0x00000006af000000, 0x00000006af400000|  0%| F|  |TAMS 0x00000006af000000| PB 0x00000006af000000| Untracked 
| 189|0x00000006af400000, 0x00000006af400000, 0x00000006af800000|  0%| F|  |TAMS 0x00000006af400000| PB 0x00000006af400000| Untracked 
| 190|0x00000006af800000, 0x00000006af800000, 0x00000006afc00000|  0%| F|  |TAMS 0x00000006af800000| PB 0x00000006af800000| Untracked 
| 191|0x00000006afc00000, 0x00000006afc00000, 0x00000006b0000000|  0%| F|  |TAMS 0x00000006afc00000| PB 0x00000006afc00000| Untracked 
| 192|0x00000006b0000000, 0x00000006b0000000, 0x00000006b0400000|  0%| F|  |TAMS 0x00000006b0000000| PB 0x00000006b0000000| Untracked 
| 193|0x00000006b0400000, 0x00000006b0400000, 0x00000006b0800000|  0%| F|  |TAMS 0x00000006b0400000| PB 0x00000006b0400000| Untracked 
| 194|0x00000006b0800000, 0x00000006b0800000, 0x00000006b0c00000|  0%| F|  |TAMS 0x00000006b0800000| PB 0x00000006b0800000| Untracked 
| 195|0x00000006b0c00000, 0x00000006b0c00000, 0x00000006b1000000|  0%| F|  |TAMS 0x00000006b0c00000| PB 0x00000006b0c00000| Untracked 
| 196|0x00000006b1000000, 0x00000006b1000000, 0x00000006b1400000|  0%| F|  |TAMS 0x00000006b1000000| PB 0x00000006b1000000| Untracked 
| 197|0x00000006b1400000, 0x00000006b1400000, 0x00000006b1800000|  0%| F|  |TAMS 0x00000006b1400000| PB 0x00000006b1400000| Untracked 
| 198|0x00000006b1800000, 0x00000006b1800000, 0x00000006b1c00000|  0%| F|  |TAMS 0x00000006b1800000| PB 0x00000006b1800000| Untracked 
| 199|0x00000006b1c00000, 0x00000006b1c00000, 0x00000006b2000000|  0%| F|  |TAMS 0x00000006b1c00000| PB 0x00000006b1c00000| Untracked 
| 200|0x00000006b2000000, 0x00000006b2000000, 0x00000006b2400000|  0%| F|  |TAMS 0x00000006b2000000| PB 0x00000006b2000000| Untracked 
| 201|0x00000006b2400000, 0x00000006b2400000, 0x00000006b2800000|  0%| F|  |TAMS 0x00000006b2400000| PB 0x00000006b2400000| Untracked 
| 202|0x00000006b2800000, 0x00000006b2800000, 0x00000006b2c00000|  0%| F|  |TAMS 0x00000006b2800000| PB 0x00000006b2800000| Untracked 
| 203|0x00000006b2c00000, 0x00000006b2c00000, 0x00000006b3000000|  0%| F|  |TAMS 0x00000006b2c00000| PB 0x00000006b2c00000| Untracked 
| 204|0x00000006b3000000, 0x00000006b3000000, 0x00000006b3400000|  0%| F|  |TAMS 0x00000006b3000000| PB 0x00000006b3000000| Untracked 
| 205|0x00000006b3400000, 0x00000006b3400000, 0x00000006b3800000|  0%| F|  |TAMS 0x00000006b3400000| PB 0x00000006b3400000| Untracked 
| 206|0x00000006b3800000, 0x00000006b3800000, 0x00000006b3c00000|  0%| F|  |TAMS 0x00000006b3800000| PB 0x00000006b3800000| Untracked 
| 207|0x00000006b3c00000, 0x00000006b3c00000, 0x00000006b4000000|  0%| F|  |TAMS 0x00000006b3c00000| PB 0x00000006b3c00000| Untracked 
| 208|0x00000006b4000000, 0x00000006b4000000, 0x00000006b4400000|  0%| F|  |TAMS 0x00000006b4000000| PB 0x00000006b4000000| Untracked 
| 209|0x00000006b4400000, 0x00000006b4400000, 0x00000006b4800000|  0%| F|  |TAMS 0x00000006b4400000| PB 0x00000006b4400000| Untracked 
| 210|0x00000006b4800000, 0x00000006b4800000, 0x00000006b4c00000|  0%| F|  |TAMS 0x00000006b4800000| PB 0x00000006b4800000| Untracked 
| 211|0x00000006b4c00000, 0x00000006b4c00000, 0x00000006b5000000|  0%| F|  |TAMS 0x00000006b4c00000| PB 0x00000006b4c00000| Untracked 
| 212|0x00000006b5000000, 0x00000006b5000000, 0x00000006b5400000|  0%| F|  |TAMS 0x00000006b5000000| PB 0x00000006b5000000| Untracked 
| 213|0x00000006b5400000, 0x00000006b5400000, 0x00000006b5800000|  0%| F|  |TAMS 0x00000006b5400000| PB 0x00000006b5400000| Untracked 
| 214|0x00000006b5800000, 0x00000006b5800000, 0x00000006b5c00000|  0%| F|  |TAMS 0x00000006b5800000| PB 0x00000006b5800000| Untracked 
| 215|0x00000006b5c00000, 0x00000006b5c00000, 0x00000006b6000000|  0%| F|  |TAMS 0x00000006b5c00000| PB 0x00000006b5c00000| Untracked 
| 216|0x00000006b6000000, 0x00000006b6000000, 0x00000006b6400000|  0%| F|  |TAMS 0x00000006b6000000| PB 0x00000006b6000000| Untracked 
| 217|0x00000006b6400000, 0x00000006b6400000, 0x00000006b6800000|  0%| F|  |TAMS 0x00000006b6400000| PB 0x00000006b6400000| Untracked 
| 218|0x00000006b6800000, 0x00000006b6800000, 0x00000006b6c00000|  0%| F|  |TAMS 0x00000006b6800000| PB 0x00000006b6800000| Untracked 
| 219|0x00000006b6c00000, 0x00000006b6c00000, 0x00000006b7000000|  0%| F|  |TAMS 0x00000006b6c00000| PB 0x00000006b6c00000| Untracked 
| 220|0x00000006b7000000, 0x00000006b7000000, 0x00000006b7400000|  0%| F|  |TAMS 0x00000006b7000000| PB 0x00000006b7000000| Untracked 
| 221|0x00000006b7400000, 0x00000006b7400000, 0x00000006b7800000|  0%| F|  |TAMS 0x00000006b7400000| PB 0x00000006b7400000| Untracked 
| 222|0x00000006b7800000, 0x00000006b7800000, 0x00000006b7c00000|  0%| F|  |TAMS 0x00000006b7800000| PB 0x00000006b7800000| Untracked 
| 223|0x00000006b7c00000, 0x00000006b7c00000, 0x00000006b8000000|  0%| F|  |TAMS 0x00000006b7c00000| PB 0x00000006b7c00000| Untracked 
| 224|0x00000006b8000000, 0x00000006b8000000, 0x00000006b8400000|  0%| F|  |TAMS 0x00000006b8000000| PB 0x00000006b8000000| Untracked 
| 225|0x00000006b8400000, 0x00000006b8400000, 0x00000006b8800000|  0%| F|  |TAMS 0x00000006b8400000| PB 0x00000006b8400000| Untracked 
| 226|0x00000006b8800000, 0x00000006b8800000, 0x00000006b8c00000|  0%| F|  |TAMS 0x00000006b8800000| PB 0x00000006b8800000| Untracked 
| 227|0x00000006b8c00000, 0x00000006b8c00000, 0x00000006b9000000|  0%| F|  |TAMS 0x00000006b8c00000| PB 0x00000006b8c00000| Untracked 
| 228|0x00000006b9000000, 0x00000006b9000000, 0x00000006b9400000|  0%| F|  |TAMS 0x00000006b9000000| PB 0x00000006b9000000| Untracked 
| 229|0x00000006b9400000, 0x00000006b9400000, 0x00000006b9800000|  0%| F|  |TAMS 0x00000006b9400000| PB 0x00000006b9400000| Untracked 
| 230|0x00000006b9800000, 0x00000006b9800000, 0x00000006b9c00000|  0%| F|  |TAMS 0x00000006b9800000| PB 0x00000006b9800000| Untracked 
| 231|0x00000006b9c00000, 0x00000006b9c00000, 0x00000006ba000000|  0%| F|  |TAMS 0x00000006b9c00000| PB 0x00000006b9c00000| Untracked 
| 232|0x00000006ba000000, 0x00000006ba000000, 0x00000006ba400000|  0%| F|  |TAMS 0x00000006ba000000| PB 0x00000006ba000000| Untracked 
| 233|0x00000006ba400000, 0x00000006ba400000, 0x00000006ba800000|  0%| F|  |TAMS 0x00000006ba400000| PB 0x00000006ba400000| Untracked 
| 234|0x00000006ba800000, 0x00000006ba800000, 0x00000006bac00000|  0%| F|  |TAMS 0x00000006ba800000| PB 0x00000006ba800000| Untracked 
| 235|0x00000006bac00000, 0x00000006bac00000, 0x00000006bb000000|  0%| F|  |TAMS 0x00000006bac00000| PB 0x00000006bac00000| Untracked 
| 236|0x00000006bb000000, 0x00000006bb000000, 0x00000006bb400000|  0%| F|  |TAMS 0x00000006bb000000| PB 0x00000006bb000000| Untracked 
| 237|0x00000006bb400000, 0x00000006bb400000, 0x00000006bb800000|  0%| F|  |TAMS 0x00000006bb400000| PB 0x00000006bb400000| Untracked 
| 238|0x00000006bb800000, 0x00000006bb800000, 0x00000006bbc00000|  0%| F|  |TAMS 0x00000006bb800000| PB 0x00000006bb800000| Untracked 
| 239|0x00000006bbc00000, 0x00000006bbc00000, 0x00000006bc000000|  0%| F|  |TAMS 0x00000006bbc00000| PB 0x00000006bbc00000| Untracked 
| 240|0x00000006bc000000, 0x00000006bc000000, 0x00000006bc400000|  0%| F|  |TAMS 0x00000006bc000000| PB 0x00000006bc000000| Untracked 
| 241|0x00000006bc400000, 0x00000006bc400000, 0x00000006bc800000|  0%| F|  |TAMS 0x00000006bc400000| PB 0x00000006bc400000| Untracked 
| 242|0x00000006bc800000, 0x00000006bc800000, 0x00000006bcc00000|  0%| F|  |TAMS 0x00000006bc800000| PB 0x00000006bc800000| Untracked 
| 243|0x00000006bcc00000, 0x00000006bcc00000, 0x00000006bd000000|  0%| F|  |TAMS 0x00000006bcc00000| PB 0x00000006bcc00000| Untracked 
| 244|0x00000006bd000000, 0x00000006bd000000, 0x00000006bd400000|  0%| F|  |TAMS 0x00000006bd000000| PB 0x00000006bd000000| Untracked 
| 245|0x00000006bd400000, 0x00000006bd400000, 0x00000006bd800000|  0%| F|  |TAMS 0x00000006bd400000| PB 0x00000006bd400000| Untracked 
| 246|0x00000006bd800000, 0x00000006bd800000, 0x00000006bdc00000|  0%| F|  |TAMS 0x00000006bd800000| PB 0x00000006bd800000| Untracked 
| 247|0x00000006bdc00000, 0x00000006bdc00000, 0x00000006be000000|  0%| F|  |TAMS 0x00000006bdc00000| PB 0x00000006bdc00000| Untracked 
| 248|0x00000006be000000, 0x00000006be000000, 0x00000006be400000|  0%| F|  |TAMS 0x00000006be000000| PB 0x00000006be000000| Untracked 
| 249|0x00000006be400000, 0x00000006be400000, 0x00000006be800000|  0%| F|  |TAMS 0x00000006be400000| PB 0x00000006be400000| Untracked 
| 250|0x00000006be800000, 0x00000006be800000, 0x00000006bec00000|  0%| F|  |TAMS 0x00000006be800000| PB 0x00000006be800000| Untracked 
| 251|0x00000006bec00000, 0x00000006bec00000, 0x00000006bf000000|  0%| F|  |TAMS 0x00000006bec00000| PB 0x00000006bec00000| Untracked 
| 252|0x00000006bf000000, 0x00000006bf000000, 0x00000006bf400000|  0%| F|  |TAMS 0x00000006bf000000| PB 0x00000006bf000000| Untracked 
| 253|0x00000006bf400000, 0x00000006bf400000, 0x00000006bf800000|  0%| F|  |TAMS 0x00000006bf400000| PB 0x00000006bf400000| Untracked 
| 254|0x00000006bf800000, 0x00000006bf800000, 0x00000006bfc00000|  0%| F|  |TAMS 0x00000006bf800000| PB 0x00000006bf800000| Untracked 
| 255|0x00000006bfc00000, 0x00000006bfc00000, 0x00000006c0000000|  0%| F|  |TAMS 0x00000006bfc00000| PB 0x00000006bfc00000| Untracked 
| 256|0x00000006c0000000, 0x00000006c0000000, 0x00000006c0400000|  0%| F|  |TAMS 0x00000006c0000000| PB 0x00000006c0000000| Untracked 
| 257|0x00000006c0400000, 0x00000006c0400000, 0x00000006c0800000|  0%| F|  |TAMS 0x00000006c0400000| PB 0x00000006c0400000| Untracked 
| 258|0x00000006c0800000, 0x00000006c0800000, 0x00000006c0c00000|  0%| F|  |TAMS 0x00000006c0800000| PB 0x00000006c0800000| Untracked 
| 259|0x00000006c0c00000, 0x00000006c0c00000, 0x00000006c1000000|  0%| F|  |TAMS 0x00000006c0c00000| PB 0x00000006c0c00000| Untracked 
| 260|0x00000006c1000000, 0x00000006c1000000, 0x00000006c1400000|  0%| F|  |TAMS 0x00000006c1000000| PB 0x00000006c1000000| Untracked 
| 261|0x00000006c1400000, 0x00000006c1400000, 0x00000006c1800000|  0%| F|  |TAMS 0x00000006c1400000| PB 0x00000006c1400000| Untracked 
| 262|0x00000006c1800000, 0x00000006c1800000, 0x00000006c1c00000|  0%| F|  |TAMS 0x00000006c1800000| PB 0x00000006c1800000| Untracked 
| 263|0x00000006c1c00000, 0x00000006c1c00000, 0x00000006c2000000|  0%| F|  |TAMS 0x00000006c1c00000| PB 0x00000006c1c00000| Untracked 
| 264|0x00000006c2000000, 0x00000006c2000000, 0x00000006c2400000|  0%| F|  |TAMS 0x00000006c2000000| PB 0x00000006c2000000| Untracked 
| 265|0x00000006c2400000, 0x00000006c2400000, 0x00000006c2800000|  0%| F|  |TAMS 0x00000006c2400000| PB 0x00000006c2400000| Untracked 
| 266|0x00000006c2800000, 0x00000006c2800000, 0x00000006c2c00000|  0%| F|  |TAMS 0x00000006c2800000| PB 0x00000006c2800000| Untracked 
| 267|0x00000006c2c00000, 0x00000006c2c00000, 0x00000006c3000000|  0%| F|  |TAMS 0x00000006c2c00000| PB 0x00000006c2c00000| Untracked 
| 268|0x00000006c3000000, 0x00000006c3000000, 0x00000006c3400000|  0%| F|  |TAMS 0x00000006c3000000| PB 0x00000006c3000000| Untracked 
| 269|0x00000006c3400000, 0x00000006c3400000, 0x00000006c3800000|  0%| F|  |TAMS 0x00000006c3400000| PB 0x00000006c3400000| Untracked 
| 270|0x00000006c3800000, 0x00000006c3800000, 0x00000006c3c00000|  0%| F|  |TAMS 0x00000006c3800000| PB 0x00000006c3800000| Untracked 
| 271|0x00000006c3c00000, 0x00000006c3c00000, 0x00000006c4000000|  0%| F|  |TAMS 0x00000006c3c00000| PB 0x00000006c3c00000| Untracked 
| 272|0x00000006c4000000, 0x00000006c4000000, 0x00000006c4400000|  0%| F|  |TAMS 0x00000006c4000000| PB 0x00000006c4000000| Untracked 
| 273|0x00000006c4400000, 0x00000006c4400000, 0x00000006c4800000|  0%| F|  |TAMS 0x00000006c4400000| PB 0x00000006c4400000| Untracked 
| 274|0x00000006c4800000, 0x00000006c4800000, 0x00000006c4c00000|  0%| F|  |TAMS 0x00000006c4800000| PB 0x00000006c4800000| Untracked 
| 275|0x00000006c4c00000, 0x00000006c4c00000, 0x00000006c5000000|  0%| F|  |TAMS 0x00000006c4c00000| PB 0x00000006c4c00000| Untracked 
| 276|0x00000006c5000000, 0x00000006c5000000, 0x00000006c5400000|  0%| F|  |TAMS 0x00000006c5000000| PB 0x00000006c5000000| Untracked 
| 277|0x00000006c5400000, 0x00000006c5400000, 0x00000006c5800000|  0%| F|  |TAMS 0x00000006c5400000| PB 0x00000006c5400000| Untracked 
| 278|0x00000006c5800000, 0x00000006c5800000, 0x00000006c5c00000|  0%| F|  |TAMS 0x00000006c5800000| PB 0x00000006c5800000| Untracked 
| 279|0x00000006c5c00000, 0x00000006c5c00000, 0x00000006c6000000|  0%| F|  |TAMS 0x00000006c5c00000| PB 0x00000006c5c00000| Untracked 
| 280|0x00000006c6000000, 0x00000006c6000000, 0x00000006c6400000|  0%| F|  |TAMS 0x00000006c6000000| PB 0x00000006c6000000| Untracked 
| 281|0x00000006c6400000, 0x00000006c6400000, 0x00000006c6800000|  0%| F|  |TAMS 0x00000006c6400000| PB 0x00000006c6400000| Untracked 
| 282|0x00000006c6800000, 0x00000006c6800000, 0x00000006c6c00000|  0%| F|  |TAMS 0x00000006c6800000| PB 0x00000006c6800000| Untracked 
| 283|0x00000006c6c00000, 0x00000006c6c00000, 0x00000006c7000000|  0%| F|  |TAMS 0x00000006c6c00000| PB 0x00000006c6c00000| Untracked 
| 284|0x00000006c7000000, 0x00000006c7000000, 0x00000006c7400000|  0%| F|  |TAMS 0x00000006c7000000| PB 0x00000006c7000000| Untracked 
| 285|0x00000006c7400000, 0x00000006c7400000, 0x00000006c7800000|  0%| F|  |TAMS 0x00000006c7400000| PB 0x00000006c7400000| Untracked 
| 286|0x00000006c7800000, 0x00000006c7800000, 0x00000006c7c00000|  0%| F|  |TAMS 0x00000006c7800000| PB 0x00000006c7800000| Untracked 
| 287|0x00000006c7c00000, 0x00000006c7c00000, 0x00000006c8000000|  0%| F|  |TAMS 0x00000006c7c00000| PB 0x00000006c7c00000| Untracked 
| 288|0x00000006c8000000, 0x00000006c8000000, 0x00000006c8400000|  0%| F|  |TAMS 0x00000006c8000000| PB 0x00000006c8000000| Untracked 
| 289|0x00000006c8400000, 0x00000006c8400000, 0x00000006c8800000|  0%| F|  |TAMS 0x00000006c8400000| PB 0x00000006c8400000| Untracked 
| 290|0x00000006c8800000, 0x00000006c8800000, 0x00000006c8c00000|  0%| F|  |TAMS 0x00000006c8800000| PB 0x00000006c8800000| Untracked 
| 291|0x00000006c8c00000, 0x00000006c8c00000, 0x00000006c9000000|  0%| F|  |TAMS 0x00000006c8c00000| PB 0x00000006c8c00000| Untracked 
| 292|0x00000006c9000000, 0x00000006c9000000, 0x00000006c9400000|  0%| F|  |TAMS 0x00000006c9000000| PB 0x00000006c9000000| Untracked 
| 293|0x00000006c9400000, 0x00000006c9400000, 0x00000006c9800000|  0%| F|  |TAMS 0x00000006c9400000| PB 0x00000006c9400000| Untracked 
| 294|0x00000006c9800000, 0x00000006c9800000, 0x00000006c9c00000|  0%| F|  |TAMS 0x00000006c9800000| PB 0x00000006c9800000| Untracked 
| 295|0x00000006c9c00000, 0x00000006c9c00000, 0x00000006ca000000|  0%| F|  |TAMS 0x00000006c9c00000| PB 0x00000006c9c00000| Untracked 
| 296|0x00000006ca000000, 0x00000006ca000000, 0x00000006ca400000|  0%| F|  |TAMS 0x00000006ca000000| PB 0x00000006ca000000| Untracked 
| 297|0x00000006ca400000, 0x00000006ca400000, 0x00000006ca800000|  0%| F|  |TAMS 0x00000006ca400000| PB 0x00000006ca400000| Untracked 
| 298|0x00000006ca800000, 0x00000006ca800000, 0x00000006cac00000|  0%| F|  |TAMS 0x00000006ca800000| PB 0x00000006ca800000| Untracked 
| 299|0x00000006cac00000, 0x00000006cac00000, 0x00000006cb000000|  0%| F|  |TAMS 0x00000006cac00000| PB 0x00000006cac00000| Untracked 
| 300|0x00000006cb000000, 0x00000006cb000000, 0x00000006cb400000|  0%| F|  |TAMS 0x00000006cb000000| PB 0x00000006cb000000| Untracked 
| 301|0x00000006cb400000, 0x00000006cb400000, 0x00000006cb800000|  0%| F|  |TAMS 0x00000006cb400000| PB 0x00000006cb400000| Untracked 
| 302|0x00000006cb800000, 0x00000006cb800000, 0x00000006cbc00000|  0%| F|  |TAMS 0x00000006cb800000| PB 0x00000006cb800000| Untracked 
| 303|0x00000006cbc00000, 0x00000006cbc00000, 0x00000006cc000000|  0%| F|  |TAMS 0x00000006cbc00000| PB 0x00000006cbc00000| Untracked 
| 304|0x00000006cc000000, 0x00000006cc000000, 0x00000006cc400000|  0%| F|  |TAMS 0x00000006cc000000| PB 0x00000006cc000000| Untracked 
| 305|0x00000006cc400000, 0x00000006cc400000, 0x00000006cc800000|  0%| F|  |TAMS 0x00000006cc400000| PB 0x00000006cc400000| Untracked 
| 306|0x00000006cc800000, 0x00000006cc800000, 0x00000006ccc00000|  0%| F|  |TAMS 0x00000006cc800000| PB 0x00000006cc800000| Untracked 
| 307|0x00000006ccc00000, 0x00000006ccc00000, 0x00000006cd000000|  0%| F|  |TAMS 0x00000006ccc00000| PB 0x00000006ccc00000| Untracked 
| 308|0x00000006cd000000, 0x00000006cd000000, 0x00000006cd400000|  0%| F|  |TAMS 0x00000006cd000000| PB 0x00000006cd000000| Untracked 
| 309|0x00000006cd400000, 0x00000006cd400000, 0x00000006cd800000|  0%| F|  |TAMS 0x00000006cd400000| PB 0x00000006cd400000| Untracked 
| 310|0x00000006cd800000, 0x00000006cd800000, 0x00000006cdc00000|  0%| F|  |TAMS 0x00000006cd800000| PB 0x00000006cd800000| Untracked 
| 311|0x00000006cdc00000, 0x00000006cdde6440, 0x00000006ce000000| 47%| E|  |TAMS 0x00000006cdc00000| PB 0x00000006cdc00000| Complete 
| 312|0x00000006ce000000, 0x00000006ce400000, 0x00000006ce400000|100%| E|CS|TAMS 0x00000006ce000000| PB 0x00000006ce000000| Complete 
| 313|0x00000006ce400000, 0x00000006ce800000, 0x00000006ce800000|100%| E|CS|TAMS 0x00000006ce400000| PB 0x00000006ce400000| Complete 
| 314|0x00000006ce800000, 0x00000006cec00000, 0x00000006cec00000|100%| E|CS|TAMS 0x00000006ce800000| PB 0x00000006ce800000| Complete 
| 315|0x00000006cec00000, 0x00000006cf000000, 0x00000006cf000000|100%| E|CS|TAMS 0x00000006cec00000| PB 0x00000006cec00000| Complete 
| 316|0x00000006cf000000, 0x00000006cf400000, 0x00000006cf400000|100%| E|CS|TAMS 0x00000006cf000000| PB 0x00000006cf000000| Complete 
| 317|0x00000006cf400000, 0x00000006cf800000, 0x00000006cf800000|100%| E|CS|TAMS 0x00000006cf400000| PB 0x00000006cf400000| Complete 
| 318|0x00000006cf800000, 0x00000006cfc00000, 0x00000006cfc00000|100%| E|CS|TAMS 0x00000006cf800000| PB 0x00000006cf800000| Complete 
| 319|0x00000006cfc00000, 0x00000006d0000000, 0x00000006d0000000|100%| E|CS|TAMS 0x00000006cfc00000| PB 0x00000006cfc00000| Complete 
| 320|0x00000006d0000000, 0x00000006d0400000, 0x00000006d0400000|100%| E|CS|TAMS 0x00000006d0000000| PB 0x00000006d0000000| Complete 
| 321|0x00000006d0400000, 0x00000006d0800000, 0x00000006d0800000|100%| E|CS|TAMS 0x00000006d0400000| PB 0x00000006d0400000| Complete 
| 322|0x00000006d0800000, 0x00000006d0c00000, 0x00000006d0c00000|100%| E|CS|TAMS 0x00000006d0800000| PB 0x00000006d0800000| Complete 
| 323|0x00000006d0c00000, 0x00000006d1000000, 0x00000006d1000000|100%| E|CS|TAMS 0x00000006d0c00000| PB 0x00000006d0c00000| Complete 

Card table byte_map: [0x000001ae2ae40000,0x000001ae2ba40000] _byte_map_base: 0x000001ae27a40000

Marking Bits: (CMBitMap*) 0x000001ae11f67860
 Bits: [0x000001ae2ba40000, 0x000001ae31a40000)

Polling page: 0x000001ae08690000

Metaspace:

Usage:
  Non-class:     81.49 MB used.
      Class:     11.94 MB used.
       Both:     93.43 MB used.

Virtual space:
  Non-class space:      128.00 MB reserved,      81.75 MB ( 64%) committed,  2 nodes.
      Class space:        1.00 GB reserved,      12.31 MB (  1%) committed,  1 nodes.
             Both:        1.12 GB reserved,      94.06 MB (  8%) committed. 

Chunk freelists:
   Non-Class:  13.66 MB
       Class:  3.87 MB
        Both:  17.53 MB

MaxMetaspaceSize: unlimited
CompressedClassSpaceSize: 1.00 GB
Initial GC threshold: 21.00 MB
Current GC threshold: 156.81 MB
CDS: on
 - commit_granule_bytes: 65536.
 - commit_granule_words: 8192.
 - virtual_space_node_default_size: 8388608.
 - enlarge_chunks_in_place: 1.
 - use_allocation_guard: 0.


Internal statistics:

num_allocs_failed_limit: 12.
num_arena_births: 1612.
num_arena_deaths: 872.
num_vsnodes_births: 3.
num_vsnodes_deaths: 0.
num_space_committed: 1497.
num_space_uncommitted: 0.
num_chunks_returned_to_freelist: 1128.
num_chunks_taken_from_freelist: 4735.
num_chunk_merges: 263.
num_chunk_splits: 2864.
num_chunks_enlarged: 1987.
num_inconsistent_stats: 0.

CodeHeap 'non-profiled nmethods': size=119168Kb used=26662Kb max_used=31177Kb free=92505Kb
 bounds [0x000001ae22de0000, 0x000001ae24c60000, 0x000001ae2a240000]
CodeHeap 'profiled nmethods': size=119104Kb used=5694Kb max_used=33388Kb free=113409Kb
 bounds [0x000001ae1b240000, 0x000001ae1d390000, 0x000001ae22690000]
CodeHeap 'non-nmethods': size=7488Kb used=3414Kb max_used=4155Kb free=4073Kb
 bounds [0x000001ae22690000, 0x000001ae22ac0000, 0x000001ae22de0000]
 total_blobs=8887 nmethods=7680 adapters=1100
 compilation: enabled
              stopped_count=0, restarted_count=0
 full_count=0

Compilation events (20 events):
Event: 173361.057 Thread 0x000001ae114b29e0 366664       4       ui.h.c.a::<init> (38 bytes)
Event: 173361.057 Thread 0x000001aebdb9aab0 366665       1       ui.views.W.a.a::getFile (5 bytes)
Event: 173361.057 Thread 0x000001aebdb9aab0 nmethod 366665 0x000001ae23b25110 code [0x000001ae23b252a0, 0x000001ae23b25370]
Event: 173361.058 Thread 0x000001aebdb99640 366667       3       java.lang.StringCoding::countPositives (33 bytes)
Event: 173361.058 Thread 0x000001aebdb99640 nmethod 366667 0x000001ae1c6bb110 code [0x000001ae1c6bb2c0, 0x000001ae1c6bb4f8]
Event: 173361.059 Thread 0x000001ae114b29e0 nmethod 366664 0x000001ae23f72790 code [0x000001ae23f72920, 0x000001ae23f72ba0]
Event: 173361.059 Thread 0x000001ae114b29e0 366669       4       java.lang.StringUTF16::compress (50 bytes)
Event: 173361.059 Thread 0x000001aebdb9b180 366668       4       java.io.BufferedReader::implReadLine (301 bytes)
Event: 173361.060 Thread 0x000001aebdb9b850 366671       4       java.lang.String::<init> (74 bytes)
Event: 173361.063 Thread 0x000001ae114b29e0 nmethod 366669 0x000001ae23f72290 code [0x000001ae23f72420, 0x000001ae23f726b0]
Event: 173361.063 Thread 0x000001ae114b29e0 366673       4       java.lang.StringUTF16::compress (20 bytes)
Event: 173361.065 Thread 0x000001ae114b29e0 nmethod 366673 0x000001ae23f71d90 code [0x000001ae23f71f20, 0x000001ae23f72170]
Event: 173361.065 Thread 0x000001aebdb9b850 nmethod 366671 0x000001ae23f71410 code [0x000001ae23f715c0, 0x000001ae23f71c18]
Event: 173361.065 Thread 0x000001ae114b29e0 366672       4       java.lang.String::<init> (14 bytes)
Event: 173361.065 Thread 0x000001aebdb9b850 366670       4       java.io.BufferedReader::ensureOpen (18 bytes)
Event: 173361.065 Thread 0x000001aebdb9b850 nmethod 366670 0x000001ae23f71110 code [0x000001ae23f712a0, 0x000001ae23f71348]
Event: 173361.065 Thread 0x000001aebdb9b850 366666       4       java.nio.CharBuffer::hasArray (20 bytes)
Event: 173361.066 Thread 0x000001aebdb9b850 nmethod 366666 0x000001ae23f70e10 code [0x000001ae23f70fa0, 0x000001ae23f71050]
Event: 173361.071 Thread 0x000001ae114b29e0 nmethod 366672 0x000001ae233e6890 code [0x000001ae233e6a60, 0x000001ae233e7188]
Event: 173361.081 Thread 0x000001aebdb9b180 nmethod 366668 0x000001ae233e4e90 code [0x000001ae233e50c0, 0x000001ae233e60b8]

GC Heap History (20 events):
Event: 173251.410 GC heap before
{Heap before GC invocations=6331 (full 3375):
 garbage-first heap   total 1339392K, used 389221K [0x0000000680000000, 0x0000000800000000)
  region size 4096K, 2 young (8192K), 1 survivors (4096K)
 Metaspace       used 95668K, committed 96320K, reserved 1179648K
  class space    used 12221K, committed 12608K, reserved 1048576K
}
Event: 173251.526 GC heap after
{Heap after GC invocations=6332 (full 3376):
 garbage-first heap   total 1339392K, used 388684K [0x0000000680000000, 0x0000000800000000)
  region size 4096K, 0 young (0K), 0 survivors (0K)
 Metaspace       used 95668K, committed 96320K, reserved 1179648K
  class space    used 12221K, committed 12608K, reserved 1048576K
}
Event: 173251.759 GC heap before
{Heap before GC invocations=6332 (full 3376):
 garbage-first heap   total 1339392K, used 409164K [0x0000000680000000, 0x0000000800000000)
  region size 4096K, 4 young (16384K), 0 survivors (0K)
 Metaspace       used 95668K, committed 96320K, reserved 1179648K
  class space    used 12221K, committed 12608K, reserved 1048576K
}
Event: 173251.880 GC heap after
{Heap after GC invocations=6333 (full 3377):
 garbage-first heap   total 1339392K, used 388852K [0x0000000680000000, 0x0000000800000000)
  region size 4096K, 0 young (0K), 0 survivors (0K)
 Metaspace       used 95668K, committed 96320K, reserved 1179648K
  class space    used 12221K, committed 12608K, reserved 1048576K
}
Event: 173298.885 GC heap before
{Heap before GC invocations=6333 (full 3377):
 garbage-first heap   total 1339392K, used 470772K [0x0000000680000000, 0x0000000800000000)
  region size 4096K, 20 young (81920K), 0 survivors (0K)
 Metaspace       used 95668K, committed 96320K, reserved 1179648K
  class space    used 12221K, committed 12608K, reserved 1048576K
}
Event: 173298.888 GC heap after
{Heap after GC invocations=6334 (full 3377):
 garbage-first heap   total 1339392K, used 390135K [0x0000000680000000, 0x0000000800000000)
  region size 4096K, 1 young (4096K), 1 survivors (4096K)
 Metaspace       used 95668K, committed 96320K, reserved 1179648K
  class space    used 12221K, committed 12608K, reserved 1048576K
}
Event: 173303.745 GC heap before
{Heap before GC invocations=6334 (full 3377):
 garbage-first heap   total 1339392K, used 443383K [0x0000000680000000, 0x0000000800000000)
  region size 4096K, 13 young (53248K), 1 survivors (4096K)
 Metaspace       used 95668K, committed 96320K, reserved 1179648K
  class space    used 12221K, committed 12608K, reserved 1048576K
}
Event: 173303.872 GC heap after
{Heap after GC invocations=6335 (full 3378):
 garbage-first heap   total 1327104K, used 389015K [0x0000000680000000, 0x0000000800000000)
  region size 4096K, 0 young (0K), 0 survivors (0K)
 Metaspace       used 95668K, committed 96320K, reserved 1179648K
  class space    used 12221K, committed 12608K, reserved 1048576K
}
Event: 173348.126 GC heap before
{Heap before GC invocations=6335 (full 3378):
 garbage-first heap   total 1327104K, used 470935K [0x0000000680000000, 0x0000000800000000)
  region size 4096K, 20 young (81920K), 0 survivors (0K)
 Metaspace       used 95668K, committed 96320K, reserved 1179648K
  class space    used 12221K, committed 12608K, reserved 1048576K
}
Event: 173348.128 GC heap after
{Heap after GC invocations=6336 (full 3378):
 garbage-first heap   total 1327104K, used 389660K [0x0000000680000000, 0x0000000800000000)
  region size 4096K, 1 young (4096K), 1 survivors (4096K)
 Metaspace       used 95668K, committed 96320K, reserved 1179648K
  class space    used 12221K, committed 12608K, reserved 1048576K
}
Event: 173355.754 GC heap before
{Heap before GC invocations=6336 (full 3378):
 garbage-first heap   total 1327104K, used 426524K [0x0000000680000000, 0x0000000800000000)
  region size 4096K, 11 young (45056K), 1 survivors (4096K)
 Metaspace       used 95668K, committed 96320K, reserved 1179648K
  class space    used 12221K, committed 12608K, reserved 1048576K
}
Event: 173355.878 GC heap after
{Heap after GC invocations=6337 (full 3379):
 garbage-first heap   total 1327104K, used 389503K [0x0000000680000000, 0x0000000800000000)
  region size 4096K, 0 young (0K), 0 survivors (0K)
 Metaspace       used 95668K, committed 96320K, reserved 1179648K
  class space    used 12221K, committed 12608K, reserved 1048576K
}
Event: 173357.437 GC heap before
{Heap before GC invocations=6337 (full 3379):
 garbage-first heap   total 1327104K, used 405887K [0x0000000680000000, 0x0000000800000000)
  region size 4096K, 4 young (16384K), 0 survivors (0K)
 Metaspace       used 95668K, committed 96320K, reserved 1179648K
  class space    used 12221K, committed 12608K, reserved 1048576K
}
Event: 173357.439 GC heap after
{Heap after GC invocations=6338 (full 3379):
 garbage-first heap   total 1327104K, used 393979K [0x0000000680000000, 0x0000000800000000)
  region size 4096K, 1 young (4096K), 1 survivors (4096K)
 Metaspace       used 95668K, committed 96320K, reserved 1179648K
  class space    used 12221K, committed 12608K, reserved 1048576K
}
Event: 173357.439 GC heap before
{Heap before GC invocations=6338 (full 3379):
 garbage-first heap   total 1327104K, used 393979K [0x0000000680000000, 0x0000000800000000)
  region size 4096K, 1 young (4096K), 1 survivors (4096K)
 Metaspace       used 95668K, committed 96320K, reserved 1179648K
  class space    used 12221K, committed 12608K, reserved 1048576K
}
Event: 173357.558 GC heap after
{Heap after GC invocations=6339 (full 3380):
 garbage-first heap   total 1327104K, used 389406K [0x0000000680000000, 0x0000000800000000)
  region size 4096K, 0 young (0K), 0 survivors (0K)
 Metaspace       used 95668K, committed 96320K, reserved 1179648K
  class space    used 12221K, committed 12608K, reserved 1048576K
}
Event: 173359.205 GC heap before
{Heap before GC invocations=6339 (full 3380):
 garbage-first heap   total 1327104K, used 409886K [0x0000000680000000, 0x0000000800000000)
  region size 4096K, 5 young (20480K), 0 survivors (0K)
 Metaspace       used 95668K, committed 96320K, reserved 1179648K
  class space    used 12221K, committed 12608K, reserved 1048576K
}
Event: 173359.208 GC heap after
{Heap after GC invocations=6340 (full 3380):
 garbage-first heap   total 1327104K, used 394205K [0x0000000680000000, 0x0000000800000000)
  region size 4096K, 1 young (4096K), 1 survivors (4096K)
 Metaspace       used 95668K, committed 96320K, reserved 1179648K
  class space    used 12221K, committed 12608K, reserved 1048576K
}
Event: 173359.208 GC heap before
{Heap before GC invocations=6340 (full 3380):
 garbage-first heap   total 1327104K, used 394205K [0x0000000680000000, 0x0000000800000000)
  region size 4096K, 1 young (4096K), 1 survivors (4096K)
 Metaspace       used 95668K, committed 96320K, reserved 1179648K
  class space    used 12221K, committed 12608K, reserved 1048576K
}
Event: 173359.336 GC heap after
{Heap after GC invocations=6341 (full 3381):
 garbage-first heap   total 1327104K, used 389693K [0x0000000680000000, 0x0000000800000000)
  region size 4096K, 0 young (0K), 0 survivors (0K)
 Metaspace       used 95668K, committed 96320K, reserved 1179648K
  class space    used 12221K, committed 12608K, reserved 1048576K
}

Dll operation events (20 events):
Event: 1.112 Loaded shared library D:\Xlinx\2025.1\Vivado\lib\win64.o\xv_labtoolstasks.dll
Event: 1.124 Loaded shared library D:\Xlinx\2025.1\Vivado\lib\win64.o\xv_simtcltasks.dll
Event: 1.188 Loaded shared library D:\Xlinx\2025.1\Vivado\lib\win64.o\xv_ipservicestasks.dll
Event: 1.190 Loaded shared library D:\Xlinx\2025.1\Vivado\lib\win64.o\xv_vivadotasks.dll
Event: 1.192 Loaded shared library D:\Xlinx\2025.1\Vivado\lib\win64.o\xv_board.dll
Event: 1.193 Loaded shared library D:\Xlinx\2025.1\Vivado\lib\win64.o\xv_boarddep.dll
Event: 1.196 Loaded shared library D:\Xlinx\2025.1\Vivado\lib\win64.o\xv_boardcommontasks.dll
Event: 1.198 Loaded shared library D:\Xlinx\2025.1\Vivado\lib\win64.o\xv_ptgen.dll
Event: 1.199 Loaded shared library D:\Xlinx\2025.1\Vivado\lib\win64.o\xv_ip.dll
Event: 1.201 Loaded shared library D:\Xlinx\2025.1\Vivado\lib\win64.o\xv_mig.dll
Event: 1.205 Loaded shared library D:\Xlinx\2025.1\Vivado\lib\win64.o\xv_implflow.dll
Event: 1.206 Loaded shared library D:\Xlinx\2025.1\Vivado\lib\win64.o\xv_xhubtasks.dll
Event: 1.347 Loaded shared library D:\Xlinx\2025.1\Vivado\lib\win64.o\xv_iptasks.dll
Event: 1.349 Loaded shared library D:\Xlinx\2025.1\Vivado\lib\win64.o\xv_synth.dll
Event: 2.453 Loaded shared library D:\Xlinx\2025.1\Vivado\tps\win64\jre21.0.1_12\bin\verify.dll
Event: 2.516 Loaded shared library D:\Xlinx\2025.1\Vivado\tps\win64\jre21.0.1_12\bin\freetype.dll
Event: 2.521 Loaded shared library D:\Xlinx\2025.1\Vivado\tps\win64\jre21.0.1_12\bin\fontmanager.dll
Event: 8.198 Loaded shared library D:\Xlinx\2025.1\Vivado\lib\win64.o\xv_xhub.dll
Event: 13.856 Loaded shared library D:\Xlinx\2025.1\Vivado\tps\win64\jre21.0.1_12\bin\management.dll
Event: 13.860 Loaded shared library D:\Xlinx\2025.1\Vivado\tps\win64\jre21.0.1_12\bin\management_ext.dll

Deoptimization events (20 events):
Event: 172086.618 Thread 0x000001ae7cbe8f30 Uncommon trap: trap_request=0xffffff45 fr.pc=0x000001ae2482bf14 relative=0x0000000000000754
Event: 172086.618 Thread 0x000001ae7cbe8f30 Uncommon trap: reason=unstable_if action=reinterpret pc=0x000001ae2482bf14 method=com.jidesoft.plaf.basic.BasicJideTabbedPaneUI.ensureCurrentRects(II)V @ 706 c2
Event: 172086.618 Thread 0x000001ae7cbe8f30 DEOPT PACKING pc=0x000001ae2482bf14 sp=0x000000356e1fe470
Event: 172086.618 Thread 0x000001ae7cbe8f30 DEOPT UNPACKING pc=0x000001ae226e46a2 sp=0x000000356e1fe3c8 mode 2
Event: 172086.664 Thread 0x000001ae7cbe8f30 Uncommon trap: trap_request=0xffffff45 fr.pc=0x000001ae24525640 relative=0x0000000000003c20
Event: 172086.664 Thread 0x000001ae7cbe8f30 Uncommon trap: reason=unstable_if action=reinterpret pc=0x000001ae24525640 method=ui.utils.lnf.HSyntheticaJideTabbedPaneUI.paintText(Ljava/awt/Graphics;ILjava/awt/Font;Ljava/awt/FontMetrics;ILjava/lang/String;Ljava/awt/Rectangle;Z)V @ 165 c2
Event: 172086.664 Thread 0x000001ae7cbe8f30 DEOPT PACKING pc=0x000001ae24525640 sp=0x000000356e1fbd90
Event: 172086.664 Thread 0x000001ae7cbe8f30 DEOPT UNPACKING pc=0x000001ae226e46a2 sp=0x000000356e1fbd08 mode 2
Event: 173224.210 Thread 0x000001ae7cbe8f30 Uncommon trap: trap_request=0xffffff45 fr.pc=0x000001ae23ade208 relative=0x0000000000002c88
Event: 173224.210 Thread 0x000001ae7cbe8f30 Uncommon trap: reason=unstable_if action=reinterpret pc=0x000001ae23ade208 method=de.javasoft.plaf.synthetica.StyleFactory$ComponentPropertyStore.storeComponentProperty(Ljava/awt/Component;Ljava/lang/String;)V @ 56 c2
Event: 173224.210 Thread 0x000001ae7cbe8f30 DEOPT PACKING pc=0x000001ae23ade208 sp=0x000000356e1fe470
Event: 173224.210 Thread 0x000001ae7cbe8f30 DEOPT UNPACKING pc=0x000001ae226e46a2 sp=0x000000356e1fe488 mode 2
Event: 173224.218 Thread 0x000001ae7cbe8f30 Uncommon trap: trap_request=0xffffff45 fr.pc=0x000001ae23e88c00 relative=0x0000000000005400
Event: 173224.219 Thread 0x000001ae7cbe8f30 Uncommon trap: reason=unstable_if action=reinterpret pc=0x000001ae23e88c00 method=de.javasoft.plaf.synthetica.painter.MenuPainter.paintMenuBackground(Ljavax/swing/plaf/synth/SynthContext;Ljava/awt/Graphics;IIII)V @ 494 c2
Event: 173224.219 Thread 0x000001ae7cbe8f30 DEOPT PACKING pc=0x000001ae23e88c00 sp=0x000000356e1fd860
Event: 173224.219 Thread 0x000001ae7cbe8f30 DEOPT UNPACKING pc=0x000001ae226e46a2 sp=0x000000356e1fd868 mode 2
Event: 173224.219 Thread 0x000001ae7cbe8f30 Uncommon trap: trap_request=0xffffff45 fr.pc=0x000001ae23a91914 relative=0x0000000000001194
Event: 173224.219 Thread 0x000001ae7cbe8f30 Uncommon trap: reason=unstable_if action=reinterpret pc=0x000001ae23a91914 method=de.javasoft.plaf.synthetica.styles.MenuStyle.getColor(Ljavax/swing/plaf/synth/SynthContext;Ljavax/swing/plaf/synth/ColorType;)Ljava/awt/Color; @ 217 c2
Event: 173224.219 Thread 0x000001ae7cbe8f30 DEOPT PACKING pc=0x000001ae23a91914 sp=0x000000356e1fd7a0
Event: 173224.219 Thread 0x000001ae7cbe8f30 DEOPT UNPACKING pc=0x000001ae226e46a2 sp=0x000000356e1fd758 mode 2

Classes loaded (20 events):
Event: 76498.356 Loading class javax/swing/JList$AccessibleJList$AccessibleJListChild
Event: 76498.357 Loading class javax/swing/JList$AccessibleJList$AccessibleJListChild done
Event: 76498.357 Loading class javax/swing/JComboBox$AccessibleJComboBox
Event: 76498.357 Loading class javax/swing/JComboBox$AccessibleJComboBox done
Event: 76498.357 Loading class javax/swing/JComboBox$AccessibleJComboBox$AccessibleJComboBoxPropertyChangeListener
Event: 76498.358 Loading class javax/swing/JComboBox$AccessibleJComboBox$AccessibleJComboBoxPropertyChangeListener done
Event: 76498.358 Loading class javax/swing/JComboBox$AccessibleJComboBox$AccessibleJComboBoxListSelectionListener
Event: 76498.358 Loading class javax/swing/JComboBox$AccessibleJComboBox$AccessibleJComboBoxListSelectionListener done
Event: 76498.358 Loading class javax/swing/JComboBox$AccessibleJComboBox$AccessibleJComboBoxPopupMenuListener
Event: 76498.358 Loading class javax/swing/JComboBox$AccessibleJComboBox$AccessibleJComboBoxPopupMenuListener done
Event: 76498.682 Loading class javax/accessibility/AccessibleStateSet
Event: 76498.682 Loading class javax/accessibility/AccessibleStateSet done
Event: 76498.682 Loading class javax/swing/JViewport$AccessibleJViewport
Event: 76498.683 Loading class javax/swing/JViewport$AccessibleJViewport done
Event: 91099.732 Loading class javax/swing/plaf/synth/SynthLookAndFeel$AATextListener$1
Event: 91099.732 Loading class javax/swing/plaf/synth/SynthLookAndFeel$AATextListener$1 done
Event: 167793.904 Loading class sun/awt/shell/ShellFolder
Event: 167793.906 Loading class sun/awt/shell/ShellFolder done
Event: 167874.041 Loading class java/awt/BufferCapabilities
Event: 167874.043 Loading class java/awt/BufferCapabilities done

Classes unloaded (20 events):
Event: 149886.571 Thread 0x000001ae0e54c620 Unloading class 0x000001ae35bf1400 'java/lang/invoke/LambdaForm$MH+0x000001ae35bf1400'
Event: 149886.571 Thread 0x000001ae0e54c620 Unloading class 0x000001ae3508c400 'java/lang/invoke/LambdaForm$MH+0x000001ae3508c400'
Event: 149886.571 Thread 0x000001ae0e54c620 Unloading class 0x000001ae351c1000 'java/lang/invoke/LambdaForm$MH+0x000001ae351c1000'
Event: 149886.571 Thread 0x000001ae0e54c620 Unloading class 0x000001ae35014400 'java/lang/invoke/LambdaForm$MH+0x000001ae35014400'
Event: 149886.571 Thread 0x000001ae0e54c620 Unloading class 0x000001ae3508d000 'java/lang/invoke/LambdaForm$MH+0x000001ae3508d000'
Event: 155806.937 Thread 0x000001ae0e54c620 Unloading class 0x000001ae35495800 'java/lang/invoke/LambdaForm$MH+0x000001ae35495800'
Event: 160963.877 Thread 0x000001ae0e54c620 Unloading class 0x000001ae3500d400 'java/lang/invoke/LambdaForm$MH+0x000001ae3500d400'
Event: 160963.877 Thread 0x000001ae0e54c620 Unloading class 0x000001ae35b62400 'java/lang/invoke/LambdaForm$MH+0x000001ae35b62400'
Event: 160963.877 Thread 0x000001ae0e54c620 Unloading class 0x000001ae353c8c00 'java/lang/invoke/LambdaForm$MH+0x000001ae353c8c00'
Event: 160963.877 Thread 0x000001ae0e54c620 Unloading class 0x000001ae35494800 'java/lang/invoke/LambdaForm$MH+0x000001ae35494800'
Event: 166031.479 Thread 0x000001ae0e54c620 Unloading class 0x000001ae35b38000 'java/lang/invoke/LambdaForm$MH+0x000001ae35b38000'
Event: 166031.479 Thread 0x000001ae0e54c620 Unloading class 0x000001ae35bc7800 'java/lang/invoke/LambdaForm$MH+0x000001ae35bc7800'
Event: 166031.479 Thread 0x000001ae0e54c620 Unloading class 0x000001ae35495800 'java/lang/invoke/LambdaForm$MH+0x000001ae35495800'
Event: 173249.496 Thread 0x000001ae0e54c620 Unloading class 0x000001ae35bf1400 'java/lang/invoke/LambdaForm$MH+0x000001ae35bf1400'
Event: 173249.496 Thread 0x000001ae0e54c620 Unloading class 0x000001ae352b3c00 'java/lang/invoke/LambdaForm$MH+0x000001ae352b3c00'
Event: 173249.496 Thread 0x000001ae0e54c620 Unloading class 0x000001ae352b8000 'java/lang/invoke/LambdaForm$MH+0x000001ae352b8000'
Event: 173249.496 Thread 0x000001ae0e54c620 Unloading class 0x000001ae35b98800 'java/lang/invoke/LambdaForm$MH+0x000001ae35b98800'
Event: 173249.496 Thread 0x000001ae0e54c620 Unloading class 0x000001ae35774c00 'java/lang/invoke/LambdaForm$MH+0x000001ae35774c00'
Event: 173249.496 Thread 0x000001ae0e54c620 Unloading class 0x000001ae353c8c00 'java/lang/invoke/LambdaForm$MH+0x000001ae353c8c00'
Event: 173249.496 Thread 0x000001ae0e54c620 Unloading class 0x000001ae35495800 'java/lang/invoke/LambdaForm$MH+0x000001ae35495800'

Classes redefined (0 events):
No events

Internal exceptions (20 events):
Event: 173348.503 Thread 0x000001ae7cbe8f30 Exception <a 'java/io/FileNotFoundException'{0x00000006d0cb5be8}> (0x00000006d0cb5be8) 
thrown [s\src\hotspot\share\prims\jni.cpp, line 520]
Event: 173348.507 Thread 0x000001ae7cbe8f30 Exception <a 'java/io/FileNotFoundException'{0x00000006d0cb62b8}> (0x00000006d0cb62b8) 
thrown [s\src\hotspot\share\prims\jni.cpp, line 520]
Event: 173348.518 Thread 0x000001ae7cbe8f30 Exception <a 'java/io/FileNotFoundException'{0x00000006d0cb6988}> (0x00000006d0cb6988) 
thrown [s\src\hotspot\share\prims\jni.cpp, line 520]
Event: 173348.520 Thread 0x000001ae7cbe8f30 Exception <a 'java/io/FileNotFoundException'{0x00000006d0cb7058}> (0x00000006d0cb7058) 
thrown [s\src\hotspot\share\prims\jni.cpp, line 520]
Event: 173352.778 Thread 0x000001ae7cbe8f30 Exception <a 'java/io/FileNotFoundException'{0x00000006d04aad20}> (0x00000006d04aad20) 
thrown [s\src\hotspot\share\prims\jni.cpp, line 520]
Event: 173352.779 Thread 0x000001ae7cbe8f30 Exception <a 'java/io/FileNotFoundException'{0x00000006d04ab658}> (0x00000006d04ab658) 
thrown [s\src\hotspot\share\prims\jni.cpp, line 520]
Event: 173353.010 Thread 0x000001ae7cbe8f30 Exception <a 'java/io/FileNotFoundException'{0x00000006d04e6140}> (0x00000006d04e6140) 
thrown [s\src\hotspot\share\prims\jni.cpp, line 520]
Event: 173353.338 Thread 0x000001ae7cbe8f30 Exception <a 'java/io/FileNotFoundException'{0x00000006d061c7d0}> (0x00000006d061c7d0) 
thrown [s\src\hotspot\share\prims\jni.cpp, line 520]
Event: 173353.503 Thread 0x000001ae7cbe8f30 Exception <a 'java/io/FileNotFoundException'{0x00000006d015a358}> (0x00000006d015a358) 
thrown [s\src\hotspot\share\prims\jni.cpp, line 520]
Event: 173353.507 Thread 0x000001ae7cbe8f30 Exception <a 'java/io/FileNotFoundException'{0x00000006d015b9e8}> (0x00000006d015b9e8) 
thrown [s\src\hotspot\share\prims\jni.cpp, line 520]
Event: 173353.518 Thread 0x000001ae7cbe8f30 Exception <a 'java/io/FileNotFoundException'{0x00000006d0169f58}> (0x00000006d0169f58) 
thrown [s\src\hotspot\share\prims\jni.cpp, line 520]
Event: 173353.521 Thread 0x000001ae7cbe8f30 Exception <a 'java/io/FileNotFoundException'{0x00000006d016ada0}> (0x00000006d016ada0) 
thrown [s\src\hotspot\share\prims\jni.cpp, line 520]
Event: 173357.775 Thread 0x000001ae7cbe8f30 Exception <a 'java/io/FileNotFoundException'{0x00000006d0eeaa98}> (0x00000006d0eeaa98) 
thrown [s\src\hotspot\share\prims\jni.cpp, line 520]
Event: 173357.779 Thread 0x000001ae7cbe8f30 Exception <a 'java/io/FileNotFoundException'{0x00000006d0eeb168}> (0x00000006d0eeb168) 
thrown [s\src\hotspot\share\prims\jni.cpp, line 520]
Event: 173358.010 Thread 0x000001ae7cbe8f30 Exception <a 'java/io/FileNotFoundException'{0x00000006d08e88f0}> (0x00000006d08e88f0) 
thrown [s\src\hotspot\share\prims\jni.cpp, line 520]
Event: 173358.339 Thread 0x000001ae7cbe8f30 Exception <a 'java/io/FileNotFoundException'{0x00000006d04508e8}> (0x00000006d04508e8) 
thrown [s\src\hotspot\share\prims\jni.cpp, line 520]
Event: 173358.504 Thread 0x000001ae7cbe8f30 Exception <a 'java/io/FileNotFoundException'{0x00000006d049be48}> (0x00000006d049be48) 
thrown [s\src\hotspot\share\prims\jni.cpp, line 520]
Event: 173358.508 Thread 0x000001ae7cbe8f30 Exception <a 'java/io/FileNotFoundException'{0x00000006d049de08}> (0x00000006d049de08) 
thrown [s\src\hotspot\share\prims\jni.cpp, line 520]
Event: 173358.519 Thread 0x000001ae7cbe8f30 Exception <a 'java/io/FileNotFoundException'{0x00000006d04a1ca0}> (0x00000006d04a1ca0) 
thrown [s\src\hotspot\share\prims\jni.cpp, line 520]
Event: 173358.522 Thread 0x000001ae7cbe8f30 Exception <a 'java/io/FileNotFoundException'{0x00000006d04a2370}> (0x00000006d04a2370) 
thrown [s\src\hotspot\share\prims\jni.cpp, line 520]

ZGC Phase Switch (0 events):
No events

VM Operations (20 events):
Event: 173355.754 Executing VM operation: G1CollectFull (System.gc())
Event: 173355.754 Executing VM operation: G1CollectFull (System.gc()) done
Event: 173355.754 Executing VM operation: G1CollectFull (System.gc())
Event: 173355.878 Executing VM operation: G1CollectFull (System.gc()) done
Event: 173356.878 Executing VM operation: Cleanup
Event: 173356.878 Executing VM operation: Cleanup done
Event: 173357.436 Executing VM operation: G1CollectFull (System.gc())
Event: 173357.436 Executing VM operation: G1CollectFull (System.gc()) done
Event: 173357.437 Executing VM operation: G1CollectForAllocation (GCLocker Initiated GC)
Event: 173357.439 Executing VM operation: G1CollectForAllocation (GCLocker Initiated GC) done
Event: 173357.439 Executing VM operation: G1CollectFull (System.gc())
Event: 173357.558 Executing VM operation: G1CollectFull (System.gc()) done
Event: 173359.205 Executing VM operation: G1CollectFull (System.gc())
Event: 173359.205 Executing VM operation: G1CollectFull (System.gc()) done
Event: 173359.205 Executing VM operation: G1CollectForAllocation (GCLocker Initiated GC)
Event: 173359.208 Executing VM operation: G1CollectForAllocation (GCLocker Initiated GC) done
Event: 173359.208 Executing VM operation: G1CollectFull (System.gc())
Event: 173359.336 Executing VM operation: G1CollectFull (System.gc()) done
Event: 173361.336 Executing VM operation: Cleanup
Event: 173361.337 Executing VM operation: Cleanup done

Events (20 events):
Event: 173359.446 Thread 0x000001aeaedcb890 Thread added: 0x000001aeaedcb890
Event: 173359.446 Thread 0x000001aeaedd5610 Thread added: 0x000001aeaedd5610
Event: 173359.654 Thread 0x000001aeaedcf3a0 Thread exited: 0x000001aeaedcf3a0
Event: 173359.725 Thread 0x000001aeaedd4f80 Thread added: 0x000001aeaedd4f80
Event: 173359.726 Thread 0x000001aeaedd4f80 Thread exited: 0x000001aeaedd4f80
Event: 173360.010 Thread 0x000001aeaedcf3a0 Thread added: 0x000001aeaedcf3a0
Event: 173360.189 Thread 0x000001aebdb981d0 Thread exited: 0x000001aebdb981d0
Event: 173360.228 Thread 0x000001aebdb9b180 Thread exited: 0x000001aebdb9b180
Event: 173360.313 Thread 0x000001aebdb9f5a0 Thread exited: 0x000001aebdb9f5a0
Event: 173360.313 Thread 0x000001aebdb9e800 Thread exited: 0x000001aebdb9e800
Event: 173360.726 Thread 0x000001aeaedd8400 Thread added: 0x000001aeaedd8400
Event: 173360.726 Thread 0x000001aeaedd8400 Thread exited: 0x000001aeaedd8400
Event: 173360.788 Thread 0x000001aebdb9eed0 Thread exited: 0x000001aebdb9eed0
Event: 173360.788 Thread 0x000001aebdb9d390 Thread exited: 0x000001aebdb9d390
Event: 173360.790 Thread 0x000001aeaedd8400 Thread added: 0x000001aeaedd8400
Event: 173361.045 Thread 0x000001aeaedcf3a0 Thread exited: 0x000001aeaedcf3a0
Event: 173361.050 Thread 0x000001aebdb9da60 Thread exited: 0x000001aebdb9da60
Event: 173361.051 Thread 0x000001aebdb9e130 Thread exited: 0x000001aebdb9e130
Event: 173361.059 Thread 0x000001aebdb9b180 Thread added: 0x000001aebdb9b180
Event: 173361.059 Thread 0x000001aebdb9b850 Thread added: 0x000001aebdb9b850


Dynamic libraries:
0x00007ff6cd500000 - 0x00007ff6cd508000 	D:\Xlinx\2025.1\Vivado\bin\unwrapped\win64.o\vivado.exe
0x00007ffa1cc50000 - 0x00007ffa1ce48000 	C:\WINDOWS\SYSTEM32\ntdll.dll
0x00007ffa1b1f0000 - 0x00007ffa1b2b2000 	C:\WINDOWS\System32\KERNEL32.DLL
0x00007ffa1a970000 - 0x00007ffa1ac66000 	C:\WINDOWS\System32\KERNELBASE.dll
0x00007ffa153f0000 - 0x00007ffa15484000 	C:\WINDOWS\SYSTEM32\apphelp.dll
0x00007ffa1a6e0000 - 0x00007ffa1a7e0000 	C:\WINDOWS\System32\ucrtbase.dll
0x00007ff9fb220000 - 0x00007ff9fb2a8000 	C:\WINDOWS\SYSTEM32\MSVCP140.dll
0x00007ff9fb390000 - 0x00007ff9fb3ae000 	C:\WINDOWS\SYSTEM32\VCRUNTIME140.dll
0x00007ff9fb380000 - 0x00007ff9fb38b000 	C:\WINDOWS\SYSTEM32\VCRUNTIME140_1.dll
0x00007ffa13910000 - 0x00007ffa13937000 	D:\Xlinx\2025.1\Vivado\lib\win64.o\xv_commonmain.dll
0x00007ff9dfae0000 - 0x00007ff9dfaec000 	D:\Xlinx\2025.1\Vivado\lib\win64.o\xv_commonversion.dll
0x00007ff989470000 - 0x00007ff98949a000 	D:\Xlinx\2025.1\Vivado\lib\win64.o\boost_filesystem.dll
0x00007ffa1b120000 - 0x00007ffa1b1d1000 	C:\WINDOWS\System32\ADVAPI32.dll
0x00007ffa1b2c0000 - 0x00007ffa1b35e000 	C:\WINDOWS\System32\msvcrt.dll
0x00007ffa1adc0000 - 0x00007ffa1ae5f000 	C:\WINDOWS\System32\sechost.dll
0x00007ffa1c6f0000 - 0x00007ffa1c810000 	C:\WINDOWS\System32\RPCRT4.dll
0x00007ffa1a7e0000 - 0x00007ffa1a807000 	C:\WINDOWS\System32\bcrypt.dll
0x00007ff987060000 - 0x00007ff9872b0000 	D:\Xlinx\2025.1\Vivado\lib\win64.o\xv_commonxillic.dll
0x00007ffa1bb60000 - 0x00007ffa1bbcb000 	C:\WINDOWS\System32\WS2_32.dll
0x00007ffa1c990000 - 0x00007ffa1cb31000 	C:\WINDOWS\System32\USER32.dll
0x00007ffa1a630000 - 0x00007ffa1a652000 	C:\WINDOWS\System32\win32u.dll
0x00007ffa1c960000 - 0x00007ffa1c98b000 	C:\WINDOWS\System32\GDI32.dll
0x00007ffa1a470000 - 0x00007ffa1a589000 	C:\WINDOWS\System32\gdi32full.dll
0x00007ffa1a590000 - 0x00007ffa1a62d000 	C:\WINDOWS\System32\msvcp_win.dll
0x00007ff986850000 - 0x00007ff9869f1000 	D:\Xlinx\2025.1\Vivado\lib\win64.o\tcl86t.dll
0x00007ff982b70000 - 0x00007ff9832bb000 	D:\Xlinx\2025.1\Vivado\lib\win64.o\python313.dll
0x00007ff9db2f0000 - 0x00007ff9db2f9000 	C:\WINDOWS\SYSTEM32\WSOCK32.dll
0x00007ff9832c0000 - 0x00007ff984967000 	D:\Xlinx\2025.1\Vivado\lib\win64.o\xv_common.dll
0x00007ffa1b3c0000 - 0x00007ffa1bb30000 	C:\WINDOWS\System32\SHELL32.dll
0x00007ffa1a660000 - 0x00007ffa1a6d3000 	C:\WINDOWS\System32\WINTRUST.dll
0x00007ff9817c0000 - 0x00007ff981ad6000 	D:\Xlinx\2025.1\Vivado\lib\win64.o\libXil_lmgr11.dll
0x00007ffa1ace0000 - 0x00007ffa1adba000 	C:\WINDOWS\System32\COMDLG32.dll
0x00007ffa1c0d0000 - 0x00007ffa1c424000 	C:\WINDOWS\System32\combase.dll
0x00007ffa1c490000 - 0x00007ffa1c53d000 	C:\WINDOWS\System32\shcore.dll
0x00007ff981670000 - 0x00007ff9817b4000 	D:\Xlinx\2025.1\Vivado\lib\win64.o\boost_regex.dll
0x00007ffa1b360000 - 0x00007ffa1b3bb000 	C:\WINDOWS\System32\SHLWAPI.dll
0x00007ffa1cb40000 - 0x00007ffa1cc0d000 	C:\WINDOWS\System32\OLEAUT32.dll
0x00007ffa1c540000 - 0x00007ffa1c66b000 	C:\WINDOWS\System32\ole32.dll
0x00007ffa1a810000 - 0x00007ffa1a96d000 	C:\WINDOWS\System32\CRYPT32.dll
0x00007ffa03b70000 - 0x00007ffa03b89000 	C:\WINDOWS\SYSTEM32\NETAPI32.dll
0x00007ffa1a190000 - 0x00007ffa1a1be000 	C:\WINDOWS\SYSTEM32\USERENV.dll
0x00007ffa11d20000 - 0x00007ffa11d2a000 	C:\WINDOWS\SYSTEM32\VERSION.dll
0x00007ffa028a0000 - 0x00007ffa02d76000 	C:\WINDOWS\SYSTEM32\WININET.dll
0x00007ffa11d30000 - 0x00007ffa11e3a000 	C:\WINDOWS\SYSTEM32\WINHTTP.dll
0x00007ffa01360000 - 0x00007ffa01552000 	C:\WINDOWS\SYSTEM32\urlmon.dll
0x00007ff987030000 - 0x00007ff98705a000 	D:\Xlinx\2025.1\Vivado\lib\win64.o\zlib1.dll
0x00007ff987000000 - 0x00007ff987027000 	D:\Xlinx\2025.1\Vivado\lib\win64.o\boost_thread.dll
0x00007ff98b610000 - 0x00007ff98b629000 	D:\Xlinx\2025.1\Vivado\lib\win64.o\boost_date_time.dll
0x00007ff986820000 - 0x00007ff986844000 	D:\Xlinx\2025.1\Vivado\lib\win64.o\xv_isl_sysinfo.dll
0x00007ff985a10000 - 0x00007ff985aa4000 	D:\Xlinx\2025.1\Vivado\lib\win64.o\boost_program_options.dll
0x00007ff987f50000 - 0x00007ff987f60000 	D:\Xlinx\2025.1\Vivado\lib\win64.o\xv_boost_xilinx.dll
0x00007ff986800000 - 0x00007ff98681c000 	D:\Xlinx\2025.1\Vivado\lib\win64.o\librdiconfig.dll
0x00007ff981ae0000 - 0x00007ff982b6a000 	D:\Xlinx\2025.1\Vivado\lib\win64.o\xv_isl_iostreams.dll
0x00007ff981120000 - 0x00007ff9811c5000 	D:\Xlinx\2025.1\Vivado\lib\win64.o\libhdxml.dll
0x00007ff9867e0000 - 0x00007ff9867fa000 	D:\Xlinx\2025.1\Vivado\lib\win64.o\pthreadVC2.dll
0x00007ff9811d0000 - 0x00007ff981670000 	D:\Xlinx\2025.1\Vivado\lib\win64.o\xv_COIN-all.dll
0x00007ff985990000 - 0x00007ff985a07000 	D:\Xlinx\2025.1\Vivado\lib\win64.o\xv_lmx.dll
0x00007ff97f140000 - 0x00007ff97f1f7000 	D:\Xlinx\2025.1\Vivado\lib\win64.o\libzstd.dll
0x00007ff97f080000 - 0x00007ff97f0a3000 	D:\Xlinx\2025.1\Vivado\lib\win64.o\librdizlib.dll
0x00007ff97f0b0000 - 0x00007ff97f132000 	D:\Xlinx\2025.1\Vivado\lib\win64.o\libhdlpsolve.dll
0x00007ff97f040000 - 0x00007ff97f076000 	C:\WINDOWS\SYSTEM32\VCOMP140.DLL
0x00007ffa054b0000 - 0x00007ffa05560000 	C:\WINDOWS\WinSxS\amd64_microsoft.windows.common-controls_6595b64144ccf1df_5.82.19041.6280_none_792d7c952443c49a\COMCTL32.dll
0x00007ffa13fe0000 - 0x00007ffa13ffd000 	C:\WINDOWS\SYSTEM32\dhcpcsvc.DLL
0x00007ff9fb570000 - 0x00007ff9fb82f000 	C:\WINDOWS\SYSTEM32\iertutil.dll
0x00007ffa03b40000 - 0x00007ffa03b68000 	C:\WINDOWS\SYSTEM32\srvcli.dll
0x00007ffa19700000 - 0x00007ffa1970c000 	C:\WINDOWS\SYSTEM32\netutils.dll
0x00007ffa18310000 - 0x00007ffa18ab5000 	C:\WINDOWS\SYSTEM32\windows.storage.dll
0x00007ff97ed70000 - 0x00007ff97f031000 	D:\Xlinx\2025.1\Vivado\lib\win64.o\xerces-c_3_2.dll
0x00007ff97ed50000 - 0x00007ff97ed6c000 	D:\Xlinx\2025.1\Vivado\lib\win64.o\xv_isl_iosutils.dll
0x00007ffa197e0000 - 0x00007ffa19823000 	C:\WINDOWS\SYSTEM32\LOGONCLI.DLL
0x00007ffa19d10000 - 0x00007ffa19d3b000 	C:\WINDOWS\SYSTEM32\Wldp.dll
0x00007ff97ed20000 - 0x00007ff97ed41000 	D:\Xlinx\2025.1\Vivado\lib\win64.o\boost_iostreams.dll
0x00007ffa0dd00000 - 0x00007ffa0dd19000 	C:\WINDOWS\SYSTEM32\SAMCLI.DLL
0x00007ff97f200000 - 0x00007ff981117000 	D:\Xlinx\2025.1\Vivado\lib\win64.o\gurobi90.dll
0x00007ffa1af10000 - 0x00007ffa1af6e000 	C:\WINDOWS\System32\WLDAP32.dll
0x00007ffa1bb50000 - 0x00007ffa1bb58000 	C:\WINDOWS\System32\Normaliz.dll
0x00007ffa19a20000 - 0x00007ffa19a8a000 	C:\WINDOWS\SYSTEM32\MSWSOCK.DLL
0x00007ffa1c930000 - 0x00007ffa1c95f000 	C:\WINDOWS\System32\IMM32.DLL
0x00007ffa19ea0000 - 0x00007ffa19eb2000 	C:\WINDOWS\SYSTEM32\MSASN1.dll
0x00007ffa19bd0000 - 0x00007ffa19be8000 	C:\WINDOWS\SYSTEM32\CRYPTSP.dll
0x00007ffa192e0000 - 0x00007ffa19318000 	C:\WINDOWS\system32\rsaenh.dll
0x00007ffa19bf0000 - 0x00007ffa19bfc000 	C:\WINDOWS\SYSTEM32\CRYPTBASE.dll
0x00007ffa1a2e0000 - 0x00007ffa1a362000 	C:\WINDOWS\System32\bcryptPrimitives.dll
0x00007ffa18110000 - 0x00007ffa18122000 	C:\WINDOWS\SYSTEM32\kernel.appcore.dll
0x00007ffa1bb30000 - 0x00007ffa1bb4d000 	C:\WINDOWS\System32\imagehlp.dll
0x00007ff97e650000 - 0x00007ff97ed20000 	D:\Xlinx\2025.1\Vivado\lib\win64.o\xv_commontasks.dll
0x00007ff97e150000 - 0x00007ff97e649400 	D:\Xlinx\2025.1\Vivado\lib\win64.o\xv_sio.dll
0x00007ffa196c0000 - 0x00007ffa196fb000 	C:\WINDOWS\SYSTEM32\IPHLPAPI.DLL
0x00007ff97d3c0000 - 0x00007ff97e141000 	D:\Xlinx\2025.1\Vivado\tps\win64\jre21.0.1_12\bin\server\jvm.dll
0x00007ffa19830000 - 0x00007ffa1987b000 	C:\WINDOWS\SYSTEM32\POWRPROF.dll
0x00007ffa07b70000 - 0x00007ffa07b97000 	C:\WINDOWS\SYSTEM32\WINMM.dll
0x00007ffa196a0000 - 0x00007ffa196b2000 	C:\WINDOWS\SYSTEM32\UMPDC.dll
0x00007ffa18ad0000 - 0x00007ffa18af3000 	C:\WINDOWS\SYSTEM32\gpapi.dll
0x00007ffa0f0c0000 - 0x00007ffa0f0f1000 	C:\Windows\System32\cryptnet.dll
0x00007ffa1a210000 - 0x00007ffa1a234000 	C:\WINDOWS\SYSTEM32\profapi.dll
0x00007ffa151b0000 - 0x00007ffa151bb000 	C:\WINDOWS\SYSTEM32\WINNSI.DLL
0x00007ffa1b1e0000 - 0x00007ffa1b1e8000 	C:\WINDOWS\System32\NSI.dll
0x00007ffa1a1c0000 - 0x00007ffa1a1f2000 	C:\WINDOWS\SYSTEM32\SspiCli.dll
0x00007ff9ec200000 - 0x00007ff9ec217000 	C:\WINDOWS\system32\napinsp.dll
0x00007ff9ec1e0000 - 0x00007ff9ec1fb000 	C:\WINDOWS\system32\pnrpnsp.dll
0x00007ffa16aa0000 - 0x00007ffa16abd000 	C:\WINDOWS\system32\wshbth.dll
0x00007ffa15ad0000 - 0x00007ffa15aed000 	C:\WINDOWS\system32\NLAapi.dll
0x00007ffa19710000 - 0x00007ffa197da000 	C:\WINDOWS\SYSTEM32\DNSAPI.dll
0x00007ff9ec1c0000 - 0x00007ff9ec1d2000 	C:\WINDOWS\System32\winrnr.dll
0x00007ffa19400000 - 0x00007ffa19419000 	C:\WINDOWS\SYSTEM32\wkscli.dll
0x00007ff9ea920000 - 0x00007ff9ea932000 	C:\WINDOWS\SYSTEM32\cscapi.dll
0x00007ff9792e0000 - 0x00007ff97d3b1000 	D:\Xlinx\2025.1\Vivado\lib\win64.o\xv_tcltasks.dll
0x00007ff979200000 - 0x00007ff9792d9000 	D:\Xlinx\2025.1\Vivado\lib\win64.o\xv_xhubtasks.dll
0x00007ff978500000 - 0x00007ff9791f4000 	D:\Xlinx\2025.1\Vivado\lib\win64.o\xv_project.dll
0x00007ff9758c0000 - 0x00007ff976712000 	D:\Xlinx\2025.1\Vivado\lib\win64.o\xv_power.dll
0x00007ff976720000 - 0x00007ff9784f9000 	D:\Xlinx\2025.1\Vivado\lib\win64.o\xv_implflow.dll
0x00007ff969540000 - 0x00007ff96a1c7000 	D:\Xlinx\2025.1\Vivado\lib\win64.o\xv_lopt.dll
0x00007ff968fd0000 - 0x00007ff969533000 	D:\Xlinx\2025.1\Vivado\lib\win64.o\xv_dfximpl.dll
0x00007ff968e60000 - 0x00007ff968fc7000 	D:\Xlinx\2025.1\Vivado\lib\win64.o\xv_chipscope.dll
0x00007ff968680000 - 0x00007ff968e53000 	D:\Xlinx\2025.1\Vivado\lib\win64.o\xv_runs.dll
0x00007ff967a00000 - 0x00007ff96867a000 	D:\Xlinx\2025.1\Vivado\lib\win64.o\xv_rsb.dll
0x00007ff966d20000 - 0x00007ff9679f1000 	D:\Xlinx\2025.1\Vivado\lib\win64.o\xv_drc.dll
0x00007ff963f80000 - 0x00007ff96408c000 	D:\Xlinx\2025.1\Vivado\lib\win64.o\xv_dsp.dll
0x00007ff963cf0000 - 0x00007ff963f76000 	D:\Xlinx\2025.1\Vivado\lib\win64.o\xv_chipscopeimpl.dll
0x00007ff96fee0000 - 0x00007ff9758bc000 	D:\Xlinx\2025.1\Vivado\lib\win64.o\xv_route.dll
0x00007ff964090000 - 0x00007ff966d12000 	D:\Xlinx\2025.1\Vivado\lib\win64.o\xv_mig.dll
0x00007ff95f3e0000 - 0x00007ff95f562000 	D:\Xlinx\2025.1\Vivado\lib\win64.o\xv_vsta.dll
0x00007ff95ef20000 - 0x00007ff95f3dc000 	D:\Xlinx\2025.1\Vivado\lib\win64.o\xv_dlyest.dll
0x00007ff96a1d0000 - 0x00007ff96fed5000 	D:\Xlinx\2025.1\Vivado\lib\win64.o\xv_place.dll
0x00007ff95e7d0000 - 0x00007ff95e852000 	D:\Xlinx\2025.1\Vivado\lib\win64.o\xv_pfi.dll
0x00007ff960ef0000 - 0x00007ff963ce4000 	D:\Xlinx\2025.1\Vivado\lib\win64.o\xv_coregen.dll
0x00007ff95e860000 - 0x00007ff95ef20000 	D:\Xlinx\2025.1\Vivado\lib\win64.o\xv_memdata.dll
0x00007ff95f570000 - 0x00007ff960eec000 	D:\Xlinx\2025.1\Vivado\lib\win64.o\xv_timing.dll

dbghelp: loaded successfully - version: 4.0.5 - missing functions: none
symbol engine: initialized successfully - sym options: 0x614 - pdb path: .;D:\Xlinx\2025.1\Vivado\bin\unwrapped\win64.o;C:\WINDOWS\SYSTEM32;D:\Xlinx\2025.1\Vivado\lib\win64.o;C:\WINDOWS\WinSxS\amd64_microsoft.windows.common-controls_6595b64144ccf1df_5.82.19041.6280_none_792d7c952443c49a;D:\Xlinx\2025.1\Vivado\tps\win64\jre21.0.1_12\bin\server;D:\Xlinx\2025.1\Vivado\tps\win64\jre21.0.1_12\bin;C:\WINDOWS\WinSxS\amd64_microsoft.windows.common-controls_6595b64144ccf1df_6.0.19041.6456_none_60b8a6cb71f64256

VM Arguments:
jvm_args: -Dsun.java2d.pmoffscreen=false -Dhttps.protocols=TLSv1,TLSv1.1,TLSv1.2 -Dsun.java2d.xrender=false -Dsun.java2d.d3d=false -Dsun.awt.nopixfmt=true -Dsun.java2d.dpiaware=true -Dsun.java2d.uiScale.enabled=false -Dswing.aatext=true -XX:-UsePerfData -Djdk.map.althashing.threshold=512 -XX:StringTableSize=4072 -XX:+UseStringDeduplication -XX:MaxGCPauseMillis=200 -XX:ParallelGCThreads=4 -XX:+ParallelRefProcEnabled --add-opens=java.desktop/javax.swing.plaf.synth=ALL-UNNAMED --add-opens=java.base/java.nio=ALL-UNNAMED --add-opens=java.desktop/sun.swing=ALL-UNNAMED --add-opens=java.desktop/javax.swing=ALL-UNNAMED --add-opens=java.desktop/javax.swing.tree=ALL-UNNAMED --add-opens=java.desktop/javax.swing.plaf.basic=ALL-UNNAMED --add-opens=java.desktop/javax.swing.plaf.synth=ALL-UNNAMED --add-opens=java.desktop/javax.swing.plaf.basic=ALL-UNNAMED --add-opens=java.desktop/javax.swing=ALL-UNNAMED --add-opens=java.desktop/javax.swing.tree=ALL-UNNAMED --add-opens=java.desktop/java.awt.event=ALL-UNNAMED --add-exports=java.desktop/javax.swing.plaf.synth=ALL-UNNAMED --add-exports=java.base/java.nio=ALL-UNNAMED --add-exports=java.desktop/sun.swing=ALL-UNNAMED --add-exports=java.desktop/javax.swing=ALL-UNNAMED --add-exports=java.desktop/javax.swing.tree=ALL-UNNAMED --add-exports=java.desktop/javax.swing.plaf.basic=ALL-UNNAMED --add-exports=java.desktop/sun.swing=ALL-UNNAMED --add-exports=java.desktop/sun.swing.table=ALL-UNNAMED --add-exports=java.desktop/sun.swing.plaf.synth=ALL-UNNAMED --add-exports=java.desktop/sun.awt.shell=ALL-UNNAMED --add-exports=java.base/sun.security.action=ALL-UNNAMED --add-exports=java.desktop/sun.font=ALL-UNNAMED -XX:NewSize=80m -XX:MaxNewSize=80m -Xms812m -Xmx6144m -Xss10m 
java_command: <unknown>
java_class_path (initial): D:/Xlinx/2025.1/Vivado\lib\classes\apiguardian-api-1.1.0.jar;D:/Xlinx/2025.1/Vivado\lib\classes\asm-9.6-11.0.11-62.jar;D:/Xlinx/2025.1/Vivado\lib\classes\asm-analysis-9.6-11.0.11-62.jar;D:/Xlinx/2025.1/Vivado\lib\classes\asm-commons-9.6-11.0.11-62.jar;D:/Xlinx/2025.1/Vivado\lib\classes\asm-tree-9.6-11.0.11-62.jar;D:/Xlinx/2025.1/Vivado\lib\classes\autoesl-models-1.0.0-62.jar;D:/Xlinx/2025.1/Vivado\lib\classes\batik-anim-1.0.0-62.jar;D:/Xlinx/2025.1/Vivado\lib\classes\batik-awt-util-1.0.0-62.jar;D:/Xlinx/2025.1/Vivado\lib\classes\batik-bridge-1.0.0-62.jar;D:/Xlinx/2025.1/Vivado\lib\classes\batik-codec-1.0.0-62.jar;D:/Xlinx/2025.1/Vivado\lib\classes\batik-constants-1.0.0-62.jar;D:/Xlinx/2025.1/Vivado\lib\classes\batik-css-1.0.0-62.jar;D:/Xlinx/2025.1/Vivado\lib\classes\batik-dom-1.0.0-62.jar;D:/Xlinx/2025.1/Vivado\lib\classes\batik-ext-1.0.0-62.jar;D:/Xlinx/2025.1/Vivado\lib\classes\batik-gui-util-1.0.0-62.jar;D:/Xlinx/2025.1/Vivado\lib\classes\batik-gvt-1.0.0-62.jar;D:/Xlinx/2025.1/Vivado\lib\classes\batik-i18n-1.0.0-62.jar;D:/Xlinx/2025.1/Vivado\lib\classes\batik-parser-1.0.0-62.jar;D:/Xlinx/2025.1/Vivado\lib\classes\batik-script-1.0.0-62.jar;D:/Xlinx/2025.1/Vivado\lib\classes\batik-svg-dom-1.0.0-62.jar;D:/Xlinx/2025.1/Vivado\lib\classes\batik-svggen-1.0.0-62.jar;D:/Xlinx/2025.1/Vivado\lib\classes\batik-swing-1.0.0-62.jar;D:/Xlinx/2025.1/Vivado\lib\classes\batik-transcoder-1.0.0-62.jar;D:/Xlinx/2025.1/Vivado\lib\classes\batik-util-1.0.0-62.jar;D:/Xlinx/2025.1/Vivado\lib\classes\batik-xml-1.0.0-62.jar;D:/Xlinx/2025.1/Vivado\lib\classes\checker-qual-3.12.0.jar;D:/Xlinx/2025.1/Vivado\lib\classes\com.fasterxml.jackson.core.jackson-annotations_2.12.1.v20210128-1726-1.0.0-62.jar;D:/Xlinx/2025.1/Vivado\lib\classes\com.fasterxml.jackson.core.jackson-annotations_2.12.1.v20210128-1726-1.5.0-62.jar;D:/Xlinx/2025.1/Vivado\lib\classes\com.fasterxml.jackson.core.jackson-core_2.12.1.v20210128-1726-1.0.0-62.jar;D:/Xlinx/2025.1/Vivado\lib\classes\com.fasterxml.jackson.core.jackson-core_2.12.1.v20210128-1726-1.5.0-62.jar;D:/Xlinx/2025.1/Vivado\lib\classes\com.fasterxml.jackson.core.jackson-databind_2.12.1.v20210128-1726-1.0.0-62.jar;D:/Xlinx/2025.1/Vivado\lib\classes\com.fasterxml.jackson.core.jackson-databind_2.12.1.v20210128-1726-1.5.0-62.jar;D:/Xlinx/2025.1/Vivado\lib\classes\com.google.gson_2.8.9.v20220111-1409-1.5.0-62.jar;D:/Xlinx/2025.1/Vivado\lib\classes\com.google.guava_30.1.0.v20210127-2300-1.5.0-62.jar;D:/Xlinx/2025.1/Vivado\lib\classes\com.sigasi.hdt.connection_4.17.2.202304211001-1.5.0-62.jar;D:/Xlinx/2025.1/Vivado\lib\classes\com.sigasi.hdt.epl_4.17.2.202304211001-1.5.0-62.jar;D:/Xlinx/2025.1/Vivado\lib\classes\com.sigasi.hdt.project_4.17.2.202304211001-1.5.0-62.jar;D:/Xlinx/2025.1/Vivado\lib\classes\com.sigasi.hdt.readonlyfilesystem_4.17.2.202304211001-1.5.0-62.jar;D:/Xlinx/2025.1/Vivado\lib\classes\com.sigasi.hdt.shared_4.17.2.202304211001-1.5.0-62.jar;D:/Xlinx/2025.1/Vivado\lib\classes\com.sigasi.lcm_4.17.2.202304211001-1.5.0-62.jar;D:/Xlinx/2025.1/Vivado\lib\classes\com.sigasi.lsp.server.extensions_4.17.2.202304211001-1.5.0-62.jar;D:/Xlinx/2025.1/Vivado\lib\classes\com.sigasi.sdk.client_1.5.0.202304211001-1.5.0-62.jar;D:/Xlinx/2025.1/Vivado\lib\classes\commons-collections4-4.1-3.7.8-62.jar;D:/Xlinx/2025.1/Vivado\lib\classes\commons-compress-1.21-3.7.8-62.jar;D:/Xlinx/2025.1/Vivado\lib\classes\commons-io-2.15.0-11.0.11-62.jar;D:/Xlinx/2025.1/Vivado\lib\classes\commons-io-2.6.jar;D:/Xlinx/2025.1/Vivado\lib\classes\commons-lang3-3.14.0-11.0.11-62.jar;D:/Xlinx/2025.1/Vivado\lib\classes\commons-math-2.2-3.7.8-62.jar;D:/Xlinx/2025.1/Vivado\lib\classes\DispatchProtocol-1.24.0-526.jar;D:/Xlinx/2025.1/Vivado\lib\classes\dom4j-1.6.1-3.7.8-62.jar;D:/Xlinx/2025.1/Vivado\lib\classes\error_prone_annotations-2.11.0.jar;D:/Xlinx/2025.1/Vivado\lib\classes\failureaccess-1.0.1.jar;D:/Xlinx/2025.1/Vivado\lib\classes\frank_frameworks-1.0.0-526.jar;D:/Xlinx/2025.1/Vivado\lib\classes\gson-2.8.9.jar;D:/Xlinx/2025.1/Vivado\lib\classes\guava-31.1-android.jar;D:/Xlinx/2025.1/Vivado\lib\classes\help-1.24.0-356.jar;D:/Xlinx/2025.1/Vivado\lib\classes\hsqldb-3.7.8-62.jar;D:/Xlinx/2025.1/Vivado\lib\classes\j2objc-annotations-1.3.jar;D:/Xlinx/2025.1/Vivado\lib\classes\jakarta.annotation-api-2.1.0-11.0.11-62.jar;D:/Xlinx/2025.1/Vivado\lib\classes\jakarta.json-2.0.0-RC2-1.5.0-62.jar;D:/Xlinx/2025.1/Vivado\lib\classes\jakarta.json-api-2.0.0-RC2-1.5.0-62.jar;D:/Xlinx/2025.1/Vivado\lib\classes\jakarta.transaction-api-2.0.0-11.0.11-62.jar;D:/Xlinx/2025.1/Vivado\lib\classes\jaxb-api-2.3.0.jar;D:/Xlinx/2025.1/Vivado\lib\classes\jericho-html-3.4-1.0.0-62.jar;D:/Xlinx/2025.1/Vivado\lib\classes\jetty-jakarta-servlet-api-5.0.2-11.0.11-62.jar;D:/Xlinx/2025.1/Vivado\lib\classes\jh-2.0.05-62.jar;D:/Xlinx/2025.1/Vivado\lib\classes\jide-action-3.7.8-62.jar;D:/Xlinx/2025.1/Vivado\lib\classes\jide-charts-3.7.8-62.jar;D:/Xlinx/2025.1/Vivado\lib\classes\jide-common-3.7.8-62.jar;D:/Xlinx/2025.1/Vivado\lib\classes\jide-components-3.7.8-62.jar;D:/Xlinx/2025.1/Vivado\lib\classes\jide-dashboard-3.7.8-62.jar;D:/Xlinx/2025.1/Vivado\lib\classes\jide-data-3.7.8-62.jar;D:/Xlinx/2025.1/Vivado\lib\classes\jide-dialogs-3.7.8-62.jar;D:/Xlinx/2025.1/Vivado\lib\classes\jide-diff-3.7.8-62.jar;D:/Xlinx/2025.1/Vivado\lib\classes\jide-dock-3.7.8-62.jar;D:/Xlinx/2025.1/Vivado\lib\classes\jide-editor-3.7.8-62.jar;D:/Xlinx/2025.1/Vivado\lib\classes\jide-gantt-3.7.8-62.jar;D:/Xlinx/2025.1/Vivado\lib\classes\jide-grids-3.7.8-62.jar;D:/Xlinx/2025.1/Vivado\lib\classes\jide-pivot-3.7.8-62.jar;D:/Xlinx/2025.1/Vivado\lib\classes\jide-plaf-jdk7-3.7.8-62.jar;D:/Xlinx/2025.1/Vivado\lib\classes\jide-properties-3.7.8-62.jar;D:/Xlinx/2025.1/Vivado\lib\classes\jide-shortcut-3.7.8-62.jar;D:/Xlinx/2025.1/Vivado\lib\classes\jide-treemap-3.7.8-62.jar;D:/Xlinx/2025.1/Vivado\lib\classes\JRCClient-1.24.0-526.jar;D:/Xlinx/2025.1/Vivado\lib\classes\jsr305-3.0.2.jar;D:/Xlinx/2025.1/Vivado\lib\classes\junit-jupiter-api-5.6.2.jar;D:/Xlinx/2025.1/Vivado\lib\classes\junit-platform-commons-1.6.2.jar;D:/Xlinx/2025.1/Vivado\lib\classes\justify-3.0.0-RC2-1.5.0-62.jar;D:/Xlinx/2025.1/Vivado\lib\classes\jydocking-3.3.1-62.jar;D:/Xlinx/2025.1/Vivado\lib\classes\jytable-3.3.1-62.jar;D:/Xlinx/2025.1/Vivado\lib\classes\jywidgets-3.3.1-62.jar;D:/Xlinx/2025.1/Vivado\lib\classes\listenablefuture-9999.0-empty-to-avoid-conflict-with-guava.jar;D:/Xlinx/2025.1/Vivado\lib\classes\log4j-1.2-api-2.17.1-1.5.0-62.jar;D:/Xlinx/2025.1/Vivado\lib\classes\log4j-api-2.17.1-1.5.0-62.jar;D:/Xlinx/2025.1/Vivado\lib\classes\log4j-core-2.17.1-1.5.0-62.jar;D:/Xlinx/2025.1/Vivado\lib\classes\lucene-analyzers-common-4.10.2-3.7.8-62.jar;D:/Xlinx/2025.1/Vivado\lib\classes\lucene-core-4.10.2-3.7.8-62.jar;D:/Xlinx/2025.1/Vivado\lib\classes\lucene-queryparser-4.10.2-3.7.8-62.jar;D:/Xlinx/2025.1/Vivado\lib\classes\miglayout-3.7.3.1.jar;D:/Xlinx/2025.1/Vivado\lib\classes\nlview_java-1.0.0-62.jar;D:/Xlinx/2025.1/Vivado\lib\classes\opentest4j-1.2.0.jar;D:/Xlinx/2025.1/Vivado\lib\classes\org.apache.commons.lang_2.6.0.v201404270220-1.0.0-62.jar;D:/Xlinx/2025.1/Vivado\lib\classes\org.eclipse.core.commands-3.6.0-1.0.0-62.jar;D:/Xlinx/2025.1/Vivado\lib\classes\org.eclipse.core.filesystem_1.7.400.v20190518-1151-1.0.0-62.jar;D:/Xlinx/2025.1/Vivado\lib\classes\org.eclipse.core.jobs_3.10.400.v20190506-1457-1.0.0-62.jar;D:/Xlinx/2025.1/Vivado\lib\classes\org.eclipse.core.resources_3.13.400.v20190505-1655-1.0.0-62.jar;D:/Xlinx/2025.1/Vivado\lib\classes\org.eclipse.emf.common_2.18.0.v20191225-1014-1.0.0-62.jar;D:/Xlinx/2025.1/Vivado\lib\classes\org.eclipse.emf.common_2.24.0.v20220123-0838-1.5.0-62.jar;D:/Xlinx/2025.1/Vivado\lib\classes\org.eclipse.emf.ecore.xmi_2.16.0.v20190528-0725-1.0.0-62.jar;D:/Xlinx/2025.1/Vivado\lib\classes\org.eclipse.emf.ecore_2.21.0.v20200127-1342-1.0.0-62.jar;D:/Xlinx/2025.1/Vivado\lib\classes\org.eclipse.equinox.common_3.11.0.v20200206-0817-1.0.0-62.jar;D:/Xlinx/2025.1/Vivado\lib\classes\org.eclipse.equinox.registry_3.8.400.v20190516-1504-1.0.0-62.jar;D:/Xlinx/2025.1/Vivado\lib\classes\org.eclipse.jetty.alpn.client_11.0.18-11.0.11-62.jar;D:/Xlinx/2025.1/Vivado\lib\classes\org.eclipse.jetty.annotations_11.0.18-11.0.11-62.jar;D:/Xlinx/2025.1/Vivado\lib\classes\org.eclipse.jetty.client_11.0.18-11.0.11-62.jar;D:/Xlinx/2025.1/Vivado\lib\classes\org.eclipse.jetty.http_11.0.18-11.0.11-62.jar;D:/Xlinx/2025.1/Vivado\lib\classes\org.eclipse.jetty.io_11.0.18-11.0.11-62.jar;D:/Xlinx/2025.1/Vivado\lib\classes\org.eclipse.jetty.jndi_11.0.18-11.0.11-62.jar;D:/Xlinx/2025.1/Vivado\lib\classes\org.eclipse.jetty.plus_11.0.18-11.0.11-62.jar;D:/Xlinx/2025.1/Vivado\lib\classes\org.eclipse.jetty.security_11.0.18-11.0.11-62.jar;D:/Xlinx/2025.1/Vivado\lib\classes\org.eclipse.jetty.server_11.0.18-11.0.11-62.jar;D:/Xlinx/2025.1/Vivado\lib\classes\org.eclipse.jetty.servlet_11.0.18-11.0.11-62.jar;D:/Xlinx/2025.1/Vivado\lib\classes\org.eclipse.jetty.util_11.0.18-11.0.11-62.jar;D:/Xlinx/2025.1/Vivado\lib\classes\org.eclipse.jetty.webapp_11.0.18-11.0.11-62.jar;D:/Xlinx/2025.1/Vivado\lib\classes\org.eclipse.jetty.websocket.api_11.0.18-11.0.11-62.jar;D:/Xlinx/2025.1/Vivado\lib\classes\org.eclipse.jetty.websocket.client_11.0.18-11.0.11-62.jar;D:/Xlinx/2025.1/Vivado\lib\classes\org.eclipse.jetty.websocket.common_11.0.18-11.0.11-62.jar;D:/Xlinx/2025.1/Vivado\lib\classes\org.eclipse.jetty.websocket.core.client_11.0.18-11.0.11-62.jar;D:/Xlinx/2025.1/Vivado\lib\classes\org.eclipse.jetty.websocket.core.common_11.0.18-11.0.11-62.jar;D:/Xlinx/2025.1/Vivado\lib\classes\org.eclipse.jetty.websocket.core.server_11.0.18-11.0.11-62.jar;D:/Xlinx/2025.1/Vivado\lib\classes\org.eclipse.jetty.websocket.server_11.0.18-11.0.11-62.jar;D:/Xlinx/2025.1/Vivado\lib\classes\org.eclipse.jetty.websocket.servlet_11.0.18-11.0.11-62.jar;D:/Xlinx/2025.1/Vivado\lib\classes\org.eclipse.jetty.xml_11.0.18-11.0.11-62.jar;D:/Xlinx/2025.1/Vivado\lib\classes\org.eclipse.lsp4j.jsonrpc_0.12.0.v20210402-1305-1.5.0-62.jar;D:/Xlinx/2025.1/Vivado\lib\classes\org.eclipse.lsp4j_0.12.0.v20210402-1305-1.5.0-62.jar;D:/Xlinx/2025.1/Vivado\lib\classes\org.eclipse.xtext.util_2.18.0.v20190603-1042-1.0.0-62.jar;D:/Xlinx/2025.1/Vivado\lib\classes\org.eclipse.xtext.util_2.26.0.v20220228-0751-1.5.0-62.jar;D:/Xlinx/2025.1/Vivado\lib\classes\org.eclipse.xtext.xbase.lib_2.26.0.v20220228-0748-1.5.0-62.jar;D:/Xlinx/2025.1/Vivado\lib\classes\picocli-4.1.2.jar;D:/Xlinx/2025.1/Vivado\lib\classes\planAhead.jar;D:/Xlinx/2025.1/Vivado\lib\classes\poi-4.1.1-3.7.8-62.jar;D:/Xlinx/2025.1/Vivado\lib\classes\poi-ooxml-4.1.1-3.7.8-62.jar;D:/Xlinx/2025.1/Vivado\lib\classes\poi-ooxml-schemas-4.1.1-3.7.8-62.jar;D:/Xlinx/2025.1/Vivado\lib\classes\protobuf-java-3.21.12.jar;D:/Xlinx/2025.1/Vivado\lib\classes\protobuf-java-util-3.21.12.jar;D:/Xlinx/2025.1/Vivado\lib\classes\RuleService-1.24.0-526.jar;D:/Xlinx/2025.1/Vivado\lib\classes\slf4j-api-2.0.9-11.0.11-62.jar;D:/Xlinx/2025.1/Vivado\lib\classes\swingx-core-1.6.2-62.jar;D:/Xlinx/2025.1/Vivado\lib\classes\synthetica-3.3.1-62.jar;D:/Xlinx/2025.1/Vivado\lib\classes\syntheticaAddons-3.3.1-62.jar;D:/Xlinx/2025.1/Vivado\lib\classes\syntheticaDark-3.3.1-62.jar;D:/Xlinx/2025.1/Vivado\lib\classes\syntheticaPlain-3.3.1-62.jar;D:/Xlinx/2025.1/Vivado\lib\classes\syntheticaPlainAddon-3.3.1-62.jar;D:/Xlinx/2025.1/Vivado\lib\classes\sysgen.jar;D:/Xlinx/2025.1/Vivado\lib\classes\va-shared-1.0.0-526.jar;D:/Xlinx/2025.1/Vivado\lib\classes\VlmGUI.jar;D:/Xlinx/2025.1/Vivado\lib\classes\xml-apis-ext-1.0.0-62.jar;D:/Xlinx/2025.1/Vivado\lib\classes\xmlbeans-3.1.0-3.7.8-62.jar;D:/Xlinx/2025.1/Vivado\lib\classes\xmlgraphics-commons-1.0.0-62.jar;D:/Xlinx/2025.1/Vivado\lib\classes\yfiles-for-java-swing-3.3.0-62.jar;D:/Xlinx/2025.1/Vivado\lib\classes\windows\gluegen-rt-95.0.4638.69.jar;D:/Xlinx/2025.1/Vivado\lib\classes\windows\gluegen-rt-natives-windows-amd64-95.0.4638.69.jar;D:/Xlinx/2025.1/Vivado\lib\classes\windows\javafx-swt-21.0.1.jar;D:/Xlinx/2025.1/Vivado\lib\classes\windows\javafx.base-21.0.1.jar;D:/Xlinx/2025.1/Vivado\lib\classes\windows\javafx.controls-21.0.1.jar;D:/Xlinx/2025.1/Vivado\lib\classes\windows\javafx.fxml-21.0.1.jar;D:/Xlinx/2025.1/Vivado\lib\classes\windows\javafx.graphics-21.0.1.jar;D:/Xlinx/2025.1/Vivado\lib\classes\windows\javafx.media-21.0.1.jar;D:/Xlinx/2025.1/Vivado\lib\classes\windows\javafx.swing-21.0.1.jar;D:/Xlinx/2025.1/Vivado\lib\classes\windows\javafx.web-21.0.1.jar;D:/Xlinx/2025.1/Vivado\lib\classes\windows\jcef-95.0.4638.69.jar;D:/Xlinx/2025.1/Vivado\lib\classes\windows\jcef-tests-95.0.4638.69.jar;D:/Xlinx/2025.1/Vivado\lib\classes\windows\jogl-all-95.0.4638.69.jar;D:/Xlinx/2025.1/Vivado\lib\classes\windows\jogl-all-natives-windows-amd64-95.0.4638.69.jar
Launcher Type: generic

[Global flags]
     intx CICompilerCount                          = 12                                        {product} {ergonomic}
     uint ConcGCThreads                            = 1                                         {product} {ergonomic}
     uint G1ConcRefinementThreads                  = 4                                         {product} {ergonomic}
   size_t G1HeapRegionSize                         = 4194304                                   {product} {ergonomic}
    uintx GCDrainStackTargetSize                   = 64                                        {product} {ergonomic}
   size_t InitialHeapSize                          = 851443712                                 {product} {command line}
   size_t MarkStackSize                            = 4194304                                   {product} {ergonomic}
    uintx MaxGCPauseMillis                         = 200                                       {product} {command line}
   size_t MaxHeapSize                              = 6442450944                                {product} {command line}
   size_t MaxNewSize                               = 83886080                                  {product} {command line}
   size_t MinHeapDeltaBytes                        = 4194304                                   {product} {ergonomic}
   size_t MinHeapSize                              = 851443712                                 {product} {command line}
   size_t NewSize                                  = 83886080                                  {product} {command line}
    uintx NonNMethodCodeHeapSize                   = 7602480                                {pd product} {ergonomic}
    uintx NonProfiledCodeHeapSize                  = 122027880                              {pd product} {ergonomic}
     uint ParallelGCThreads                        = 4                                         {product} {command line}
     bool ParallelRefProcEnabled                   = true                                      {product} {command line}
    uintx ProfiledCodeHeapSize                     = 122027880                              {pd product} {ergonomic}
    uintx ReservedCodeCacheSize                    = 251658240                              {pd product} {ergonomic}
     bool SegmentedCodeCache                       = true                                      {product} {ergonomic}
   size_t SoftMaxHeapSize                          = 6442450944                             {manageable} {ergonomic}
    uintx StringTableSize                          = 4072                                      {product} {command line}
     intx ThreadStackSize                          = 10240                                  {pd product} {command line}
     bool UseCompressedOops                        = true                           {product lp64_product} {ergonomic}
     bool UseG1GC                                  = true                                      {product} {ergonomic}
     bool UseLargePagesIndividualAllocation        = false                                  {pd product} {ergonomic}
     bool UsePerfData                              = false                                     {product} {command line}
     bool UseStringDeduplication                   = true                                      {product} {command line}

Logging:
Log output configuration:
 #0: stdout all=warning uptime,level,tags foldmultilines=false
 #1: stderr all=off uptime,level,tags foldmultilines=false

Environment Variables:
PATH=D:/Xlinx/2025.1/Vivado\gnuwin\bin;D:/Xlinx/2025.1/Vivado\gnu\microblaze\nt\bin;D:/Xlinx/2025.1/Vivado/bin;D:/Xlinx/2025.1/Vivado\tps\win64;D:/Xlinx/2025.1/Vivado/tps/win64/java-cef-95.0.4638.69/bin/lib/win64;D:/Xlinx/2025.1/Vivado/tps/win64/javafx-sdk-21.0.1/lib;D:/Xlinx/2025.1/Vivado/tps/win64/javafx-sdk-21.0.1/bin;D:/Xlinx/2025.1/Vivado/lib/win64.o;D:/Xlinx/2025.1/Vivado/tps/win64/jre21.0.1_12/bin/server;D:/Xlinx/2025.1/Vivado/tps/win64/jre21.0.1_12/bin;D:/Xlinx/2025.1/Vitis/bin;D:/Xlinx/2025.1/Vivado/ids_lite/ISE/bin/nt64;D:/Xlinx/2025.1/Vivado/ids_lite/ISE/lib/nt64;C:\Program Files\Common Files\Oracle\Java\javapath;C:\WINDOWS\system32;C:\WINDOWS;C:\WINDOWS\System32\Wbem;C:\WINDOWS\System32\WindowsPowerShell\v1.0\;C:\WINDOWS\System32\OpenSSH\;C:\Program Files\dotnet\;D:\mingw64\bin;C:\Program Files\NVIDIA Corporation\NVIDIA App\NvDLISR;C:\Program Files (x86)\NVIDIA Corporation\PhysX\Common;D:\Git\cmd;D:\Cmake\bin;D:\Windows Kits\10\Windows Performance Toolkit\;E:\WezTerm;E:\NOTE\;C:\Users\22301\AppData\Local\Programs\Python\Python313\Scripts\;C:\Users\22301\AppData\Local\Programs\Python\Python313\;C:\Users\22301\AppData\Local\Microsoft\WindowsApps;D:\Microsoft VS Code\bin;D:\MSYS2\ucrt64\bin;D:\MSYS2\usr\bin;C:\Users\22301\AppData\Roaming\npm;D:/Xlinx/2025.1/Vivado\tps\mingw\6.2.0\win64.o\nt\bin;D:/Xlinx/2025.1/Vivado\tps\mingw\6.2.0\win64.o\nt\libexec\gcc\x86_64-w64-mingw32\6.2.0;D:/Xlinx/2025.1/Vivado\tps\win64\python-3.13.0;D:/Xlinx/2025.1/Vivado\tps\win64\python-3.13.0\bin;D:/Xlinx/2025.1/Vivado\tps\win64\python-3.13.0\lib;D:/Xlinx/2025.1/Vivado\tps\win64\python-3.13.0\lib\site-packages
USERNAME=22301
OS=Windows_NT
PROCESSOR_IDENTIFIER=AMD64 Family 25 Model 80 Stepping 0, AuthenticAMD
TMP=C:\Users\22301\AppData\Local\Temp
TEMP=C:\Users\22301\AppData\Local\Temp




Periodic native trim disabled

---------------  S Y S T E M  ---------------

OS:
 Windows 10 , 64 bit Build 19041 (10.0.19041.5915)
OS uptime: 2 days 0:12 hours
Hyper-V role detected

CPU: total 16 (initial active 16) (16 cores per cpu, 2 threads per core) family 25 model 80 stepping 0 microcode 0x0, cx8, cmov, fxsr, ht, mmx, 3dnowpref, sse, sse2, sse3, ssse3, sse4a, sse4.1, sse4.2, popcnt, lzcnt, tsc, tscinvbit, avx, avx2, aes, erms, clmul, bmi1, bmi2, adx, sha, fma, vzeroupper, clflush, clflushopt, hv, rdtscp, rdpid, fsrm, f16c, cet_ss
Processor Information for all 16 processors :
  Max Mhz: 3201, Current Mhz: 3201, Mhz Limit: 3201

Memory: 4k page, system-wide physical 16236M (4874M free)
TotalPageFile size 30583M (AvailPageFile size 5563M)
current process WorkingSet (physical memory assigned to process): 973M, peak: 1373M
current process commit charge ("private bytes"): 3122M, peak: 5207M

vm_info: OpenJDK 64-Bit Server VM (21.0.1+12-LTS) for windows-amd64 JRE (21.0.1+12-LTS), built on 2023-10-17T00:00:00Z by "admin" with unknown MS VC++:1937

END.
