Copyright 1986-2022 Xilinx, Inc. All Rights Reserved. Copyright 2022-2025 Advanced Micro Devices, Inc. All Rights Reserved.
---------------------------------------------------------------------------------------------------------------------------------------------------------------------------------------------------------------------------------------------
| Tool Version : Vivado v.2025.1 (win64) Build 6140274 Thu May 22 00:12:29 MDT 2025
| Date         : Wed May  6 22:01:17 2026
| Host         : DESKTOP-KKLUIKL running 64-bit major release  (build 9200)
| Command      : report_timing_summary -max_paths 10 -report_unconstrained -warn_on_violation -file TOP_timing_summary_postroute_physopted.rpt -pb TOP_timing_summary_postroute_physopted.pb -rpx TOP_timing_summary_postroute_physopted.rpx
| Design       : TOP
| Device       : 7a35t-fgg484
| Speed File   : -2  PRODUCTION 1.23 2018-06-13
| Design State : Physopt postRoute
---------------------------------------------------------------------------------------------------------------------------------------------------------------------------------------------------------------------------------------------

Timing Summary Report

------------------------------------------------------------------------------------------------
| Timer Settings
| --------------
------------------------------------------------------------------------------------------------

  Enable Multi Corner Analysis               :  Yes
  Enable Pessimism Removal                   :  Yes
  Pessimism Removal Resolution               :  Nearest Common Node
  Enable Input Delay Default Clock           :  No
  Enable Preset / Clear Arcs                 :  No
  Disable Flight Delays                      :  No
  Ignore I/O Paths                           :  No
  Timing Early Launch at Borrowing Latches   :  No
  Borrow Time for Max Delay Exceptions       :  Yes
  Merge Timing Exceptions                    :  Yes
  Inter-SLR Compensation                     :  Conservative

  Corner  Analyze    Analyze    
  Name    Max Paths  Min Paths  
  ------  ---------  ---------  
  Slow    Yes        Yes        
  Fast    Yes        Yes        


------------------------------------------------------------------------------------------------
| Report Methodology
| ------------------
------------------------------------------------------------------------------------------------

Rule       Severity  Description                    Violations  
---------  --------  -----------------------------  ----------  
TIMING-18  Warning   Missing input or output delay  4           

Note: This report is based on the most recent report_methodology run and may not be up-to-date. Run report_methodology on the current design for the latest report.



check_timing report

Table of Contents
-----------------
1. checking no_clock (0)
2. checking constant_clock (0)
3. checking pulse_width_clock (0)
4. checking unconstrained_internal_endpoints (0)
5. checking no_input_delay (3)
6. checking no_output_delay (1)
7. checking multiple_clock (0)
8. checking generated_clocks (0)
9. checking loops (0)
10. checking partial_input_delay (0)
11. checking partial_output_delay (0)
12. checking latch_loops (0)

1. checking no_clock (0)
------------------------
 There are 0 register/latch pins with no clock.


2. checking constant_clock (0)
------------------------------
 There are 0 register/latch pins with constant_clock.


3. checking pulse_width_clock (0)
---------------------------------
 There are 0 register/latch pins which need pulse_width check


4. checking unconstrained_internal_endpoints (0)
------------------------------------------------
 There are 0 pins that are not constrained for maximum delay.

 There are 0 pins that are not constrained for maximum delay due to constant clock.


5. checking no_input_delay (3)
------------------------------
 There are 3 input ports with no input delay specified. (HIGH)

 There are 0 input ports with no input delay but user has a false path constraint.


6. checking no_output_delay (1)
-------------------------------
 There is 1 port with no output delay specified. (HIGH)

 There are 0 ports with no output delay but user has a false path constraint

 There are 0 ports with no output delay but with a timing clock defined on it or propagating through it


7. checking multiple_clock (0)
------------------------------
 There are 0 register/latch pins with multiple clocks.


8. checking generated_clocks (0)
--------------------------------
 There are 0 generated clocks that are not connected to a clock source.


9. checking loops (0)
---------------------
 There are 0 combinational loops in the design.


10. checking partial_input_delay (0)
------------------------------------
 There are 0 input ports with partial input delay specified.


11. checking partial_output_delay (0)
-------------------------------------
 There are 0 ports with partial output delay specified.


12. checking latch_loops (0)
----------------------------
 There are 0 combinational latch loops in the design through latch input



------------------------------------------------------------------------------------------------
| Design Timing Summary
| ---------------------
------------------------------------------------------------------------------------------------

    WNS(ns)      TNS(ns)  TNS Failing Endpoints  TNS Total Endpoints      WHS(ns)      THS(ns)  THS Failing Endpoints  THS Total Endpoints     WPWS(ns)     TPWS(ns)  TPWS Failing Endpoints  TPWS Total Endpoints  
    -------      -------  ---------------------  -------------------      -------      -------  ---------------------  -------------------     --------     --------  ----------------------  --------------------  
      0.293        0.000                      0                15680        0.047        0.000                      0                15680        4.500        0.000                       0                  6568  


All user specified timing constraints are met.


------------------------------------------------------------------------------------------------
| Clock Summary
| -------------
------------------------------------------------------------------------------------------------

Clock  Waveform(ns)       Period(ns)      Frequency(MHz)
-----  ------------       ----------      --------------
clk_i  {0.000 5.000}      10.000          100.000         


------------------------------------------------------------------------------------------------
| Intra Clock Table
| -----------------
------------------------------------------------------------------------------------------------

Clock             WNS(ns)      TNS(ns)  TNS Failing Endpoints  TNS Total Endpoints      WHS(ns)      THS(ns)  THS Failing Endpoints  THS Total Endpoints     WPWS(ns)     TPWS(ns)  TPWS Failing Endpoints  TPWS Total Endpoints  
-----             -------      -------  ---------------------  -------------------      -------      -------  ---------------------  -------------------     --------     --------  ----------------------  --------------------  
clk_i               0.293        0.000                      0                15680        0.047        0.000                      0                15680        4.500        0.000                       0                  6568  


------------------------------------------------------------------------------------------------
| Inter Clock Table
| -----------------
------------------------------------------------------------------------------------------------

From Clock    To Clock          WNS(ns)      TNS(ns)  TNS Failing Endpoints  TNS Total Endpoints      WHS(ns)      THS(ns)  THS Failing Endpoints  THS Total Endpoints  
----------    --------          -------      -------  ---------------------  -------------------      -------      -------  ---------------------  -------------------  


------------------------------------------------------------------------------------------------
| Other Path Groups Table
| -----------------------
------------------------------------------------------------------------------------------------

Path Group    From Clock    To Clock          WNS(ns)      TNS(ns)  TNS Failing Endpoints  TNS Total Endpoints      WHS(ns)      THS(ns)  THS Failing Endpoints  THS Total Endpoints  
----------    ----------    --------          -------      -------  ---------------------  -------------------      -------      -------  ---------------------  -------------------  


------------------------------------------------------------------------------------------------
| User Ignored Path Table
| -----------------------
------------------------------------------------------------------------------------------------

Path Group    From Clock    To Clock    
----------    ----------    --------    


------------------------------------------------------------------------------------------------
| Unconstrained Path Table
| ------------------------
------------------------------------------------------------------------------------------------

Path Group    From Clock    To Clock    
----------    ----------    --------    
(none)        clk_i                       
(none)                      clk_i         


------------------------------------------------------------------------------------------------
| Timing Details
| --------------
------------------------------------------------------------------------------------------------


---------------------------------------------------------------------------------------------------
From Clock:  clk_i
  To Clock:  clk_i

Setup :            0  Failing Endpoints,  Worst Slack        0.293ns,  Total Violation        0.000ns
Hold  :            0  Failing Endpoints,  Worst Slack        0.047ns,  Total Violation        0.000ns
PW    :            0  Failing Endpoints,  Worst Slack        4.500ns,  Total Violation        0.000ns
---------------------------------------------------------------------------------------------------


Max Delay Paths
--------------------------------------------------------------------------------------
Slack (MET) :             0.293ns  (required time - arrival time)
  Source:                 cnt_reg[1]_rep__7/C
                            (rising edge-triggered cell FDCE clocked by clk_i  {rise@0.000ns fall@5.000ns period=10.000ns})
  Destination:            <hidden>
                            (rising edge-triggered cell RAMB36E1 clocked by clk_i  {rise@0.000ns fall@5.000ns period=10.000ns})
  Path Group:             clk_i
  Path Type:              Setup (Max at Slow Process Corner)
  Requirement:            10.000ns  (clk_i rise@10.000ns - clk_i rise@0.000ns)
  Data Path Delay:        9.021ns  (logic 3.106ns (34.430%)  route 5.915ns (65.570%))
  Logic Levels:           14  (CARRY4=6 LUT2=1 LUT3=2 LUT4=1 LUT5=2 LUT6=2)
  Clock Path Skew:        -0.010ns (DCD - SCD + CPR)
    Destination Clock Delay (DCD):    4.305ns = ( 14.305 - 10.000 ) 
    Source Clock Delay      (SCD):    4.557ns
    Clock Pessimism Removal (CPR):    0.242ns
  Clock Uncertainty:      0.035ns  ((TSJ^2 + TIJ^2)^1/2 + DJ) / 2 + PE
    Total System Jitter     (TSJ):    0.071ns
    Total Input Jitter      (TIJ):    0.000ns
    Discrete Jitter          (DJ):    0.000ns
    Phase Error              (PE):    0.000ns

    Location             Delay type                Incr(ns)  Path(ns)    Netlist Resource(s)
  -------------------------------------------------------------------    -------------------
                         (clock clk_i rise edge)      0.000     0.000 r  
    W19                                               0.000     0.000 r  clk_i (IN)
                         net (fo=0)                   0.000     0.000    clk_i
    W19                  IBUF (Prop_ibuf_I_O)         1.423     1.423 r  clk_i_IBUF_inst/O
                         net (fo=1, routed)           1.693     3.116    clk_i_IBUF
    BUFGCTRL_X0Y0        BUFG (Prop_bufg_I_O)         0.081     3.197 r  clk_i_IBUF_BUFG_inst/O
                         net (fo=6567, routed)        1.359     4.557    clk_i_IBUF_BUFG
    SLICE_X8Y96          FDCE                                         r  cnt_reg[1]_rep__7/C
  -------------------------------------------------------------------    -------------------
    SLICE_X8Y96          FDCE (Prop_fdce_C_Q)         0.433     4.990 r  cnt_reg[1]_rep__7/Q
                         net (fo=93, routed)          0.431     5.421    u_Frodo_top/u_SampleMatrixSet/unpackOut_o_reg[31]
    SLICE_X9Y96          LUT2 (Prop_lut2_I0_O)        0.105     5.526 r  u_Frodo_top/u_SampleMatrixSet/unpackOut_o[63]_i_2/O
                         net (fo=96, routed)          1.082     6.608    u_Frodo_top/u_SHAKE/threshold[11]_41[0]
    SLICE_X5Y94          LUT4 (Prop_lut4_I3_O)        0.105     6.713 r  u_Frodo_top/u_SHAKE/cmp_result[0]_8_carry_i_6/O
                         net (fo=1, routed)           0.000     6.713    u_Frodo_top/u_SampleMatrixSet/cmp_result[0]_8_carry__0_1[1]
    SLICE_X5Y94          CARRY4 (Prop_carry4_S[1]_CO[3])
                                                      0.457     7.170 r  u_Frodo_top/u_SampleMatrixSet/cmp_result[0]_8_carry/CO[3]
                         net (fo=1, routed)           0.000     7.170    u_Frodo_top/u_SampleMatrixSet/cmp_result[0]_8_carry_n_0
    SLICE_X5Y95          CARRY4 (Prop_carry4_CI_CO[3])
                                                      0.098     7.268 r  u_Frodo_top/u_SampleMatrixSet/cmp_result[0]_8_carry__0/CO[3]
                         net (fo=2, routed)           0.620     7.888    u_Frodo_top/u_SHAKE/ram64a_i_302_9[0]
    SLICE_X4Y95          LUT3 (Prop_lut3_I2_O)        0.105     7.993 r  u_Frodo_top/u_SHAKE/ram64a_i_333/O
                         net (fo=3, routed)           0.797     8.790    u_Frodo_top/u_SHAKE/ram64a_i_333_n_0
    SLICE_X4Y93          LUT5 (Prop_lut5_I3_O)        0.119     8.909 r  u_Frodo_top/u_SHAKE/ram64a_i_330/O
                         net (fo=4, routed)           0.686     9.596    u_Frodo_top/u_SHAKE/ram64a_i_330_n_0
    SLICE_X4Y92          LUT6 (Prop_lut6_I3_O)        0.267     9.863 r  u_Frodo_top/u_SHAKE/ram64a_i_303/O
                         net (fo=15, routed)          0.733    10.596    u_Frodo_top/u_SHAKE/ram64a_i_303_n_0
    SLICE_X5Y86          LUT3 (Prop_lut3_I0_O)        0.124    10.720 r  u_Frodo_top/u_SHAKE/ram64a_i_167/O
                         net (fo=4, routed)           0.352    11.071    u_Frodo_top/u_MatrixAddSet/smOutSet[2]
    SLICE_X6Y86          LUT5 (Prop_lut5_I1_O)        0.267    11.338 r  u_Frodo_top/u_MatrixAddSet/ram64a_i_324/O
                         net (fo=1, routed)           0.000    11.338    u_Frodo_top/u_MatrixAddSet/ram64a_i_324_n_0
    SLICE_X6Y86          CARRY4 (Prop_carry4_S[3]_CO[3])
                                                      0.314    11.652 r  u_Frodo_top/u_MatrixAddSet/ram64a_i_166/CO[3]
                         net (fo=1, routed)           0.000    11.652    u_Frodo_top/u_MatrixAddSet/ram64a_i_166_n_0
    SLICE_X6Y87          CARRY4 (Prop_carry4_CI_CO[3])
                                                      0.100    11.752 r  u_Frodo_top/u_MatrixAddSet/ram64a_i_165/CO[3]
                         net (fo=1, routed)           0.000    11.752    u_Frodo_top/u_MatrixAddSet/ram64a_i_165_n_0
    SLICE_X6Y88          CARRY4 (Prop_carry4_CI_CO[3])
                                                      0.100    11.852 r  u_Frodo_top/u_MatrixAddSet/ram64a_i_164/CO[3]
                         net (fo=1, routed)           0.000    11.852    u_Frodo_top/u_MatrixAddSet/ram64a_i_164_n_0
    SLICE_X6Y89          CARRY4 (Prop_carry4_CI_O[3])
                                                      0.262    12.114 r  u_Frodo_top/u_MatrixAddSet/ram64a_i_162/O[3]
                         net (fo=2, routed)           0.598    12.712    u_Frodo_top/u_control/u_instDecoder/add_out[15]
    SLICE_X7Y83          LUT6 (Prop_lut6_I2_O)        0.250    12.962 r  u_Frodo_top/u_control/u_instDecoder/ram64a_i_113/O
                         net (fo=2, routed)           0.616    13.578    <hidden>
    RAMB36_X0Y15         RAMB36E1                                     r  <hidden>
  -------------------------------------------------------------------    -------------------

                         (clock clk_i rise edge)     10.000    10.000 r  
    W19                                               0.000    10.000 r  clk_i (IN)
                         net (fo=0)                   0.000    10.000    clk_i
    W19                  IBUF (Prop_ibuf_I_O)         1.357    11.357 r  clk_i_IBUF_inst/O
                         net (fo=1, routed)           1.604    12.962    clk_i_IBUF
    BUFGCTRL_X0Y0        BUFG (Prop_bufg_I_O)         0.077    13.039 r  clk_i_IBUF_BUFG_inst/O
                         net (fo=6567, routed)        1.266    14.305    <hidden>
    RAMB36_X0Y15         RAMB36E1                                     r  <hidden>
                         clock pessimism              0.242    14.547    
                         clock uncertainty           -0.035    14.511    
    RAMB36_X0Y15         RAMB36E1 (Setup_ramb36e1_CLKBWRCLK_DIBDI[14])
                                                     -0.641    13.870    <hidden>
  -------------------------------------------------------------------
                         required time                         13.870    
                         arrival time                         -13.578    
  -------------------------------------------------------------------
                         slack                                  0.293    

Slack (MET) :             0.389ns  (required time - arrival time)
  Source:                 cnt_reg[1]_rep__7/C
                            (rising edge-triggered cell FDCE clocked by clk_i  {rise@0.000ns fall@5.000ns period=10.000ns})
  Destination:            <hidden>
                            (rising edge-triggered cell RAMB36E1 clocked by clk_i  {rise@0.000ns fall@5.000ns period=10.000ns})
  Path Group:             clk_i
  Path Type:              Setup (Max at Slow Process Corner)
  Requirement:            10.000ns  (clk_i rise@10.000ns - clk_i rise@0.000ns)
  Data Path Delay:        8.913ns  (logic 2.943ns (33.021%)  route 5.970ns (66.979%))
  Logic Levels:           13  (CARRY4=5 LUT2=1 LUT3=3 LUT5=2 LUT6=2)
  Clock Path Skew:        -0.022ns (DCD - SCD + CPR)
    Destination Clock Delay (DCD):    4.310ns = ( 14.310 - 10.000 ) 
    Source Clock Delay      (SCD):    4.557ns
    Clock Pessimism Removal (CPR):    0.225ns
  Clock Uncertainty:      0.035ns  ((TSJ^2 + TIJ^2)^1/2 + DJ) / 2 + PE
    Total System Jitter     (TSJ):    0.071ns
    Total Input Jitter      (TIJ):    0.000ns
    Discrete Jitter          (DJ):    0.000ns
    Phase Error              (PE):    0.000ns

    Location             Delay type                Incr(ns)  Path(ns)    Netlist Resource(s)
  -------------------------------------------------------------------    -------------------
                         (clock clk_i rise edge)      0.000     0.000 r  
    W19                                               0.000     0.000 r  clk_i (IN)
                         net (fo=0)                   0.000     0.000    clk_i
    W19                  IBUF (Prop_ibuf_I_O)         1.423     1.423 r  clk_i_IBUF_inst/O
                         net (fo=1, routed)           1.693     3.116    clk_i_IBUF
    BUFGCTRL_X0Y0        BUFG (Prop_bufg_I_O)         0.081     3.197 r  clk_i_IBUF_BUFG_inst/O
                         net (fo=6567, routed)        1.359     4.557    clk_i_IBUF_BUFG
    SLICE_X8Y96          FDCE                                         r  cnt_reg[1]_rep__7/C
  -------------------------------------------------------------------    -------------------
    SLICE_X8Y96          FDCE (Prop_fdce_C_Q)         0.433     4.990 r  cnt_reg[1]_rep__7/Q
                         net (fo=93, routed)          0.431     5.421    u_Frodo_top/u_SampleMatrixSet/unpackOut_o_reg[31]
    SLICE_X9Y96          LUT2 (Prop_lut2_I0_O)        0.105     5.526 r  u_Frodo_top/u_SampleMatrixSet/unpackOut_o[63]_i_2/O
                         net (fo=96, routed)          0.843     6.368    u_Frodo_top/u_SHAKE/threshold[11]_41[0]
    SLICE_X9Y89          LUT5 (Prop_lut5_I4_O)        0.105     6.473 r  u_Frodo_top/u_SHAKE/cmp_result[1]_9_carry_i_7/O
                         net (fo=1, routed)           0.000     6.473    u_Frodo_top/u_SampleMatrixSet/cmp_result[1]_9_carry__0_1[0]
    SLICE_X9Y89          CARRY4 (Prop_carry4_S[0]_CO[3])
                                                      0.440     6.913 r  u_Frodo_top/u_SampleMatrixSet/cmp_result[1]_9_carry/CO[3]
                         net (fo=1, routed)           0.000     6.913    u_Frodo_top/u_SampleMatrixSet/cmp_result[1]_9_carry_n_0
    SLICE_X9Y90          CARRY4 (Prop_carry4_CI_CO[3])
                                                      0.098     7.011 r  u_Frodo_top/u_SampleMatrixSet/cmp_result[1]_9_carry__0/CO[3]
                         net (fo=2, routed)           1.000     8.011    u_Frodo_top/u_SHAKE/ram64a_i_261_8[0]
    SLICE_X11Y88         LUT3 (Prop_lut3_I0_O)        0.105     8.116 r  u_Frodo_top/u_SHAKE/ram64a_i_292/O
                         net (fo=3, routed)           0.664     8.780    u_Frodo_top/u_SHAKE/ram64a_i_292_n_0
    SLICE_X13Y88         LUT6 (Prop_lut6_I3_O)        0.105     8.885 r  u_Frodo_top/u_SHAKE/ram64a_i_287/O
                         net (fo=4, routed)           0.495     9.380    u_Frodo_top/u_SHAKE/ram64a_i_287_n_0
    SLICE_X13Y86         LUT3 (Prop_lut3_I0_O)        0.105     9.485 r  u_Frodo_top/u_SHAKE/ram64a_i_291/O
                         net (fo=2, routed)           0.560    10.044    u_Frodo_top/u_SHAKE/ram64a_i_291_n_0
    SLICE_X11Y85         LUT3 (Prop_lut3_I2_O)        0.108    10.152 r  u_Frodo_top/u_SHAKE/ram64a_i_160/O
                         net (fo=4, routed)           0.680    10.832    u_Frodo_top/u_MatrixAddSet/smOutSet[4]
    SLICE_X7Y87          LUT5 (Prop_lut5_I1_O)        0.267    11.099 r  u_Frodo_top/u_MatrixAddSet/ram64a_i_285/O
                         net (fo=1, routed)           0.000    11.099    u_Frodo_top/u_MatrixAddSet/ram64a_i_285_n_0
    SLICE_X7Y87          CARRY4 (Prop_carry4_S[1]_CO[3])
                                                      0.457    11.556 r  u_Frodo_top/u_MatrixAddSet/ram64a_i_157/CO[3]
                         net (fo=1, routed)           0.000    11.556    u_Frodo_top/u_MatrixAddSet/ram64a_i_157_n_0
    SLICE_X7Y88          CARRY4 (Prop_carry4_CI_CO[3])
                                                      0.098    11.654 r  u_Frodo_top/u_MatrixAddSet/ram64a_i_156/CO[3]
                         net (fo=1, routed)           0.000    11.654    u_Frodo_top/u_MatrixAddSet/ram64a_i_156_n_0
    SLICE_X7Y89          CARRY4 (Prop_carry4_CI_O[3])
                                                      0.260    11.914 r  u_Frodo_top/u_MatrixAddSet/ram64a_i_155/O[3]
                         net (fo=2, routed)           0.525    12.439    u_Frodo_top/u_control/u_instDecoder/add_out[27]
    SLICE_X7Y81          LUT6 (Prop_lut6_I2_O)        0.257    12.696 r  u_Frodo_top/u_control/u_instDecoder/ram64a_i_101/O
                         net (fo=2, routed)           0.773    13.469    <hidden>
    RAMB36_X0Y14         RAMB36E1                                     r  <hidden>
  -------------------------------------------------------------------    -------------------

                         (clock clk_i rise edge)     10.000    10.000 r  
    W19                                               0.000    10.000 r  clk_i (IN)
                         net (fo=0)                   0.000    10.000    clk_i
    W19                  IBUF (Prop_ibuf_I_O)         1.357    11.357 r  clk_i_IBUF_inst/O
                         net (fo=1, routed)           1.604    12.962    clk_i_IBUF
    BUFGCTRL_X0Y0        BUFG (Prop_bufg_I_O)         0.077    13.039 r  clk_i_IBUF_BUFG_inst/O
                         net (fo=6567, routed)        1.271    14.310    <hidden>
    RAMB36_X0Y14         RAMB36E1                                     r  <hidden>
                         clock pessimism              0.225    14.535    
                         clock uncertainty           -0.035    14.499    
    RAMB36_X0Y14         RAMB36E1 (Setup_ramb36e1_CLKBWRCLK_DIBDI[8])
                                                     -0.641    13.858    <hidden>
  -------------------------------------------------------------------
                         required time                         13.858    
                         arrival time                         -13.469    
  -------------------------------------------------------------------
                         slack                                  0.389    

Slack (MET) :             0.404ns  (required time - arrival time)
  Source:                 cnt_reg[1]_rep__7/C
                            (rising edge-triggered cell FDCE clocked by clk_i  {rise@0.000ns fall@5.000ns period=10.000ns})
  Destination:            <hidden>
                            (rising edge-triggered cell RAMB36E1 clocked by clk_i  {rise@0.000ns fall@5.000ns period=10.000ns})
  Path Group:             clk_i
  Path Type:              Setup (Max at Slow Process Corner)
  Requirement:            10.000ns  (clk_i rise@10.000ns - clk_i rise@0.000ns)
  Data Path Delay:        8.909ns  (logic 3.096ns (34.750%)  route 5.813ns (65.250%))
  Logic Levels:           14  (CARRY4=6 LUT2=1 LUT3=2 LUT4=1 LUT5=2 LUT6=2)
  Clock Path Skew:        -0.010ns (DCD - SCD + CPR)
    Destination Clock Delay (DCD):    4.305ns = ( 14.305 - 10.000 ) 
    Source Clock Delay      (SCD):    4.557ns
    Clock Pessimism Removal (CPR):    0.242ns
  Clock Uncertainty:      0.035ns  ((TSJ^2 + TIJ^2)^1/2 + DJ) / 2 + PE
    Total System Jitter     (TSJ):    0.071ns
    Total Input Jitter      (TIJ):    0.000ns
    Discrete Jitter          (DJ):    0.000ns
    Phase Error              (PE):    0.000ns

    Location             Delay type                Incr(ns)  Path(ns)    Netlist Resource(s)
  -------------------------------------------------------------------    -------------------
                         (clock clk_i rise edge)      0.000     0.000 r  
    W19                                               0.000     0.000 r  clk_i (IN)
                         net (fo=0)                   0.000     0.000    clk_i
    W19                  IBUF (Prop_ibuf_I_O)         1.423     1.423 r  clk_i_IBUF_inst/O
                         net (fo=1, routed)           1.693     3.116    clk_i_IBUF
    BUFGCTRL_X0Y0        BUFG (Prop_bufg_I_O)         0.081     3.197 r  clk_i_IBUF_BUFG_inst/O
                         net (fo=6567, routed)        1.359     4.557    clk_i_IBUF_BUFG
    SLICE_X8Y96          FDCE                                         r  cnt_reg[1]_rep__7/C
  -------------------------------------------------------------------    -------------------
    SLICE_X8Y96          FDCE (Prop_fdce_C_Q)         0.433     4.990 r  cnt_reg[1]_rep__7/Q
                         net (fo=93, routed)          0.431     5.421    u_Frodo_top/u_SampleMatrixSet/unpackOut_o_reg[31]
    SLICE_X9Y96          LUT2 (Prop_lut2_I0_O)        0.105     5.526 r  u_Frodo_top/u_SampleMatrixSet/unpackOut_o[63]_i_2/O
                         net (fo=96, routed)          1.082     6.608    u_Frodo_top/u_SHAKE/threshold[11]_41[0]
    SLICE_X5Y94          LUT4 (Prop_lut4_I3_O)        0.105     6.713 r  u_Frodo_top/u_SHAKE/cmp_result[0]_8_carry_i_6/O
                         net (fo=1, routed)           0.000     6.713    u_Frodo_top/u_SampleMatrixSet/cmp_result[0]_8_carry__0_1[1]
    SLICE_X5Y94          CARRY4 (Prop_carry4_S[1]_CO[3])
                                                      0.457     7.170 r  u_Frodo_top/u_SampleMatrixSet/cmp_result[0]_8_carry/CO[3]
                         net (fo=1, routed)           0.000     7.170    u_Frodo_top/u_SampleMatrixSet/cmp_result[0]_8_carry_n_0
    SLICE_X5Y95          CARRY4 (Prop_carry4_CI_CO[3])
                                                      0.098     7.268 r  u_Frodo_top/u_SampleMatrixSet/cmp_result[0]_8_carry__0/CO[3]
                         net (fo=2, routed)           0.620     7.888    u_Frodo_top/u_SHAKE/ram64a_i_302_9[0]
    SLICE_X4Y95          LUT3 (Prop_lut3_I2_O)        0.105     7.993 r  u_Frodo_top/u_SHAKE/ram64a_i_333/O
                         net (fo=3, routed)           0.797     8.790    u_Frodo_top/u_SHAKE/ram64a_i_333_n_0
    SLICE_X4Y93          LUT5 (Prop_lut5_I3_O)        0.119     8.909 r  u_Frodo_top/u_SHAKE/ram64a_i_330/O
                         net (fo=4, routed)           0.686     9.596    u_Frodo_top/u_SHAKE/ram64a_i_330_n_0
    SLICE_X4Y92          LUT6 (Prop_lut6_I3_O)        0.267     9.863 r  u_Frodo_top/u_SHAKE/ram64a_i_303/O
                         net (fo=15, routed)          0.733    10.596    u_Frodo_top/u_SHAKE/ram64a_i_303_n_0
    SLICE_X5Y86          LUT3 (Prop_lut3_I0_O)        0.124    10.720 r  u_Frodo_top/u_SHAKE/ram64a_i_167/O
                         net (fo=4, routed)           0.352    11.071    u_Frodo_top/u_MatrixAddSet/smOutSet[2]
    SLICE_X6Y86          LUT5 (Prop_lut5_I1_O)        0.267    11.338 r  u_Frodo_top/u_MatrixAddSet/ram64a_i_324/O
                         net (fo=1, routed)           0.000    11.338    u_Frodo_top/u_MatrixAddSet/ram64a_i_324_n_0
    SLICE_X6Y86          CARRY4 (Prop_carry4_S[3]_CO[3])
                                                      0.314    11.652 r  u_Frodo_top/u_MatrixAddSet/ram64a_i_166/CO[3]
                         net (fo=1, routed)           0.000    11.652    u_Frodo_top/u_MatrixAddSet/ram64a_i_166_n_0
    SLICE_X6Y87          CARRY4 (Prop_carry4_CI_CO[3])
                                                      0.100    11.752 r  u_Frodo_top/u_MatrixAddSet/ram64a_i_165/CO[3]
                         net (fo=1, routed)           0.000    11.752    u_Frodo_top/u_MatrixAddSet/ram64a_i_165_n_0
    SLICE_X6Y88          CARRY4 (Prop_carry4_CI_CO[3])
                                                      0.100    11.852 r  u_Frodo_top/u_MatrixAddSet/ram64a_i_164/CO[3]
                         net (fo=1, routed)           0.000    11.852    u_Frodo_top/u_MatrixAddSet/ram64a_i_164_n_0
    SLICE_X6Y89          CARRY4 (Prop_carry4_CI_O[1])
                                                      0.257    12.109 r  u_Frodo_top/u_MatrixAddSet/ram64a_i_162/O[1]
                         net (fo=2, routed)           0.503    12.612    u_Frodo_top/u_control/u_instDecoder/add_out[13]
    SLICE_X7Y82          LUT6 (Prop_lut6_I2_O)        0.245    12.857 r  u_Frodo_top/u_control/u_instDecoder/ram64a_i_115/O
                         net (fo=2, routed)           0.609    13.466    <hidden>
    RAMB36_X0Y15         RAMB36E1                                     r  <hidden>
  -------------------------------------------------------------------    -------------------

                         (clock clk_i rise edge)     10.000    10.000 r  
    W19                                               0.000    10.000 r  clk_i (IN)
                         net (fo=0)                   0.000    10.000    clk_i
    W19                  IBUF (Prop_ibuf_I_O)         1.357    11.357 r  clk_i_IBUF_inst/O
                         net (fo=1, routed)           1.604    12.962    clk_i_IBUF
    BUFGCTRL_X0Y0        BUFG (Prop_bufg_I_O)         0.077    13.039 r  clk_i_IBUF_BUFG_inst/O
                         net (fo=6567, routed)        1.266    14.305    <hidden>
    RAMB36_X0Y15         RAMB36E1                                     r  <hidden>
                         clock pessimism              0.242    14.547    
                         clock uncertainty           -0.035    14.511    
    RAMB36_X0Y15         RAMB36E1 (Setup_ramb36e1_CLKBWRCLK_DIBDI[12])
                                                     -0.641    13.870    <hidden>
  -------------------------------------------------------------------
                         required time                         13.870    
                         arrival time                         -13.466    
  -------------------------------------------------------------------
                         slack                                  0.404    

Slack (MET) :             0.419ns  (required time - arrival time)
  Source:                 cnt_reg[1]_rep__7/C
                            (rising edge-triggered cell FDCE clocked by clk_i  {rise@0.000ns fall@5.000ns period=10.000ns})
  Destination:            <hidden>
                            (rising edge-triggered cell RAMB36E1 clocked by clk_i  {rise@0.000ns fall@5.000ns period=10.000ns})
  Path Group:             clk_i
  Path Type:              Setup (Max at Slow Process Corner)
  Requirement:            10.000ns  (clk_i rise@10.000ns - clk_i rise@0.000ns)
  Data Path Delay:        8.894ns  (logic 3.006ns (33.797%)  route 5.888ns (66.203%))
  Logic Levels:           13  (CARRY4=5 LUT2=1 LUT3=2 LUT4=1 LUT5=2 LUT6=2)
  Clock Path Skew:        -0.010ns (DCD - SCD + CPR)
    Destination Clock Delay (DCD):    4.305ns = ( 14.305 - 10.000 ) 
    Source Clock Delay      (SCD):    4.557ns
    Clock Pessimism Removal (CPR):    0.242ns
  Clock Uncertainty:      0.035ns  ((TSJ^2 + TIJ^2)^1/2 + DJ) / 2 + PE
    Total System Jitter     (TSJ):    0.071ns
    Total Input Jitter      (TIJ):    0.000ns
    Discrete Jitter          (DJ):    0.000ns
    Phase Error              (PE):    0.000ns

    Location             Delay type                Incr(ns)  Path(ns)    Netlist Resource(s)
  -------------------------------------------------------------------    -------------------
                         (clock clk_i rise edge)      0.000     0.000 r  
    W19                                               0.000     0.000 r  clk_i (IN)
                         net (fo=0)                   0.000     0.000    clk_i
    W19                  IBUF (Prop_ibuf_I_O)         1.423     1.423 r  clk_i_IBUF_inst/O
                         net (fo=1, routed)           1.693     3.116    clk_i_IBUF
    BUFGCTRL_X0Y0        BUFG (Prop_bufg_I_O)         0.081     3.197 r  clk_i_IBUF_BUFG_inst/O
                         net (fo=6567, routed)        1.359     4.557    clk_i_IBUF_BUFG
    SLICE_X8Y96          FDCE                                         r  cnt_reg[1]_rep__7/C
  -------------------------------------------------------------------    -------------------
    SLICE_X8Y96          FDCE (Prop_fdce_C_Q)         0.433     4.990 r  cnt_reg[1]_rep__7/Q
                         net (fo=93, routed)          0.431     5.421    u_Frodo_top/u_SampleMatrixSet/unpackOut_o_reg[31]
    SLICE_X9Y96          LUT2 (Prop_lut2_I0_O)        0.105     5.526 r  u_Frodo_top/u_SampleMatrixSet/unpackOut_o[63]_i_2/O
                         net (fo=96, routed)          1.082     6.608    u_Frodo_top/u_SHAKE/threshold[11]_41[0]
    SLICE_X5Y94          LUT4 (Prop_lut4_I3_O)        0.105     6.713 r  u_Frodo_top/u_SHAKE/cmp_result[0]_8_carry_i_6/O
                         net (fo=1, routed)           0.000     6.713    u_Frodo_top/u_SampleMatrixSet/cmp_result[0]_8_carry__0_1[1]
    SLICE_X5Y94          CARRY4 (Prop_carry4_S[1]_CO[3])
                                                      0.457     7.170 r  u_Frodo_top/u_SampleMatrixSet/cmp_result[0]_8_carry/CO[3]
                         net (fo=1, routed)           0.000     7.170    u_Frodo_top/u_SampleMatrixSet/cmp_result[0]_8_carry_n_0
    SLICE_X5Y95          CARRY4 (Prop_carry4_CI_CO[3])
                                                      0.098     7.268 r  u_Frodo_top/u_SampleMatrixSet/cmp_result[0]_8_carry__0/CO[3]
                         net (fo=2, routed)           0.620     7.888    u_Frodo_top/u_SHAKE/ram64a_i_302_9[0]
    SLICE_X4Y95          LUT3 (Prop_lut3_I2_O)        0.105     7.993 r  u_Frodo_top/u_SHAKE/ram64a_i_333/O
                         net (fo=3, routed)           0.797     8.790    u_Frodo_top/u_SHAKE/ram64a_i_333_n_0
    SLICE_X4Y93          LUT5 (Prop_lut5_I3_O)        0.119     8.909 r  u_Frodo_top/u_SHAKE/ram64a_i_330/O
                         net (fo=4, routed)           0.686     9.596    u_Frodo_top/u_SHAKE/ram64a_i_330_n_0
    SLICE_X4Y92          LUT6 (Prop_lut6_I3_O)        0.267     9.863 r  u_Frodo_top/u_SHAKE/ram64a_i_303/O
                         net (fo=15, routed)          0.733    10.596    u_Frodo_top/u_SHAKE/ram64a_i_303_n_0
    SLICE_X5Y86          LUT3 (Prop_lut3_I0_O)        0.124    10.720 r  u_Frodo_top/u_SHAKE/ram64a_i_167/O
                         net (fo=4, routed)           0.352    11.071    u_Frodo_top/u_MatrixAddSet/smOutSet[2]
    SLICE_X6Y86          LUT5 (Prop_lut5_I1_O)        0.267    11.338 r  u_Frodo_top/u_MatrixAddSet/ram64a_i_324/O
                         net (fo=1, routed)           0.000    11.338    u_Frodo_top/u_MatrixAddSet/ram64a_i_324_n_0
    SLICE_X6Y86          CARRY4 (Prop_carry4_S[3]_CO[3])
                                                      0.314    11.652 r  u_Frodo_top/u_MatrixAddSet/ram64a_i_166/CO[3]
                         net (fo=1, routed)           0.000    11.652    u_Frodo_top/u_MatrixAddSet/ram64a_i_166_n_0
    SLICE_X6Y87          CARRY4 (Prop_carry4_CI_CO[3])
                                                      0.100    11.752 r  u_Frodo_top/u_MatrixAddSet/ram64a_i_165/CO[3]
                         net (fo=1, routed)           0.000    11.752    u_Frodo_top/u_MatrixAddSet/ram64a_i_165_n_0
    SLICE_X6Y88          CARRY4 (Prop_carry4_CI_O[3])
                                                      0.262    12.014 r  u_Frodo_top/u_MatrixAddSet/ram64a_i_164/O[3]
                         net (fo=2, routed)           0.550    12.564    u_Frodo_top/u_control/u_instDecoder/add_out[11]
    SLICE_X6Y85          LUT6 (Prop_lut6_I2_O)        0.250    12.814 r  u_Frodo_top/u_control/u_instDecoder/ram64a_i_117/O
                         net (fo=2, routed)           0.636    13.451    <hidden>
    RAMB36_X0Y15         RAMB36E1                                     r  <hidden>
  -------------------------------------------------------------------    -------------------

                         (clock clk_i rise edge)     10.000    10.000 r  
    W19                                               0.000    10.000 r  clk_i (IN)
                         net (fo=0)                   0.000    10.000    clk_i
    W19                  IBUF (Prop_ibuf_I_O)         1.357    11.357 r  clk_i_IBUF_inst/O
                         net (fo=1, routed)           1.604    12.962    clk_i_IBUF
    BUFGCTRL_X0Y0        BUFG (Prop_bufg_I_O)         0.077    13.039 r  clk_i_IBUF_BUFG_inst/O
                         net (fo=6567, routed)        1.266    14.305    <hidden>
    RAMB36_X0Y15         RAMB36E1                                     r  <hidden>
                         clock pessimism              0.242    14.547    
                         clock uncertainty           -0.035    14.511    
    RAMB36_X0Y15         RAMB36E1 (Setup_ramb36e1_CLKBWRCLK_DIBDI[10])
                                                     -0.641    13.870    <hidden>
  -------------------------------------------------------------------
                         required time                         13.870    
                         arrival time                         -13.451    
  -------------------------------------------------------------------
                         slack                                  0.419    

Slack (MET) :             0.433ns  (required time - arrival time)
  Source:                 cnt_reg[1]_rep__7/C
                            (rising edge-triggered cell FDCE clocked by clk_i  {rise@0.000ns fall@5.000ns period=10.000ns})
  Destination:            <hidden>
                            (rising edge-triggered cell RAMB36E1 clocked by clk_i  {rise@0.000ns fall@5.000ns period=10.000ns})
  Path Group:             clk_i
  Path Type:              Setup (Max at Slow Process Corner)
  Requirement:            10.000ns  (clk_i rise@10.000ns - clk_i rise@0.000ns)
  Data Path Delay:        8.959ns  (logic 2.574ns (28.730%)  route 6.385ns (71.270%))
  Logic Levels:           11  (CARRY4=3 LUT2=1 LUT3=2 LUT5=2 LUT6=3)
  Clock Path Skew:        0.069ns (DCD - SCD + CPR)
    Destination Clock Delay (DCD):    4.460ns = ( 14.460 - 10.000 ) 
    Source Clock Delay      (SCD):    4.557ns
    Clock Pessimism Removal (CPR):    0.166ns
  Clock Uncertainty:      0.035ns  ((TSJ^2 + TIJ^2)^1/2 + DJ) / 2 + PE
    Total System Jitter     (TSJ):    0.071ns
    Total Input Jitter      (TIJ):    0.000ns
    Discrete Jitter          (DJ):    0.000ns
    Phase Error              (PE):    0.000ns

    Location             Delay type                Incr(ns)  Path(ns)    Netlist Resource(s)
  -------------------------------------------------------------------    -------------------
                         (clock clk_i rise edge)      0.000     0.000 r  
    W19                                               0.000     0.000 r  clk_i (IN)
                         net (fo=0)                   0.000     0.000    clk_i
    W19                  IBUF (Prop_ibuf_I_O)         1.423     1.423 r  clk_i_IBUF_inst/O
                         net (fo=1, routed)           1.693     3.116    clk_i_IBUF
    BUFGCTRL_X0Y0        BUFG (Prop_bufg_I_O)         0.081     3.197 r  clk_i_IBUF_BUFG_inst/O
                         net (fo=6567, routed)        1.359     4.557    clk_i_IBUF_BUFG
    SLICE_X8Y96          FDCE                                         r  cnt_reg[1]_rep__7/C
  -------------------------------------------------------------------    -------------------
    SLICE_X8Y96          FDCE (Prop_fdce_C_Q)         0.433     4.990 r  cnt_reg[1]_rep__7/Q
                         net (fo=93, routed)          0.315     5.305    u_Frodo_top/u_SampleMatrixSet/unpackOut_o_reg[31]
    SLICE_X9Y96          LUT2 (Prop_lut2_I0_O)        0.105     5.410 r  u_Frodo_top/u_SampleMatrixSet/cmp_result[1]_1_carry__0_i_9/O
                         net (fo=93, routed)          0.889     6.299    u_Frodo_top/u_SHAKE/cmp_result[3]_4_carry
    SLICE_X12Y94         LUT5 (Prop_lut5_I4_O)        0.105     6.404 r  u_Frodo_top/u_SHAKE/cmp_result[2]_9_carry_i_7/O
                         net (fo=1, routed)           0.000     6.404    u_Frodo_top/u_SampleMatrixSet/cmp_result[2]_9_carry__0_1[0]
    SLICE_X12Y94         CARRY4 (Prop_carry4_S[0]_CO[3])
                                                      0.423     6.827 r  u_Frodo_top/u_SampleMatrixSet/cmp_result[2]_9_carry/CO[3]
                         net (fo=1, routed)           0.000     6.827    u_Frodo_top/u_SampleMatrixSet/cmp_result[2]_9_carry_n_0
    SLICE_X12Y95         CARRY4 (Prop_carry4_CI_CO[3])
                                                      0.100     6.927 r  u_Frodo_top/u_SampleMatrixSet/cmp_result[2]_9_carry__0/CO[3]
                         net (fo=2, routed)           0.796     7.723    u_Frodo_top/u_SHAKE/ram64a_i_220_8[0]
    SLICE_X13Y99         LUT3 (Prop_lut3_I0_O)        0.105     7.828 r  u_Frodo_top/u_SHAKE/ram64a_i_251/O
                         net (fo=3, routed)           0.469     8.297    u_Frodo_top/u_SHAKE/ram64a_i_251_n_0
    SLICE_X13Y99         LUT6 (Prop_lut6_I3_O)        0.105     8.402 r  u_Frodo_top/u_SHAKE/ram64a_i_246/O
                         net (fo=4, routed)           0.716     9.118    u_Frodo_top/u_SHAKE/ram64a_i_246_n_0
    SLICE_X13Y100        LUT6 (Prop_lut6_I4_O)        0.105     9.223 r  u_Frodo_top/u_SHAKE/ram64a_i_220/O
                         net (fo=15, routed)          0.797    10.020    u_Frodo_top/u_SHAKE/ram64a_i_220_n_0
    SLICE_X9Y105         LUT3 (Prop_lut3_I1_O)        0.124    10.144 r  u_Frodo_top/u_SHAKE/ram64a_i_145/O
                         net (fo=47, routed)          0.593    10.737    u_Frodo_top/u_control/u_instDecoder/ram64a_i_147
    SLICE_X6Y107         LUT5 (Prop_lut5_I0_O)        0.274    11.011 r  u_Frodo_top/u_control/u_instDecoder/ram64a_i_214/O
                         net (fo=1, routed)           0.429    11.440    u_Frodo_top/u_MatrixAddSet/add_ina[43]
    SLICE_X7Y107         CARRY4 (Prop_carry4_DI[1]_O[2])
                                                      0.442    11.882 r  u_Frodo_top/u_MatrixAddSet/ram64a_i_144/O[2]
                         net (fo=2, routed)           0.566    12.448    u_Frodo_top/u_control/u_instDecoder/add_out[46]
    SLICE_X6Y115         LUT6 (Prop_lut6_I2_O)        0.253    12.701 r  u_Frodo_top/u_control/u_instDecoder/ram64a_i_82/O
                         net (fo=2, routed)           0.815    13.516    <hidden>
    RAMB36_X0Y25         RAMB36E1                                     r  <hidden>
  -------------------------------------------------------------------    -------------------

                         (clock clk_i rise edge)     10.000    10.000 r  
    W19                                               0.000    10.000 r  clk_i (IN)
                         net (fo=0)                   0.000    10.000    clk_i
    W19                  IBUF (Prop_ibuf_I_O)         1.357    11.357 r  clk_i_IBUF_inst/O
                         net (fo=1, routed)           1.604    12.962    clk_i_IBUF
    BUFGCTRL_X0Y0        BUFG (Prop_bufg_I_O)         0.077    13.039 r  clk_i_IBUF_BUFG_inst/O
                         net (fo=6567, routed)        1.421    14.460    <hidden>
    RAMB36_X0Y25         RAMB36E1                                     r  <hidden>
                         clock pessimism              0.166    14.625    
                         clock uncertainty           -0.035    14.590    
    RAMB36_X0Y25         RAMB36E1 (Setup_ramb36e1_CLKBWRCLK_DIBDI[11])
                                                     -0.641    13.949    <hidden>
  -------------------------------------------------------------------
                         required time                         13.949    
                         arrival time                         -13.516    
  -------------------------------------------------------------------
                         slack                                  0.433    

Slack (MET) :             0.438ns  (required time - arrival time)
  Source:                 cnt_reg[1]_rep__7/C
                            (rising edge-triggered cell FDCE clocked by clk_i  {rise@0.000ns fall@5.000ns period=10.000ns})
  Destination:            <hidden>
                            (rising edge-triggered cell RAMB36E1 clocked by clk_i  {rise@0.000ns fall@5.000ns period=10.000ns})
  Path Group:             clk_i
  Path Type:              Setup (Max at Slow Process Corner)
  Requirement:            10.000ns  (clk_i rise@10.000ns - clk_i rise@0.000ns)
  Data Path Delay:        8.863ns  (logic 2.977ns (33.588%)  route 5.886ns (66.412%))
  Logic Levels:           14  (CARRY4=6 LUT2=1 LUT3=3 LUT5=2 LUT6=2)
  Clock Path Skew:        -0.022ns (DCD - SCD + CPR)
    Destination Clock Delay (DCD):    4.310ns = ( 14.310 - 10.000 ) 
    Source Clock Delay      (SCD):    4.557ns
    Clock Pessimism Removal (CPR):    0.225ns
  Clock Uncertainty:      0.035ns  ((TSJ^2 + TIJ^2)^1/2 + DJ) / 2 + PE
    Total System Jitter     (TSJ):    0.071ns
    Total Input Jitter      (TIJ):    0.000ns
    Discrete Jitter          (DJ):    0.000ns
    Phase Error              (PE):    0.000ns

    Location             Delay type                Incr(ns)  Path(ns)    Netlist Resource(s)
  -------------------------------------------------------------------    -------------------
                         (clock clk_i rise edge)      0.000     0.000 r  
    W19                                               0.000     0.000 r  clk_i (IN)
                         net (fo=0)                   0.000     0.000    clk_i
    W19                  IBUF (Prop_ibuf_I_O)         1.423     1.423 r  clk_i_IBUF_inst/O
                         net (fo=1, routed)           1.693     3.116    clk_i_IBUF
    BUFGCTRL_X0Y0        BUFG (Prop_bufg_I_O)         0.081     3.197 r  clk_i_IBUF_BUFG_inst/O
                         net (fo=6567, routed)        1.359     4.557    clk_i_IBUF_BUFG
    SLICE_X8Y96          FDCE                                         r  cnt_reg[1]_rep__7/C
  -------------------------------------------------------------------    -------------------
    SLICE_X8Y96          FDCE (Prop_fdce_C_Q)         0.433     4.990 r  cnt_reg[1]_rep__7/Q
                         net (fo=93, routed)          0.431     5.421    u_Frodo_top/u_SampleMatrixSet/unpackOut_o_reg[31]
    SLICE_X9Y96          LUT2 (Prop_lut2_I0_O)        0.105     5.526 r  u_Frodo_top/u_SampleMatrixSet/unpackOut_o[63]_i_2/O
                         net (fo=96, routed)          0.843     6.368    u_Frodo_top/u_SHAKE/threshold[11]_41[0]
    SLICE_X9Y89          LUT5 (Prop_lut5_I4_O)        0.105     6.473 r  u_Frodo_top/u_SHAKE/cmp_result[1]_9_carry_i_7/O
                         net (fo=1, routed)           0.000     6.473    u_Frodo_top/u_SampleMatrixSet/cmp_result[1]_9_carry__0_1[0]
    SLICE_X9Y89          CARRY4 (Prop_carry4_S[0]_CO[3])
                                                      0.440     6.913 r  u_Frodo_top/u_SampleMatrixSet/cmp_result[1]_9_carry/CO[3]
                         net (fo=1, routed)           0.000     6.913    u_Frodo_top/u_SampleMatrixSet/cmp_result[1]_9_carry_n_0
    SLICE_X9Y90          CARRY4 (Prop_carry4_CI_CO[3])
                                                      0.098     7.011 r  u_Frodo_top/u_SampleMatrixSet/cmp_result[1]_9_carry__0/CO[3]
                         net (fo=2, routed)           1.000     8.011    u_Frodo_top/u_SHAKE/ram64a_i_261_8[0]
    SLICE_X11Y88         LUT3 (Prop_lut3_I0_O)        0.105     8.116 r  u_Frodo_top/u_SHAKE/ram64a_i_292/O
                         net (fo=3, routed)           0.664     8.780    u_Frodo_top/u_SHAKE/ram64a_i_292_n_0
    SLICE_X13Y88         LUT6 (Prop_lut6_I3_O)        0.105     8.885 r  u_Frodo_top/u_SHAKE/ram64a_i_287/O
                         net (fo=4, routed)           0.495     9.380    u_Frodo_top/u_SHAKE/ram64a_i_287_n_0
    SLICE_X13Y86         LUT3 (Prop_lut3_I0_O)        0.105     9.485 r  u_Frodo_top/u_SHAKE/ram64a_i_291/O
                         net (fo=2, routed)           0.560    10.044    u_Frodo_top/u_SHAKE/ram64a_i_291_n_0
    SLICE_X11Y85         LUT3 (Prop_lut3_I2_O)        0.108    10.152 r  u_Frodo_top/u_SHAKE/ram64a_i_160/O
                         net (fo=4, routed)           0.680    10.832    u_Frodo_top/u_MatrixAddSet/smOutSet[4]
    SLICE_X7Y87          LUT5 (Prop_lut5_I1_O)        0.267    11.099 r  u_Frodo_top/u_MatrixAddSet/ram64a_i_285/O
                         net (fo=1, routed)           0.000    11.099    u_Frodo_top/u_MatrixAddSet/ram64a_i_285_n_0
    SLICE_X7Y87          CARRY4 (Prop_carry4_S[1]_CO[3])
                                                      0.457    11.556 r  u_Frodo_top/u_MatrixAddSet/ram64a_i_157/CO[3]
                         net (fo=1, routed)           0.000    11.556    u_Frodo_top/u_MatrixAddSet/ram64a_i_157_n_0
    SLICE_X7Y88          CARRY4 (Prop_carry4_CI_CO[3])
                                                      0.098    11.654 r  u_Frodo_top/u_MatrixAddSet/ram64a_i_156/CO[3]
                         net (fo=1, routed)           0.000    11.654    u_Frodo_top/u_MatrixAddSet/ram64a_i_156_n_0
    SLICE_X7Y89          CARRY4 (Prop_carry4_CI_CO[3])
                                                      0.098    11.752 r  u_Frodo_top/u_MatrixAddSet/ram64a_i_155/CO[3]
                         net (fo=1, routed)           0.000    11.752    u_Frodo_top/u_MatrixAddSet/ram64a_i_155_n_0
    SLICE_X7Y90          CARRY4 (Prop_carry4_CI_O[2])
                                                      0.200    11.952 r  u_Frodo_top/u_MatrixAddSet/ram64a_i_153/O[2]
                         net (fo=2, routed)           0.412    12.364    u_Frodo_top/u_control/u_instDecoder/add_out[30]
    SLICE_X2Y85          LUT6 (Prop_lut6_I2_O)        0.253    12.617 r  u_Frodo_top/u_control/u_instDecoder/ram64a_i_98/O
                         net (fo=2, routed)           0.803    13.420    <hidden>
    RAMB36_X0Y14         RAMB36E1                                     r  <hidden>
  -------------------------------------------------------------------    -------------------

                         (clock clk_i rise edge)     10.000    10.000 r  
    W19                                               0.000    10.000 r  clk_i (IN)
                         net (fo=0)                   0.000    10.000    clk_i
    W19                  IBUF (Prop_ibuf_I_O)         1.357    11.357 r  clk_i_IBUF_inst/O
                         net (fo=1, routed)           1.604    12.962    clk_i_IBUF
    BUFGCTRL_X0Y0        BUFG (Prop_bufg_I_O)         0.077    13.039 r  clk_i_IBUF_BUFG_inst/O
                         net (fo=6567, routed)        1.271    14.310    <hidden>
    RAMB36_X0Y14         RAMB36E1                                     r  <hidden>
                         clock pessimism              0.225    14.535    
                         clock uncertainty           -0.035    14.499    
    RAMB36_X0Y14         RAMB36E1 (Setup_ramb36e1_CLKBWRCLK_DIBDI[11])
                                                     -0.641    13.858    <hidden>
  -------------------------------------------------------------------
                         required time                         13.858    
                         arrival time                         -13.420    
  -------------------------------------------------------------------
                         slack                                  0.438    

Slack (MET) :             0.441ns  (required time - arrival time)
  Source:                 cnt_reg[1]_rep__7/C
                            (rising edge-triggered cell FDCE clocked by clk_i  {rise@0.000ns fall@5.000ns period=10.000ns})
  Destination:            <hidden>
                            (rising edge-triggered cell RAMB36E1 clocked by clk_i  {rise@0.000ns fall@5.000ns period=10.000ns})
  Path Group:             clk_i
  Path Type:              Setup (Max at Slow Process Corner)
  Requirement:            10.000ns  (clk_i rise@10.000ns - clk_i rise@0.000ns)
  Data Path Delay:        8.860ns  (logic 3.041ns (34.322%)  route 5.819ns (65.678%))
  Logic Levels:           14  (CARRY4=6 LUT2=1 LUT3=3 LUT5=2 LUT6=2)
  Clock Path Skew:        -0.022ns (DCD - SCD + CPR)
    Destination Clock Delay (DCD):    4.310ns = ( 14.310 - 10.000 ) 
    Source Clock Delay      (SCD):    4.557ns
    Clock Pessimism Removal (CPR):    0.225ns
  Clock Uncertainty:      0.035ns  ((TSJ^2 + TIJ^2)^1/2 + DJ) / 2 + PE
    Total System Jitter     (TSJ):    0.071ns
    Total Input Jitter      (TIJ):    0.000ns
    Discrete Jitter          (DJ):    0.000ns
    Phase Error              (PE):    0.000ns

    Location             Delay type                Incr(ns)  Path(ns)    Netlist Resource(s)
  -------------------------------------------------------------------    -------------------
                         (clock clk_i rise edge)      0.000     0.000 r  
    W19                                               0.000     0.000 r  clk_i (IN)
                         net (fo=0)                   0.000     0.000    clk_i
    W19                  IBUF (Prop_ibuf_I_O)         1.423     1.423 r  clk_i_IBUF_inst/O
                         net (fo=1, routed)           1.693     3.116    clk_i_IBUF
    BUFGCTRL_X0Y0        BUFG (Prop_bufg_I_O)         0.081     3.197 r  clk_i_IBUF_BUFG_inst/O
                         net (fo=6567, routed)        1.359     4.557    clk_i_IBUF_BUFG
    SLICE_X8Y96          FDCE                                         r  cnt_reg[1]_rep__7/C
  -------------------------------------------------------------------    -------------------
    SLICE_X8Y96          FDCE (Prop_fdce_C_Q)         0.433     4.990 r  cnt_reg[1]_rep__7/Q
                         net (fo=93, routed)          0.431     5.421    u_Frodo_top/u_SampleMatrixSet/unpackOut_o_reg[31]
    SLICE_X9Y96          LUT2 (Prop_lut2_I0_O)        0.105     5.526 r  u_Frodo_top/u_SampleMatrixSet/unpackOut_o[63]_i_2/O
                         net (fo=96, routed)          0.843     6.368    u_Frodo_top/u_SHAKE/threshold[11]_41[0]
    SLICE_X9Y89          LUT5 (Prop_lut5_I4_O)        0.105     6.473 r  u_Frodo_top/u_SHAKE/cmp_result[1]_9_carry_i_7/O
                         net (fo=1, routed)           0.000     6.473    u_Frodo_top/u_SampleMatrixSet/cmp_result[1]_9_carry__0_1[0]
    SLICE_X9Y89          CARRY4 (Prop_carry4_S[0]_CO[3])
                                                      0.440     6.913 r  u_Frodo_top/u_SampleMatrixSet/cmp_result[1]_9_carry/CO[3]
                         net (fo=1, routed)           0.000     6.913    u_Frodo_top/u_SampleMatrixSet/cmp_result[1]_9_carry_n_0
    SLICE_X9Y90          CARRY4 (Prop_carry4_CI_CO[3])
                                                      0.098     7.011 r  u_Frodo_top/u_SampleMatrixSet/cmp_result[1]_9_carry__0/CO[3]
                         net (fo=2, routed)           1.000     8.011    u_Frodo_top/u_SHAKE/ram64a_i_261_8[0]
    SLICE_X11Y88         LUT3 (Prop_lut3_I0_O)        0.105     8.116 r  u_Frodo_top/u_SHAKE/ram64a_i_292/O
                         net (fo=3, routed)           0.664     8.780    u_Frodo_top/u_SHAKE/ram64a_i_292_n_0
    SLICE_X13Y88         LUT6 (Prop_lut6_I3_O)        0.105     8.885 r  u_Frodo_top/u_SHAKE/ram64a_i_287/O
                         net (fo=4, routed)           0.495     9.380    u_Frodo_top/u_SHAKE/ram64a_i_287_n_0
    SLICE_X13Y86         LUT3 (Prop_lut3_I0_O)        0.105     9.485 r  u_Frodo_top/u_SHAKE/ram64a_i_291/O
                         net (fo=2, routed)           0.560    10.044    u_Frodo_top/u_SHAKE/ram64a_i_291_n_0
    SLICE_X11Y85         LUT3 (Prop_lut3_I2_O)        0.108    10.152 r  u_Frodo_top/u_SHAKE/ram64a_i_160/O
                         net (fo=4, routed)           0.680    10.832    u_Frodo_top/u_MatrixAddSet/smOutSet[4]
    SLICE_X7Y87          LUT5 (Prop_lut5_I1_O)        0.267    11.099 r  u_Frodo_top/u_MatrixAddSet/ram64a_i_285/O
                         net (fo=1, routed)           0.000    11.099    u_Frodo_top/u_MatrixAddSet/ram64a_i_285_n_0
    SLICE_X7Y87          CARRY4 (Prop_carry4_S[1]_CO[3])
                                                      0.457    11.556 r  u_Frodo_top/u_MatrixAddSet/ram64a_i_157/CO[3]
                         net (fo=1, routed)           0.000    11.556    u_Frodo_top/u_MatrixAddSet/ram64a_i_157_n_0
    SLICE_X7Y88          CARRY4 (Prop_carry4_CI_CO[3])
                                                      0.098    11.654 r  u_Frodo_top/u_MatrixAddSet/ram64a_i_156/CO[3]
                         net (fo=1, routed)           0.000    11.654    u_Frodo_top/u_MatrixAddSet/ram64a_i_156_n_0
    SLICE_X7Y89          CARRY4 (Prop_carry4_CI_CO[3])
                                                      0.098    11.752 r  u_Frodo_top/u_MatrixAddSet/ram64a_i_155/CO[3]
                         net (fo=1, routed)           0.000    11.752    u_Frodo_top/u_MatrixAddSet/ram64a_i_155_n_0
    SLICE_X7Y90          CARRY4 (Prop_carry4_CI_O[3])
                                                      0.260    12.012 r  u_Frodo_top/u_MatrixAddSet/ram64a_i_153/O[3]
                         net (fo=2, routed)           0.430    12.443    u_Frodo_top/u_control/u_instDecoder/add_out[31]
    SLICE_X6Y82          LUT6 (Prop_lut6_I2_O)        0.257    12.700 r  u_Frodo_top/u_control/u_instDecoder/ram64a_i_97/O
                         net (fo=2, routed)           0.717    13.417    <hidden>
    RAMB36_X0Y14         RAMB36E1                                     r  <hidden>
  -------------------------------------------------------------------    -------------------

                         (clock clk_i rise edge)     10.000    10.000 r  
    W19                                               0.000    10.000 r  clk_i (IN)
                         net (fo=0)                   0.000    10.000    clk_i
    W19                  IBUF (Prop_ibuf_I_O)         1.357    11.357 r  clk_i_IBUF_inst/O
                         net (fo=1, routed)           1.604    12.962    clk_i_IBUF
    BUFGCTRL_X0Y0        BUFG (Prop_bufg_I_O)         0.077    13.039 r  clk_i_IBUF_BUFG_inst/O
                         net (fo=6567, routed)        1.271    14.310    <hidden>
    RAMB36_X0Y14         RAMB36E1                                     r  <hidden>
                         clock pessimism              0.225    14.535    
                         clock uncertainty           -0.035    14.499    
    RAMB36_X0Y14         RAMB36E1 (Setup_ramb36e1_CLKBWRCLK_DIBDI[12])
                                                     -0.641    13.858    <hidden>
  -------------------------------------------------------------------
                         required time                         13.858    
                         arrival time                         -13.417    
  -------------------------------------------------------------------
                         slack                                  0.441    

Slack (MET) :             0.456ns  (required time - arrival time)
  Source:                 u_Frodo_top/u_SHAKE/doutflag_obuf_reg/C
                            (rising edge-triggered cell FDCE clocked by clk_i  {rise@0.000ns fall@5.000ns period=10.000ns})
  Destination:            u_Frodo_top/u_SHAKE/o_buf_reg[49]/CE
                            (rising edge-triggered cell FDCE clocked by clk_i  {rise@0.000ns fall@5.000ns period=10.000ns})
  Path Group:             clk_i
  Path Type:              Setup (Max at Slow Process Corner)
  Requirement:            10.000ns  (clk_i rise@10.000ns - clk_i rise@0.000ns)
  Data Path Delay:        9.309ns  (logic 0.433ns (4.652%)  route 8.876ns (95.348%))
  Logic Levels:           0  
  Clock Path Skew:        -0.032ns (DCD - SCD + CPR)
    Destination Clock Delay (DCD):    4.510ns = ( 14.510 - 10.000 ) 
    Source Clock Delay      (SCD):    4.716ns
    Clock Pessimism Removal (CPR):    0.174ns
  Clock Uncertainty:      0.035ns  ((TSJ^2 + TIJ^2)^1/2 + DJ) / 2 + PE
    Total System Jitter     (TSJ):    0.071ns
    Total Input Jitter      (TIJ):    0.000ns
    Discrete Jitter          (DJ):    0.000ns
    Phase Error              (PE):    0.000ns

    Location             Delay type                Incr(ns)  Path(ns)    Netlist Resource(s)
  -------------------------------------------------------------------    -------------------
                         (clock clk_i rise edge)      0.000     0.000 r  
    W19                                               0.000     0.000 r  clk_i (IN)
                         net (fo=0)                   0.000     0.000    clk_i
    W19                  IBUF (Prop_ibuf_I_O)         1.423     1.423 r  clk_i_IBUF_inst/O
                         net (fo=1, routed)           1.693     3.116    clk_i_IBUF
    BUFGCTRL_X0Y0        BUFG (Prop_bufg_I_O)         0.081     3.197 r  clk_i_IBUF_BUFG_inst/O
                         net (fo=6567, routed)        1.519     4.716    u_Frodo_top/u_SHAKE/clk_i_IBUF_BUFG
    SLICE_X56Y106        FDCE                                         r  u_Frodo_top/u_SHAKE/doutflag_obuf_reg/C
  -------------------------------------------------------------------    -------------------
    SLICE_X56Y106        FDCE (Prop_fdce_C_Q)         0.433     5.149 r  u_Frodo_top/u_SHAKE/doutflag_obuf_reg/Q
                         net (fo=64, routed)          8.876    14.025    u_Frodo_top/u_SHAKE/doutflag_obuf
    SLICE_X1Y104         FDCE                                         r  u_Frodo_top/u_SHAKE/o_buf_reg[49]/CE
  -------------------------------------------------------------------    -------------------

                         (clock clk_i rise edge)     10.000    10.000 r  
    W19                                               0.000    10.000 r  clk_i (IN)
                         net (fo=0)                   0.000    10.000    clk_i
    W19                  IBUF (Prop_ibuf_I_O)         1.357    11.357 r  clk_i_IBUF_inst/O
                         net (fo=1, routed)           1.604    12.962    clk_i_IBUF
    BUFGCTRL_X0Y0        BUFG (Prop_bufg_I_O)         0.077    13.039 r  clk_i_IBUF_BUFG_inst/O
                         net (fo=6567, routed)        1.472    14.510    u_Frodo_top/u_SHAKE/clk_i_IBUF_BUFG
    SLICE_X1Y104         FDCE                                         r  u_Frodo_top/u_SHAKE/o_buf_reg[49]/C
                         clock pessimism              0.174    14.684    
                         clock uncertainty           -0.035    14.649    
    SLICE_X1Y104         FDCE (Setup_fdce_C_CE)      -0.168    14.481    u_Frodo_top/u_SHAKE/o_buf_reg[49]
  -------------------------------------------------------------------
                         required time                         14.481    
                         arrival time                         -14.025    
  -------------------------------------------------------------------
                         slack                                  0.456    

Slack (MET) :             0.459ns  (required time - arrival time)
  Source:                 cnt_reg[1]_rep__7/C
                            (rising edge-triggered cell FDCE clocked by clk_i  {rise@0.000ns fall@5.000ns period=10.000ns})
  Destination:            <hidden>
                            (rising edge-triggered cell RAMB36E1 clocked by clk_i  {rise@0.000ns fall@5.000ns period=10.000ns})
  Path Group:             clk_i
  Path Type:              Setup (Max at Slow Process Corner)
  Requirement:            10.000ns  (clk_i rise@10.000ns - clk_i rise@0.000ns)
  Data Path Delay:        8.843ns  (logic 3.039ns (34.367%)  route 5.804ns (65.633%))
  Logic Levels:           14  (CARRY4=6 LUT2=1 LUT3=3 LUT5=2 LUT6=2)
  Clock Path Skew:        -0.022ns (DCD - SCD + CPR)
    Destination Clock Delay (DCD):    4.310ns = ( 14.310 - 10.000 ) 
    Source Clock Delay      (SCD):    4.557ns
    Clock Pessimism Removal (CPR):    0.225ns
  Clock Uncertainty:      0.035ns  ((TSJ^2 + TIJ^2)^1/2 + DJ) / 2 + PE
    Total System Jitter     (TSJ):    0.071ns
    Total Input Jitter      (TIJ):    0.000ns
    Discrete Jitter          (DJ):    0.000ns
    Phase Error              (PE):    0.000ns

    Location             Delay type                Incr(ns)  Path(ns)    Netlist Resource(s)
  -------------------------------------------------------------------    -------------------
                         (clock clk_i rise edge)      0.000     0.000 r  
    W19                                               0.000     0.000 r  clk_i (IN)
                         net (fo=0)                   0.000     0.000    clk_i
    W19                  IBUF (Prop_ibuf_I_O)         1.423     1.423 r  clk_i_IBUF_inst/O
                         net (fo=1, routed)           1.693     3.116    clk_i_IBUF
    BUFGCTRL_X0Y0        BUFG (Prop_bufg_I_O)         0.081     3.197 r  clk_i_IBUF_BUFG_inst/O
                         net (fo=6567, routed)        1.359     4.557    clk_i_IBUF_BUFG
    SLICE_X8Y96          FDCE                                         r  cnt_reg[1]_rep__7/C
  -------------------------------------------------------------------    -------------------
    SLICE_X8Y96          FDCE (Prop_fdce_C_Q)         0.433     4.990 r  cnt_reg[1]_rep__7/Q
                         net (fo=93, routed)          0.431     5.421    u_Frodo_top/u_SampleMatrixSet/unpackOut_o_reg[31]
    SLICE_X9Y96          LUT2 (Prop_lut2_I0_O)        0.105     5.526 r  u_Frodo_top/u_SampleMatrixSet/unpackOut_o[63]_i_2/O
                         net (fo=96, routed)          0.843     6.368    u_Frodo_top/u_SHAKE/threshold[11]_41[0]
    SLICE_X9Y89          LUT5 (Prop_lut5_I4_O)        0.105     6.473 r  u_Frodo_top/u_SHAKE/cmp_result[1]_9_carry_i_7/O
                         net (fo=1, routed)           0.000     6.473    u_Frodo_top/u_SampleMatrixSet/cmp_result[1]_9_carry__0_1[0]
    SLICE_X9Y89          CARRY4 (Prop_carry4_S[0]_CO[3])
                                                      0.440     6.913 r  u_Frodo_top/u_SampleMatrixSet/cmp_result[1]_9_carry/CO[3]
                         net (fo=1, routed)           0.000     6.913    u_Frodo_top/u_SampleMatrixSet/cmp_result[1]_9_carry_n_0
    SLICE_X9Y90          CARRY4 (Prop_carry4_CI_CO[3])
                                                      0.098     7.011 r  u_Frodo_top/u_SampleMatrixSet/cmp_result[1]_9_carry__0/CO[3]
                         net (fo=2, routed)           1.000     8.011    u_Frodo_top/u_SHAKE/ram64a_i_261_8[0]
    SLICE_X11Y88         LUT3 (Prop_lut3_I0_O)        0.105     8.116 r  u_Frodo_top/u_SHAKE/ram64a_i_292/O
                         net (fo=3, routed)           0.664     8.780    u_Frodo_top/u_SHAKE/ram64a_i_292_n_0
    SLICE_X13Y88         LUT6 (Prop_lut6_I3_O)        0.105     8.885 r  u_Frodo_top/u_SHAKE/ram64a_i_287/O
                         net (fo=4, routed)           0.495     9.380    u_Frodo_top/u_SHAKE/ram64a_i_287_n_0
    SLICE_X13Y86         LUT3 (Prop_lut3_I0_O)        0.105     9.485 r  u_Frodo_top/u_SHAKE/ram64a_i_291/O
                         net (fo=2, routed)           0.560    10.044    u_Frodo_top/u_SHAKE/ram64a_i_291_n_0
    SLICE_X11Y85         LUT3 (Prop_lut3_I2_O)        0.108    10.152 r  u_Frodo_top/u_SHAKE/ram64a_i_160/O
                         net (fo=4, routed)           0.680    10.832    u_Frodo_top/u_MatrixAddSet/smOutSet[4]
    SLICE_X7Y87          LUT5 (Prop_lut5_I1_O)        0.267    11.099 r  u_Frodo_top/u_MatrixAddSet/ram64a_i_285/O
                         net (fo=1, routed)           0.000    11.099    u_Frodo_top/u_MatrixAddSet/ram64a_i_285_n_0
    SLICE_X7Y87          CARRY4 (Prop_carry4_S[1]_CO[3])
                                                      0.457    11.556 r  u_Frodo_top/u_MatrixAddSet/ram64a_i_157/CO[3]
                         net (fo=1, routed)           0.000    11.556    u_Frodo_top/u_MatrixAddSet/ram64a_i_157_n_0
    SLICE_X7Y88          CARRY4 (Prop_carry4_CI_CO[3])
                                                      0.098    11.654 r  u_Frodo_top/u_MatrixAddSet/ram64a_i_156/CO[3]
                         net (fo=1, routed)           0.000    11.654    u_Frodo_top/u_MatrixAddSet/ram64a_i_156_n_0
    SLICE_X7Y89          CARRY4 (Prop_carry4_CI_CO[3])
                                                      0.098    11.752 r  u_Frodo_top/u_MatrixAddSet/ram64a_i_155/CO[3]
                         net (fo=1, routed)           0.000    11.752    u_Frodo_top/u_MatrixAddSet/ram64a_i_155_n_0
    SLICE_X7Y90          CARRY4 (Prop_carry4_CI_O[1])
                                                      0.265    12.017 r  u_Frodo_top/u_MatrixAddSet/ram64a_i_153/O[1]
                         net (fo=2, routed)           0.414    12.431    u_Frodo_top/u_control/u_instDecoder/add_out[29]
    SLICE_X7Y84          LUT6 (Prop_lut6_I2_O)        0.250    12.681 r  u_Frodo_top/u_control/u_instDecoder/ram64a_i_99/O
                         net (fo=2, routed)           0.718    13.399    <hidden>
    RAMB36_X0Y14         RAMB36E1                                     r  <hidden>
  -------------------------------------------------------------------    -------------------

                         (clock clk_i rise edge)     10.000    10.000 r  
    W19                                               0.000    10.000 r  clk_i (IN)
                         net (fo=0)                   0.000    10.000    clk_i
    W19                  IBUF (Prop_ibuf_I_O)         1.357    11.357 r  clk_i_IBUF_inst/O
                         net (fo=1, routed)           1.604    12.962    clk_i_IBUF
    BUFGCTRL_X0Y0        BUFG (Prop_bufg_I_O)         0.077    13.039 r  clk_i_IBUF_BUFG_inst/O
                         net (fo=6567, routed)        1.271    14.310    <hidden>
    RAMB36_X0Y14         RAMB36E1                                     r  <hidden>
                         clock pessimism              0.225    14.535    
                         clock uncertainty           -0.035    14.499    
    RAMB36_X0Y14         RAMB36E1 (Setup_ramb36e1_CLKBWRCLK_DIBDI[10])
                                                     -0.641    13.858    <hidden>
  -------------------------------------------------------------------
                         required time                         13.858    
                         arrival time                         -13.399    
  -------------------------------------------------------------------
                         slack                                  0.459    

Slack (MET) :             0.468ns  (required time - arrival time)
  Source:                 cnt_reg[1]_rep__7/C
                            (rising edge-triggered cell FDCE clocked by clk_i  {rise@0.000ns fall@5.000ns period=10.000ns})
  Destination:            <hidden>
                            (rising edge-triggered cell RAMB36E1 clocked by clk_i  {rise@0.000ns fall@5.000ns period=10.000ns})
  Path Group:             clk_i
  Path Type:              Setup (Max at Slow Process Corner)
  Requirement:            10.000ns  (clk_i rise@10.000ns - clk_i rise@0.000ns)
  Data Path Delay:        8.833ns  (logic 2.843ns (32.185%)  route 5.990ns (67.815%))
  Logic Levels:           12  (CARRY4=4 LUT2=1 LUT3=3 LUT5=2 LUT6=2)
  Clock Path Skew:        -0.022ns (DCD - SCD + CPR)
    Destination Clock Delay (DCD):    4.310ns = ( 14.310 - 10.000 ) 
    Source Clock Delay      (SCD):    4.557ns
    Clock Pessimism Removal (CPR):    0.225ns
  Clock Uncertainty:      0.035ns  ((TSJ^2 + TIJ^2)^1/2 + DJ) / 2 + PE
    Total System Jitter     (TSJ):    0.071ns
    Total Input Jitter      (TIJ):    0.000ns
    Discrete Jitter          (DJ):    0.000ns
    Phase Error              (PE):    0.000ns

    Location             Delay type                Incr(ns)  Path(ns)    Netlist Resource(s)
  -------------------------------------------------------------------    -------------------
                         (clock clk_i rise edge)      0.000     0.000 r  
    W19                                               0.000     0.000 r  clk_i (IN)
                         net (fo=0)                   0.000     0.000    clk_i
    W19                  IBUF (Prop_ibuf_I_O)         1.423     1.423 r  clk_i_IBUF_inst/O
                         net (fo=1, routed)           1.693     3.116    clk_i_IBUF
    BUFGCTRL_X0Y0        BUFG (Prop_bufg_I_O)         0.081     3.197 r  clk_i_IBUF_BUFG_inst/O
                         net (fo=6567, routed)        1.359     4.557    clk_i_IBUF_BUFG
    SLICE_X8Y96          FDCE                                         r  cnt_reg[1]_rep__7/C
  -------------------------------------------------------------------    -------------------
    SLICE_X8Y96          FDCE (Prop_fdce_C_Q)         0.433     4.990 r  cnt_reg[1]_rep__7/Q
                         net (fo=93, routed)          0.431     5.421    u_Frodo_top/u_SampleMatrixSet/unpackOut_o_reg[31]
    SLICE_X9Y96          LUT2 (Prop_lut2_I0_O)        0.105     5.526 r  u_Frodo_top/u_SampleMatrixSet/unpackOut_o[63]_i_2/O
                         net (fo=96, routed)          0.843     6.368    u_Frodo_top/u_SHAKE/threshold[11]_41[0]
    SLICE_X9Y89          LUT5 (Prop_lut5_I4_O)        0.105     6.473 r  u_Frodo_top/u_SHAKE/cmp_result[1]_9_carry_i_7/O
                         net (fo=1, routed)           0.000     6.473    u_Frodo_top/u_SampleMatrixSet/cmp_result[1]_9_carry__0_1[0]
    SLICE_X9Y89          CARRY4 (Prop_carry4_S[0]_CO[3])
                                                      0.440     6.913 r  u_Frodo_top/u_SampleMatrixSet/cmp_result[1]_9_carry/CO[3]
                         net (fo=1, routed)           0.000     6.913    u_Frodo_top/u_SampleMatrixSet/cmp_result[1]_9_carry_n_0
    SLICE_X9Y90          CARRY4 (Prop_carry4_CI_CO[3])
                                                      0.098     7.011 r  u_Frodo_top/u_SampleMatrixSet/cmp_result[1]_9_carry__0/CO[3]
                         net (fo=2, routed)           1.000     8.011    u_Frodo_top/u_SHAKE/ram64a_i_261_8[0]
    SLICE_X11Y88         LUT3 (Prop_lut3_I0_O)        0.105     8.116 r  u_Frodo_top/u_SHAKE/ram64a_i_292/O
                         net (fo=3, routed)           0.664     8.780    u_Frodo_top/u_SHAKE/ram64a_i_292_n_0
    SLICE_X13Y88         LUT6 (Prop_lut6_I3_O)        0.105     8.885 r  u_Frodo_top/u_SHAKE/ram64a_i_287/O
                         net (fo=4, routed)           0.495     9.380    u_Frodo_top/u_SHAKE/ram64a_i_287_n_0
    SLICE_X13Y86         LUT3 (Prop_lut3_I0_O)        0.105     9.485 r  u_Frodo_top/u_SHAKE/ram64a_i_291/O
                         net (fo=2, routed)           0.560    10.044    u_Frodo_top/u_SHAKE/ram64a_i_291_n_0
    SLICE_X11Y85         LUT3 (Prop_lut3_I2_O)        0.108    10.152 r  u_Frodo_top/u_SHAKE/ram64a_i_160/O
                         net (fo=4, routed)           0.680    10.832    u_Frodo_top/u_MatrixAddSet/smOutSet[4]
    SLICE_X7Y87          LUT5 (Prop_lut5_I1_O)        0.267    11.099 r  u_Frodo_top/u_MatrixAddSet/ram64a_i_285/O
                         net (fo=1, routed)           0.000    11.099    u_Frodo_top/u_MatrixAddSet/ram64a_i_285_n_0
    SLICE_X7Y87          CARRY4 (Prop_carry4_S[1]_CO[3])
                                                      0.457    11.556 r  u_Frodo_top/u_MatrixAddSet/ram64a_i_157/CO[3]
                         net (fo=1, routed)           0.000    11.556    u_Frodo_top/u_MatrixAddSet/ram64a_i_157_n_0
    SLICE_X7Y88          CARRY4 (Prop_carry4_CI_O[1])
                                                      0.265    11.821 r  u_Frodo_top/u_MatrixAddSet/ram64a_i_156/O[1]
                         net (fo=2, routed)           0.513    12.335    u_Frodo_top/u_control/u_instDecoder/add_out[21]
    SLICE_X7Y84          LUT6 (Prop_lut6_I2_O)        0.250    12.585 r  u_Frodo_top/u_control/u_instDecoder/ram64a_i_107/O
                         net (fo=2, routed)           0.805    13.390    <hidden>
    RAMB36_X0Y14         RAMB36E1                                     r  <hidden>
  -------------------------------------------------------------------    -------------------

                         (clock clk_i rise edge)     10.000    10.000 r  
    W19                                               0.000    10.000 r  clk_i (IN)
                         net (fo=0)                   0.000    10.000    clk_i
    W19                  IBUF (Prop_ibuf_I_O)         1.357    11.357 r  clk_i_IBUF_inst/O
                         net (fo=1, routed)           1.604    12.962    clk_i_IBUF
    BUFGCTRL_X0Y0        BUFG (Prop_bufg_I_O)         0.077    13.039 r  clk_i_IBUF_BUFG_inst/O
                         net (fo=6567, routed)        1.271    14.310    <hidden>
    RAMB36_X0Y14         RAMB36E1                                     r  <hidden>
                         clock pessimism              0.225    14.535    
                         clock uncertainty           -0.035    14.499    
    RAMB36_X0Y14         RAMB36E1 (Setup_ramb36e1_CLKBWRCLK_DIBDI[3])
                                                     -0.641    13.858    <hidden>
  -------------------------------------------------------------------
                         required time                         13.858    
                         arrival time                         -13.390    
  -------------------------------------------------------------------
                         slack                                  0.468    





Min Delay Paths
--------------------------------------------------------------------------------------
Slack (MET) :             0.047ns  (arrival time - required time)
  Source:                 u_Frodo_top/u_bidirectional_fifo/buffer_reg[330]/C
                            (rising edge-triggered cell FDCE clocked by clk_i  {rise@0.000ns fall@5.000ns period=10.000ns})
  Destination:            <hidden>
                            (rising edge-triggered cell RAMB36E1 clocked by clk_i  {rise@0.000ns fall@5.000ns period=10.000ns})
  Path Group:             clk_i
  Path Type:              Hold (Min at Fast Process Corner)
  Requirement:            0.000ns  (clk_i rise@0.000ns - clk_i rise@0.000ns)
  Data Path Delay:        0.416ns  (logic 0.141ns (33.881%)  route 0.275ns (66.119%))
  Logic Levels:           0  
  Clock Path Skew:        0.073ns (DCD - SCD - CPR)
    Destination Clock Delay (DCD):    2.029ns
    Source Clock Delay      (SCD):    1.477ns
    Clock Pessimism Removal (CPR):    0.479ns

    Location             Delay type                Incr(ns)  Path(ns)    Netlist Resource(s)
  -------------------------------------------------------------------    -------------------
                         (clock clk_i rise edge)      0.000     0.000 r  
    W19                                               0.000     0.000 r  clk_i (IN)
                         net (fo=0)                   0.000     0.000    clk_i
    W19                  IBUF (Prop_ibuf_I_O)         0.260     0.260 r  clk_i_IBUF_inst/O
                         net (fo=1, routed)           0.634     0.894    clk_i_IBUF
    BUFGCTRL_X0Y0        BUFG (Prop_bufg_I_O)         0.026     0.920 r  clk_i_IBUF_BUFG_inst/O
                         net (fo=6567, routed)        0.557     1.477    u_Frodo_top/u_bidirectional_fifo/clk_i_IBUF_BUFG
    SLICE_X28Y65         FDCE                                         r  u_Frodo_top/u_bidirectional_fifo/buffer_reg[330]/C
  -------------------------------------------------------------------    -------------------
    SLICE_X28Y65         FDCE (Prop_fdce_C_Q)         0.141     1.618 r  u_Frodo_top/u_bidirectional_fifo/buffer_reg[330]/Q
                         net (fo=2, routed)           0.275     1.893    <hidden>
    RAMB36_X0Y13         RAMB36E1                                     r  <hidden>
  -------------------------------------------------------------------    -------------------

                         (clock clk_i rise edge)      0.000     0.000 r  
    W19                                               0.000     0.000 r  clk_i (IN)
                         net (fo=0)                   0.000     0.000    clk_i
    W19                  IBUF (Prop_ibuf_I_O)         0.448     0.448 r  clk_i_IBUF_inst/O
                         net (fo=1, routed)           0.689     1.137    clk_i_IBUF
    BUFGCTRL_X0Y0        BUFG (Prop_bufg_I_O)         0.029     1.166 r  clk_i_IBUF_BUFG_inst/O
                         net (fo=6567, routed)        0.863     2.029    <hidden>
    RAMB36_X0Y13         RAMB36E1                                     r  <hidden>
                         clock pessimism             -0.479     1.550    
    RAMB36_X0Y13         RAMB36E1 (Hold_ramb36e1_CLKARDCLK_DIADI[22])
                                                      0.296     1.846    <hidden>
  -------------------------------------------------------------------
                         required time                         -1.846    
                         arrival time                           1.893    
  -------------------------------------------------------------------
                         slack                                  0.047    

Slack (MET) :             0.059ns  (arrival time - required time)
  Source:                 u_Frodo_top/u_control/u_AddrGenUnit/loopj_reg[0]/C
                            (rising edge-triggered cell FDCE clocked by clk_i  {rise@0.000ns fall@5.000ns period=10.000ns})
  Destination:            u_Frodo_top/u_control/u_AddrGenUnit/ADDRc_part_1_reg[0]/D
                            (rising edge-triggered cell FDCE clocked by clk_i  {rise@0.000ns fall@5.000ns period=10.000ns})
  Path Group:             clk_i
  Path Type:              Hold (Min at Fast Process Corner)
  Requirement:            0.000ns  (clk_i rise@0.000ns - clk_i rise@0.000ns)
  Data Path Delay:        0.431ns  (logic 0.256ns (59.384%)  route 0.175ns (40.616%))
  Logic Levels:           2  (CARRY4=1 LUT6=1)
  Clock Path Skew:        0.267ns (DCD - SCD - CPR)
    Destination Clock Delay (DCD):    1.996ns
    Source Clock Delay      (SCD):    1.484ns
    Clock Pessimism Removal (CPR):    0.246ns

    Location             Delay type                Incr(ns)  Path(ns)    Netlist Resource(s)
  -------------------------------------------------------------------    -------------------
                         (clock clk_i rise edge)      0.000     0.000 r  
    W19                                               0.000     0.000 r  clk_i (IN)
                         net (fo=0)                   0.000     0.000    clk_i
    W19                  IBUF (Prop_ibuf_I_O)         0.260     0.260 r  clk_i_IBUF_inst/O
                         net (fo=1, routed)           0.634     0.894    clk_i_IBUF
    BUFGCTRL_X0Y0        BUFG (Prop_bufg_I_O)         0.026     0.920 r  clk_i_IBUF_BUFG_inst/O
                         net (fo=6567, routed)        0.564     1.484    u_Frodo_top/u_control/u_AddrGenUnit/clk_i_IBUF_BUFG
    SLICE_X31Y49         FDCE                                         r  u_Frodo_top/u_control/u_AddrGenUnit/loopj_reg[0]/C
  -------------------------------------------------------------------    -------------------
    SLICE_X31Y49         FDCE (Prop_fdce_C_Q)         0.141     1.625 r  u_Frodo_top/u_control/u_AddrGenUnit/loopj_reg[0]/Q
                         net (fo=9, routed)           0.175     1.800    u_Frodo_top/u_control/u_AddrGenUnit/loopj_reg[11]_0[0]
    SLICE_X33Y50         LUT6 (Prop_lut6_I0_O)        0.045     1.845 r  u_Frodo_top/u_control/u_AddrGenUnit/ADDRc_part_1[3]_i_9/O
                         net (fo=1, routed)           0.000     1.845    u_Frodo_top/u_control/u_instDecoder/ADDRc_part_1_reg[3][0]
    SLICE_X33Y50         CARRY4 (Prop_carry4_S[0]_O[0])
                                                      0.070     1.915 r  u_Frodo_top/u_control/u_instDecoder/ADDRc_part_1_reg[3]_i_1/O[0]
                         net (fo=1, routed)           0.000     1.915    u_Frodo_top/u_control/u_AddrGenUnit/ADDRc_part_1_reg[11]_2[0]
    SLICE_X33Y50         FDCE                                         r  u_Frodo_top/u_control/u_AddrGenUnit/ADDRc_part_1_reg[0]/D
  -------------------------------------------------------------------    -------------------

                         (clock clk_i rise edge)      0.000     0.000 r  
    W19                                               0.000     0.000 r  clk_i (IN)
                         net (fo=0)                   0.000     0.000    clk_i
    W19                  IBUF (Prop_ibuf_I_O)         0.448     0.448 r  clk_i_IBUF_inst/O
                         net (fo=1, routed)           0.689     1.137    clk_i_IBUF
    BUFGCTRL_X0Y0        BUFG (Prop_bufg_I_O)         0.029     1.166 r  clk_i_IBUF_BUFG_inst/O
                         net (fo=6567, routed)        0.830     1.996    u_Frodo_top/u_control/u_AddrGenUnit/clk_i_IBUF_BUFG
    SLICE_X33Y50         FDCE                                         r  u_Frodo_top/u_control/u_AddrGenUnit/ADDRc_part_1_reg[0]/C
                         clock pessimism             -0.246     1.751    
    SLICE_X33Y50         FDCE (Hold_fdce_C_D)         0.105     1.856    u_Frodo_top/u_control/u_AddrGenUnit/ADDRc_part_1_reg[0]
  -------------------------------------------------------------------
                         required time                         -1.856    
                         arrival time                           1.915    
  -------------------------------------------------------------------
                         slack                                  0.059    

Slack (MET) :             0.070ns  (arrival time - required time)
  Source:                 u_Frodo_top/u_SHAKE/g_keccak_buf_lane[6].g_no_pad.keccak_buf_reg[437]/C
                            (rising edge-triggered cell FDCE clocked by clk_i  {rise@0.000ns fall@5.000ns period=10.000ns})
  Destination:            u_Frodo_top/u_SHAKE/g_sqzout448[0].sqzout448_reg[5]/D
                            (rising edge-triggered cell FDCE clocked by clk_i  {rise@0.000ns fall@5.000ns period=10.000ns})
  Path Group:             clk_i
  Path Type:              Hold (Min at Fast Process Corner)
  Requirement:            0.000ns  (clk_i rise@0.000ns - clk_i rise@0.000ns)
  Data Path Delay:        0.512ns  (logic 0.186ns (36.354%)  route 0.326ns (63.646%))
  Logic Levels:           1  (LUT5=1)
  Clock Path Skew:        0.350ns (DCD - SCD - CPR)
    Destination Clock Delay (DCD):    2.113ns
    Source Clock Delay      (SCD):    1.512ns
    Clock Pessimism Removal (CPR):    0.251ns

    Location             Delay type                Incr(ns)  Path(ns)    Netlist Resource(s)
  -------------------------------------------------------------------    -------------------
                         (clock clk_i rise edge)      0.000     0.000 r  
    W19                                               0.000     0.000 r  clk_i (IN)
                         net (fo=0)                   0.000     0.000    clk_i
    W19                  IBUF (Prop_ibuf_I_O)         0.260     0.260 r  clk_i_IBUF_inst/O
                         net (fo=1, routed)           0.634     0.894    clk_i_IBUF
    BUFGCTRL_X0Y0        BUFG (Prop_bufg_I_O)         0.026     0.920 r  clk_i_IBUF_BUFG_inst/O
                         net (fo=6567, routed)        0.592     1.512    u_Frodo_top/u_SHAKE/clk_i_IBUF_BUFG
    SLICE_X5Y97          FDCE                                         r  u_Frodo_top/u_SHAKE/g_keccak_buf_lane[6].g_no_pad.keccak_buf_reg[437]/C
  -------------------------------------------------------------------    -------------------
    SLICE_X5Y97          FDCE (Prop_fdce_C_Q)         0.141     1.653 r  u_Frodo_top/u_SHAKE/g_keccak_buf_lane[6].g_no_pad.keccak_buf_reg[437]/Q
                         net (fo=5, routed)           0.326     1.979    u_Frodo_top/u_SHAKE/p_0_in34_in[53]
    SLICE_X4Y107         LUT5 (Prop_lut5_I0_O)        0.045     2.024 r  u_Frodo_top/u_SHAKE/g_sqzout448[0].sqzout448[5]_i_1/O
                         net (fo=1, routed)           0.000     2.024    u_Frodo_top/u_SHAKE/g_sqzout448[0].sqzout448[5]_i_1_n_0
    SLICE_X4Y107         FDCE                                         r  u_Frodo_top/u_SHAKE/g_sqzout448[0].sqzout448_reg[5]/D
  -------------------------------------------------------------------    -------------------

                         (clock clk_i rise edge)      0.000     0.000 r  
    W19                                               0.000     0.000 r  clk_i (IN)
                         net (fo=0)                   0.000     0.000    clk_i
    W19                  IBUF (Prop_ibuf_I_O)         0.448     0.448 r  clk_i_IBUF_inst/O
                         net (fo=1, routed)           0.689     1.137    clk_i_IBUF
    BUFGCTRL_X0Y0        BUFG (Prop_bufg_I_O)         0.029     1.166 r  clk_i_IBUF_BUFG_inst/O
                         net (fo=6567, routed)        0.947     2.113    u_Frodo_top/u_SHAKE/clk_i_IBUF_BUFG
    SLICE_X4Y107         FDCE                                         r  u_Frodo_top/u_SHAKE/g_sqzout448[0].sqzout448_reg[5]/C
                         clock pessimism             -0.251     1.862    
    SLICE_X4Y107         FDCE (Hold_fdce_C_D)         0.091     1.953    u_Frodo_top/u_SHAKE/g_sqzout448[0].sqzout448_reg[5]
  -------------------------------------------------------------------
                         required time                         -1.953    
                         arrival time                           2.024    
  -------------------------------------------------------------------
                         slack                                  0.070    

Slack (MET) :             0.072ns  (arrival time - required time)
  Source:                 u_Frodo_top/u_bidirectional_fifo/buffer_reg[271]/C
                            (rising edge-triggered cell FDCE clocked by clk_i  {rise@0.000ns fall@5.000ns period=10.000ns})
  Destination:            <hidden>
                            (rising edge-triggered cell RAMB36E1 clocked by clk_i  {rise@0.000ns fall@5.000ns period=10.000ns})
  Path Group:             clk_i
  Path Type:              Hold (Min at Fast Process Corner)
  Requirement:            0.000ns  (clk_i rise@0.000ns - clk_i rise@0.000ns)
  Data Path Delay:        0.445ns  (logic 0.141ns (31.707%)  route 0.304ns (68.293%))
  Logic Levels:           0  
  Clock Path Skew:        0.077ns (DCD - SCD - CPR)
    Destination Clock Delay (DCD):    2.038ns
    Source Clock Delay      (SCD):    1.482ns
    Clock Pessimism Removal (CPR):    0.479ns

    Location             Delay type                Incr(ns)  Path(ns)    Netlist Resource(s)
  -------------------------------------------------------------------    -------------------
                         (clock clk_i rise edge)      0.000     0.000 r  
    W19                                               0.000     0.000 r  clk_i (IN)
                         net (fo=0)                   0.000     0.000    clk_i
    W19                  IBUF (Prop_ibuf_I_O)         0.260     0.260 r  clk_i_IBUF_inst/O
                         net (fo=1, routed)           0.634     0.894    clk_i_IBUF
    BUFGCTRL_X0Y0        BUFG (Prop_bufg_I_O)         0.026     0.920 r  clk_i_IBUF_BUFG_inst/O
                         net (fo=6567, routed)        0.562     1.482    u_Frodo_top/u_bidirectional_fifo/clk_i_IBUF_BUFG
    SLICE_X29Y52         FDCE                                         r  u_Frodo_top/u_bidirectional_fifo/buffer_reg[271]/C
  -------------------------------------------------------------------    -------------------
    SLICE_X29Y52         FDCE (Prop_fdce_C_Q)         0.141     1.623 r  u_Frodo_top/u_bidirectional_fifo/buffer_reg[271]/Q
                         net (fo=2, routed)           0.304     1.927    <hidden>
    RAMB36_X0Y10         RAMB36E1                                     r  <hidden>
  -------------------------------------------------------------------    -------------------

                         (clock clk_i rise edge)      0.000     0.000 r  
    W19                                               0.000     0.000 r  clk_i (IN)
                         net (fo=0)                   0.000     0.000    clk_i
    W19                  IBUF (Prop_ibuf_I_O)         0.448     0.448 r  clk_i_IBUF_inst/O
                         net (fo=1, routed)           0.689     1.137    clk_i_IBUF
    BUFGCTRL_X0Y0        BUFG (Prop_bufg_I_O)         0.029     1.166 r  clk_i_IBUF_BUFG_inst/O
                         net (fo=6567, routed)        0.872     2.038    <hidden>
    RAMB36_X0Y10         RAMB36E1                                     r  <hidden>
                         clock pessimism             -0.479     1.559    
    RAMB36_X0Y10         RAMB36E1 (Hold_ramb36e1_CLKARDCLK_DIADI[1])
                                                      0.296     1.855    <hidden>
  -------------------------------------------------------------------
                         required time                         -1.855    
                         arrival time                           1.927    
  -------------------------------------------------------------------
                         slack                                  0.072    

Slack (MET) :             0.075ns  (arrival time - required time)
  Source:                 u_Frodo_top/u_bidirectional_fifo/buffer_reg[119]/C
                            (rising edge-triggered cell FDCE clocked by clk_i  {rise@0.000ns fall@5.000ns period=10.000ns})
  Destination:            <hidden>
                            (rising edge-triggered cell RAMB36E1 clocked by clk_i  {rise@0.000ns fall@5.000ns period=10.000ns})
  Path Group:             clk_i
  Path Type:              Hold (Min at Fast Process Corner)
  Requirement:            0.000ns  (clk_i rise@0.000ns - clk_i rise@0.000ns)
  Data Path Delay:        0.426ns  (logic 0.141ns (33.083%)  route 0.285ns (66.917%))
  Logic Levels:           0  
  Clock Path Skew:        0.056ns (DCD - SCD - CPR)
    Destination Clock Delay (DCD):    2.037ns
    Source Clock Delay      (SCD):    1.482ns
    Clock Pessimism Removal (CPR):    0.499ns

    Location             Delay type                Incr(ns)  Path(ns)    Netlist Resource(s)
  -------------------------------------------------------------------    -------------------
                         (clock clk_i rise edge)      0.000     0.000 r  
    W19                                               0.000     0.000 r  clk_i (IN)
                         net (fo=0)                   0.000     0.000    clk_i
    W19                  IBUF (Prop_ibuf_I_O)         0.260     0.260 r  clk_i_IBUF_inst/O
                         net (fo=1, routed)           0.634     0.894    clk_i_IBUF
    BUFGCTRL_X0Y0        BUFG (Prop_bufg_I_O)         0.026     0.920 r  clk_i_IBUF_BUFG_inst/O
                         net (fo=6567, routed)        0.562     1.482    u_Frodo_top/u_bidirectional_fifo/clk_i_IBUF_BUFG
    SLICE_X9Y61          FDCE                                         r  u_Frodo_top/u_bidirectional_fifo/buffer_reg[119]/C
  -------------------------------------------------------------------    -------------------
    SLICE_X9Y61          FDCE (Prop_fdce_C_Q)         0.141     1.623 r  u_Frodo_top/u_bidirectional_fifo/buffer_reg[119]/Q
                         net (fo=2, routed)           0.285     1.908    <hidden>
    RAMB36_X0Y11         RAMB36E1                                     r  <hidden>
  -------------------------------------------------------------------    -------------------

                         (clock clk_i rise edge)      0.000     0.000 r  
    W19                                               0.000     0.000 r  clk_i (IN)
                         net (fo=0)                   0.000     0.000    clk_i
    W19                  IBUF (Prop_ibuf_I_O)         0.448     0.448 r  clk_i_IBUF_inst/O
                         net (fo=1, routed)           0.689     1.137    clk_i_IBUF
    BUFGCTRL_X0Y0        BUFG (Prop_bufg_I_O)         0.029     1.166 r  clk_i_IBUF_BUFG_inst/O
                         net (fo=6567, routed)        0.871     2.037    <hidden>
    RAMB36_X0Y11         RAMB36E1                                     r  <hidden>
                         clock pessimism             -0.499     1.538    
    RAMB36_X0Y11         RAMB36E1 (Hold_ramb36e1_CLKARDCLK_DIADI[26])
                                                      0.296     1.834    <hidden>
  -------------------------------------------------------------------
                         required time                         -1.834    
                         arrival time                           1.908    
  -------------------------------------------------------------------
                         slack                                  0.075    

Slack (MET) :             0.075ns  (arrival time - required time)
  Source:                 u_Frodo_top/u_bidirectional_fifo/buffer_reg[323]/C
                            (rising edge-triggered cell FDCE clocked by clk_i  {rise@0.000ns fall@5.000ns period=10.000ns})
  Destination:            <hidden>
                            (rising edge-triggered cell RAMB36E1 clocked by clk_i  {rise@0.000ns fall@5.000ns period=10.000ns})
  Path Group:             clk_i
  Path Type:              Hold (Min at Fast Process Corner)
  Requirement:            0.000ns  (clk_i rise@0.000ns - clk_i rise@0.000ns)
  Data Path Delay:        0.446ns  (logic 0.141ns (31.649%)  route 0.305ns (68.351%))
  Logic Levels:           0  
  Clock Path Skew:        0.075ns (DCD - SCD - CPR)
    Destination Clock Delay (DCD):    2.029ns
    Source Clock Delay      (SCD):    1.475ns
    Clock Pessimism Removal (CPR):    0.479ns

    Location             Delay type                Incr(ns)  Path(ns)    Netlist Resource(s)
  -------------------------------------------------------------------    -------------------
                         (clock clk_i rise edge)      0.000     0.000 r  
    W19                                               0.000     0.000 r  clk_i (IN)
                         net (fo=0)                   0.000     0.000    clk_i
    W19                  IBUF (Prop_ibuf_I_O)         0.260     0.260 r  clk_i_IBUF_inst/O
                         net (fo=1, routed)           0.634     0.894    clk_i_IBUF
    BUFGCTRL_X0Y0        BUFG (Prop_bufg_I_O)         0.026     0.920 r  clk_i_IBUF_BUFG_inst/O
                         net (fo=6567, routed)        0.555     1.475    u_Frodo_top/u_bidirectional_fifo/clk_i_IBUF_BUFG
    SLICE_X28Y67         FDCE                                         r  u_Frodo_top/u_bidirectional_fifo/buffer_reg[323]/C
  -------------------------------------------------------------------    -------------------
    SLICE_X28Y67         FDCE (Prop_fdce_C_Q)         0.141     1.616 r  u_Frodo_top/u_bidirectional_fifo/buffer_reg[323]/Q
                         net (fo=2, routed)           0.305     1.920    <hidden>
    RAMB36_X0Y13         RAMB36E1                                     r  <hidden>
  -------------------------------------------------------------------    -------------------

                         (clock clk_i rise edge)      0.000     0.000 r  
    W19                                               0.000     0.000 r  clk_i (IN)
                         net (fo=0)                   0.000     0.000    clk_i
    W19                  IBUF (Prop_ibuf_I_O)         0.448     0.448 r  clk_i_IBUF_inst/O
                         net (fo=1, routed)           0.689     1.137    clk_i_IBUF
    BUFGCTRL_X0Y0        BUFG (Prop_bufg_I_O)         0.029     1.166 r  clk_i_IBUF_BUFG_inst/O
                         net (fo=6567, routed)        0.863     2.029    <hidden>
    RAMB36_X0Y13         RAMB36E1                                     r  <hidden>
                         clock pessimism             -0.479     1.550    
    RAMB36_X0Y13         RAMB36E1 (Hold_ramb36e1_CLKARDCLK_DIPADIP[1])
                                                      0.296     1.846    <hidden>
  -------------------------------------------------------------------
                         required time                         -1.846    
                         arrival time                           1.920    
  -------------------------------------------------------------------
                         slack                                  0.075    

Slack (MET) :             0.077ns  (arrival time - required time)
  Source:                 u_Frodo_top/u_MatrixMACSet/sum_s2_reg[12][10]/C
                            (rising edge-triggered cell FDCE clocked by clk_i  {rise@0.000ns fall@5.000ns period=10.000ns})
  Destination:            u_Frodo_top/u_MatrixMACSet/sum_s3_reg[6][11]/D
                            (rising edge-triggered cell FDCE clocked by clk_i  {rise@0.000ns fall@5.000ns period=10.000ns})
  Path Group:             clk_i
  Path Type:              Hold (Min at Fast Process Corner)
  Requirement:            0.000ns  (clk_i rise@0.000ns - clk_i rise@0.000ns)
  Data Path Delay:        0.446ns  (logic 0.268ns (60.099%)  route 0.178ns (39.901%))
  Logic Levels:           1  (CARRY4=1)
  Clock Path Skew:        0.264ns (DCD - SCD - CPR)
    Destination Clock Delay (DCD):    2.078ns
    Source Clock Delay      (SCD):    1.559ns
    Clock Pessimism Removal (CPR):    0.255ns

    Location             Delay type                Incr(ns)  Path(ns)    Netlist Resource(s)
  -------------------------------------------------------------------    -------------------
                         (clock clk_i rise edge)      0.000     0.000 r  
    W19                                               0.000     0.000 r  clk_i (IN)
                         net (fo=0)                   0.000     0.000    clk_i
    W19                  IBUF (Prop_ibuf_I_O)         0.260     0.260 r  clk_i_IBUF_inst/O
                         net (fo=1, routed)           0.634     0.894    clk_i_IBUF
    BUFGCTRL_X0Y0        BUFG (Prop_bufg_I_O)         0.026     0.920 r  clk_i_IBUF_BUFG_inst/O
                         net (fo=6567, routed)        0.639     1.559    u_Frodo_top/u_MatrixMACSet/clk_i_IBUF_BUFG
    SLICE_X37Y112        FDCE                                         r  u_Frodo_top/u_MatrixMACSet/sum_s2_reg[12][10]/C
  -------------------------------------------------------------------    -------------------
    SLICE_X37Y112        FDCE (Prop_fdce_C_Q)         0.141     1.700 r  u_Frodo_top/u_MatrixMACSet/sum_s2_reg[12][10]/Q
                         net (fo=2, routed)           0.178     1.878    u_Frodo_top/u_MatrixMACSet/sum_s2_reg[12]_15[10]
    SLICE_X33Y112        CARRY4 (Prop_carry4_DI[2]_O[3])
                                                      0.127     2.005 r  u_Frodo_top/u_MatrixMACSet/sum_s3_reg[6][11]_i_1/O[3]
                         net (fo=1, routed)           0.000     2.005    u_Frodo_top/u_MatrixMACSet/sum_s3_reg[6][11]_i_1_n_4
    SLICE_X33Y112        FDCE                                         r  u_Frodo_top/u_MatrixMACSet/sum_s3_reg[6][11]/D
  -------------------------------------------------------------------    -------------------

                         (clock clk_i rise edge)      0.000     0.000 r  
    W19                                               0.000     0.000 r  clk_i (IN)
                         net (fo=0)                   0.000     0.000    clk_i
    W19                  IBUF (Prop_ibuf_I_O)         0.448     0.448 r  clk_i_IBUF_inst/O
                         net (fo=1, routed)           0.689     1.137    clk_i_IBUF
    BUFGCTRL_X0Y0        BUFG (Prop_bufg_I_O)         0.029     1.166 r  clk_i_IBUF_BUFG_inst/O
                         net (fo=6567, routed)        0.912     2.078    u_Frodo_top/u_MatrixMACSet/clk_i_IBUF_BUFG
    SLICE_X33Y112        FDCE                                         r  u_Frodo_top/u_MatrixMACSet/sum_s3_reg[6][11]/C
                         clock pessimism             -0.255     1.823    
    SLICE_X33Y112        FDCE (Hold_fdce_C_D)         0.105     1.928    u_Frodo_top/u_MatrixMACSet/sum_s3_reg[6][11]
  -------------------------------------------------------------------
                         required time                         -1.928    
                         arrival time                           2.005    
  -------------------------------------------------------------------
                         slack                                  0.077    

Slack (MET) :             0.077ns  (arrival time - required time)
  Source:                 u_Frodo_top/u_MatrixMACSet/sum_s2_reg[12][14]/C
                            (rising edge-triggered cell FDCE clocked by clk_i  {rise@0.000ns fall@5.000ns period=10.000ns})
  Destination:            u_Frodo_top/u_MatrixMACSet/sum_s3_reg[6][15]/D
                            (rising edge-triggered cell FDCE clocked by clk_i  {rise@0.000ns fall@5.000ns period=10.000ns})
  Path Group:             clk_i
  Path Type:              Hold (Min at Fast Process Corner)
  Requirement:            0.000ns  (clk_i rise@0.000ns - clk_i rise@0.000ns)
  Data Path Delay:        0.446ns  (logic 0.268ns (60.099%)  route 0.178ns (39.901%))
  Logic Levels:           1  (CARRY4=1)
  Clock Path Skew:        0.264ns (DCD - SCD - CPR)
    Destination Clock Delay (DCD):    2.077ns
    Source Clock Delay      (SCD):    1.558ns
    Clock Pessimism Removal (CPR):    0.255ns

    Location             Delay type                Incr(ns)  Path(ns)    Netlist Resource(s)
  -------------------------------------------------------------------    -------------------
                         (clock clk_i rise edge)      0.000     0.000 r  
    W19                                               0.000     0.000 r  clk_i (IN)
                         net (fo=0)                   0.000     0.000    clk_i
    W19                  IBUF (Prop_ibuf_I_O)         0.260     0.260 r  clk_i_IBUF_inst/O
                         net (fo=1, routed)           0.634     0.894    clk_i_IBUF
    BUFGCTRL_X0Y0        BUFG (Prop_bufg_I_O)         0.026     0.920 r  clk_i_IBUF_BUFG_inst/O
                         net (fo=6567, routed)        0.638     1.558    u_Frodo_top/u_MatrixMACSet/clk_i_IBUF_BUFG
    SLICE_X37Y113        FDCE                                         r  u_Frodo_top/u_MatrixMACSet/sum_s2_reg[12][14]/C
  -------------------------------------------------------------------    -------------------
    SLICE_X37Y113        FDCE (Prop_fdce_C_Q)         0.141     1.699 r  u_Frodo_top/u_MatrixMACSet/sum_s2_reg[12][14]/Q
                         net (fo=2, routed)           0.178     1.877    u_Frodo_top/u_MatrixMACSet/sum_s2_reg[12]_15[14]
    SLICE_X33Y113        CARRY4 (Prop_carry4_DI[2]_O[3])
                                                      0.127     2.004 r  u_Frodo_top/u_MatrixMACSet/sum_s3_reg[6][15]_i_1/O[3]
                         net (fo=1, routed)           0.000     2.004    u_Frodo_top/u_MatrixMACSet/sum_s3_reg[6][15]_i_1_n_4
    SLICE_X33Y113        FDCE                                         r  u_Frodo_top/u_MatrixMACSet/sum_s3_reg[6][15]/D
  -------------------------------------------------------------------    -------------------

                         (clock clk_i rise edge)      0.000     0.000 r  
    W19                                               0.000     0.000 r  clk_i (IN)
                         net (fo=0)                   0.000     0.000    clk_i
    W19                  IBUF (Prop_ibuf_I_O)         0.448     0.448 r  clk_i_IBUF_inst/O
                         net (fo=1, routed)           0.689     1.137    clk_i_IBUF
    BUFGCTRL_X0Y0        BUFG (Prop_bufg_I_O)         0.029     1.166 r  clk_i_IBUF_BUFG_inst/O
                         net (fo=6567, routed)        0.911     2.077    u_Frodo_top/u_MatrixMACSet/clk_i_IBUF_BUFG
    SLICE_X33Y113        FDCE                                         r  u_Frodo_top/u_MatrixMACSet/sum_s3_reg[6][15]/C
                         clock pessimism             -0.255     1.822    
    SLICE_X33Y113        FDCE (Hold_fdce_C_D)         0.105     1.927    u_Frodo_top/u_MatrixMACSet/sum_s3_reg[6][15]
  -------------------------------------------------------------------
                         required time                         -1.927    
                         arrival time                           2.004    
  -------------------------------------------------------------------
                         slack                                  0.077    

Slack (MET) :             0.078ns  (arrival time - required time)
  Source:                 u_Frodo_top/u_MatrixMACSet/sum_s2_reg[12][5]/C
                            (rising edge-triggered cell FDCE clocked by clk_i  {rise@0.000ns fall@5.000ns period=10.000ns})
  Destination:            u_Frodo_top/u_MatrixMACSet/sum_s3_reg[6][5]/D
                            (rising edge-triggered cell FDCE clocked by clk_i  {rise@0.000ns fall@5.000ns period=10.000ns})
  Path Group:             clk_i
  Path Type:              Hold (Min at Fast Process Corner)
  Requirement:            0.000ns  (clk_i rise@0.000ns - clk_i rise@0.000ns)
  Data Path Delay:        0.448ns  (logic 0.251ns (56.044%)  route 0.197ns (43.956%))
  Logic Levels:           2  (CARRY4=1 LUT2=1)
  Clock Path Skew:        0.265ns (DCD - SCD - CPR)
    Destination Clock Delay (DCD):    2.080ns
    Source Clock Delay      (SCD):    1.560ns
    Clock Pessimism Removal (CPR):    0.255ns

    Location             Delay type                Incr(ns)  Path(ns)    Netlist Resource(s)
  -------------------------------------------------------------------    -------------------
                         (clock clk_i rise edge)      0.000     0.000 r  
    W19                                               0.000     0.000 r  clk_i (IN)
                         net (fo=0)                   0.000     0.000    clk_i
    W19                  IBUF (Prop_ibuf_I_O)         0.260     0.260 r  clk_i_IBUF_inst/O
                         net (fo=1, routed)           0.634     0.894    clk_i_IBUF
    BUFGCTRL_X0Y0        BUFG (Prop_bufg_I_O)         0.026     0.920 r  clk_i_IBUF_BUFG_inst/O
                         net (fo=6567, routed)        0.640     1.560    u_Frodo_top/u_MatrixMACSet/clk_i_IBUF_BUFG
    SLICE_X37Y111        FDCE                                         r  u_Frodo_top/u_MatrixMACSet/sum_s2_reg[12][5]/C
  -------------------------------------------------------------------    -------------------
    SLICE_X37Y111        FDCE (Prop_fdce_C_Q)         0.141     1.701 r  u_Frodo_top/u_MatrixMACSet/sum_s2_reg[12][5]/Q
                         net (fo=2, routed)           0.197     1.898    u_Frodo_top/u_MatrixMACSet/sum_s2_reg[12]_15[5]
    SLICE_X33Y111        LUT2 (Prop_lut2_I0_O)        0.045     1.943 r  u_Frodo_top/u_MatrixMACSet/sum_s3[6][7]_i_4/O
                         net (fo=1, routed)           0.000     1.943    u_Frodo_top/u_MatrixMACSet/sum_s3[6][7]_i_4_n_0
    SLICE_X33Y111        CARRY4 (Prop_carry4_S[1]_O[1])
                                                      0.065     2.008 r  u_Frodo_top/u_MatrixMACSet/sum_s3_reg[6][7]_i_1/O[1]
                         net (fo=1, routed)           0.000     2.008    u_Frodo_top/u_MatrixMACSet/sum_s3_reg[6][7]_i_1_n_6
    SLICE_X33Y111        FDCE                                         r  u_Frodo_top/u_MatrixMACSet/sum_s3_reg[6][5]/D
  -------------------------------------------------------------------    -------------------

                         (clock clk_i rise edge)      0.000     0.000 r  
    W19                                               0.000     0.000 r  clk_i (IN)
                         net (fo=0)                   0.000     0.000    clk_i
    W19                  IBUF (Prop_ibuf_I_O)         0.448     0.448 r  clk_i_IBUF_inst/O
                         net (fo=1, routed)           0.689     1.137    clk_i_IBUF
    BUFGCTRL_X0Y0        BUFG (Prop_bufg_I_O)         0.029     1.166 r  clk_i_IBUF_BUFG_inst/O
                         net (fo=6567, routed)        0.914     2.080    u_Frodo_top/u_MatrixMACSet/clk_i_IBUF_BUFG
    SLICE_X33Y111        FDCE                                         r  u_Frodo_top/u_MatrixMACSet/sum_s3_reg[6][5]/C
                         clock pessimism             -0.255     1.825    
    SLICE_X33Y111        FDCE (Hold_fdce_C_D)         0.105     1.930    u_Frodo_top/u_MatrixMACSet/sum_s3_reg[6][5]
  -------------------------------------------------------------------
                         required time                         -1.930    
                         arrival time                           2.008    
  -------------------------------------------------------------------
                         slack                                  0.078    

Slack (MET) :             0.079ns  (arrival time - required time)
  Source:                 u_Frodo_top/u_MatrixMACSet/sum_s2_reg[12][9]/C
                            (rising edge-triggered cell FDCE clocked by clk_i  {rise@0.000ns fall@5.000ns period=10.000ns})
  Destination:            u_Frodo_top/u_MatrixMACSet/sum_s3_reg[6][9]/D
                            (rising edge-triggered cell FDCE clocked by clk_i  {rise@0.000ns fall@5.000ns period=10.000ns})
  Path Group:             clk_i
  Path Type:              Hold (Min at Fast Process Corner)
  Requirement:            0.000ns  (clk_i rise@0.000ns - clk_i rise@0.000ns)
  Data Path Delay:        0.448ns  (logic 0.251ns (56.044%)  route 0.197ns (43.956%))
  Logic Levels:           2  (CARRY4=1 LUT2=1)
  Clock Path Skew:        0.264ns (DCD - SCD - CPR)
    Destination Clock Delay (DCD):    2.078ns
    Source Clock Delay      (SCD):    1.559ns
    Clock Pessimism Removal (CPR):    0.255ns

    Location             Delay type                Incr(ns)  Path(ns)    Netlist Resource(s)
  -------------------------------------------------------------------    -------------------
                         (clock clk_i rise edge)      0.000     0.000 r  
    W19                                               0.000     0.000 r  clk_i (IN)
                         net (fo=0)                   0.000     0.000    clk_i
    W19                  IBUF (Prop_ibuf_I_O)         0.260     0.260 r  clk_i_IBUF_inst/O
                         net (fo=1, routed)           0.634     0.894    clk_i_IBUF
    BUFGCTRL_X0Y0        BUFG (Prop_bufg_I_O)         0.026     0.920 r  clk_i_IBUF_BUFG_inst/O
                         net (fo=6567, routed)        0.639     1.559    u_Frodo_top/u_MatrixMACSet/clk_i_IBUF_BUFG
    SLICE_X37Y112        FDCE                                         r  u_Frodo_top/u_MatrixMACSet/sum_s2_reg[12][9]/C
  -------------------------------------------------------------------    -------------------
    SLICE_X37Y112        FDCE (Prop_fdce_C_Q)         0.141     1.700 r  u_Frodo_top/u_MatrixMACSet/sum_s2_reg[12][9]/Q
                         net (fo=2, routed)           0.197     1.897    u_Frodo_top/u_MatrixMACSet/sum_s2_reg[12]_15[9]
    SLICE_X33Y112        LUT2 (Prop_lut2_I0_O)        0.045     1.942 r  u_Frodo_top/u_MatrixMACSet/sum_s3[6][11]_i_4/O
                         net (fo=1, routed)           0.000     1.942    u_Frodo_top/u_MatrixMACSet/sum_s3[6][11]_i_4_n_0
    SLICE_X33Y112        CARRY4 (Prop_carry4_S[1]_O[1])
                                                      0.065     2.007 r  u_Frodo_top/u_MatrixMACSet/sum_s3_reg[6][11]_i_1/O[1]
                         net (fo=1, routed)           0.000     2.007    u_Frodo_top/u_MatrixMACSet/sum_s3_reg[6][11]_i_1_n_6
    SLICE_X33Y112        FDCE                                         r  u_Frodo_top/u_MatrixMACSet/sum_s3_reg[6][9]/D
  -------------------------------------------------------------------    -------------------

                         (clock clk_i rise edge)      0.000     0.000 r  
    W19                                               0.000     0.000 r  clk_i (IN)
                         net (fo=0)                   0.000     0.000    clk_i
    W19                  IBUF (Prop_ibuf_I_O)         0.448     0.448 r  clk_i_IBUF_inst/O
                         net (fo=1, routed)           0.689     1.137    clk_i_IBUF
    BUFGCTRL_X0Y0        BUFG (Prop_bufg_I_O)         0.029     1.166 r  clk_i_IBUF_BUFG_inst/O
                         net (fo=6567, routed)        0.912     2.078    u_Frodo_top/u_MatrixMACSet/clk_i_IBUF_BUFG
    SLICE_X33Y112        FDCE                                         r  u_Frodo_top/u_MatrixMACSet/sum_s3_reg[6][9]/C
                         clock pessimism             -0.255     1.823    
    SLICE_X33Y112        FDCE (Hold_fdce_C_D)         0.105     1.928    u_Frodo_top/u_MatrixMACSet/sum_s3_reg[6][9]
  -------------------------------------------------------------------
                         required time                         -1.928    
                         arrival time                           2.007    
  -------------------------------------------------------------------
                         slack                                  0.079    





Pulse Width Checks
--------------------------------------------------------------------------------------
Clock Name:         clk_i
Waveform(ns):       { 0.000 5.000 }
Period(ns):         10.000
Sources:            { clk_i }

Check Type        Corner  Lib Pin             Reference Pin  Required(ns)  Actual(ns)  Slack(ns)  Location       Pin
Min Period        n/a     RAMB36E1/CLKARDCLK  n/a            2.170         10.000      7.830      RAMB36_X0Y16   <hidden>
Min Period        n/a     RAMB36E1/CLKBWRCLK  n/a            2.170         10.000      7.830      RAMB36_X0Y16   <hidden>
Min Period        n/a     RAMB36E1/CLKARDCLK  n/a            2.170         10.000      7.830      RAMB36_X0Y15   <hidden>
Min Period        n/a     RAMB36E1/CLKBWRCLK  n/a            2.170         10.000      7.830      RAMB36_X0Y15   <hidden>
Min Period        n/a     RAMB36E1/CLKARDCLK  n/a            2.170         10.000      7.830      RAMB36_X0Y14   <hidden>
Min Period        n/a     RAMB36E1/CLKBWRCLK  n/a            2.170         10.000      7.830      RAMB36_X0Y14   <hidden>
Min Period        n/a     RAMB36E1/CLKARDCLK  n/a            2.170         10.000      7.830      RAMB36_X0Y22   <hidden>
Min Period        n/a     RAMB36E1/CLKBWRCLK  n/a            2.170         10.000      7.830      RAMB36_X0Y22   <hidden>
Min Period        n/a     RAMB36E1/CLKARDCLK  n/a            2.170         10.000      7.830      RAMB36_X0Y25   <hidden>
Min Period        n/a     RAMB36E1/CLKBWRCLK  n/a            2.170         10.000      7.830      RAMB36_X0Y25   <hidden>
Low Pulse Width   Slow    FDCE/C              n/a            0.500         5.000       4.500      SLICE_X9Y91    cnt_reg[0]/C
Low Pulse Width   Fast    FDCE/C              n/a            0.500         5.000       4.500      SLICE_X9Y91    cnt_reg[0]/C
Low Pulse Width   Slow    FDCE/C              n/a            0.500         5.000       4.500      SLICE_X11Y128  cnt_reg[0]_rep/C
Low Pulse Width   Fast    FDCE/C              n/a            0.500         5.000       4.500      SLICE_X11Y128  cnt_reg[0]_rep/C
Low Pulse Width   Slow    FDCE/C              n/a            0.500         5.000       4.500      SLICE_X1Y109   cnt_reg[0]_rep__0/C
Low Pulse Width   Fast    FDCE/C              n/a            0.500         5.000       4.500      SLICE_X1Y109   cnt_reg[0]_rep__0/C
Low Pulse Width   Slow    FDCE/C              n/a            0.500         5.000       4.500      SLICE_X2Y132   cnt_reg[0]_rep__1/C
Low Pulse Width   Fast    FDCE/C              n/a            0.500         5.000       4.500      SLICE_X2Y132   cnt_reg[0]_rep__1/C
Low Pulse Width   Slow    FDCE/C              n/a            0.500         5.000       4.500      SLICE_X6Y130   cnt_reg[0]_rep__2/C
Low Pulse Width   Fast    FDCE/C              n/a            0.500         5.000       4.500      SLICE_X6Y130   cnt_reg[0]_rep__2/C
High Pulse Width  Slow    FDCE/C              n/a            0.500         5.000       4.500      SLICE_X9Y91    cnt_reg[0]/C
High Pulse Width  Fast    FDCE/C              n/a            0.500         5.000       4.500      SLICE_X9Y91    cnt_reg[0]/C
High Pulse Width  Slow    FDCE/C              n/a            0.500         5.000       4.500      SLICE_X11Y128  cnt_reg[0]_rep/C
High Pulse Width  Fast    FDCE/C              n/a            0.500         5.000       4.500      SLICE_X11Y128  cnt_reg[0]_rep/C
High Pulse Width  Slow    FDCE/C              n/a            0.500         5.000       4.500      SLICE_X1Y109   cnt_reg[0]_rep__0/C
High Pulse Width  Fast    FDCE/C              n/a            0.500         5.000       4.500      SLICE_X1Y109   cnt_reg[0]_rep__0/C
High Pulse Width  Slow    FDCE/C              n/a            0.500         5.000       4.500      SLICE_X2Y132   cnt_reg[0]_rep__1/C
High Pulse Width  Fast    FDCE/C              n/a            0.500         5.000       4.500      SLICE_X2Y132   cnt_reg[0]_rep__1/C
High Pulse Width  Slow    FDCE/C              n/a            0.500         5.000       4.500      SLICE_X6Y130   cnt_reg[0]_rep__2/C
High Pulse Width  Fast    FDCE/C              n/a            0.500         5.000       4.500      SLICE_X6Y130   cnt_reg[0]_rep__2/C



--------------------------------------------------------------------------------------
Path Group:  (none)
From Clock:  clk_i
  To Clock:  

Max Delay             1 Endpoint
Min Delay             1 Endpoint
--------------------------------------------------------------------------------------


Max Delay Paths
--------------------------------------------------------------------------------------
Slack:                    inf
  Source:                 u_Frodo_top/u_control/u_instDecoder/bool_reg/C
                            (rising edge-triggered cell FDCE clocked by clk_i  {rise@0.000ns fall@5.000ns period=10.000ns})
  Destination:            valid
                            (output port)
  Path Group:             (none)
  Path Type:              Max at Slow Process Corner
  Data Path Delay:        14.078ns  (logic 4.149ns (29.472%)  route 9.929ns (70.528%))
  Logic Levels:           5  (LUT3=1 LUT5=1 LUT6=2 OBUF=1)
  Clock Uncertainty:      0.025ns  ((TSJ^2 + TIJ^2)^1/2 + DJ) / 2 + PE
    Total System Jitter     (TSJ):    0.050ns
    Total Input Jitter      (TIJ):    0.000ns
    Discrete Jitter          (DJ):    0.000ns
    Phase Error              (PE):    0.000ns

    Location             Delay type                Incr(ns)  Path(ns)    Netlist Resource(s)
  -------------------------------------------------------------------    -------------------
                         (clock clk_i rise edge)      0.000     0.000 r  
    W19                                               0.000     0.000 r  clk_i (IN)
                         net (fo=0)                   0.000     0.000    clk_i
    W19                  IBUF (Prop_ibuf_I_O)         1.423     1.423 r  clk_i_IBUF_inst/O
                         net (fo=1, routed)           1.693     3.116    clk_i_IBUF
    BUFGCTRL_X0Y0        BUFG (Prop_bufg_I_O)         0.081     3.197 r  clk_i_IBUF_BUFG_inst/O
                         net (fo=6567, routed)        1.352     4.550    u_Frodo_top/u_control/u_instDecoder/clk_i_IBUF_BUFG
    SLICE_X30Y58         FDCE                                         r  u_Frodo_top/u_control/u_instDecoder/bool_reg/C
  -------------------------------------------------------------------    -------------------
    SLICE_X30Y58         FDCE (Prop_fdce_C_Q)         0.433     4.983 r  u_Frodo_top/u_control/u_instDecoder/bool_reg/Q
                         net (fo=68, routed)          4.786     9.769    u_Frodo_top/u_control/u_instDecoder/bool_reg_n_0
    SLICE_X22Y120        LUT3 (Prop_lut3_I2_O)        0.105     9.874 r  u_Frodo_top/u_control/u_instDecoder/valid_OBUF_inst_i_73/O
                         net (fo=1, routed)           0.629    10.503    u_Frodo_top/u_control/u_instDecoder/dout[46]
    SLICE_X23Y120        LUT6 (Prop_lut6_I1_O)        0.105    10.608 r  u_Frodo_top/u_control/u_instDecoder/valid_OBUF_inst_i_23/O
                         net (fo=1, routed)           0.653    11.261    u_Frodo_top/u_control/u_instDecoder/valid_OBUF_inst_i_23_n_0
    SLICE_X22Y119        LUT6 (Prop_lut6_I5_O)        0.105    11.366 r  u_Frodo_top/u_control/u_instDecoder/valid_OBUF_inst_i_4/O
                         net (fo=1, routed)           1.086    12.451    u_Frodo_top/u_control/u_instDecoder/valid_OBUF_inst_i_4_n_0
    SLICE_X10Y118        LUT5 (Prop_lut5_I2_O)        0.105    12.556 r  u_Frodo_top/u_control/u_instDecoder/valid_OBUF_inst_i_1/O
                         net (fo=1, routed)           2.775    15.332    valid_OBUF
    M21                  OBUF (Prop_obuf_I_O)         3.296    18.628 r  valid_OBUF_inst/O
                         net (fo=0)                   0.000    18.628    valid
    M21                                                               r  valid (OUT)
  -------------------------------------------------------------------    -------------------





Min Delay Paths
--------------------------------------------------------------------------------------
Slack:                    inf
  Source:                 <hidden>
                            (rising edge-triggered cell RAMB36E1 clocked by clk_i  {rise@0.000ns fall@5.000ns period=10.000ns})
  Destination:            valid
                            (output port)
  Path Group:             (none)
  Path Type:              Min at Fast Process Corner
  Data Path Delay:        3.919ns  (logic 1.635ns (41.730%)  route 2.283ns (58.270%))
  Logic Levels:           5  (LUT3=1 LUT4=1 LUT5=1 LUT6=1 OBUF=1)
  Clock Uncertainty:      0.025ns  ((TSJ^2 + TIJ^2)^1/2 + DJ) / 2 + PE
    Total System Jitter     (TSJ):    0.050ns
    Total Input Jitter      (TIJ):    0.000ns
    Discrete Jitter          (DJ):    0.000ns
    Phase Error              (PE):    0.000ns

    Location             Delay type                Incr(ns)  Path(ns)    Netlist Resource(s)
  -------------------------------------------------------------------    -------------------
                         (clock clk_i rise edge)      0.000     0.000 r  
    W19                                               0.000     0.000 r  clk_i (IN)
                         net (fo=0)                   0.000     0.000    clk_i
    W19                  IBUF (Prop_ibuf_I_O)         0.260     0.260 r  clk_i_IBUF_inst/O
                         net (fo=1, routed)           0.634     0.894    clk_i_IBUF
    BUFGCTRL_X0Y0        BUFG (Prop_bufg_I_O)         0.026     0.920 r  clk_i_IBUF_BUFG_inst/O
                         net (fo=6567, routed)        0.598     1.518    <hidden>
    RAMB36_X0Y19         RAMB36E1                                     r  <hidden>
  -------------------------------------------------------------------    -------------------
    RAMB36_X0Y19         RAMB36E1 (Prop_ramb36e1_CLKARDCLK_DOADO[16])
                                                      0.204     1.722 r  <hidden>
                         net (fo=1, routed)           0.329     2.051    <hidden>
    SLICE_X3Y95          LUT4 (Prop_lut4_I0_O)        0.045     2.096 r  <hidden>
                         net (fo=7, routed)           0.548     2.644    u_Frodo_top/u_control/u_instDecoder/unpackOut_o_reg[63][18]
    SLICE_X7Y114         LUT3 (Prop_lut3_I0_O)        0.045     2.689 r  u_Frodo_top/u_control/u_instDecoder/valid_OBUF_inst_i_29/O
                         net (fo=1, routed)           0.051     2.739    u_Frodo_top/u_control/u_instDecoder/dout[18]
    SLICE_X7Y114         LUT6 (Prop_lut6_I5_O)        0.045     2.784 r  u_Frodo_top/u_control/u_instDecoder/valid_OBUF_inst_i_5/O
                         net (fo=1, routed)           0.281     3.065    u_Frodo_top/u_control/u_instDecoder/valid_OBUF_inst_i_5_n_0
    SLICE_X10Y118        LUT5 (Prop_lut5_I3_O)        0.045     3.110 r  u_Frodo_top/u_control/u_instDecoder/valid_OBUF_inst_i_1/O
                         net (fo=1, routed)           1.075     4.185    valid_OBUF
    M21                  OBUF (Prop_obuf_I_O)         1.251     5.437 r  valid_OBUF_inst/O
                         net (fo=0)                   0.000     5.437    valid
    M21                                                               r  valid (OUT)
  -------------------------------------------------------------------    -------------------





--------------------------------------------------------------------------------------
Path Group:  (none)
From Clock:  
  To Clock:  clk_i

Max Delay          6506 Endpoints
Min Delay          6506 Endpoints
--------------------------------------------------------------------------------------


Max Delay Paths
--------------------------------------------------------------------------------------
Slack:                    inf
  Source:                 rstn
                            (input port)
  Destination:            u_Frodo_top/u_MatrixMACSet/sum_s2_reg[1][12]/CLR
                            (recovery check against rising-edge clock clk_i  {rise@0.000ns fall@5.000ns period=10.000ns})
  Path Group:             (none)
  Path Type:              Recovery (Max at Slow Process Corner)
  Data Path Delay:        33.980ns  (logic 1.490ns (4.386%)  route 32.489ns (95.614%))
  Logic Levels:           2  (IBUF=1 LUT1=1)
  Clock Path Skew:        4.437ns (DCD - SCD + CPR)
    Destination Clock Delay (DCD):    4.437ns
    Source Clock Delay      (SCD):    0.000ns
    Clock Pessimism Removal (CPR):    0.000ns
  Clock Uncertainty:      0.025ns  ((TSJ^2 + TIJ^2)^1/2 + DJ) / 2 + PE
    Total System Jitter     (TSJ):    0.050ns
    Total Input Jitter      (TIJ):    0.000ns
    Discrete Jitter          (DJ):    0.000ns
    Phase Error              (PE):    0.000ns

    Location             Delay type                Incr(ns)  Path(ns)    Netlist Resource(s)
  -------------------------------------------------------------------    -------------------
    N15                                               0.000     0.000 r  rstn (IN)
                         net (fo=0)                   0.000     0.000    rstn
    N15                  IBUF (Prop_ibuf_I_O)         1.385     1.385 r  rstn_IBUF_inst/O
                         net (fo=37, routed)          1.514     2.899    u_Frodo_top/u_SHAKE/rstn_IBUF
    SLICE_X2Y36          LUT1 (Prop_lut1_I0_O)        0.105     3.004 f  u_Frodo_top/u_SHAKE/i___2/O
                         net (fo=6421, routed)       30.976    33.980    u_Frodo_top/u_MatrixMACSet/cnt_reg[1]_0
    SLICE_X53Y138        FDCE                                         f  u_Frodo_top/u_MatrixMACSet/sum_s2_reg[1][12]/CLR
  -------------------------------------------------------------------    -------------------

                         (clock clk_i rise edge)      0.000     0.000 r  
    W19                                               0.000     0.000 r  clk_i (IN)
                         net (fo=0)                   0.000     0.000    clk_i
    W19                  IBUF (Prop_ibuf_I_O)         1.357     1.357 r  clk_i_IBUF_inst/O
                         net (fo=1, routed)           1.604     2.962    clk_i_IBUF
    BUFGCTRL_X0Y0        BUFG (Prop_bufg_I_O)         0.077     3.039 r  clk_i_IBUF_BUFG_inst/O
                         net (fo=6567, routed)        1.399     4.437    u_Frodo_top/u_MatrixMACSet/clk_i_IBUF_BUFG
    SLICE_X53Y138        FDCE                                         r  u_Frodo_top/u_MatrixMACSet/sum_s2_reg[1][12]/C

Slack:                    inf
  Source:                 rstn
                            (input port)
  Destination:            u_Frodo_top/u_MatrixMACSet/sum_s2_reg[1][13]/CLR
                            (recovery check against rising-edge clock clk_i  {rise@0.000ns fall@5.000ns period=10.000ns})
  Path Group:             (none)
  Path Type:              Recovery (Max at Slow Process Corner)
  Data Path Delay:        33.980ns  (logic 1.490ns (4.386%)  route 32.489ns (95.614%))
  Logic Levels:           2  (IBUF=1 LUT1=1)
  Clock Path Skew:        4.437ns (DCD - SCD + CPR)
    Destination Clock Delay (DCD):    4.437ns
    Source Clock Delay      (SCD):    0.000ns
    Clock Pessimism Removal (CPR):    0.000ns
  Clock Uncertainty:      0.025ns  ((TSJ^2 + TIJ^2)^1/2 + DJ) / 2 + PE
    Total System Jitter     (TSJ):    0.050ns
    Total Input Jitter      (TIJ):    0.000ns
    Discrete Jitter          (DJ):    0.000ns
    Phase Error              (PE):    0.000ns

    Location             Delay type                Incr(ns)  Path(ns)    Netlist Resource(s)
  -------------------------------------------------------------------    -------------------
    N15                                               0.000     0.000 r  rstn (IN)
                         net (fo=0)                   0.000     0.000    rstn
    N15                  IBUF (Prop_ibuf_I_O)         1.385     1.385 r  rstn_IBUF_inst/O
                         net (fo=37, routed)          1.514     2.899    u_Frodo_top/u_SHAKE/rstn_IBUF
    SLICE_X2Y36          LUT1 (Prop_lut1_I0_O)        0.105     3.004 f  u_Frodo_top/u_SHAKE/i___2/O
                         net (fo=6421, routed)       30.976    33.980    u_Frodo_top/u_MatrixMACSet/cnt_reg[1]_0
    SLICE_X53Y138        FDCE                                         f  u_Frodo_top/u_MatrixMACSet/sum_s2_reg[1][13]/CLR
  -------------------------------------------------------------------    -------------------

                         (clock clk_i rise edge)      0.000     0.000 r  
    W19                                               0.000     0.000 r  clk_i (IN)
                         net (fo=0)                   0.000     0.000    clk_i
    W19                  IBUF (Prop_ibuf_I_O)         1.357     1.357 r  clk_i_IBUF_inst/O
                         net (fo=1, routed)           1.604     2.962    clk_i_IBUF
    BUFGCTRL_X0Y0        BUFG (Prop_bufg_I_O)         0.077     3.039 r  clk_i_IBUF_BUFG_inst/O
                         net (fo=6567, routed)        1.399     4.437    u_Frodo_top/u_MatrixMACSet/clk_i_IBUF_BUFG
    SLICE_X53Y138        FDCE                                         r  u_Frodo_top/u_MatrixMACSet/sum_s2_reg[1][13]/C

Slack:                    inf
  Source:                 rstn
                            (input port)
  Destination:            u_Frodo_top/u_MatrixMACSet/sum_s2_reg[1][14]/CLR
                            (recovery check against rising-edge clock clk_i  {rise@0.000ns fall@5.000ns period=10.000ns})
  Path Group:             (none)
  Path Type:              Recovery (Max at Slow Process Corner)
  Data Path Delay:        33.980ns  (logic 1.490ns (4.386%)  route 32.489ns (95.614%))
  Logic Levels:           2  (IBUF=1 LUT1=1)
  Clock Path Skew:        4.437ns (DCD - SCD + CPR)
    Destination Clock Delay (DCD):    4.437ns
    Source Clock Delay      (SCD):    0.000ns
    Clock Pessimism Removal (CPR):    0.000ns
  Clock Uncertainty:      0.025ns  ((TSJ^2 + TIJ^2)^1/2 + DJ) / 2 + PE
    Total System Jitter     (TSJ):    0.050ns
    Total Input Jitter      (TIJ):    0.000ns
    Discrete Jitter          (DJ):    0.000ns
    Phase Error              (PE):    0.000ns

    Location             Delay type                Incr(ns)  Path(ns)    Netlist Resource(s)
  -------------------------------------------------------------------    -------------------
    N15                                               0.000     0.000 r  rstn (IN)
                         net (fo=0)                   0.000     0.000    rstn
    N15                  IBUF (Prop_ibuf_I_O)         1.385     1.385 r  rstn_IBUF_inst/O
                         net (fo=37, routed)          1.514     2.899    u_Frodo_top/u_SHAKE/rstn_IBUF
    SLICE_X2Y36          LUT1 (Prop_lut1_I0_O)        0.105     3.004 f  u_Frodo_top/u_SHAKE/i___2/O
                         net (fo=6421, routed)       30.976    33.980    u_Frodo_top/u_MatrixMACSet/cnt_reg[1]_0
    SLICE_X53Y138        FDCE                                         f  u_Frodo_top/u_MatrixMACSet/sum_s2_reg[1][14]/CLR
  -------------------------------------------------------------------    -------------------

                         (clock clk_i rise edge)      0.000     0.000 r  
    W19                                               0.000     0.000 r  clk_i (IN)
                         net (fo=0)                   0.000     0.000    clk_i
    W19                  IBUF (Prop_ibuf_I_O)         1.357     1.357 r  clk_i_IBUF_inst/O
                         net (fo=1, routed)           1.604     2.962    clk_i_IBUF
    BUFGCTRL_X0Y0        BUFG (Prop_bufg_I_O)         0.077     3.039 r  clk_i_IBUF_BUFG_inst/O
                         net (fo=6567, routed)        1.399     4.437    u_Frodo_top/u_MatrixMACSet/clk_i_IBUF_BUFG
    SLICE_X53Y138        FDCE                                         r  u_Frodo_top/u_MatrixMACSet/sum_s2_reg[1][14]/C

Slack:                    inf
  Source:                 rstn
                            (input port)
  Destination:            u_Frodo_top/u_MatrixMACSet/sum_s2_reg[1][15]/CLR
                            (recovery check against rising-edge clock clk_i  {rise@0.000ns fall@5.000ns period=10.000ns})
  Path Group:             (none)
  Path Type:              Recovery (Max at Slow Process Corner)
  Data Path Delay:        33.980ns  (logic 1.490ns (4.386%)  route 32.489ns (95.614%))
  Logic Levels:           2  (IBUF=1 LUT1=1)
  Clock Path Skew:        4.437ns (DCD - SCD + CPR)
    Destination Clock Delay (DCD):    4.437ns
    Source Clock Delay      (SCD):    0.000ns
    Clock Pessimism Removal (CPR):    0.000ns
  Clock Uncertainty:      0.025ns  ((TSJ^2 + TIJ^2)^1/2 + DJ) / 2 + PE
    Total System Jitter     (TSJ):    0.050ns
    Total Input Jitter      (TIJ):    0.000ns
    Discrete Jitter          (DJ):    0.000ns
    Phase Error              (PE):    0.000ns

    Location             Delay type                Incr(ns)  Path(ns)    Netlist Resource(s)
  -------------------------------------------------------------------    -------------------
    N15                                               0.000     0.000 r  rstn (IN)
                         net (fo=0)                   0.000     0.000    rstn
    N15                  IBUF (Prop_ibuf_I_O)         1.385     1.385 r  rstn_IBUF_inst/O
                         net (fo=37, routed)          1.514     2.899    u_Frodo_top/u_SHAKE/rstn_IBUF
    SLICE_X2Y36          LUT1 (Prop_lut1_I0_O)        0.105     3.004 f  u_Frodo_top/u_SHAKE/i___2/O
                         net (fo=6421, routed)       30.976    33.980    u_Frodo_top/u_MatrixMACSet/cnt_reg[1]_0
    SLICE_X53Y138        FDCE                                         f  u_Frodo_top/u_MatrixMACSet/sum_s2_reg[1][15]/CLR
  -------------------------------------------------------------------    -------------------

                         (clock clk_i rise edge)      0.000     0.000 r  
    W19                                               0.000     0.000 r  clk_i (IN)
                         net (fo=0)                   0.000     0.000    clk_i
    W19                  IBUF (Prop_ibuf_I_O)         1.357     1.357 r  clk_i_IBUF_inst/O
                         net (fo=1, routed)           1.604     2.962    clk_i_IBUF
    BUFGCTRL_X0Y0        BUFG (Prop_bufg_I_O)         0.077     3.039 r  clk_i_IBUF_BUFG_inst/O
                         net (fo=6567, routed)        1.399     4.437    u_Frodo_top/u_MatrixMACSet/clk_i_IBUF_BUFG
    SLICE_X53Y138        FDCE                                         r  u_Frodo_top/u_MatrixMACSet/sum_s2_reg[1][15]/C

Slack:                    inf
  Source:                 rstn
                            (input port)
  Destination:            u_Frodo_top/u_MatrixMACSet/sum_s2_reg[1][10]/CLR
                            (recovery check against rising-edge clock clk_i  {rise@0.000ns fall@5.000ns period=10.000ns})
  Path Group:             (none)
  Path Type:              Recovery (Max at Slow Process Corner)
  Data Path Delay:        33.868ns  (logic 1.490ns (4.401%)  route 32.377ns (95.599%))
  Logic Levels:           2  (IBUF=1 LUT1=1)
  Clock Path Skew:        4.437ns (DCD - SCD + CPR)
    Destination Clock Delay (DCD):    4.437ns
    Source Clock Delay      (SCD):    0.000ns
    Clock Pessimism Removal (CPR):    0.000ns
  Clock Uncertainty:      0.025ns  ((TSJ^2 + TIJ^2)^1/2 + DJ) / 2 + PE
    Total System Jitter     (TSJ):    0.050ns
    Total Input Jitter      (TIJ):    0.000ns
    Discrete Jitter          (DJ):    0.000ns
    Phase Error              (PE):    0.000ns

    Location             Delay type                Incr(ns)  Path(ns)    Netlist Resource(s)
  -------------------------------------------------------------------    -------------------
    N15                                               0.000     0.000 r  rstn (IN)
                         net (fo=0)                   0.000     0.000    rstn
    N15                  IBUF (Prop_ibuf_I_O)         1.385     1.385 r  rstn_IBUF_inst/O
                         net (fo=37, routed)          1.514     2.899    u_Frodo_top/u_SHAKE/rstn_IBUF
    SLICE_X2Y36          LUT1 (Prop_lut1_I0_O)        0.105     3.004 f  u_Frodo_top/u_SHAKE/i___2/O
                         net (fo=6421, routed)       30.864    33.868    u_Frodo_top/u_MatrixMACSet/cnt_reg[1]_0
    SLICE_X53Y137        FDCE                                         f  u_Frodo_top/u_MatrixMACSet/sum_s2_reg[1][10]/CLR
  -------------------------------------------------------------------    -------------------

                         (clock clk_i rise edge)      0.000     0.000 r  
    W19                                               0.000     0.000 r  clk_i (IN)
                         net (fo=0)                   0.000     0.000    clk_i
    W19                  IBUF (Prop_ibuf_I_O)         1.357     1.357 r  clk_i_IBUF_inst/O
                         net (fo=1, routed)           1.604     2.962    clk_i_IBUF
    BUFGCTRL_X0Y0        BUFG (Prop_bufg_I_O)         0.077     3.039 r  clk_i_IBUF_BUFG_inst/O
                         net (fo=6567, routed)        1.399     4.437    u_Frodo_top/u_MatrixMACSet/clk_i_IBUF_BUFG
    SLICE_X53Y137        FDCE                                         r  u_Frodo_top/u_MatrixMACSet/sum_s2_reg[1][10]/C

Slack:                    inf
  Source:                 rstn
                            (input port)
  Destination:            u_Frodo_top/u_MatrixMACSet/sum_s2_reg[1][11]/CLR
                            (recovery check against rising-edge clock clk_i  {rise@0.000ns fall@5.000ns period=10.000ns})
  Path Group:             (none)
  Path Type:              Recovery (Max at Slow Process Corner)
  Data Path Delay:        33.868ns  (logic 1.490ns (4.401%)  route 32.377ns (95.599%))
  Logic Levels:           2  (IBUF=1 LUT1=1)
  Clock Path Skew:        4.437ns (DCD - SCD + CPR)
    Destination Clock Delay (DCD):    4.437ns
    Source Clock Delay      (SCD):    0.000ns
    Clock Pessimism Removal (CPR):    0.000ns
  Clock Uncertainty:      0.025ns  ((TSJ^2 + TIJ^2)^1/2 + DJ) / 2 + PE
    Total System Jitter     (TSJ):    0.050ns
    Total Input Jitter      (TIJ):    0.000ns
    Discrete Jitter          (DJ):    0.000ns
    Phase Error              (PE):    0.000ns

    Location             Delay type                Incr(ns)  Path(ns)    Netlist Resource(s)
  -------------------------------------------------------------------    -------------------
    N15                                               0.000     0.000 r  rstn (IN)
                         net (fo=0)                   0.000     0.000    rstn
    N15                  IBUF (Prop_ibuf_I_O)         1.385     1.385 r  rstn_IBUF_inst/O
                         net (fo=37, routed)          1.514     2.899    u_Frodo_top/u_SHAKE/rstn_IBUF
    SLICE_X2Y36          LUT1 (Prop_lut1_I0_O)        0.105     3.004 f  u_Frodo_top/u_SHAKE/i___2/O
                         net (fo=6421, routed)       30.864    33.868    u_Frodo_top/u_MatrixMACSet/cnt_reg[1]_0
    SLICE_X53Y137        FDCE                                         f  u_Frodo_top/u_MatrixMACSet/sum_s2_reg[1][11]/CLR
  -------------------------------------------------------------------    -------------------

                         (clock clk_i rise edge)      0.000     0.000 r  
    W19                                               0.000     0.000 r  clk_i (IN)
                         net (fo=0)                   0.000     0.000    clk_i
    W19                  IBUF (Prop_ibuf_I_O)         1.357     1.357 r  clk_i_IBUF_inst/O
                         net (fo=1, routed)           1.604     2.962    clk_i_IBUF
    BUFGCTRL_X0Y0        BUFG (Prop_bufg_I_O)         0.077     3.039 r  clk_i_IBUF_BUFG_inst/O
                         net (fo=6567, routed)        1.399     4.437    u_Frodo_top/u_MatrixMACSet/clk_i_IBUF_BUFG
    SLICE_X53Y137        FDCE                                         r  u_Frodo_top/u_MatrixMACSet/sum_s2_reg[1][11]/C

Slack:                    inf
  Source:                 rstn
                            (input port)
  Destination:            u_Frodo_top/u_MatrixMACSet/sum_s2_reg[1][8]/CLR
                            (recovery check against rising-edge clock clk_i  {rise@0.000ns fall@5.000ns period=10.000ns})
  Path Group:             (none)
  Path Type:              Recovery (Max at Slow Process Corner)
  Data Path Delay:        33.868ns  (logic 1.490ns (4.401%)  route 32.377ns (95.599%))
  Logic Levels:           2  (IBUF=1 LUT1=1)
  Clock Path Skew:        4.437ns (DCD - SCD + CPR)
    Destination Clock Delay (DCD):    4.437ns
    Source Clock Delay      (SCD):    0.000ns
    Clock Pessimism Removal (CPR):    0.000ns
  Clock Uncertainty:      0.025ns  ((TSJ^2 + TIJ^2)^1/2 + DJ) / 2 + PE
    Total System Jitter     (TSJ):    0.050ns
    Total Input Jitter      (TIJ):    0.000ns
    Discrete Jitter          (DJ):    0.000ns
    Phase Error              (PE):    0.000ns

    Location             Delay type                Incr(ns)  Path(ns)    Netlist Resource(s)
  -------------------------------------------------------------------    -------------------
    N15                                               0.000     0.000 r  rstn (IN)
                         net (fo=0)                   0.000     0.000    rstn
    N15                  IBUF (Prop_ibuf_I_O)         1.385     1.385 r  rstn_IBUF_inst/O
                         net (fo=37, routed)          1.514     2.899    u_Frodo_top/u_SHAKE/rstn_IBUF
    SLICE_X2Y36          LUT1 (Prop_lut1_I0_O)        0.105     3.004 f  u_Frodo_top/u_SHAKE/i___2/O
                         net (fo=6421, routed)       30.864    33.868    u_Frodo_top/u_MatrixMACSet/cnt_reg[1]_0
    SLICE_X53Y137        FDCE                                         f  u_Frodo_top/u_MatrixMACSet/sum_s2_reg[1][8]/CLR
  -------------------------------------------------------------------    -------------------

                         (clock clk_i rise edge)      0.000     0.000 r  
    W19                                               0.000     0.000 r  clk_i (IN)
                         net (fo=0)                   0.000     0.000    clk_i
    W19                  IBUF (Prop_ibuf_I_O)         1.357     1.357 r  clk_i_IBUF_inst/O
                         net (fo=1, routed)           1.604     2.962    clk_i_IBUF
    BUFGCTRL_X0Y0        BUFG (Prop_bufg_I_O)         0.077     3.039 r  clk_i_IBUF_BUFG_inst/O
                         net (fo=6567, routed)        1.399     4.437    u_Frodo_top/u_MatrixMACSet/clk_i_IBUF_BUFG
    SLICE_X53Y137        FDCE                                         r  u_Frodo_top/u_MatrixMACSet/sum_s2_reg[1][8]/C

Slack:                    inf
  Source:                 rstn
                            (input port)
  Destination:            u_Frodo_top/u_MatrixMACSet/sum_s2_reg[1][9]/CLR
                            (recovery check against rising-edge clock clk_i  {rise@0.000ns fall@5.000ns period=10.000ns})
  Path Group:             (none)
  Path Type:              Recovery (Max at Slow Process Corner)
  Data Path Delay:        33.868ns  (logic 1.490ns (4.401%)  route 32.377ns (95.599%))
  Logic Levels:           2  (IBUF=1 LUT1=1)
  Clock Path Skew:        4.437ns (DCD - SCD + CPR)
    Destination Clock Delay (DCD):    4.437ns
    Source Clock Delay      (SCD):    0.000ns
    Clock Pessimism Removal (CPR):    0.000ns
  Clock Uncertainty:      0.025ns  ((TSJ^2 + TIJ^2)^1/2 + DJ) / 2 + PE
    Total System Jitter     (TSJ):    0.050ns
    Total Input Jitter      (TIJ):    0.000ns
    Discrete Jitter          (DJ):    0.000ns
    Phase Error              (PE):    0.000ns

    Location             Delay type                Incr(ns)  Path(ns)    Netlist Resource(s)
  -------------------------------------------------------------------    -------------------
    N15                                               0.000     0.000 r  rstn (IN)
                         net (fo=0)                   0.000     0.000    rstn
    N15                  IBUF (Prop_ibuf_I_O)         1.385     1.385 r  rstn_IBUF_inst/O
                         net (fo=37, routed)          1.514     2.899    u_Frodo_top/u_SHAKE/rstn_IBUF
    SLICE_X2Y36          LUT1 (Prop_lut1_I0_O)        0.105     3.004 f  u_Frodo_top/u_SHAKE/i___2/O
                         net (fo=6421, routed)       30.864    33.868    u_Frodo_top/u_MatrixMACSet/cnt_reg[1]_0
    SLICE_X53Y137        FDCE                                         f  u_Frodo_top/u_MatrixMACSet/sum_s2_reg[1][9]/CLR
  -------------------------------------------------------------------    -------------------

                         (clock clk_i rise edge)      0.000     0.000 r  
    W19                                               0.000     0.000 r  clk_i (IN)
                         net (fo=0)                   0.000     0.000    clk_i
    W19                  IBUF (Prop_ibuf_I_O)         1.357     1.357 r  clk_i_IBUF_inst/O
                         net (fo=1, routed)           1.604     2.962    clk_i_IBUF
    BUFGCTRL_X0Y0        BUFG (Prop_bufg_I_O)         0.077     3.039 r  clk_i_IBUF_BUFG_inst/O
                         net (fo=6567, routed)        1.399     4.437    u_Frodo_top/u_MatrixMACSet/clk_i_IBUF_BUFG
    SLICE_X53Y137        FDCE                                         r  u_Frodo_top/u_MatrixMACSet/sum_s2_reg[1][9]/C

Slack:                    inf
  Source:                 rstn
                            (input port)
  Destination:            u_Frodo_top/u_SHAKE/g_keccak_buf_lane[17].g_no_pad.keccak_buf_reg[1103]/CLR
                            (recovery check against rising-edge clock clk_i  {rise@0.000ns fall@5.000ns period=10.000ns})
  Path Group:             (none)
  Path Type:              Recovery (Max at Slow Process Corner)
  Data Path Delay:        33.809ns  (logic 1.490ns (4.409%)  route 32.318ns (95.591%))
  Logic Levels:           2  (IBUF=1 LUT1=1)
  Clock Path Skew:        4.281ns (DCD - SCD + CPR)
    Destination Clock Delay (DCD):    4.281ns
    Source Clock Delay      (SCD):    0.000ns
    Clock Pessimism Removal (CPR):    0.000ns
  Clock Uncertainty:      0.025ns  ((TSJ^2 + TIJ^2)^1/2 + DJ) / 2 + PE
    Total System Jitter     (TSJ):    0.050ns
    Total Input Jitter      (TIJ):    0.000ns
    Discrete Jitter          (DJ):    0.000ns
    Phase Error              (PE):    0.000ns

    Location             Delay type                Incr(ns)  Path(ns)    Netlist Resource(s)
  -------------------------------------------------------------------    -------------------
    N15                                               0.000     0.000 r  rstn (IN)
                         net (fo=0)                   0.000     0.000    rstn
    N15                  IBUF (Prop_ibuf_I_O)         1.385     1.385 r  rstn_IBUF_inst/O
                         net (fo=37, routed)          1.514     2.899    u_Frodo_top/u_SHAKE/rstn_IBUF
    SLICE_X2Y36          LUT1 (Prop_lut1_I0_O)        0.105     3.004 f  u_Frodo_top/u_SHAKE/i___2/O
                         net (fo=6421, routed)       30.805    33.809    u_Frodo_top/u_SHAKE/rstn
    SLICE_X56Y81         FDCE                                         f  u_Frodo_top/u_SHAKE/g_keccak_buf_lane[17].g_no_pad.keccak_buf_reg[1103]/CLR
  -------------------------------------------------------------------    -------------------

                         (clock clk_i rise edge)      0.000     0.000 r  
    W19                                               0.000     0.000 r  clk_i (IN)
                         net (fo=0)                   0.000     0.000    clk_i
    W19                  IBUF (Prop_ibuf_I_O)         1.357     1.357 r  clk_i_IBUF_inst/O
                         net (fo=1, routed)           1.604     2.962    clk_i_IBUF
    BUFGCTRL_X0Y0        BUFG (Prop_bufg_I_O)         0.077     3.039 r  clk_i_IBUF_BUFG_inst/O
                         net (fo=6567, routed)        1.242     4.281    u_Frodo_top/u_SHAKE/clk_i_IBUF_BUFG
    SLICE_X56Y81         FDCE                                         r  u_Frodo_top/u_SHAKE/g_keccak_buf_lane[17].g_no_pad.keccak_buf_reg[1103]/C

Slack:                    inf
  Source:                 rstn
                            (input port)
  Destination:            u_Frodo_top/u_SHAKE/g_keccak_buf_lane[19].g_no_pad.keccak_buf_reg[1231]/CLR
                            (recovery check against rising-edge clock clk_i  {rise@0.000ns fall@5.000ns period=10.000ns})
  Path Group:             (none)
  Path Type:              Recovery (Max at Slow Process Corner)
  Data Path Delay:        33.809ns  (logic 1.490ns (4.409%)  route 32.318ns (95.591%))
  Logic Levels:           2  (IBUF=1 LUT1=1)
  Clock Path Skew:        4.281ns (DCD - SCD + CPR)
    Destination Clock Delay (DCD):    4.281ns
    Source Clock Delay      (SCD):    0.000ns
    Clock Pessimism Removal (CPR):    0.000ns
  Clock Uncertainty:      0.025ns  ((TSJ^2 + TIJ^2)^1/2 + DJ) / 2 + PE
    Total System Jitter     (TSJ):    0.050ns
    Total Input Jitter      (TIJ):    0.000ns
    Discrete Jitter          (DJ):    0.000ns
    Phase Error              (PE):    0.000ns

    Location             Delay type                Incr(ns)  Path(ns)    Netlist Resource(s)
  -------------------------------------------------------------------    -------------------
    N15                                               0.000     0.000 r  rstn (IN)
                         net (fo=0)                   0.000     0.000    rstn
    N15                  IBUF (Prop_ibuf_I_O)         1.385     1.385 r  rstn_IBUF_inst/O
                         net (fo=37, routed)          1.514     2.899    u_Frodo_top/u_SHAKE/rstn_IBUF
    SLICE_X2Y36          LUT1 (Prop_lut1_I0_O)        0.105     3.004 f  u_Frodo_top/u_SHAKE/i___2/O
                         net (fo=6421, routed)       30.805    33.809    u_Frodo_top/u_SHAKE/rstn
    SLICE_X57Y81         FDCE                                         f  u_Frodo_top/u_SHAKE/g_keccak_buf_lane[19].g_no_pad.keccak_buf_reg[1231]/CLR
  -------------------------------------------------------------------    -------------------

                         (clock clk_i rise edge)      0.000     0.000 r  
    W19                                               0.000     0.000 r  clk_i (IN)
                         net (fo=0)                   0.000     0.000    clk_i
    W19                  IBUF (Prop_ibuf_I_O)         1.357     1.357 r  clk_i_IBUF_inst/O
                         net (fo=1, routed)           1.604     2.962    clk_i_IBUF
    BUFGCTRL_X0Y0        BUFG (Prop_bufg_I_O)         0.077     3.039 r  clk_i_IBUF_BUFG_inst/O
                         net (fo=6567, routed)        1.242     4.281    u_Frodo_top/u_SHAKE/clk_i_IBUF_BUFG
    SLICE_X57Y81         FDCE                                         r  u_Frodo_top/u_SHAKE/g_keccak_buf_lane[19].g_no_pad.keccak_buf_reg[1231]/C





Min Delay Paths
--------------------------------------------------------------------------------------
Slack:                    inf
  Source:                 rstn
                            (input port)
  Destination:            uRAM448_i_998/CLR
                            (removal check against rising-edge clock clk_i  {rise@0.000ns fall@5.000ns period=10.000ns})
  Path Group:             (none)
  Path Type:              Removal (Min at Fast Process Corner)
  Data Path Delay:        1.417ns  (logic 0.268ns (18.881%)  route 1.150ns (81.119%))
  Logic Levels:           2  (IBUF=1 LUT1=1)
  Clock Path Skew:        2.000ns (DCD - SCD - CPR)
    Destination Clock Delay (DCD):    2.000ns
    Source Clock Delay      (SCD):    0.000ns
    Clock Pessimism Removal (CPR):    -0.000ns

    Location             Delay type                Incr(ns)  Path(ns)    Netlist Resource(s)
  -------------------------------------------------------------------    -------------------
    N15                                               0.000     0.000 r  rstn (IN)
                         net (fo=0)                   0.000     0.000    rstn
    N15                  IBUF (Prop_ibuf_I_O)         0.223     0.223 r  rstn_IBUF_inst/O
                         net (fo=37, routed)          0.749     0.971    u_Frodo_top/u_SHAKE/rstn_IBUF
    SLICE_X2Y36          LUT1 (Prop_lut1_I0_O)        0.045     1.016 f  u_Frodo_top/u_SHAKE/i___2/O
                         net (fo=6421, routed)        0.401     1.417    u_Frodo_top_n_0
    SLICE_X11Y40         FDCE                                         f  uRAM448_i_998/CLR
  -------------------------------------------------------------------    -------------------

                         (clock clk_i rise edge)      0.000     0.000 r  
    W19                                               0.000     0.000 r  clk_i (IN)
                         net (fo=0)                   0.000     0.000    clk_i
    W19                  IBUF (Prop_ibuf_I_O)         0.448     0.448 r  clk_i_IBUF_inst/O
                         net (fo=1, routed)           0.689     1.137    clk_i_IBUF
    BUFGCTRL_X0Y0        BUFG (Prop_bufg_I_O)         0.029     1.166 r  clk_i_IBUF_BUFG_inst/O
                         net (fo=6567, routed)        0.835     2.000    clk_i_IBUF_BUFG
    SLICE_X11Y40         FDCE                                         r  uRAM448_i_998/C

Slack:                    inf
  Source:                 buttle
                            (input port)
  Destination:            cnt_reg[2]/CE
                            (rising edge-triggered cell FDCE clocked by clk_i  {rise@0.000ns fall@5.000ns period=10.000ns})
  Path Group:             (none)
  Path Type:              Hold (Min at Fast Process Corner)
  Data Path Delay:        1.512ns  (logic 0.252ns (16.660%)  route 1.260ns (83.340%))
  Logic Levels:           1  (IBUF=1)
  Clock Path Skew:        1.998ns (DCD - SCD - CPR)
    Destination Clock Delay (DCD):    1.998ns
    Source Clock Delay      (SCD):    0.000ns
    Clock Pessimism Removal (CPR):    -0.000ns

    Location             Delay type                Incr(ns)  Path(ns)    Netlist Resource(s)
  -------------------------------------------------------------------    -------------------
    V17                                               0.000     0.000 r  buttle (IN)
                         net (fo=0)                   0.000     0.000    buttle
    V17                  IBUF (Prop_ibuf_I_O)         0.252     0.252 r  buttle_IBUF_inst/O
                         net (fo=23, routed)          1.260     1.512    buttle_IBUF
    SLICE_X37Y47         FDCE                                         r  cnt_reg[2]/CE
  -------------------------------------------------------------------    -------------------

                         (clock clk_i rise edge)      0.000     0.000 r  
    W19                                               0.000     0.000 r  clk_i (IN)
                         net (fo=0)                   0.000     0.000    clk_i
    W19                  IBUF (Prop_ibuf_I_O)         0.448     0.448 r  clk_i_IBUF_inst/O
                         net (fo=1, routed)           0.689     1.137    clk_i_IBUF
    BUFGCTRL_X0Y0        BUFG (Prop_bufg_I_O)         0.029     1.166 r  clk_i_IBUF_BUFG_inst/O
                         net (fo=6567, routed)        0.833     1.998    clk_i_IBUF_BUFG
    SLICE_X37Y47         FDCE                                         r  cnt_reg[2]/C

Slack:                    inf
  Source:                 buttle
                            (input port)
  Destination:            cnt_reg[3]/CE
                            (rising edge-triggered cell FDCE clocked by clk_i  {rise@0.000ns fall@5.000ns period=10.000ns})
  Path Group:             (none)
  Path Type:              Hold (Min at Fast Process Corner)
  Data Path Delay:        1.512ns  (logic 0.252ns (16.660%)  route 1.260ns (83.340%))
  Logic Levels:           1  (IBUF=1)
  Clock Path Skew:        1.998ns (DCD - SCD - CPR)
    Destination Clock Delay (DCD):    1.998ns
    Source Clock Delay      (SCD):    0.000ns
    Clock Pessimism Removal (CPR):    -0.000ns

    Location             Delay type                Incr(ns)  Path(ns)    Netlist Resource(s)
  -------------------------------------------------------------------    -------------------
    V17                                               0.000     0.000 r  buttle (IN)
                         net (fo=0)                   0.000     0.000    buttle
    V17                  IBUF (Prop_ibuf_I_O)         0.252     0.252 r  buttle_IBUF_inst/O
                         net (fo=23, routed)          1.260     1.512    buttle_IBUF
    SLICE_X37Y47         FDCE                                         r  cnt_reg[3]/CE
  -------------------------------------------------------------------    -------------------

                         (clock clk_i rise edge)      0.000     0.000 r  
    W19                                               0.000     0.000 r  clk_i (IN)
                         net (fo=0)                   0.000     0.000    clk_i
    W19                  IBUF (Prop_ibuf_I_O)         0.448     0.448 r  clk_i_IBUF_inst/O
                         net (fo=1, routed)           0.689     1.137    clk_i_IBUF
    BUFGCTRL_X0Y0        BUFG (Prop_bufg_I_O)         0.029     1.166 r  clk_i_IBUF_BUFG_inst/O
                         net (fo=6567, routed)        0.833     1.998    clk_i_IBUF_BUFG
    SLICE_X37Y47         FDCE                                         r  cnt_reg[3]/C

Slack:                    inf
  Source:                 rstn
                            (input port)
  Destination:            sum_s2_reg[9][15]_i_10/CLR
                            (removal check against rising-edge clock clk_i  {rise@0.000ns fall@5.000ns period=10.000ns})
  Path Group:             (none)
  Path Type:              Removal (Min at Fast Process Corner)
  Data Path Delay:        1.568ns  (logic 0.268ns (17.067%)  route 1.300ns (82.933%))
  Logic Levels:           2  (IBUF=1 LUT1=1)
  Clock Path Skew:        2.001ns (DCD - SCD - CPR)
    Destination Clock Delay (DCD):    2.001ns
    Source Clock Delay      (SCD):    0.000ns
    Clock Pessimism Removal (CPR):    -0.000ns

    Location             Delay type                Incr(ns)  Path(ns)    Netlist Resource(s)
  -------------------------------------------------------------------    -------------------
    N15                                               0.000     0.000 r  rstn (IN)
                         net (fo=0)                   0.000     0.000    rstn
    N15                  IBUF (Prop_ibuf_I_O)         0.223     0.223 r  rstn_IBUF_inst/O
                         net (fo=37, routed)          0.749     0.971    u_Frodo_top/u_SHAKE/rstn_IBUF
    SLICE_X2Y36          LUT1 (Prop_lut1_I0_O)        0.045     1.016 f  u_Frodo_top/u_SHAKE/i___2/O
                         net (fo=6421, routed)        0.552     1.568    u_Frodo_top_n_0
    SLICE_X13Y45         FDCE                                         f  sum_s2_reg[9][15]_i_10/CLR
  -------------------------------------------------------------------    -------------------

                         (clock clk_i rise edge)      0.000     0.000 r  
    W19                                               0.000     0.000 r  clk_i (IN)
                         net (fo=0)                   0.000     0.000    clk_i
    W19                  IBUF (Prop_ibuf_I_O)         0.448     0.448 r  clk_i_IBUF_inst/O
                         net (fo=1, routed)           0.689     1.137    clk_i_IBUF
    BUFGCTRL_X0Y0        BUFG (Prop_bufg_I_O)         0.029     1.166 r  clk_i_IBUF_BUFG_inst/O
                         net (fo=6567, routed)        0.836     2.001    clk_i_IBUF_BUFG
    SLICE_X13Y45         FDCE                                         r  sum_s2_reg[9][15]_i_10/C

Slack:                    inf
  Source:                 rstn
                            (input port)
  Destination:            u_Frodo_top/u_MatrixMACSet/sum_s2_reg[9][0]/CLR
                            (removal check against rising-edge clock clk_i  {rise@0.000ns fall@5.000ns period=10.000ns})
  Path Group:             (none)
  Path Type:              Removal (Min at Fast Process Corner)
  Data Path Delay:        1.568ns  (logic 0.268ns (17.067%)  route 1.300ns (82.933%))
  Logic Levels:           2  (IBUF=1 LUT1=1)
  Clock Path Skew:        2.001ns (DCD - SCD - CPR)
    Destination Clock Delay (DCD):    2.001ns
    Source Clock Delay      (SCD):    0.000ns
    Clock Pessimism Removal (CPR):    -0.000ns

    Location             Delay type                Incr(ns)  Path(ns)    Netlist Resource(s)
  -------------------------------------------------------------------    -------------------
    N15                                               0.000     0.000 r  rstn (IN)
                         net (fo=0)                   0.000     0.000    rstn
    N15                  IBUF (Prop_ibuf_I_O)         0.223     0.223 r  rstn_IBUF_inst/O
                         net (fo=37, routed)          0.749     0.971    u_Frodo_top/u_SHAKE/rstn_IBUF
    SLICE_X2Y36          LUT1 (Prop_lut1_I0_O)        0.045     1.016 f  u_Frodo_top/u_SHAKE/i___2/O
                         net (fo=6421, routed)        0.552     1.568    u_Frodo_top/u_MatrixMACSet/cnt_reg[1]_0
    SLICE_X12Y45         FDCE                                         f  u_Frodo_top/u_MatrixMACSet/sum_s2_reg[9][0]/CLR
  -------------------------------------------------------------------    -------------------

                         (clock clk_i rise edge)      0.000     0.000 r  
    W19                                               0.000     0.000 r  clk_i (IN)
                         net (fo=0)                   0.000     0.000    clk_i
    W19                  IBUF (Prop_ibuf_I_O)         0.448     0.448 r  clk_i_IBUF_inst/O
                         net (fo=1, routed)           0.689     1.137    clk_i_IBUF
    BUFGCTRL_X0Y0        BUFG (Prop_bufg_I_O)         0.029     1.166 r  clk_i_IBUF_BUFG_inst/O
                         net (fo=6567, routed)        0.836     2.001    u_Frodo_top/u_MatrixMACSet/clk_i_IBUF_BUFG
    SLICE_X12Y45         FDCE                                         r  u_Frodo_top/u_MatrixMACSet/sum_s2_reg[9][0]/C

Slack:                    inf
  Source:                 rstn
                            (input port)
  Destination:            u_Frodo_top/u_MatrixMACSet/sum_s2_reg[9][1]/CLR
                            (removal check against rising-edge clock clk_i  {rise@0.000ns fall@5.000ns period=10.000ns})
  Path Group:             (none)
  Path Type:              Removal (Min at Fast Process Corner)
  Data Path Delay:        1.568ns  (logic 0.268ns (17.067%)  route 1.300ns (82.933%))
  Logic Levels:           2  (IBUF=1 LUT1=1)
  Clock Path Skew:        2.001ns (DCD - SCD - CPR)
    Destination Clock Delay (DCD):    2.001ns
    Source Clock Delay      (SCD):    0.000ns
    Clock Pessimism Removal (CPR):    -0.000ns

    Location             Delay type                Incr(ns)  Path(ns)    Netlist Resource(s)
  -------------------------------------------------------------------    -------------------
    N15                                               0.000     0.000 r  rstn (IN)
                         net (fo=0)                   0.000     0.000    rstn
    N15                  IBUF (Prop_ibuf_I_O)         0.223     0.223 r  rstn_IBUF_inst/O
                         net (fo=37, routed)          0.749     0.971    u_Frodo_top/u_SHAKE/rstn_IBUF
    SLICE_X2Y36          LUT1 (Prop_lut1_I0_O)        0.045     1.016 f  u_Frodo_top/u_SHAKE/i___2/O
                         net (fo=6421, routed)        0.552     1.568    u_Frodo_top/u_MatrixMACSet/cnt_reg[1]_0
    SLICE_X12Y45         FDCE                                         f  u_Frodo_top/u_MatrixMACSet/sum_s2_reg[9][1]/CLR
  -------------------------------------------------------------------    -------------------

                         (clock clk_i rise edge)      0.000     0.000 r  
    W19                                               0.000     0.000 r  clk_i (IN)
                         net (fo=0)                   0.000     0.000    clk_i
    W19                  IBUF (Prop_ibuf_I_O)         0.448     0.448 r  clk_i_IBUF_inst/O
                         net (fo=1, routed)           0.689     1.137    clk_i_IBUF
    BUFGCTRL_X0Y0        BUFG (Prop_bufg_I_O)         0.029     1.166 r  clk_i_IBUF_BUFG_inst/O
                         net (fo=6567, routed)        0.836     2.001    u_Frodo_top/u_MatrixMACSet/clk_i_IBUF_BUFG
    SLICE_X12Y45         FDCE                                         r  u_Frodo_top/u_MatrixMACSet/sum_s2_reg[9][1]/C

Slack:                    inf
  Source:                 rstn
                            (input port)
  Destination:            u_Frodo_top/u_MatrixMACSet/sum_s2_reg[9][2]/CLR
                            (removal check against rising-edge clock clk_i  {rise@0.000ns fall@5.000ns period=10.000ns})
  Path Group:             (none)
  Path Type:              Removal (Min at Fast Process Corner)
  Data Path Delay:        1.568ns  (logic 0.268ns (17.067%)  route 1.300ns (82.933%))
  Logic Levels:           2  (IBUF=1 LUT1=1)
  Clock Path Skew:        2.001ns (DCD - SCD - CPR)
    Destination Clock Delay (DCD):    2.001ns
    Source Clock Delay      (SCD):    0.000ns
    Clock Pessimism Removal (CPR):    -0.000ns

    Location             Delay type                Incr(ns)  Path(ns)    Netlist Resource(s)
  -------------------------------------------------------------------    -------------------
    N15                                               0.000     0.000 r  rstn (IN)
                         net (fo=0)                   0.000     0.000    rstn
    N15                  IBUF (Prop_ibuf_I_O)         0.223     0.223 r  rstn_IBUF_inst/O
                         net (fo=37, routed)          0.749     0.971    u_Frodo_top/u_SHAKE/rstn_IBUF
    SLICE_X2Y36          LUT1 (Prop_lut1_I0_O)        0.045     1.016 f  u_Frodo_top/u_SHAKE/i___2/O
                         net (fo=6421, routed)        0.552     1.568    u_Frodo_top/u_MatrixMACSet/cnt_reg[1]_0
    SLICE_X12Y45         FDCE                                         f  u_Frodo_top/u_MatrixMACSet/sum_s2_reg[9][2]/CLR
  -------------------------------------------------------------------    -------------------

                         (clock clk_i rise edge)      0.000     0.000 r  
    W19                                               0.000     0.000 r  clk_i (IN)
                         net (fo=0)                   0.000     0.000    clk_i
    W19                  IBUF (Prop_ibuf_I_O)         0.448     0.448 r  clk_i_IBUF_inst/O
                         net (fo=1, routed)           0.689     1.137    clk_i_IBUF
    BUFGCTRL_X0Y0        BUFG (Prop_bufg_I_O)         0.029     1.166 r  clk_i_IBUF_BUFG_inst/O
                         net (fo=6567, routed)        0.836     2.001    u_Frodo_top/u_MatrixMACSet/clk_i_IBUF_BUFG
    SLICE_X12Y45         FDCE                                         r  u_Frodo_top/u_MatrixMACSet/sum_s2_reg[9][2]/C

Slack:                    inf
  Source:                 rstn
                            (input port)
  Destination:            u_Frodo_top/u_MatrixMACSet/sum_s2_reg[9][3]/CLR
                            (removal check against rising-edge clock clk_i  {rise@0.000ns fall@5.000ns period=10.000ns})
  Path Group:             (none)
  Path Type:              Removal (Min at Fast Process Corner)
  Data Path Delay:        1.568ns  (logic 0.268ns (17.067%)  route 1.300ns (82.933%))
  Logic Levels:           2  (IBUF=1 LUT1=1)
  Clock Path Skew:        2.001ns (DCD - SCD - CPR)
    Destination Clock Delay (DCD):    2.001ns
    Source Clock Delay      (SCD):    0.000ns
    Clock Pessimism Removal (CPR):    -0.000ns

    Location             Delay type                Incr(ns)  Path(ns)    Netlist Resource(s)
  -------------------------------------------------------------------    -------------------
    N15                                               0.000     0.000 r  rstn (IN)
                         net (fo=0)                   0.000     0.000    rstn
    N15                  IBUF (Prop_ibuf_I_O)         0.223     0.223 r  rstn_IBUF_inst/O
                         net (fo=37, routed)          0.749     0.971    u_Frodo_top/u_SHAKE/rstn_IBUF
    SLICE_X2Y36          LUT1 (Prop_lut1_I0_O)        0.045     1.016 f  u_Frodo_top/u_SHAKE/i___2/O
                         net (fo=6421, routed)        0.552     1.568    u_Frodo_top/u_MatrixMACSet/cnt_reg[1]_0
    SLICE_X12Y45         FDCE                                         f  u_Frodo_top/u_MatrixMACSet/sum_s2_reg[9][3]/CLR
  -------------------------------------------------------------------    -------------------

                         (clock clk_i rise edge)      0.000     0.000 r  
    W19                                               0.000     0.000 r  clk_i (IN)
                         net (fo=0)                   0.000     0.000    clk_i
    W19                  IBUF (Prop_ibuf_I_O)         0.448     0.448 r  clk_i_IBUF_inst/O
                         net (fo=1, routed)           0.689     1.137    clk_i_IBUF
    BUFGCTRL_X0Y0        BUFG (Prop_bufg_I_O)         0.029     1.166 r  clk_i_IBUF_BUFG_inst/O
                         net (fo=6567, routed)        0.836     2.001    u_Frodo_top/u_MatrixMACSet/clk_i_IBUF_BUFG
    SLICE_X12Y45         FDCE                                         r  u_Frodo_top/u_MatrixMACSet/sum_s2_reg[9][3]/C

Slack:                    inf
  Source:                 rstn
                            (input port)
  Destination:            u_Frodo_top/u_MatrixMACSet/sum_s2_reg[9][4]/CLR
                            (removal check against rising-edge clock clk_i  {rise@0.000ns fall@5.000ns period=10.000ns})
  Path Group:             (none)
  Path Type:              Removal (Min at Fast Process Corner)
  Data Path Delay:        1.616ns  (logic 0.268ns (16.556%)  route 1.349ns (83.444%))
  Logic Levels:           2  (IBUF=1 LUT1=1)
  Clock Path Skew:        2.001ns (DCD - SCD - CPR)
    Destination Clock Delay (DCD):    2.001ns
    Source Clock Delay      (SCD):    0.000ns
    Clock Pessimism Removal (CPR):    -0.000ns

    Location             Delay type                Incr(ns)  Path(ns)    Netlist Resource(s)
  -------------------------------------------------------------------    -------------------
    N15                                               0.000     0.000 r  rstn (IN)
                         net (fo=0)                   0.000     0.000    rstn
    N15                  IBUF (Prop_ibuf_I_O)         0.223     0.223 r  rstn_IBUF_inst/O
                         net (fo=37, routed)          0.749     0.971    u_Frodo_top/u_SHAKE/rstn_IBUF
    SLICE_X2Y36          LUT1 (Prop_lut1_I0_O)        0.045     1.016 f  u_Frodo_top/u_SHAKE/i___2/O
                         net (fo=6421, routed)        0.600     1.616    u_Frodo_top/u_MatrixMACSet/cnt_reg[1]_0
    SLICE_X12Y46         FDCE                                         f  u_Frodo_top/u_MatrixMACSet/sum_s2_reg[9][4]/CLR
  -------------------------------------------------------------------    -------------------

                         (clock clk_i rise edge)      0.000     0.000 r  
    W19                                               0.000     0.000 r  clk_i (IN)
                         net (fo=0)                   0.000     0.000    clk_i
    W19                  IBUF (Prop_ibuf_I_O)         0.448     0.448 r  clk_i_IBUF_inst/O
                         net (fo=1, routed)           0.689     1.137    clk_i_IBUF
    BUFGCTRL_X0Y0        BUFG (Prop_bufg_I_O)         0.029     1.166 r  clk_i_IBUF_BUFG_inst/O
                         net (fo=6567, routed)        0.836     2.001    u_Frodo_top/u_MatrixMACSet/clk_i_IBUF_BUFG
    SLICE_X12Y46         FDCE                                         r  u_Frodo_top/u_MatrixMACSet/sum_s2_reg[9][4]/C

Slack:                    inf
  Source:                 rstn
                            (input port)
  Destination:            u_Frodo_top/u_MatrixMACSet/sum_s2_reg[9][5]/CLR
                            (removal check against rising-edge clock clk_i  {rise@0.000ns fall@5.000ns period=10.000ns})
  Path Group:             (none)
  Path Type:              Removal (Min at Fast Process Corner)
  Data Path Delay:        1.616ns  (logic 0.268ns (16.556%)  route 1.349ns (83.444%))
  Logic Levels:           2  (IBUF=1 LUT1=1)
  Clock Path Skew:        2.001ns (DCD - SCD - CPR)
    Destination Clock Delay (DCD):    2.001ns
    Source Clock Delay      (SCD):    0.000ns
    Clock Pessimism Removal (CPR):    -0.000ns

    Location             Delay type                Incr(ns)  Path(ns)    Netlist Resource(s)
  -------------------------------------------------------------------    -------------------
    N15                                               0.000     0.000 r  rstn (IN)
                         net (fo=0)                   0.000     0.000    rstn
    N15                  IBUF (Prop_ibuf_I_O)         0.223     0.223 r  rstn_IBUF_inst/O
                         net (fo=37, routed)          0.749     0.971    u_Frodo_top/u_SHAKE/rstn_IBUF
    SLICE_X2Y36          LUT1 (Prop_lut1_I0_O)        0.045     1.016 f  u_Frodo_top/u_SHAKE/i___2/O
                         net (fo=6421, routed)        0.600     1.616    u_Frodo_top/u_MatrixMACSet/cnt_reg[1]_0
    SLICE_X12Y46         FDCE                                         f  u_Frodo_top/u_MatrixMACSet/sum_s2_reg[9][5]/CLR
  -------------------------------------------------------------------    -------------------

                         (clock clk_i rise edge)      0.000     0.000 r  
    W19                                               0.000     0.000 r  clk_i (IN)
                         net (fo=0)                   0.000     0.000    clk_i
    W19                  IBUF (Prop_ibuf_I_O)         0.448     0.448 r  clk_i_IBUF_inst/O
                         net (fo=1, routed)           0.689     1.137    clk_i_IBUF
    BUFGCTRL_X0Y0        BUFG (Prop_bufg_I_O)         0.029     1.166 r  clk_i_IBUF_BUFG_inst/O
                         net (fo=6567, routed)        0.836     2.001    u_Frodo_top/u_MatrixMACSet/clk_i_IBUF_BUFG
    SLICE_X12Y46         FDCE                                         r  u_Frodo_top/u_MatrixMACSet/sum_s2_reg[9][5]/C





