#
# A fatal error has been detected by the Java Runtime Environment:
#
#  EXCEPTION_ACCESS_VIOLATION (0xc0000005) at pc=0x00007ff8676a5325, pid=49712, tid=46264
#
# JRE version: OpenJDK Runtime Environment Temurin-21.0.1+12 (21.0.1+12) (build 21.0.1+12-LTS)
# Java VM: OpenJDK 64-Bit Server VM Temurin-21.0.1+12 (21.0.1+12-LTS, mixed mode, sharing, tiered, compressed oops, compressed class ptrs, g1 gc, windows-amd64)
# Problematic frame:
# C  0x00007ff8676a5325
#
# No core dump will be written. Minidumps are not enabled by default on client versions of Windows
#
# If you would like to submit a bug report, please visit:
#   https://github.com/adoptium/adoptium-support/issues
# The crash happened outside the Java Virtual Machine in native code.
# See problematic frame for where to report the bug.
#

---------------  S U M M A R Y ------------

Command Line: -Dsun.java2d.pmoffscreen=false -Dhttps.protocols=TLSv1,TLSv1.1,TLSv1.2 -Dsun.java2d.xrender=false -Dsun.java2d.d3d=false -Dsun.awt.nopixfmt=true -Dsun.java2d.dpiaware=true -Dsun.java2d.uiScale.enabled=false -Dswing.aatext=true -XX:-UsePerfData -Djdk.map.althashing.threshold=512 -XX:StringTableSize=4072 -XX:+UseStringDeduplication -XX:MaxGCPauseMillis=200 -XX:ParallelGCThreads=4 -XX:+ParallelRefProcEnabled --add-opens=java.desktop/javax.swing.plaf.synth=ALL-UNNAMED --add-opens=java.base/java.nio=ALL-UNNAMED --add-opens=java.desktop/sun.swing=ALL-UNNAMED --add-opens=java.desktop/javax.swing=ALL-UNNAMED --add-opens=java.desktop/javax.swing.tree=ALL-UNNAMED --add-opens=java.desktop/javax.swing.plaf.basic=ALL-UNNAMED --add-opens=java.desktop/javax.swing.plaf.synth=ALL-UNNAMED --add-opens=java.desktop/javax.swing.plaf.basic=ALL-UNNAMED --add-opens=java.desktop/javax.swing=ALL-UNNAMED --add-opens=java.desktop/javax.swing.tree=ALL-UNNAMED --add-opens=java.desktop/java.awt.event=ALL-UNNAMED --add-exports=java.desktop/javax.swing.plaf.synth=ALL-UNNAMED --add-exports=java.base/java.nio=ALL-UNNAMED --add-exports=java.desktop/sun.swing=ALL-UNNAMED --add-exports=java.desktop/javax.swing=ALL-UNNAMED --add-exports=java.desktop/javax.swing.tree=ALL-UNNAMED --add-exports=java.desktop/javax.swing.plaf.basic=ALL-UNNAMED --add-exports=java.desktop/sun.swing=ALL-UNNAMED --add-exports=java.desktop/sun.swing.table=ALL-UNNAMED --add-exports=java.desktop/sun.swing.plaf.synth=ALL-UNNAMED --add-exports=java.desktop/sun.awt.shell=ALL-UNNAMED --add-exports=java.base/sun.security.action=ALL-UNNAMED --add-exports=java.desktop/sun.font=ALL-UNNAMED -XX:NewSize=80m -XX:MaxNewSize=80m -Xms812m -Xmx6144m -Xss10m 

Host: AMD Ryzen 7 5800H with Radeon Graphics         , 16 cores, 15G,  Windows 10 , 64 bit Build 19041 (10.0.19041.5915)
Time: Fri Apr 24 12:46:41 2026  Windows 10 , 64 bit Build 19041 (10.0.19041.5915) elapsed time: 81536.674131 seconds (0d 22h 38m 56s)

---------------  T H R E A D  ---------------

Current thread (0x0000021e7e1ef8d0):  JavaThread "AWT-EventQueue-0"        [_thread_in_native, id=46264, stack(0x000000a9f7000000,0x000000a9f7a00000) (10240K)]

Stack: [0x000000a9f7000000,0x000000a9f7a00000],  sp=0x000000a9f79feb70,  free space=10234k
Native frames: (J=compiled Java code, j=interpreted, Vv=VM code, C=native code)
C  0x00007ff8676a5325
C  0x00007ff8676a4442
C  0x00007ff8678b043f
C  0x0000021e74139048

The last pc belongs to native nmethod (printed below).
Java frames: (J=compiled Java code, j=interpreted, Vv=VM code)
J 73589  ui.data.srcscan.srcscani.EditorAssist_createParseInfoIter(JLjava/lang/String;)J (0 bytes) @ 0x0000021e74138fad [0x0000021e74138f40+0x000000000000006d]
J 168095 c1 ui.h.a.c.agN(Ljava/lang/String;)J (23 bytes) @ 0x0000021e6d2613b4 [0x0000021e6d2609c0+0x00000000000009f4]
J 169550 c1 ui.h.a.d.jIK()V (275 bytes) @ 0x0000021e6d7f6e54 [0x0000021e6d7f64c0+0x0000000000000994]
J 169546 c1 ui.views.W.a.a.mIM()V (36 bytes) @ 0x0000021e6d7f415c [0x0000021e6d7f3ce0+0x000000000000047c]
J 169545 c1 ui.views.W.a.a.mII()V (47 bytes) @ 0x0000021e6d7f5124 [0x0000021e6d7f49c0+0x0000000000000764]
J 169544 c1 ui.views.W.a.i.finished()V (81 bytes) @ 0x0000021e6d7fa7ec [0x0000021e6d7fa600+0x00000000000001ec]
J 48149 c2 ui.frmwork.C.run()V (15 bytes) @ 0x0000021e73dc61b0 [0x0000021e73dc5620+0x0000000000000b90]
J 14564 c2 java.awt.EventQueue.dispatchEvent(Ljava/awt/AWTEvent;)V java.desktop@21.0.1 (80 bytes) @ 0x0000021e733d9e74 [0x0000021e733d98a0+0x00000000000005d4]
J 38340 c2 ui.frmwork.a.d.dispatchEvent(Ljava/awt/AWTEvent;)V (41 bytes) @ 0x0000021e73b3f2c0 [0x0000021e73b3e800+0x0000000000000ac0]
J 38360 c2 java.awt.EventDispatchThread.pumpOneEventForFilters(I)V java.desktop@21.0.1 (106 bytes) @ 0x0000021e73571388 [0x0000021e73570ea0+0x00000000000004e8]
J 33720% c2 java.awt.EventDispatchThread.pumpEventsForFilter(ILjava/awt/Conditional;Ljava/awt/EventFilter;)V java.desktop@21.0.1 (47 bytes) @ 0x0000021e7392de48 [0x0000021e7392dda0+0x00000000000000a8]
j  java.awt.EventDispatchThread.pumpEventsForHierarchy(ILjava/awt/Conditional;Ljava/awt/Component;)V+11 java.desktop@21.0.1
j  java.awt.EventDispatchThread.pumpEvents(ILjava/awt/Conditional;)V+4 java.desktop@21.0.1
j  java.awt.EventDispatchThread.pumpEvents(Ljava/awt/Conditional;)V+3 java.desktop@21.0.1
j  java.awt.EventDispatchThread.run()V+9 java.desktop@21.0.1
v  ~StubRoutines::call_stub 0x0000021e7228100d

siginfo: EXCEPTION_ACCESS_VIOLATION (0xc0000005), reading address 0x0000007500000009


Registers:
RAX=0x0000000000000001, RBX=0x0000021e511bbcd8, RCX=0x0000021e58380000, RDX=0x0000007500000009
RSP=0x000000a9f79feb70, RBP=0x000000a9f79fede0, RSI=0x0000000000000000, RDI=0x0000021e94c9b520
R8 =0x0000000000000000, R9 =0x0000000000000001, R10=0x0000000000008000, R11=0x000000a9f79fead0
R12=0x0000021e804e9300, R13=0x0000000000000076, R14=0x0000000000000000, R15=0x0000021eb94dd8e0
RIP=0x00007ff8676a5325, EFLAGS=0x0000000000010257


Register to memory mapping:

RAX=0x0000000000000001 is an unknown value
RBX=0x0000021e511bbcd8 points into unknown readable memory: 0x0000007500000009 | 09 00 00 00 75 00 00 00
RCX=0x0000021e58380000 points into unknown readable memory: 0x0000000000000000 | 00 00 00 00 00 00 00 00
RDX=0x0000007500000009 is an unknown value
RSP=0x000000a9f79feb70 is pointing into the stack for thread: 0x0000021e7e1ef8d0
RBP=0x000000a9f79fede0 is pointing into the stack for thread: 0x0000021e7e1ef8d0
RSI=0x0 is null
RDI=0x0000021e94c9b520 points into unknown readable memory: 0x00007ff867ac19e0 | e0 19 ac 67 f8 7f 00 00
R8 =0x0 is null
R9 =0x0000000000000001 is an unknown value
R10=0x0000000000008000 is an unknown value
R11=0x000000a9f79fead0 is pointing into the stack for thread: 0x0000021e7e1ef8d0
R12=0x0000021e804e9300 points into unknown readable memory: 0x0000021e91bd13a0 | a0 13 bd 91 1e 02 00 00
R13=0x0000000000000076 is an unknown value
R14=0x0 is null
R15=0x0000021eb94dd8e0 points into unknown readable memory: 0x005c003f003f005c | 5c 00 3f 00 3f 00 5c 00

Top of Stack: (sp=0x000000a9f79feb70)
0x000000a9f79feb70:   0000000000000000 0000021e00000000
0x000000a9f79feb80:   0000021e511bbcd0 0000000000000000
0x000000a9f79feb90:   0000000000000000 00000000000000a0
0x000000a9f79feba0:   0000000000000000 000000000000000f
0x000000a9f79febb0:   0000021ec824ce00 000000a9f79fede0
0x000000a9f79febc0:   0000000000000000 000000000000000f
0x000000a9f79febd0:   0000688cb791ddb5 0000021e94c9b520
0x000000a9f79febe0:   0000021e804e9300 0000021e94c9b520
0x000000a9f79febf0:   000000a9f79fede0 00007ff8676a4442
0x000000a9f79fec00:   0000000289241e80 00007ff867ac3438
0x000000a9f79fec10:   0000000000000045 000000a9f79fed00
0x000000a9f79fec20:   0000000000000000 0000000000000000
0x000000a9f79fec30:   5f6b726f575c3a44 646f72465c6a7270
0x000000a9f79fec40:   3230325f6d656b6f 5c6a727069565c36
0x000000a9f79fec50:   4d454b6f646f7246 0000021e804e9300
0x000000a9f79fec60:   735c736372732e4d 77656e5c315f6d69
0x000000a9f79fec70:   000000762e42545c 00007ff894219bb1
0x000000a9f79fec80:   0000021e582a0000 00000006b4c86b00
0x000000a9f79fec90:   0000021e77630000 0000004500000077
0x000000a9f79feca0:   0000021eb94dd8e0 0000000000000000
0x000000a9f79fecb0:   0000021eb94dd8e0 0000000000000044
0x000000a9f79fecc0:   0000000000000076 0000021e804e9300
0x000000a9f79fecd0:   0000021eb94dd8e0 00007ff97def47b1
0x000000a9f79fece0:   0000000000000000 0000021e58380000
0x000000a9f79fecf0:   000000a9f79fef30 0000000000000000
0x000000a9f79fed00:   0000000000000000 00007ff86798e5d3
0x000000a9f79fed10:   0000021eb94dd8e0 00007ff97b81f05b
0x000000a9f79fed20:   0000021e7e1ef8d0 0000000000000000
0x000000a9f79fed30:   0000688cb791dac5 00007ff8674ab441
0x000000a9f79fed40:   0000021eb94dd8e0 0000000000000044
0x000000a9f79fed50:   0000000000000076 0000021e804e9300
0x000000a9f79fed60:   0000021e7e1efc88 0000000000000000 

Instructions: (pc=0x00007ff8676a5325)
0x00007ff8676a5225:   c1 48 83 c0 f8 48 83 f8 1f 76 07 ff 15 6a a6 40
0x00007ff8676a5235:   00 cc e8 b4 93 2e 00 48 c7 44 24 38 00 00 00 00
0x00007ff8676a5245:   48 c7 44 24 40 0f 00 00 00 c6 44 24 28 00 48 8b
0x00007ff8676a5255:   cb e8 d1 89 2e 00 48 8b c6 48 8b 4c 24 48 48 33
0x00007ff8676a5265:   cc e8 55 9c 2e 00 48 8b 9c 24 88 00 00 00 48 83
0x00007ff8676a5275:   c4 50 5f 5e 5d c3 8b c8 e8 b0 89 2e 00 cc cc cc
0x00007ff8676a5285:   cc cc cc cc cc cc cc cc cc cc cc b8 02 00 00 00
0x00007ff8676a5295:   c3 cc cc cc cc cc cc cc cc cc cc 8b 01 90 c3 cc
0x00007ff8676a52a5:   cc cc cc cc cc cc cc cc cc cc cc 48 89 5c 24 18
0x00007ff8676a52b5:   48 89 6c 24 20 56 57 41 56 48 83 ec 70 48 8b 05
0x00007ff8676a52c5:   0f b6 5f 00 48 33 c4 48 89 44 24 60 48 8b ea 48
0x00007ff8676a52d5:   8b f9 48 8b 01 ff 50 08 8b f0 85 c0 0f 85 24 01
0x00007ff8676a52e5:   00 00 48 8b 5f 08 48 83 c3 08 48 3b 5f 10 0f 84
0x00007ff8676a52f5:   12 01 00 00 45 33 f6 0f 1f 40 00 48 8b 13 4c 89
0x00007ff8676a5305:   74 24 20 4c 89 74 24 30 48 c7 44 24 38 0f 00 00
0x00007ff8676a5315:   00 c6 44 24 20 00 49 c7 c0 ff ff ff ff 49 ff c0
0x00007ff8676a5325:   42 80 3c 02 00 75 f6 48 8d 4c 24 20 e8 ca 98 df
0x00007ff8676a5335:   ff 90 48 8d 54 24 20 48 8d 4c 24 40 ff 15 a1 a9
0x00007ff8676a5345:   40 00 90 48 8b d5 48 8d 4c 24 40 ff 15 4a ae 40
0x00007ff8676a5355:   00 84 c0 75 55 48 8d 4c 24 40 ff 15 8b a9 40 00
0x00007ff8676a5365:   90 48 8b 54 24 38 48 83 fa 10 72 2e 48 ff c2 48
0x00007ff8676a5375:   8b 4c 24 20 48 8b c1 48 81 fa 00 10 00 00 72 15
0x00007ff8676a5385:   48 83 c2 27 48 8b 49 f8 48 2b c1 48 83 c0 f8 48
0x00007ff8676a5395:   83 f8 1f 77 65 e8 51 92 2e 00 48 83 c3 08 48 3b
0x00007ff8676a53a5:   5f 10 0f 85 53 ff ff ff eb 5c 48 8b 07 48 8d 54
0x00007ff8676a53b5:   24 20 48 8b cf ff 50 08 8b f0 48 8d 4c 24 40 ff
0x00007ff8676a53c5:   15 26 a9 40 00 90 48 8b 54 24 38 48 83 fa 10 72
0x00007ff8676a53d5:   35 48 ff c2 48 8b 4c 24 20 48 8b c1 48 81 fa 00
0x00007ff8676a53e5:   10 00 00 72 1c 48 83 c2 27 48 8b 49 f8 48 2b c1
0x00007ff8676a53f5:   48 83 c0 f8 48 83 f8 1f 76 07 ff 15 9b a4 40 00
0x00007ff8676a5405:   cc e8 e5 91 2e 00 8b c6 48 8b 4c 24 60 48 33 cc
0x00007ff8676a5415:   e8 a6 9a 2e 00 4c 8d 5c 24 70 49 8b 5b 30 49 8b 


Stack slot to memory mapping:

stack at sp + 0 slots: 0x0 is null
stack at sp + 1 slots: 0x0000021e00000000 points into unknown readable memory: 0x0000000000000000 | 00 00 00 00 00 00 00 00
stack at sp + 2 slots: 0x0000021e511bbcd0 points into unknown readable memory: 0x0000021e8c3219b0 | b0 19 32 8c 1e 02 00 00
stack at sp + 3 slots: 0x0 is null
stack at sp + 4 slots: 0x0 is null
stack at sp + 5 slots: 0x00000000000000a0 is an unknown value
stack at sp + 6 slots: 0x0 is null
stack at sp + 7 slots: 0x000000000000000f is an unknown value


Compiled method (n/a) 81536756 73589     n 0       ui.data.srcscan.srcscani::EditorAssist_createParseInfoIter (native)
 total in heap  [0x0000021e74138d90,0x0000021e74139190] = 1024
 relocation     [0x0000021e74138ef0,0x0000021e74138f28] = 56
 main code      [0x0000021e74138f40,0x0000021e74139184] = 580
 stub code      [0x0000021e74139184,0x0000021e74139188] = 4
 oops           [0x0000021e74139188,0x0000021e74139190] = 8

[Constant Pool (empty)]

[MachCode]
[Entry Point]
  # {method} {0x0000021e4a2f8288} 'EditorAssist_createParseInfoIter' '(JLjava/lang/String;)J' in 'ui/data/srcscan/srcscani'
  # parm0:    rdx:rdx   = long
  # parm1:    r8:r8     = 'java/lang/String'
  #           [sp+0x70]  (sp of caller)
  0x0000021e74138f40: 448b 5208 | 49bb 0000 | 0006 1e02 | 0000 4d03 | d349 3bc2 | 0f84 0600 

  0x0000021e74138f58: ;   {runtime_call ic_miss_stub}
  0x0000021e74138f58: 0000 e921 | 5819 fe90 
[Verified Entry Point]
  0x0000021e74138f60: 8984 2400 | 80ff ff55 | 488b ec48 | 83ec 6090 | 4181 7f20 | 3f06 0000 

  0x0000021e74138f78: ;   {runtime_call StubRoutines (final stubs)}
  0x0000021e74138f78: 7405 e8e1 | bd17 fe4c | 8944 2428 | 4983 f800 | 4c8d 4c24 | 284c 0f44 | 4c24 284c 

  0x0000021e74138f94: ;   {oop(a 'java/lang/Class'{0x0000000682492b80} = 'ui/data/srcscan/srcscani')}
  0x0000021e74138f94: 8bc2 49be | 802b 4982 | 0600 0000 | 4c89 7424 | 504c 8d74 | 2450 498b | d6c5 f877 

  0x0000021e74138fb0: ;   {internal_word}
  0x0000021e74138fb0: 49ba ad8f | 1374 1e02 | 0000 4d89 | 97a0 0300 | 0049 89a7 | 9803 0000 

  0x0000021e74138fc8: ;   {external_word}
  0x0000021e74138fc8: 49ba ae9a | 7e94 f87f | 0000 4180 | 3a00 0f84 | 4e00 0000 | 5241 5041 

  0x0000021e74138fe0: ;   {metadata({method} {0x0000021e4a2f8288} 'EditorAssist_createParseInfoIter' '(JLjava/lang/String;)J' in 'ui/data/srcscan/srcscani')}
  0x0000021e74138fe0: 5148 ba80 | 822f 4a1e | 0200 0049 | 8bcf 4883 | ec20 40f6 | c40f 0f84 | 1900 0000 | 4883 ec08 
  0x0000021e74139000: ;   {runtime_call}
  0x0000021e74139000: 48b8 a0d6 | 2894 f87f | 0000 ffd0 | 4883 c408 | e90c 0000 

  0x0000021e74139014: ;   {runtime_call}
  0x0000021e74139014: 0048 b8a0 | d628 94f8 | 7f00 00ff | d048 83c4 | 2041 5941 | 585a 498d | 8fb8 0300 | 0041 c787 
  0x0000021e74139034: 4c04 0000 | 0400 0000 

  0x0000021e7413903c: ;   {runtime_call}
  0x0000021e7413903c: 48b8 6001 | 8b67 f87f | 0000 ffd0 | c5f8 7741 | c787 4c04 | 0000 0500 | 0000 f083 | 4424 c000 
  0x0000021e7413905c: 493b af50 | 0400 000f | 870e 0000 | 0041 83bf | 4804 0000 | 000f 842b | 0000 00c5 | f877 4889 
  0x0000021e7413907c: 45f8 498b | cf4c 8be4 | 4883 ec20 | 4883 e4f0 

  0x0000021e7413908c: ;   {runtime_call}
  0x0000021e7413908c: 48b8 2099 | f493 f87f | 0000 ffd0 | 498b e44d | 33e4 488b | 45f8 41c7 | 874c 0400 | 0008 0000 
  0x0000021e741390ac: 0041 83bf | c804 0000 | 020f 849c 

  0x0000021e741390b8: ;   {external_word}
  0x0000021e741390b8: 0000 0049 | baae 9a7e | 94f8 7f00 | 0041 803a | 000f 844c | 0000 0048 

  0x0000021e741390d0: ;   {metadata({method} {0x0000021e4a2f8288} 'EditorAssist_createParseInfoIter' '(JLjava/lang/String;)J' in 'ui/data/srcscan/srcscani')}
  0x0000021e741390d0: 8945 f848 | ba80 822f | 4a1e 0200 | 0049 8bcf | 4883 ec20 | 40f6 c40f | 0f84 1900 | 0000 4883 
  0x0000021e741390f0: ;   {runtime_call}
  0x0000021e741390f0: ec08 48b8 | a0d6 2894 | f87f 0000 | ffd0 4883 | c408 e90c 

  0x0000021e74139104: ;   {runtime_call}
  0x0000021e74139104: 0000 0048 | b8a0 d628 | 94f8 7f00 | 00ff d048 | 83c4 2048 | 8b45 f849 | c787 9803 | 0000 0000 
  0x0000021e74139124: 0000 49c7 | 87a0 0300 | 0000 0000 | 00c5 f877 | 498b 8f28 | 0400 00c7 | 8100 0100 | 0000 0000 
  0x0000021e74139144: 00c9 4983 | 7f08 000f | 8501 0000 

  0x0000021e74139150: ;   {runtime_call StubRoutines (initial stubs)}
  0x0000021e74139150: 00c3 e9a9 | 7d14 fec5 | f877 4889 | 45f8 4c8b | e448 83ec | 2048 83e4 

  0x0000021e74139168: ;   {runtime_call}
  0x0000021e74139168: f048 b880 | 0e29 94f8 | 7f00 00ff | d049 8be4 | 4d33 e448 | 8b45 f8e9 | 37ff ffff 
[Stub Code]
  0x0000021e74139184: f4f4 f4f4 
[/MachCode]


Compiled method (c1) 81536775 168095   !   3       ui.h.a.c::agN (23 bytes)
 total in heap  [0x0000021e6d260710,0x0000021e6d261ce0] = 5584
 relocation     [0x0000021e6d260870,0x0000021e6d2609b0] = 320
 main code      [0x0000021e6d2609c0,0x0000021e6d261748] = 3464
 stub code      [0x0000021e6d261748,0x0000021e6d2617b0] = 104
 oops           [0x0000021e6d2617b0,0x0000021e6d2617c0] = 16
 metadata       [0x0000021e6d2617c0,0x0000021e6d261848] = 136
 scopes data    [0x0000021e6d261848,0x0000021e6d261a78] = 560
 scopes pcs     [0x0000021e6d261a78,0x0000021e6d261c98] = 544
 dependencies   [0x0000021e6d261c98,0x0000021e6d261ca0] = 8
 handler table  [0x0000021e6d261ca0,0x0000021e6d261cb8] = 24
 nul chk table  [0x0000021e6d261cb8,0x0000021e6d261ce0] = 40

[Constant Pool (empty)]

[MachCode]
[Entry Point]
  # {method} {0x0000021e49b9d258} 'agN' '(Ljava/lang/String;)J' in 'ui/h/a/c'
  # this:     rdx:rdx   = 'ui/h/a/c'
  # parm0:    r8:r8     = 'java/lang/String'
  #           [sp+0xe0]  (sp of caller)
  0x0000021e6d2609c0: 448b 5208 | 49bb 0000 | 0006 1e02 | 0000 4d03 | d34c 3bd0 

  0x0000021e6d2609d4: ;   {runtime_call ic_miss_stub}
  0x0000021e6d2609d4: 0f85 a6dd | 0605 660f | 1f44 0000 
[Verified Entry Point]
  0x0000021e6d2609e0: 8984 2400 | 80ff ff55 | 4881 ecd0 | 0000 0090 | 4181 7f20 | 3f06 0000 

  0x0000021e6d2609f8: ;   {runtime_call StubRoutines (final stubs)}
  0x0000021e6d2609f8: 7405 e861 | 4305 0548 | 8994 24c0 | 0000 004c | 8984 24b8 

  0x0000021e6d260a0c: ;   {metadata(method data for {method} {0x0000021e49b9d258} 'agN' '(Ljava/lang/String;)J' in 'ui/h/a/c')}
  0x0000021e6d260a0c: 0000 0048 | b940 83a2 | a01e 0200 | 008b b1cc | 0000 0083 | c602 89b1 | cc00 0000 | 81e6 fe07 
  0x0000021e6d260a2c: 0000 83fe | 000f 84d6 

  0x0000021e6d260a34: ;   {metadata(method data for {method} {0x0000021e49b9d258} 'agN' '(Ljava/lang/String;)J' in 'ui/h/a/c')}
  0x0000021e6d260a34: 0900 0048 | b940 83a2 | a01e 0200 | 0048 8381 | 1001 0000 

  0x0000021e6d260a48: ;   {metadata(method data for {method} {0x0000021e476136b0} 'kT' '(Ljava/lang/String;)Z' in 'ui/utils/ar')}
  0x0000021e6d260a48: 0148 b9c0 | 36bc 471e | 0200 008b | b1cc 0000 | 0083 c602 | 89b1 cc00 | 0000 81e6 | feff 1f00 
  0x0000021e6d260a68: 83fe 000f | 84bd 0900 | 0049 83f8 

  0x0000021e6d260a74: ;   {metadata(method data for {method} {0x0000021e476136b0} 'kT' '(Ljava/lang/String;)Z' in 'ui/utils/ar')}
  0x0000021e6d260a74: 0048 b9c0 | 36bc 471e | 0200 0048 | be10 0100 | 0000 0000 | 000f 840a | 0000 0048 | be20 0100 
  0x0000021e6d260a94: 0000 0000 | 0048 8b3c | 3148 8d7f | 0148 893c | 310f 8460 | 0800 0049 | 3b00 498b 

  0x0000021e6d260ab0: ;   {metadata(method data for {method} {0x0000021e476136b0} 'kT' '(Ljava/lang/String;)Z' in 'ui/utils/ar')}
  0x0000021e6d260ab0: c848 bec0 | 36bc 471e | 0200 0048 | 8386 3001 

  0x0000021e6d260ac0: ;   {metadata(method data for {method} {0x0000021e0600ef90} 'isEmpty' '()Z' in 'java/lang/String')}
  0x0000021e6d260ac0: 0000 0148 | b9b8 dd01 | 471e 0200 | 008b b1cc | 0000 0083 | c602 89b1 | cc00 0000 | 81e6 feff 
  0x0000021e6d260ae0: 1f00 83fe | 000f 8469 | 0900 0041 | 8b48 1448 | c1e1 038b | 490c 83f9 

  0x0000021e6d260af8: ;   {metadata(method data for {method} {0x0000021e0600ef90} 'isEmpty' '()Z' in 'java/lang/String')}
  0x0000021e6d260af8: 0048 b9b8 | dd01 471e | 0200 0048 | be10 0100 | 0000 0000 | 000f 850a | 0000 0048 | be20 0100 
  0x0000021e6d260b18: 0000 0000 | 0048 8b3c | 3148 8d7f | 0148 893c | 310f 851a 

  0x0000021e6d260b2c: ;   {metadata(method data for {method} {0x0000021e0600ef90} 'isEmpty' '()Z' in 'java/lang/String')}
  0x0000021e6d260b2c: 0000 0048 | b9b8 dd01 | 471e 0200 | 00ff 8130 | 0100 00b9 | 0100 0000 | e905 0000 | 00b9 0000 
  0x0000021e6d260b4c: 0000 83e1 | 0183 f900 

  0x0000021e6d260b54: ;   {metadata(method data for {method} {0x0000021e476136b0} 'kT' '(Ljava/lang/String;)Z' in 'ui/utils/ar')}
  0x0000021e6d260b54: 48b9 c036 | bc47 1e02 | 0000 48be | 6801 0000 | 0000 0000 | 0f85 0a00 | 0000 48be | 7801 0000 
  0x0000021e6d260b74: 0000 0000 | 488b 3c31 | 488d 7f01 | 4889 3c31 | 0f85 8107 

  0x0000021e6d260b88: ;   {metadata(method data for {method} {0x0000021e476136b0} 'kT' '(Ljava/lang/String;)Z' in 'ui/utils/ar')}
  0x0000021e6d260b88: 0000 48b9 | c036 bc47 | 1e02 0000 | 4883 8188 | 0100 0001 

  0x0000021e6d260b9c: ;   {metadata(method data for {method} {0x0000021e47613e90} 'ako' '(Ljava/lang/String;)Z' in 'ui/utils/ar')}
  0x0000021e6d260b9c: 48b9 d038 | bc47 1e02 | 0000 8bb1 | cc00 0000 | 83c6 0289 | b1cc 0000 | 0081 e6fe | ff1f 0083 
  0x0000021e6d260bbc: fe00 0f84 | b608 0000 | be00 0000 | 000f 1f80 | 0000 0000 

  0x0000021e6d260bd0: ;   {metadata(method data for {method} {0x0000021e47613e90} 'ako' '(Ljava/lang/String;)Z' in 'ui/utils/ar')}
  0x0000021e6d260bd0: 498b c848 | bfd0 38bc | 471e 0200 | 0048 8387 | 1001 0000 

  0x0000021e6d260be4: ;   {metadata(method data for {method} {0x0000021e0600eee0} 'length' '()I' in 'java/lang/String')}
  0x0000021e6d260be4: 0148 b948 | 8701 471e | 0200 008b | b9cc 0000 | 0083 c702 | 89b9 cc00 | 0000 81e7 | feff 1f00 
  0x0000021e6d260c04: 83ff 000f | 848e 0800 | 0041 8b78 | 1448 c1e7 | 038b 5f0c 

  0x0000021e6d260c18: ;   {metadata(method data for {method} {0x0000021e0600eee0} 'length' '()I' in 'java/lang/String')}
  0x0000021e6d260c18: 498b c848 | b848 8701 | 471e 0200 | 0048 8380 | 1001 0000 

  0x0000021e6d260c2c: ;   {metadata(method data for {method} {0x0000021e0645a188} 'coder' '()B' in 'java/lang/String')}
  0x0000021e6d260c2c: 0148 b9f0 | 7c01 471e | 0200 008b | 81cc 0000 | 0083 c002 | 8981 cc00 | 0000 25fe | ff1f 0083 
  0x0000021e6d260c4c: f800 0f84 | 6d08 0000 

  0x0000021e6d260c54: ;   {metadata(method data for {method} {0x0000021e0645a188} 'coder' '()B' in 'java/lang/String')}
  0x0000021e6d260c54: 48b9 f07c | 0147 1e02 | 0000 ff81 | 2001 0000 | 410f be40 

  0x0000021e6d260c68: ;   {metadata(method data for {method} {0x0000021e0645a188} 'coder' '()B' in 'java/lang/String')}
  0x0000021e6d260c68: 1048 b9f0 | 7c01 471e | 0200 00ff | 8130 0100 | 0048 8bc8 | c1e1 18c1 | f918 4c8b | cb41 d3f9 
  0x0000021e6d260c88: ;   {metadata(method data for {method} {0x0000021e47613e90} 'ako' '(Ljava/lang/String;)Z' in 'ui/utils/ar')}
  0x0000021e6d260c88: 413b f148 | b9d0 38bc | 471e 0200 | 0049 b948 | 0100 0000 | 0000 000f | 8d0a 0000 | 0049 b958 
  0x0000021e6d260ca8: 0100 0000 | 0000 004e | 8b1c 094d | 8d5b 014e | 891c 090f | 8d0c 0600 | 0049 8bc8 

  0x0000021e6d260cc4: ;   {metadata(method data for {method} {0x0000021e47613e90} 'ako' '(Ljava/lang/String;)Z' in 'ui/utils/ar')}
  0x0000021e6d260cc4: 49b9 d038 | bc47 1e02 | 0000 4983 | 8168 0100 

  0x0000021e6d260cd4: ;   {metadata(method data for {method} {0x0000021e0600ef38} 'charAt' '(I)C' in 'java/lang/String')}
  0x0000021e6d260cd4: 0001 48b9 | 2093 0147 | 1e02 0000 | 448b 89cc | 0000 0041 | 83c1 0244 | 8989 cc00 | 0000 4181 
  0x0000021e6d260cf4: e1fe ff1f | 0041 83f9 | 000f 84df | 0700 0049 

  0x0000021e6d260d04: ;   {metadata(method data for {method} {0x0000021e0600ef38} 'charAt' '(I)C' in 'java/lang/String')}
  0x0000021e6d260d04: 8bc8 49b9 | 2093 0147 | 1e02 0000 | 4983 8110 | 0100 0001 

  0x0000021e6d260d18: ;   {metadata(method data for {method} {0x0000021e06459580} 'isLatin1' '()Z' in 'java/lang/String')}
  0x0000021e6d260d18: 48b9 28f7 | 0047 1e02 | 0000 448b | 89cc 0000 | 0041 83c1 | 0244 8989 | cc00 0000 | 4181 e1fe 
  0x0000021e6d260d38: ff1f 0041 | 83f9 000f | 84be 0700 

  0x0000021e6d260d44: ;   {metadata(method data for {method} {0x0000021e06459580} 'isLatin1' '()Z' in 'java/lang/String')}
  0x0000021e6d260d44: 0048 b928 | f700 471e | 0200 00ff | 8120 0100 | 0083 f800 

  0x0000021e6d260d58: ;   {metadata(method data for {method} {0x0000021e06459580} 'isLatin1' '()Z' in 'java/lang/String')}
  0x0000021e6d260d58: 48b8 28f7 | 0047 1e02 | 0000 48b9 | 3001 0000 | 0000 0000 | 0f85 0a00 | 0000 48b9 | 4001 0000 
  0x0000021e6d260d78: 0000 0000 | 4c8b 0c08 | 4d8d 4901 | 4c89 0c08 | 0f85 1a00 

  0x0000021e6d260d8c: ;   {metadata(method data for {method} {0x0000021e06459580} 'isLatin1' '()Z' in 'java/lang/String')}
  0x0000021e6d260d8c: 0000 48b8 | 28f7 0047 | 1e02 0000 | ff80 5001 | 0000 b801 | 0000 00e9 | 0500 0000 | b800 0000 
  0x0000021e6d260dac: 0083 e001 

  0x0000021e6d260db0: ;   {metadata(method data for {method} {0x0000021e0600ef38} 'charAt' '(I)C' in 'java/lang/String')}
  0x0000021e6d260db0: 83f8 0048 | b820 9301 | 471e 0200 | 0048 b948 | 0100 0000 | 0000 000f | 840a 0000 | 0048 b958 
  0x0000021e6d260dd0: 0100 0000 | 0000 004c | 8b0c 084d | 8d49 014c | 890c 080f | 84cf 0000 

  0x0000021e6d260de8: ;   {metadata(method data for {method} {0x0000021e0600ef38} 'charAt' '(I)C' in 'java/lang/String')}
  0x0000021e6d260de8: 0048 b820 | 9301 471e | 0200 0048 | 8380 6801 

  0x0000021e6d260df8: ;   {metadata(method data for {method} {0x0000021e06024030} 'charAt' '([BI)C' in 'java/lang/StringLatin1')}
  0x0000021e6d260df8: 0000 0148 | b818 9701 | 471e 0200 | 008b 88cc | 0000 0083 | c102 8988 | cc00 0000 | 81e1 feff 
  0x0000021e6d260e18: 1f00 83f9 | 000f 8401 

  0x0000021e6d260e20: ;   {metadata(method data for {method} {0x0000021e06024030} 'charAt' '([BI)C' in 'java/lang/StringLatin1')}
  0x0000021e6d260e20: 0700 0048 | b818 9701 | 471e 0200 | 0048 8380 | 1001 0000 

  0x0000021e6d260e34: ;   {metadata(method data for {method} {0x0000021e0645a810} 'checkIndex' '(II)V' in 'java/lang/String')}
  0x0000021e6d260e34: 0148 b8b0 | 9501 471e | 0200 008b | 88cc 0000 | 0083 c102 | 8988 cc00 | 0000 81e1 | feff 1f00 
  0x0000021e6d260e54: 83f9 000f | 84e8 0600 

  0x0000021e6d260e5c: ;   {metadata(method data for {method} {0x0000021e0645a810} 'checkIndex' '(II)V' in 'java/lang/String')}
  0x0000021e6d260e5c: 0048 b8b0 | 9501 471e | 0200 0048 | 8380 1001 

  0x0000021e6d260e6c: ;   {oop(a 'jdk/internal/util/Preconditions$4'{0x0000000681507e50})}
  0x0000021e6d260e6c: 0000 0148 | b850 7e50 | 8106 0000 | 00b8 0000 | 0000 3bf0 | 0f8c e006 | 0000 3bf3 | 0f8d e506 
  0x0000021e6d260e8c: 0000 488b | c63b de0f | 86e7 0600 | 0048 63de | 0fbe 7c1f | 1081 e7ff | 0000 0081 | e7ff ff00 
  0x0000021e6d260eac: 0081 e7ff | ff00 00e9 | 3201 0000 

  0x0000021e6d260eb8: ;   {metadata(method data for {method} {0x0000021e0600ef38} 'charAt' '(I)C' in 'java/lang/String')}
  0x0000021e6d260eb8: 48b8 2093 | 0147 1e02 | 0000 4883 | 8078 0100 

  0x0000021e6d260ec8: ;   {metadata(method data for {method} {0x0000021e06027370} 'charAt' '([BI)C' in 'java/lang/StringUTF16')}
  0x0000021e6d260ec8: 0001 48b8 | 7099 0147 | 1e02 0000 | 8b88 cc00 | 0000 83c1 | 0289 88cc | 0000 0081 | e1fe ff1f 
  0x0000021e6d260ee8: 0083 f900 | 0f84 9c06 

  0x0000021e6d260ef0: ;   {metadata(method data for {method} {0x0000021e06027370} 'charAt' '([BI)C' in 'java/lang/StringUTF16')}
  0x0000021e6d260ef0: 0000 48b8 | 7099 0147 | 1e02 0000 | 4883 8010 | 0100 0001 

  0x0000021e6d260f04: ;   {metadata(method data for {method} {0x0000021e060268c8} 'checkIndex' '(I[B)V' in 'java/lang/StringUTF16')}
  0x0000021e6d260f04: 48b8 189b | 0147 1e02 | 0000 8b88 | cc00 0000 | 83c1 0289 | 88cc 0000 | 0081 e1fe | ff1f 0083 
  0x0000021e6d260f24: f900 0f84 | 8306 0000 

  0x0000021e6d260f2c: ;   {metadata(method data for {method} {0x0000021e060268c8} 'checkIndex' '(I[B)V' in 'java/lang/StringUTF16')}
  0x0000021e6d260f2c: 48b8 189b | 0147 1e02 | 0000 4883 | 8010 0100 

  0x0000021e6d260f3c: ;   {metadata(method data for {method} {0x0000021e06026870} 'length' '([B)I' in 'java/lang/StringUTF16')}
  0x0000021e6d260f3c: 0001 48b8 | 909c 0147 | 1e02 0000 | 8b88 cc00 | 0000 83c1 | 0289 88cc | 0000 0081 | e1fe ff1f 
  0x0000021e6d260f5c: 0083 f900 | 0f84 6a06 

  0x0000021e6d260f64: ;   {metadata(method data for {method} {0x0000021e060268c8} 'checkIndex' '(I[B)V' in 'java/lang/StringUTF16')}
  0x0000021e6d260f64: 0000 48b8 | 189b 0147 | 1e02 0000 | 4883 8020 | 0100 0001 

  0x0000021e6d260f78: ;   {metadata(method data for {method} {0x0000021e0645a810} 'checkIndex' '(II)V' in 'java/lang/String')}
  0x0000021e6d260f78: d1fb 48b8 | b095 0147 | 1e02 0000 | 8b88 cc00 | 0000 83c1 | 0289 88cc | 0000 0081 | e1fe ff1f 
  0x0000021e6d260f98: 0083 f900 | 0f84 4f06 

  0x0000021e6d260fa0: ;   {metadata(method data for {method} {0x0000021e0645a810} 'checkIndex' '(II)V' in 'java/lang/String')}
  0x0000021e6d260fa0: 0000 48b8 | b095 0147 | 1e02 0000 | 4883 8010 | 0100 0001 

  0x0000021e6d260fb4: ;   {oop(a 'jdk/internal/util/Preconditions$4'{0x0000000681507e50})}
  0x0000021e6d260fb4: 48b8 507e | 5081 0600 | 0000 b800 | 0000 003b | f00f 8c47 | 0600 003b | f30f 8d4c | 0600 0048 
  0x0000021e6d260fd4: 8bde 4863 | de0f b77c | 5f10 81e7 | ffff 0000 | 81e7 ffff | 0000 89b4 | 24b4 0000 

  0x0000021e6d260ff0: ;   {metadata(method data for {method} {0x0000021e47613e90} 'ako' '(Ljava/lang/String;)Z' in 'ui/utils/ar')}
  0x0000021e6d260ff0: 0048 bbd0 | 38bc 471e | 0200 0048 | 8383 a001 

  0x0000021e6d261000: ;   {metadata(method data for {method} {0x0000021e47613dd0} 't' '(C)Z' in 'ui/utils/ar')}
  0x0000021e6d261000: 0000 0148 | bbf8 3abc | 471e 0200 | 008b 83cc | 0000 0083 | c002 8983 | cc00 0000 | 25fe ff1f 
  0x0000021e6d261020: 0083 f800 | 0f84 0206 

  0x0000021e6d261028: ;   {metadata(method data for {method} {0x0000021e47613dd0} 't' '(C)Z' in 'ui/utils/ar')}
  0x0000021e6d261028: 0000 48bb | f83a bc47 | 1e02 0000 | 4883 8310 | 0100 0001 

  0x0000021e6d26103c: ;   {metadata(method data for {method} {0x0000021e064260f0} 'isSpaceChar' '(C)Z' in 'java/lang/Character')}
  0x0000021e6d26103c: 48bb 30d9 | a747 1e02 | 0000 8b83 | cc00 0000 | 83c0 0289 | 83cc 0000 | 0025 feff | 1f00 83f8 
  0x0000021e6d26105c: 000f 84ea 

  0x0000021e6d261060: ;   {metadata(method data for {method} {0x0000021e064260f0} 'isSpaceChar' '(C)Z' in 'java/lang/Character')}
  0x0000021e6d261060: 0500 0048 | bb30 d9a7 | 471e 0200 | 0048 8383 | 1001 0000 

  0x0000021e6d261074: ;   {metadata(method data for {method} {0x0000021e06426098} 'isSpaceChar' '(I)Z' in 'java/lang/Character')}
  0x0000021e6d261074: 0148 bb90 | daa7 471e | 0200 008b | 83cc 0000 | 0083 c002 | 8983 cc00 | 0000 25fe | ff1f 0083 
  0x0000021e6d261094: f800 0f84 | d205 0000 

  0x0000021e6d26109c: ;   {metadata(method data for {method} {0x0000021e06426098} 'isSpaceChar' '(I)Z' in 'java/lang/Character')}
  0x0000021e6d26109c: 48bb 90da | a747 1e02 | 0000 4883 | 8310 0100 

  0x0000021e6d2610ac: ;   {metadata(method data for {method} {0x0000021e06426ca0} 'getType' '(I)I' in 'java/lang/Character')}
  0x0000021e6d2610ac: 0001 48bb | 4837 4d47 | 1e02 0000 | 8b83 cc00 | 0000 83c0 | 0289 83cc | 0000 0025 | feff 1f00 
  0x0000021e6d2610cc: 83f8 000f | 84ba 0500 

  0x0000021e6d2610d4: ;   {metadata(method data for {method} {0x0000021e06426ca0} 'getType' '(I)I' in 'java/lang/Character')}
  0x0000021e6d2610d4: 0048 bb48 | 374d 471e | 0200 0048 | 8383 1001 | 0000 0148 | 8bd7 89bc | 24b0 0000 | 0066 0f1f 
  0x0000021e6d2610f4: ;   {static_call}
  0x0000021e6d2610f4: 4400 00e8 

  0x0000021e6d2610f8: ; ImmutableOopMap {[184]=Oop [192]=Oop }
                      ;*invokestatic of {reexecute=0 rethrow=0 return_oop=0}
                      ; - java.lang.Character::getType@1 (line 11557)
                      ; - java.lang.Character::isSpaceChar@4 (line 11355)
                      ; - java.lang.Character::isSpaceChar@1 (line 11330)
                      ; - ui.utils.ar::t@1 (line 3047)
                      ; - ui.utils.ar::ako@15 (line 3053)
                      ; - ui.utils.ar::kT@12 (line 2973)
                      ; - ui.h.a.c::agN@1 (line 224)
  0x0000021e6d2610f8: a4f6 7805 

  0x0000021e6d2610fc: ;   {other}
  0x0000021e6d2610fc: 0f1f 8400 | ec09 0000 

  0x0000021e6d261104: ; implicit exception: dispatches to 0x0000021e6d2616b0
  0x0000021e6d261104: 483b 004c 

  0x0000021e6d261108: ;   {metadata(method data for {method} {0x0000021e06426ca0} 'getType' '(I)I' in 'java/lang/Character')}
  0x0000021e6d261108: 8bc0 48ba | 4837 4d47 | 1e02 0000 | 458b 4008 | 49ba 0000 | 0006 1e02 | 0000 4d03 | c24c 3b82 
  0x0000021e6d261128: 3001 0000 | 750d 4883 | 8238 0100 | 0001 e960 | 0000 004c | 3b82 4001 | 0000 750d | 4883 8248 
  0x0000021e6d261148: 0100 0001 | e94a 0000 | 0048 83ba | 3001 0000 | 0075 174c | 8982 3001 | 0000 48c7 | 8238 0100 
  0x0000021e6d261168: 0001 0000 | 00e9 2900 | 0000 4883 | ba40 0100 | 0000 7517 | 4c89 8240 | 0100 0048 | c782 4801 
  0x0000021e6d261188: 0000 0100 | 0000 e908 | 0000 0048 | 8382 2001 | 0000 0144 | 8b84 24b0 | 0000 0048 | 8bd0 0f1f 
  0x0000021e6d2611a8: 8000 0000 | 0048 b860 | f002 061e 

  0x0000021e6d2611b4: ;   {virtual_call}
  0x0000021e6d2611b4: 0200 00e8 

  0x0000021e6d2611b8: ; ImmutableOopMap {[184]=Oop [192]=Oop }
                      ;*invokevirtual getType {reexecute=0 rethrow=0 return_oop=0}
                      ; - java.lang.Character::getType@5 (line 11557)
                      ; - java.lang.Character::isSpaceChar@4 (line 11355)
                      ; - java.lang.Character::isSpaceChar@1 (line 11330)
                      ; - ui.utils.ar::t@1 (line 3047)
                      ; - ui.utils.ar::ako@15 (line 3053)
                      ; - ui.utils.ar::kT@12 (line 2973)
                      ; - ui.h.a.c::agN@1 (line 224)
  0x0000021e6d2611b8: e49a 7705 

  0x0000021e6d2611bc: ;   {other}
  0x0000021e6d2611bc: 0f1f 8400 | ac0a 0001 | 488b c8b8 | 0070 0000 | d3f8 83e0 | 0183 f800 

  0x0000021e6d2611d4: ;   {metadata(method data for {method} {0x0000021e06426098} 'isSpaceChar' '(I)Z' in 'java/lang/Character')}
  0x0000021e6d2611d4: 48b8 90da | a747 1e02 | 0000 48ba | 2001 0000 | 0000 0000 | 0f84 0a00 | 0000 48ba | 3001 0000 
  0x0000021e6d2611f4: 0000 0000 | 4c8b 0410 | 4d8d 4001 | 4c89 0410 | 0f84 1a00 

  0x0000021e6d261208: ;   {metadata(method data for {method} {0x0000021e06426098} 'isSpaceChar' '(I)Z' in 'java/lang/Character')}
  0x0000021e6d261208: 0000 48b8 | 90da a747 | 1e02 0000 | ff80 4001 | 0000 b801 | 0000 00e9 | 0500 0000 | b800 0000 
  0x0000021e6d261228: 0083 e001 | 83e0 0183 | e001 83f8 

  0x0000021e6d261234: ;   {metadata(method data for {method} {0x0000021e47613e90} 'ako' '(Ljava/lang/String;)Z' in 'ui/utils/ar')}
  0x0000021e6d261234: 0048 b8d0 | 38bc 471e | 0200 0048 | bac0 0100 | 0000 0000 | 000f 840a | 0000 0048 | bab0 0100 
  0x0000021e6d261254: 0000 0000 | 004c 8b04 | 104d 8d40 | 014c 8904 | 100f 8458 | 0000 008b | b424 b400 | 0000 ffc6 
  0x0000021e6d261274: ;   {metadata(method data for {method} {0x0000021e47613e90} 'ako' '(Ljava/lang/String;)Z' in 'ui/utils/ar')}
  0x0000021e6d261274: 48b8 d038 | bc47 1e02 | 0000 8b90 | d000 0000 | 83c2 0289 | 90d0 0000 | 0081 e2fe | 3f00 0083 
  0x0000021e6d261294: fa00 0f84 | 1904 0000 | 4d8b 9758 

  0x0000021e6d2612a0: ; ImmutableOopMap {[184]=Oop [192]=Oop }
                      ;*goto {reexecute=1 rethrow=0 return_oop=0}
                      ; - (reexecute) ui.utils.ar::ako@26 (line 3052)
                      ; - ui.utils.ar::kT@12 (line 2973)
                      ; - ui.h.a.c::agN@1 (line 224)
                      ;   {poll}
  0x0000021e6d2612a0: 0400 0041 

  0x0000021e6d2612a4: ;   {metadata(method data for {method} {0x0000021e47613e90} 'ako' '(Ljava/lang/String;)Z' in 'ui/utils/ar')}
  0x0000021e6d2612a4: 8502 48b8 | d038 bc47 | 1e02 0000 | ff80 d001 | 0000 4c8b | 8424 b800 | 0000 e90d | f9ff ffb8 
  0x0000021e6d2612c4: 0000 0000 | e905 0000 | 00b8 0100 | 0000 83f8 

  0x0000021e6d2612d4: ;   {metadata(method data for {method} {0x0000021e476136b0} 'kT' '(Ljava/lang/String;)Z' in 'ui/utils/ar')}
  0x0000021e6d2612d4: 0048 b8c0 | 36bc 471e | 0200 0048 | baa8 0100 | 0000 0000 | 000f 840a | 0000 0048 | ba98 0100 
  0x0000021e6d2612f4: 0000 0000 | 004c 8b04 | 104d 8d40 | 014c 8904 | 100f 840a | 0000 00b8 | 0000 0000 | e915 0000 
  0x0000021e6d261314: ;   {metadata(method data for {method} {0x0000021e476136b0} 'kT' '(Ljava/lang/String;)Z' in 'ui/utils/ar')}
  0x0000021e6d261314: 0048 b8c0 | 36bc 471e | 0200 00ff | 80b8 0100 | 00b8 0100 | 0000 83e0 | 0183 f800 

  0x0000021e6d261330: ;   {metadata(method data for {method} {0x0000021e49b9d258} 'agN' '(Ljava/lang/String;)J' in 'ui/h/a/c')}
  0x0000021e6d261330: 48b8 4083 | a2a0 1e02 | 0000 48ba | 2001 0000 | 0000 0000 | 0f85 0a00 | 0000 48ba | 3001 0000 
  0x0000021e6d261350: 0000 0000 | 4c8b 0410 | 4d8d 4001 | 4c89 0410 | 0f85 2000 | 0000 48b8 | 0000 0000 | 0000 0000 
  0x0000021e6d261370: 4881 c4d0 | 0000 005d 

  0x0000021e6d261378: ;   {poll_return}
  0x0000021e6d261378: 493b a750 | 0400 000f | 8751 0300 | 00c3 4c8b | 8424 b800 | 0000 488b | 9424 c000 | 0000 488b 
  0x0000021e6d261398: ;   {metadata(method data for {method} {0x0000021e49b9d258} 'agN' '(Ljava/lang/String;)J' in 'ui/h/a/c')}
  0x0000021e6d261398: 7218 48ba | 4083 a2a0 | 1e02 0000 | 4883 8240 | 0100 0001 

  0x0000021e6d2613ac: ;   {static_call}
  0x0000021e6d2613ac: 488b d6e8 

  0x0000021e6d2613b0: ; ImmutableOopMap {}
                      ;*invokestatic EditorAssist_createParseInfoIter {reexecute=0 rethrow=0 return_oop=0}
                      ; - ui.h.a.c::agN@14 (line 228)
  0x0000021e6d2613b0: ac7b ed06 

  0x0000021e6d2613b4: ;   {other}
  0x0000021e6d2613b4: 0f1f 8400 | a40c 0003 | 4881 c4d0 | 0000 005d 

  0x0000021e6d2613c4: ;   {poll_return}
  0x0000021e6d2613c4: 493b a750 | 0400 000f | 871b 0300 | 00c3 498b | 8700 0500 | 004d 33d2 | 4d89 9700 | 0500 004d 
  0x0000021e6d2613e4: 33d2 4d89 | 9708 0500 | 0048 b800 | 0000 0000 | 0000 0048 | 81c4 d000 

  0x0000021e6d2613fc: ;   {poll_return}
  0x0000021e6d2613fc: 0000 5d49 | 3ba7 5004 | 0000 0f87 | f602 0000 

  0x0000021e6d26140c: ;   {metadata({method} {0x0000021e49b9d258} 'agN' '(Ljava/lang/String;)J' in 'ui/h/a/c')}
  0x0000021e6d26140c: c349 ba50 | d2b9 491e | 0200 004c | 8954 2408 | 48c7 0424 | ffff ffff 

  0x0000021e6d261424: ;   {runtime_call counter_overflow Runtime1 stub}
  0x0000021e6d261424: e857 b313 

  0x0000021e6d261428: ; ImmutableOopMap {rdx=Oop r8=Oop [184]=Oop [192]=Oop }
                      ;*synchronization entry
                      ; - ui.h.a.c::agN@-1 (line 224)
  0x0000021e6d261428: 05e9 09f6 

  0x0000021e6d26142c: ;   {metadata({method} {0x0000021e476136b0} 'kT' '(Ljava/lang/String;)Z' in 'ui/utils/ar')}
  0x0000021e6d26142c: ffff 49ba | a836 6147 | 1e02 0000 | 4c89 5424 | 0848 c704 | 24ff ffff 

  0x0000021e6d261444: ;   {runtime_call counter_overflow Runtime1 stub}
  0x0000021e6d261444: ffe8 36b3 

  0x0000021e6d261448: ; ImmutableOopMap {rdx=Oop r8=Oop [184]=Oop [192]=Oop }
                      ;*synchronization entry
                      ; - ui.utils.ar::kT@-1 (line 2973)
                      ; - ui.h.a.c::agN@1 (line 224)
  0x0000021e6d261448: 1305 e922 

  0x0000021e6d26144c: ;   {runtime_call throw_null_pointer_exception Runtime1 stub}
  0x0000021e6d26144c: f6ff ffe8 

  0x0000021e6d261450: ; ImmutableOopMap {rdx=Oop r8=Oop [184]=Oop [192]=Oop }
                      ;*invokevirtual isEmpty {reexecute=0 rethrow=0 return_oop=0}
                      ; - ui.utils.ar::kT@5 (line 2973)
                      ; - ui.h.a.c::agN@1 (line 224)
  0x0000021e6d261450: 2c62 1305 

  0x0000021e6d261454: ;   {metadata({method} {0x0000021e0600ef90} 'isEmpty' '()Z' in 'java/lang/String')}
  0x0000021e6d261454: 49ba 88ef | 0006 1e02 | 0000 4c89 | 5424 0848 | c704 24ff 

  0x0000021e6d261468: ;   {runtime_call counter_overflow Runtime1 stub}
  0x0000021e6d261468: ffff ffe8 

  0x0000021e6d26146c: ; ImmutableOopMap {rdx=Oop r8=Oop [184]=Oop [192]=Oop }
                      ;*synchronization entry
                      ; - java.lang.String::isEmpty@-1 (line 1532)
                      ; - ui.utils.ar::kT@5 (line 2973)
                      ; - ui.h.a.c::agN@1 (line 224)
  0x0000021e6d26146c: 10b3 1305 | e976 f6ff 

  0x0000021e6d261474: ;   {runtime_call throw_null_pointer_exception Runtime1 stub}
  0x0000021e6d261474: ffe8 0662 

  0x0000021e6d261478: ; ImmutableOopMap {rdx=Oop r8=Oop [184]=Oop [192]=Oop }
                      ;*arraylength {reexecute=0 rethrow=0 return_oop=0}
                      ; - java.lang.String::isEmpty@4 (line 1532)
                      ; - ui.utils.ar::kT@5 (line 2973)
                      ; - ui.h.a.c::agN@1 (line 224)
                      ;   {metadata({method} {0x0000021e47613e90} 'ako' '(Ljava/lang/String;)Z' in 'ui/utils/ar')}
  0x0000021e6d261478: 1305 49ba | 883e 6147 | 1e02 0000 | 4c89 5424 | 0848 c704 | 24ff ffff 

  0x0000021e6d261490: ;   {runtime_call counter_overflow Runtime1 stub}
  0x0000021e6d261490: ffe8 eab2 

  0x0000021e6d261494: ; ImmutableOopMap {rdx=Oop r8=Oop [184]=Oop [192]=Oop }
                      ;*synchronization entry
                      ; - ui.utils.ar::ako@-1 (line 3052)
                      ; - ui.utils.ar::kT@12 (line 2973)
                      ; - ui.h.a.c::agN@1 (line 224)
  0x0000021e6d261494: 1305 e929 

  0x0000021e6d261498: ;   {metadata({method} {0x0000021e0600eee0} 'length' '()I' in 'java/lang/String')}
  0x0000021e6d261498: f7ff ff49 | bad8 ee00 | 061e 0200 | 004c 8954 | 2408 48c7 | 0424 ffff 

  0x0000021e6d2614b0: ;   {runtime_call counter_overflow Runtime1 stub}
  0x0000021e6d2614b0: ffff e8c9 

  0x0000021e6d2614b4: ; ImmutableOopMap {r8=Oop [184]=Oop [192]=Oop }
                      ;*synchronization entry
                      ; - java.lang.String::length@-1 (line 1519)
                      ; - ui.utils.ar::ako@4 (line 3052)
                      ; - ui.utils.ar::kT@12 (line 2973)
                      ; - ui.h.a.c::agN@1 (line 224)
  0x0000021e6d2614b4: b213 05e9 | 51f7 ffff 

  0x0000021e6d2614bc: ;   {runtime_call throw_null_pointer_exception Runtime1 stub}
  0x0000021e6d2614bc: e8bf 6113 

  0x0000021e6d2614c0: ; ImmutableOopMap {r8=Oop rdi=Oop [184]=Oop [192]=Oop }
                      ;*arraylength {reexecute=0 rethrow=0 return_oop=0}
                      ; - java.lang.String::length@4 (line 1519)
                      ; - ui.utils.ar::ako@4 (line 3052)
                      ; - ui.utils.ar::kT@12 (line 2973)
                      ; - ui.h.a.c::agN@1 (line 224)
                      ;   {metadata({method} {0x0000021e0645a188} 'coder' '()B' in 'java/lang/String')}
  0x0000021e6d2614c0: 0549 ba80 | a145 061e | 0200 004c | 8954 2408 | 48c7 0424 | ffff ffff 

  0x0000021e6d2614d8: ;   {runtime_call counter_overflow Runtime1 stub}
  0x0000021e6d2614d8: e8a3 b213 

  0x0000021e6d2614dc: ; ImmutableOopMap {r8=Oop rdi=Oop [184]=Oop [192]=Oop }
                      ;*synchronization entry
                      ; - java.lang.String::coder@-1 (line 4809)
                      ; - java.lang.String::length@6 (line 1519)
                      ; - ui.utils.ar::ako@4 (line 3052)
                      ; - ui.utils.ar::kT@12 (line 2973)
                      ; - ui.h.a.c::agN@1 (line 224)
  0x0000021e6d2614dc: 05e9 72f7 

  0x0000021e6d2614e0: ;   {metadata({method} {0x0000021e0600ef38} 'charAt' '(I)C' in 'java/lang/String')}
  0x0000021e6d2614e0: ffff 49ba | 30ef 0006 | 1e02 0000 | 4c89 5424 | 0848 c704 | 24ff ffff 

  0x0000021e6d2614f8: ;   {runtime_call counter_overflow Runtime1 stub}
  0x0000021e6d2614f8: ffe8 82b2 

  0x0000021e6d2614fc: ; ImmutableOopMap {r8=Oop rdi=Oop [184]=Oop [192]=Oop }
                      ;*synchronization entry
                      ; - java.lang.String::charAt@-1 (line 1554)
                      ; - ui.utils.ar::ako@12 (line 3053)
                      ; - ui.utils.ar::kT@12 (line 2973)
                      ; - ui.h.a.c::agN@1 (line 224)
  0x0000021e6d2614fc: 1305 e900 

  0x0000021e6d261500: ;   {metadata({method} {0x0000021e06459580} 'isLatin1' '()Z' in 'java/lang/String')}
  0x0000021e6d261500: f8ff ff49 | ba78 9545 | 061e 0200 | 004c 8954 | 2408 48c7 | 0424 ffff 

  0x0000021e6d261518: ;   {runtime_call counter_overflow Runtime1 stub}
  0x0000021e6d261518: ffff e861 

  0x0000021e6d26151c: ; ImmutableOopMap {r8=Oop rdi=Oop [184]=Oop [192]=Oop }
                      ;*synchronization entry
                      ; - java.lang.String::isLatin1@-1 (line 4817)
                      ; - java.lang.String::charAt@1 (line 1554)
                      ; - ui.utils.ar::ako@12 (line 3053)
                      ; - ui.utils.ar::kT@12 (line 2973)
                      ; - ui.h.a.c::agN@1 (line 224)
  0x0000021e6d26151c: b213 05e9 | 21f8 ffff 

  0x0000021e6d261524: ;   {metadata({method} {0x0000021e06024030} 'charAt' '([BI)C' in 'java/lang/StringLatin1')}
  0x0000021e6d261524: 49ba 2840 | 0206 1e02 | 0000 4c89 | 5424 0848 | c704 24ff 

  0x0000021e6d261538: ;   {runtime_call counter_overflow Runtime1 stub}
  0x0000021e6d261538: ffff ffe8 

  0x0000021e6d26153c: ; ImmutableOopMap {r8=Oop rdi=Oop [184]=Oop [192]=Oop }
                      ;*synchronization entry
                      ; - java.lang.StringLatin1::charAt@-1 (line 46)
                      ; - java.lang.String::charAt@12 (line 1555)
                      ; - ui.utils.ar::ako@12 (line 3053)
                      ; - ui.utils.ar::kT@12 (line 2973)
                      ; - ui.h.a.c::agN@1 (line 224)
  0x0000021e6d26153c: 40b2 1305 | e9de f8ff 

  0x0000021e6d261544: ;   {metadata({method} {0x0000021e0645a810} 'checkIndex' '(II)V' in 'java/lang/String')}
  0x0000021e6d261544: ff49 ba08 | a845 061e | 0200 004c | 8954 2408 | 48c7 0424 | ffff ffff 

  0x0000021e6d26155c: ;   {runtime_call counter_overflow Runtime1 stub}
  0x0000021e6d26155c: e81f b213 

  0x0000021e6d261560: ; ImmutableOopMap {r8=Oop rdi=Oop [184]=Oop [192]=Oop }
                      ;*synchronization entry
                      ; - java.lang.String::checkIndex@-1 (line 4828)
                      ; - java.lang.StringLatin1::charAt@3 (line 46)
                      ; - java.lang.String::charAt@12 (line 1555)
                      ; - ui.utils.ar::ako@12 (line 3053)
                      ; - ui.utils.ar::kT@12 (line 2973)
                      ; - ui.h.a.c::agN@1 (line 224)
  0x0000021e6d261560: 05e9 f7f8 | ffff 48c7 | 0424 e4ff 

  0x0000021e6d26156c: ;   {runtime_call deoptimize Runtime1 stub}
  0x0000021e6d26156c: ffff e80d 

  0x0000021e6d261570: ; ImmutableOopMap {r8=Oop rdi=Oop [184]=Oop [192]=Oop }
                      ;*invokestatic checkIndex {reexecute=0 rethrow=0 return_oop=0}
                      ; - java.lang.String::checkIndex@5 (line 4828)
                      ; - java.lang.StringLatin1::charAt@3 (line 46)
                      ; - java.lang.String::charAt@12 (line 1555)
                      ; - ui.utils.ar::ako@12 (line 3053)
                      ; - ui.utils.ar::kT@12 (line 2973)
                      ; - ui.h.a.c::agN@1 (line 224)
  0x0000021e6d261570: 9a13 0548 | c704 24e4 

  0x0000021e6d261578: ;   {runtime_call deoptimize Runtime1 stub}
  0x0000021e6d261578: ffff ffe8 

  0x0000021e6d26157c: ; ImmutableOopMap {r8=Oop rdi=Oop [184]=Oop [192]=Oop }
                      ;*invokestatic checkIndex {reexecute=0 rethrow=0 return_oop=0}
                      ; - java.lang.String::checkIndex@5 (line 4828)
                      ; - java.lang.StringLatin1::charAt@3 (line 46)
                      ; - java.lang.String::charAt@12 (line 1555)
                      ; - ui.utils.ar::ako@12 (line 3053)
                      ; - ui.utils.ar::kT@12 (line 2973)
                      ; - ui.h.a.c::agN@1 (line 224)
  0x0000021e6d26157c: 009a 1305 | 4889 3424 | 4889 7c24 

  0x0000021e6d261588: ;   {runtime_call throw_range_check_failed Runtime1 stub}
  0x0000021e6d261588: 08e8 f257 

  0x0000021e6d26158c: ; ImmutableOopMap {r8=Oop rdi=Oop [184]=Oop [192]=Oop }
                      ;*baload {reexecute=0 rethrow=0 return_oop=0}
                      ; - java.lang.StringLatin1::charAt@8 (line 47)
                      ; - java.lang.String::charAt@12 (line 1555)
                      ; - ui.utils.ar::ako@12 (line 3053)
                      ; - ui.utils.ar::kT@12 (line 2973)
                      ; - ui.h.a.c::agN@1 (line 224)
                      ;   {metadata({method} {0x0000021e06027370} 'charAt' '([BI)C' in 'java/lang/StringUTF16')}
  0x0000021e6d26158c: 1305 49ba | 6873 0206 | 1e02 0000 | 4c89 5424 | 0848 c704 | 24ff ffff 

  0x0000021e6d2615a4: ;   {runtime_call counter_overflow Runtime1 stub}
  0x0000021e6d2615a4: ffe8 d6b1 

  0x0000021e6d2615a8: ; ImmutableOopMap {r8=Oop rdi=Oop [184]=Oop [192]=Oop }
                      ;*synchronization entry
                      ; - java.lang.StringUTF16::charAt@-1 (line 1418)
                      ; - java.lang.String::charAt@21 (line 1557)
                      ; - ui.utils.ar::ako@12 (line 3053)
                      ; - ui.utils.ar::kT@12 (line 2973)
                      ; - ui.h.a.c::agN@1 (line 224)
  0x0000021e6d2615a8: 1305 e943 

  0x0000021e6d2615ac: ;   {metadata({method} {0x0000021e060268c8} 'checkIndex' '(I[B)V' in 'java/lang/StringUTF16')}
  0x0000021e6d2615ac: f9ff ff49 | bac0 6802 | 061e 0200 | 004c 8954 | 2408 48c7 | 0424 ffff 

  0x0000021e6d2615c4: ;   {runtime_call counter_overflow Runtime1 stub}
  0x0000021e6d2615c4: ffff e8b5 

  0x0000021e6d2615c8: ; ImmutableOopMap {r8=Oop rdi=Oop [184]=Oop [192]=Oop }
                      ;*synchronization entry
                      ; - java.lang.StringUTF16::checkIndex@-1 (line 1613)
                      ; - java.lang.StringUTF16::charAt@2 (line 1418)
                      ; - java.lang.String::charAt@21 (line 1557)
                      ; - ui.utils.ar::ako@12 (line 3053)
                      ; - ui.utils.ar::kT@12 (line 2973)
                      ; - ui.h.a.c::agN@1 (line 224)
  0x0000021e6d2615c8: b113 05e9 | 5cf9 ffff 

  0x0000021e6d2615d0: ;   {metadata({method} {0x0000021e06026870} 'length' '([B)I' in 'java/lang/StringUTF16')}
  0x0000021e6d2615d0: 49ba 6868 | 0206 1e02 | 0000 4c89 | 5424 0848 | c704 24ff 

  0x0000021e6d2615e4: ;   {runtime_call counter_overflow Runtime1 stub}
  0x0000021e6d2615e4: ffff ffe8 

  0x0000021e6d2615e8: ; ImmutableOopMap {r8=Oop rdi=Oop [184]=Oop [192]=Oop }
                      ;*synchronization entry
                      ; - java.lang.StringUTF16::length@-1 (line 75)
                      ; - java.lang.StringUTF16::checkIndex@2 (line 1613)
                      ; - java.lang.StringUTF16::charAt@2 (line 1418)
                      ; - java.lang.String::charAt@21 (line 1557)
                      ; - ui.utils.ar::ako@12 (line 3053)
                      ; - ui.utils.ar::kT@12 (line 2973)
                      ; - ui.h.a.c::agN@1 (line 224)
  0x0000021e6d2615e8: 94b1 1305 | e975 f9ff 

  0x0000021e6d2615f0: ;   {metadata({method} {0x0000021e0645a810} 'checkIndex' '(II)V' in 'java/lang/String')}
  0x0000021e6d2615f0: ff49 ba08 | a845 061e | 0200 004c | 8954 2408 | 48c7 0424 | ffff ffff 

  0x0000021e6d261608: ;   {runtime_call counter_overflow Runtime1 stub}
  0x0000021e6d261608: e873 b113 

  0x0000021e6d26160c: ; ImmutableOopMap {r8=Oop rdi=Oop [184]=Oop [192]=Oop }
                      ;*synchronization entry
                      ; - java.lang.String::checkIndex@-1 (line 4828)
                      ; - java.lang.StringUTF16::checkIndex@5 (line 1613)
                      ; - java.lang.StringUTF16::charAt@2 (line 1418)
                      ; - java.lang.String::charAt@21 (line 1557)
                      ; - ui.utils.ar::ako@12 (line 3053)
                      ; - ui.utils.ar::kT@12 (line 2973)
                      ; - ui.h.a.c::agN@1 (line 224)
  0x0000021e6d26160c: 05e9 90f9 | ffff 48c7 | 0424 e4ff 

  0x0000021e6d261618: ;   {runtime_call deoptimize Runtime1 stub}
  0x0000021e6d261618: ffff e861 

  0x0000021e6d26161c: ; ImmutableOopMap {r8=Oop rdi=Oop [184]=Oop [192]=Oop }
                      ;*invokestatic checkIndex {reexecute=0 rethrow=0 return_oop=0}
                      ; - java.lang.String::checkIndex@5 (line 4828)
                      ; - java.lang.StringUTF16::checkIndex@5 (line 1613)
                      ; - java.lang.StringUTF16::charAt@2 (line 1418)
                      ; - java.lang.String::charAt@21 (line 1557)
                      ; - ui.utils.ar::ako@12 (line 3053)
                      ; - ui.utils.ar::kT@12 (line 2973)
                      ; - ui.h.a.c::agN@1 (line 224)
  0x0000021e6d26161c: 9913 0548 | c704 24e4 

  0x0000021e6d261624: ;   {runtime_call deoptimize Runtime1 stub}
  0x0000021e6d261624: ffff ffe8 

  0x0000021e6d261628: ; ImmutableOopMap {r8=Oop rdi=Oop [184]=Oop [192]=Oop }
                      ;*invokestatic checkIndex {reexecute=0 rethrow=0 return_oop=0}
                      ; - java.lang.String::checkIndex@5 (line 4828)
                      ; - java.lang.StringUTF16::checkIndex@5 (line 1613)
                      ; - java.lang.StringUTF16::charAt@2 (line 1418)
                      ; - java.lang.String::charAt@21 (line 1557)
                      ; - ui.utils.ar::ako@12 (line 3053)
                      ; - ui.utils.ar::kT@12 (line 2973)
                      ; - ui.h.a.c::agN@1 (line 224)
  0x0000021e6d261628: 5499 1305 

  0x0000021e6d26162c: ;   {metadata({method} {0x0000021e47613dd0} 't' '(C)Z' in 'ui/utils/ar')}
  0x0000021e6d26162c: 49ba c83d | 6147 1e02 | 0000 4c89 | 5424 0848 | c704 24ff 

  0x0000021e6d261640: ;   {runtime_call counter_overflow Runtime1 stub}
  0x0000021e6d261640: ffff ffe8 

  0x0000021e6d261644: ; ImmutableOopMap {[184]=Oop [192]=Oop }
                      ;*synchronization entry
                      ; - ui.utils.ar::t@-1 (line 3047)
                      ; - ui.utils.ar::ako@15 (line 3053)
                      ; - ui.utils.ar::kT@12 (line 2973)
                      ; - ui.h.a.c::agN@1 (line 224)
  0x0000021e6d261644: 38b1 1305 | e9dd f9ff 

  0x0000021e6d26164c: ;   {metadata({method} {0x0000021e064260f0} 'isSpaceChar' '(C)Z' in 'java/lang/Character')}
  0x0000021e6d26164c: ff49 bae8 | 6042 061e | 0200 004c | 8954 2408 | 48c7 0424 | ffff ffff 

  0x0000021e6d261664: ;   {runtime_call counter_overflow Runtime1 stub}
  0x0000021e6d261664: e817 b113 

  0x0000021e6d261668: ; ImmutableOopMap {[184]=Oop [192]=Oop }
                      ;*synchronization entry
                      ; - java.lang.Character::isSpaceChar@-1 (line 11330)
                      ; - ui.utils.ar::t@1 (line 3047)
                      ; - ui.utils.ar::ako@15 (line 3053)
                      ; - ui.utils.ar::kT@12 (line 2973)
                      ; - ui.h.a.c::agN@1 (line 224)
  0x0000021e6d261668: 05e9 f5f9 

  0x0000021e6d26166c: ;   {metadata({method} {0x0000021e06426098} 'isSpaceChar' '(I)Z' in 'java/lang/Character')}
  0x0000021e6d26166c: ffff 49ba | 9060 4206 | 1e02 0000 | 4c89 5424 | 0848 c704 | 24ff ffff 

  0x0000021e6d261684: ;   {runtime_call counter_overflow Runtime1 stub}
  0x0000021e6d261684: ffe8 f6b0 

  0x0000021e6d261688: ; ImmutableOopMap {[184]=Oop [192]=Oop }
                      ;*synchronization entry
                      ; - java.lang.Character::isSpaceChar@-1 (line 11353)
                      ; - java.lang.Character::isSpaceChar@1 (line 11330)
                      ; - ui.utils.ar::t@1 (line 3047)
                      ; - ui.utils.ar::ako@15 (line 3053)
                      ; - ui.utils.ar::kT@12 (line 2973)
                      ; - ui.h.a.c::agN@1 (line 224)
  0x0000021e6d261688: 1305 e90d 

  0x0000021e6d26168c: ;   {metadata({method} {0x0000021e06426ca0} 'getType' '(I)I' in 'java/lang/Character')}
  0x0000021e6d26168c: faff ff49 | ba98 6c42 | 061e 0200 | 004c 8954 | 2408 48c7 | 0424 ffff 

  0x0000021e6d2616a4: ;   {runtime_call counter_overflow Runtime1 stub}
  0x0000021e6d2616a4: ffff e8d5 

  0x0000021e6d2616a8: ; ImmutableOopMap {[184]=Oop [192]=Oop }
                      ;*synchronization entry
                      ; - java.lang.Character::getType@-1 (line 11557)
                      ; - java.lang.Character::isSpaceChar@4 (line 11355)
                      ; - java.lang.Character::isSpaceChar@1 (line 11330)
                      ; - ui.utils.ar::t@1 (line 3047)
                      ; - ui.utils.ar::ako@15 (line 3053)
                      ; - ui.utils.ar::kT@12 (line 2973)
                      ; - ui.h.a.c::agN@1 (line 224)
  0x0000021e6d2616a8: b013 05e9 | 25fa ffff 

  0x0000021e6d2616b0: ;   {runtime_call throw_null_pointer_exception Runtime1 stub}
  0x0000021e6d2616b0: e8cb 5f13 

  0x0000021e6d2616b4: ; ImmutableOopMap {rax=Oop [184]=Oop [192]=Oop }
                      ;*invokevirtual getType {reexecute=0 rethrow=0 return_oop=0}
                      ; - java.lang.Character::getType@5 (line 11557)
                      ; - java.lang.Character::isSpaceChar@4 (line 11355)
                      ; - java.lang.Character::isSpaceChar@1 (line 11330)
                      ; - ui.utils.ar::t@1 (line 3047)
                      ; - ui.utils.ar::ako@15 (line 3053)
                      ; - ui.utils.ar::kT@12 (line 2973)
                      ; - ui.h.a.c::agN@1 (line 224)
                      ;   {metadata({method} {0x0000021e47613e90} 'ako' '(Ljava/lang/String;)Z' in 'ui/utils/ar')}
  0x0000021e6d2616b4: 0549 ba88 | 3e61 471e | 0200 004c | 8954 2408 | 48c7 0424 | 1a00 0000 

  0x0000021e6d2616cc: ;   {runtime_call counter_overflow Runtime1 stub}
  0x0000021e6d2616cc: e8af b013 

  0x0000021e6d2616d0: ; ImmutableOopMap {[184]=Oop [192]=Oop }
                      ;*goto {reexecute=1 rethrow=0 return_oop=0}
                      ; - (reexecute) ui.utils.ar::ako@26 (line 3052)
                      ; - ui.utils.ar::kT@12 (line 2973)
                      ; - ui.h.a.c::agN@1 (line 224)
  0x0000021e6d2616d0: 05e9 c6fb 

  0x0000021e6d2616d4: ;   {internal_word}
  0x0000021e6d2616d4: ffff 49ba | 7813 266d | 1e02 0000 | 4d89 9768 

  0x0000021e6d2616e4: ;   {runtime_call SafepointBlob}
  0x0000021e6d2616e4: 0400 00e9 | 1440 0705 

  0x0000021e6d2616ec: ;   {internal_word}
  0x0000021e6d2616ec: 49ba c413 | 266d 1e02 | 0000 4d89 | 9768 0400 

  0x0000021e6d2616fc: ;   {runtime_call SafepointBlob}
  0x0000021e6d2616fc: 00e9 fe3f 

  0x0000021e6d261700: ;   {internal_word}
  0x0000021e6d261700: 0705 49ba | ff13 266d | 1e02 0000 | 4d89 9768 

  0x0000021e6d261710: ;   {runtime_call SafepointBlob}
  0x0000021e6d261710: 0400 00e9 | e83f 0705 | 498b 8700 | 0500 0049 | c787 0005 | 0000 0000 | 0000 49c7 | 8708 0500 
  0x0000021e6d261730: 0000 0000 | 0048 81c4 | d000 0000 

  0x0000021e6d26173c: ;   {runtime_call unwind_exception Runtime1 stub}
  0x0000021e6d26173c: 5de9 3e50 | 1305 f4f4 | f4f4 f4f4 
[Stub Code]
  0x0000021e6d261748: ;   {no_reloc}
  0x0000021e6d261748: 0f1f 4400 

  0x0000021e6d26174c: ;   {static_stub}
  0x0000021e6d26174c: 0048 bb00 | 0000 0000 

  0x0000021e6d261754: ;   {runtime_call}
  0x0000021e6d261754: 0000 00e9 | fbff ffff 

  0x0000021e6d26175c: ;   {static_stub}
  0x0000021e6d26175c: 48bb 0000 | 0000 0000 

  0x0000021e6d261764: ;   {runtime_call}
  0x0000021e6d261764: 0000 e9fb 

  0x0000021e6d261768: ;   {static_stub}
  0x0000021e6d261768: ffff ff48 | bb00 0000 | 0000 0000 

  0x0000021e6d261774: ;   {runtime_call}
  0x0000021e6d261774: 00e9 fbff 

  0x0000021e6d261778: ;   {runtime_call handle_exception_from_callee Runtime1 stub}
  0x0000021e6d261778: ffff e801 

  0x0000021e6d26177c: ;   {external_word}
  0x0000021e6d26177c: 7d13 0548 | b950 e054 | 94f8 7f00 | 0048 83e4 

  0x0000021e6d26178c: ;   {runtime_call}
  0x0000021e6d26178c: f048 b850 | ef17 94f8 | 7f00 00ff 

  0x0000021e6d261798: ;   {section_word}
  0x0000021e6d261798: d0f4 49ba | 9a17 266d | 1e02 0000 

  0x0000021e6d2617a4: ;   {runtime_call DeoptimizationBlob}
  0x0000021e6d2617a4: 4152 e9f5 | 3107 05f4 | f4f4 f4f4 
[/MachCode]


Compiled method (c1) 81536837 169550   !   3       ui.h.a.d::jIK (275 bytes)
 total in heap  [0x0000021e6d7f5f90,0x0000021e6d7fa3c8] = 17464
 relocation     [0x0000021e6d7f60f0,0x0000021e6d7f64b8] = 968
 main code      [0x0000021e6d7f64c0,0x0000021e6d7f8d90] = 10448
 stub code      [0x0000021e6d7f8d90,0x0000021e6d7f8f58] = 456
 oops           [0x0000021e6d7f8f58,0x0000021e6d7f8f68] = 16
 metadata       [0x0000021e6d7f8f68,0x0000021e6d7f9098] = 304
 scopes data    [0x0000021e6d7f9098,0x0000021e6d7f9950] = 2232
 scopes pcs     [0x0000021e6d7f9950,0x0000021e6d7f9f70] = 1568
 dependencies   [0x0000021e6d7f9f70,0x0000021e6d7f9f90] = 32
 handler table  [0x0000021e6d7f9f90,0x0000021e6d7fa338] = 936
 nul chk table  [0x0000021e6d7fa338,0x0000021e6d7fa3c8] = 144

[Constant Pool (empty)]

[MachCode]
[Entry Point]
  # {method} {0x0000021e4a2f4bb8} 'jIK' '()V' in 'ui/h/a/d'
  #           [sp+0x180]  (sp of caller)
  0x0000021e6d7f64c0: 448b 5208 | 49bb 0000 | 0006 1e02 | 0000 4d03 | d34c 3bd0 

  0x0000021e6d7f64d4: ;   {runtime_call ic_miss_stub}
  0x0000021e6d7f64d4: 0f85 a682 | ad04 660f | 1f44 0000 
[Verified Entry Point]
  0x0000021e6d7f64e0: 8984 2400 | 80ff ff55 | 4881 ec70 | 0100 0090 | 4181 7f20 | 3f06 0000 

  0x0000021e6d7f64f8: ;   {runtime_call StubRoutines (final stubs)}
  0x0000021e6d7f64f8: 7405 e861 | e8ab 0448 | 8994 24f0 

  0x0000021e6d7f6504: ;   {metadata(method data for {method} {0x0000021e4a2f4bb8} 'jIK' '()V' in 'ui/h/a/d')}
  0x0000021e6d7f6504: 0000 0048 | be28 2f02 | a11e 0200 | 008b becc | 0000 0083 | c702 89be | cc00 0000 | 81e7 fe07 
  0x0000021e6d7f6524: 0000 83ff | 000f 8499 | 2200 008b | 7210 48c1 | e603 8b76 | 2448 c1e6 | 0348 3b06 

  0x0000021e6d7f6540: ;   {metadata(method data for {method} {0x0000021e4a2f4bb8} 'jIK' '()V' in 'ui/h/a/d')}
  0x0000021e6d7f6540: 488b fe48 | bb28 2f02 | a11e 0200 | 008b 7f08 | 49ba 0000 | 0006 1e02 | 0000 4903 | fa48 3bbb 
  0x0000021e6d7f6560: 2001 0000 | 750d 4883 | 8328 0100 | 0001 e960 | 0000 0048 | 3bbb 3001 | 0000 750d | 4883 8338 
  0x0000021e6d7f6580: 0100 0001 | e94a 0000 | 0048 83bb | 2001 0000 | 0075 1748 | 89bb 2001 | 0000 48c7 | 8328 0100 
  0x0000021e6d7f65a0: 0001 0000 | 00e9 2900 | 0000 4883 | bb30 0100 | 0000 7517 | 4889 bb30 | 0100 0048 | c783 3801 
  0x0000021e6d7f65c0: 0000 0100 | 0000 e908 | 0000 0048 | 8383 1001 

  0x0000021e6d7f65d0: ;   {metadata(method data for {method} {0x0000021e49b937b8} 'jKU' '()Ljava/util/Set;' in 'ui/h/c/l')}
  0x0000021e6d7f65d0: 0000 0148 | bf98 d205 | a11e 0200 | 008b 9fcc | 0000 0083 | c302 899f | cc00 0000 | 81e3 feff 
  0x0000021e6d7f65f0: 1f00 83fb | 000f 84f8 | 2100 008b | 760c 48c1 | e603 483b | 0648 8bfe 

  0x0000021e6d7f6608: ;   {metadata(method data for {method} {0x0000021e49b937b8} 'jKU' '()Ljava/util/Set;' in 'ui/h/c/l')}
  0x0000021e6d7f6608: 48bb 98d2 | 05a1 1e02 | 0000 8b7f | 0849 ba00 | 0000 061e | 0200 0049 | 03fa 483b | bb20 0100 
  0x0000021e6d7f6628: 0075 0d48 | 8383 2801 | 0000 01e9 | 6000 0000 | 483b bb30 | 0100 0075 | 0d48 8383 | 3801 0000 
  0x0000021e6d7f6648: 01e9 4a00 | 0000 4883 | bb20 0100 | 0000 7517 | 4889 bb20 | 0100 0048 | c783 2801 | 0000 0100 
  0x0000021e6d7f6668: 0000 e929 | 0000 0048 | 83bb 3001 | 0000 0075 | 1748 89bb | 3001 0000 | 48c7 8338 | 0100 0001 
  0x0000021e6d7f6688: 0000 00e9 | 0800 0000 | 4883 8310 | 0100 0001 | 488b d666 | 9048 b8b0 | cb08 061e 

  0x0000021e6d7f66a4: ;   {virtual_call}
  0x0000021e6d7f66a4: 0200 00e8 

  0x0000021e6d7f66a8: ; ImmutableOopMap {[240]=Oop }
                      ;*invokeinterface keySet {reexecute=0 rethrow=0 return_oop=0}
                      ; - ui.h.c.l::jKU@4 (line 26)
                      ; - ui.h.a.d::jIK@7 (line 61)
  0x0000021e6d7f66a8: 7416 b205 

  0x0000021e6d7f66ac: ;   {other}
  0x0000021e6d7f66ac: 0f1f 8400 | 1c07 0000 

  0x0000021e6d7f66b4: ; implicit exception: dispatches to 0x0000021e6d7f8819
  0x0000021e6d7f66b4: 483b 0048 

  0x0000021e6d7f66b8: ;   {metadata(method data for {method} {0x0000021e4a2f4bb8} 'jIK' '()V' in 'ui/h/a/d')}
  0x0000021e6d7f66b8: 8bd0 48be | 282f 02a1 | 1e02 0000 | 8b52 0849 | ba00 0000 | 061e 0200 | 0049 03d2 | 483b 9658 
  0x0000021e6d7f66d8: 0100 0075 | 0d48 8386 | 6001 0000 | 01e9 6000 | 0000 483b | 9668 0100 | 0075 0d48 | 8386 7001 
  0x0000021e6d7f66f8: 0000 01e9 | 4a00 0000 | 4883 be58 | 0100 0000 | 7517 4889 | 9658 0100 | 0048 c786 | 6001 0000 
  0x0000021e6d7f6718: 0100 0000 | e929 0000 | 0048 83be | 6801 0000 | 0075 1748 | 8996 6801 | 0000 48c7 | 8670 0100 
  0x0000021e6d7f6738: 0001 0000 | 00e9 0800 | 0000 4883 | 8648 0100 | 0001 488b | d048 b8b8 | 381a 061e 

  0x0000021e6d7f6754: ;   {virtual_call}
  0x0000021e6d7f6754: 0200 00e8 

  0x0000021e6d7f6758: ; ImmutableOopMap {[240]=Oop }
                      ;*invokeinterface iterator {reexecute=0 rethrow=0 return_oop=0}
                      ; - ui.h.a.d::jIK@10 (line 61)
  0x0000021e6d7f6758: e41d bc05 

  0x0000021e6d7f675c: ;   {other}
  0x0000021e6d7f675c: 0f1f 8400 | cc07 0001 | 4889 8424 | f800 0000 | 0f1f 4000 

  0x0000021e6d7f6770: ; implicit exception: dispatches to 0x0000021e6d7f881e
  0x0000021e6d7f6770: 483b 0048 

  0x0000021e6d7f6774: ;   {metadata(method data for {method} {0x0000021e4a2f4bb8} 'jIK' '()V' in 'ui/h/a/d')}
  0x0000021e6d7f6774: 8bf0 48bf | 282f 02a1 | 1e02 0000 | 8b76 0849 | ba00 0000 | 061e 0200 | 0049 03f2 | 483b b790 
  0x0000021e6d7f6794: 0100 0075 | 0d48 8387 | 9801 0000 | 01e9 6000 | 0000 483b | b7a0 0100 | 0075 0d48 | 8387 a801 
  0x0000021e6d7f67b4: 0000 01e9 | 4a00 0000 | 4883 bf90 | 0100 0000 | 7517 4889 | b790 0100 | 0048 c787 | 9801 0000 
  0x0000021e6d7f67d4: 0100 0000 | e929 0000 | 0048 83bf | a001 0000 | 0075 1748 | 89b7 a001 | 0000 48c7 | 87a8 0100 
  0x0000021e6d7f67f4: 0001 0000 | 00e9 0800 | 0000 4883 | 8780 0100 | 0001 488b | d00f 1f40 | 0048 b870 | 7b1a 061e 
  0x0000021e6d7f6814: ;   {virtual_call}
  0x0000021e6d7f6814: 0200 00e8 

  0x0000021e6d7f6818: ; ImmutableOopMap {[240]=Oop [248]=Oop }
                      ;*invokeinterface hasNext {reexecute=0 rethrow=0 return_oop=0}
                      ; - ui.h.a.d::jIK@17 (line 61)
  0x0000021e6d7f6818: 04ee 2305 

  0x0000021e6d7f681c: ;   {other}
  0x0000021e6d7f681c: 0f1f 8400 | 8c08 0002 

  0x0000021e6d7f6824: ;   {metadata(method data for {method} {0x0000021e4a2f4bb8} 'jIK' '()V' in 'ui/h/a/d')}
  0x0000021e6d7f6824: 83f8 0048 | ba28 2f02 | a11e 0200 | 0048 beb8 | 0100 0000 | 0000 000f | 840a 0000 | 0048 bec8 
  0x0000021e6d7f6844: 0100 0000 | 0000 0048 | 8b3c 3248 | 8d7f 0148 | 893c 320f | 8455 1f00 | 0048 8b84 | 24f8 0000 
  0x0000021e6d7f6864: ;   {metadata(method data for {method} {0x0000021e4a2f4bb8} 'jIK' '()V' in 'ui/h/a/d')}
  0x0000021e6d7f6864: 0048 be28 | 2f02 a11e | 0200 008b | 4008 49ba | 0000 0006 | 1e02 0000 | 4903 c248 | 3b86 e801 
  0x0000021e6d7f6884: 0000 750d | 4883 86f0 | 0100 0001 | e960 0000 | 0048 3b86 | f801 0000 | 750d 4883 | 8600 0200 
  0x0000021e6d7f68a4: 0001 e94a | 0000 0048 | 83be e801 | 0000 0075 | 1748 8986 | e801 0000 | 48c7 86f0 | 0100 0001 
  0x0000021e6d7f68c4: 0000 00e9 | 2900 0000 | 4883 bef8 | 0100 0000 | 7517 4889 | 86f8 0100 | 0048 c786 | 0002 0000 
  0x0000021e6d7f68e4: 0100 0000 | e908 0000 | 0048 8386 | d801 0000 | 0148 8b94 | 24f8 0000 | 0048 b870 | 7b1a 061e 
  0x0000021e6d7f6904: ;   {virtual_call}
  0x0000021e6d7f6904: 0200 00e8 

  0x0000021e6d7f6908: ; ImmutableOopMap {[240]=Oop [248]=Oop }
                      ;*invokeinterface next {reexecute=0 rethrow=0 return_oop=0}
                      ; - ui.h.a.d::jIK@26 (line 61)
  0x0000021e6d7f6908: b459 c205 

  0x0000021e6d7f690c: ;   {other}
  0x0000021e6d7f690c: 0f1f 8400 | 7c09 0003 | 4883 f800 

  0x0000021e6d7f6918: ;   {metadata(method data for {method} {0x0000021e4a2f4bb8} 'jIK' '()V' in 'ui/h/a/d')}
  0x0000021e6d7f6918: 7516 48bf | 282f 02a1 | 1e02 0000 | 808f 0902 | 0000 01e9 | cc00 0000 

  0x0000021e6d7f6930: ;   {metadata('java/net/URI')}
  0x0000021e6d7f6930: 48bb 584b | 1406 1e02 | 0000 8b50 | 0849 ba00 | 0000 061e | 0200 0049 | 03d2 483b | da0f 858d 
  0x0000021e6d7f6950: ;   {metadata(method data for {method} {0x0000021e4a2f4bb8} 'jIK' '()V' in 'ui/h/a/d')}
  0x0000021e6d7f6950: 0000 0048 | bf28 2f02 | a11e 0200 | 008b 5808 | 49ba 0000 | 0006 1e02 | 0000 4903 | da48 3b9f 
  0x0000021e6d7f6970: 2002 0000 | 750d 4883 | 8728 0200 | 0001 e979 | 0000 0048 | 3b9f 3002 | 0000 750d | 4883 8738 
  0x0000021e6d7f6990: 0200 0001 | e963 0000 | 0048 83bf | 2002 0000 | 0075 1748 | 899f 2002 | 0000 48c7 | 8728 0200 
  0x0000021e6d7f69b0: 0001 0000 | 00e9 4200 | 0000 4883 | bf30 0200 | 0000 7517 | 4889 9f30 | 0200 0048 | c787 3802 
  0x0000021e6d7f69d0: 0000 0100 | 0000 e921 | 0000 00e9 | 1c00 0000 

  0x0000021e6d7f69e0: ;   {metadata(method data for {method} {0x0000021e4a2f4bb8} 'jIK' '()V' in 'ui/h/a/d')}
  0x0000021e6d7f69e0: 48bf 282f | 02a1 1e02 | 0000 4883 | af10 0200 | 0001 e92c | 1e00 00e9 | 0000 0000 

  0x0000021e6d7f69fc: ;   {metadata(method data for {method} {0x0000021e4a2f4bb8} 'jIK' '()V' in 'ui/h/a/d')}
  0x0000021e6d7f69fc: 488b f048 | ba28 2f02 | a11e 0200 | 0048 8382 | 4802 0000 

  0x0000021e6d7f6a10: ;   {metadata(method data for {method} {0x0000021e061fa918} 'get' '(Ljava/net/URI;)Ljava/nio/file/Path;' in 'java/nio/file/Paths')}
  0x0000021e6d7f6a10: 0148 ba88 | 8dfd a01e | 0200 008b | bacc 0000 | 0083 c702 | 89ba cc00 | 0000 81e7 | feff 1f00 
  0x0000021e6d7f6a30: 83ff 000f | 84f3 1d00 

  0x0000021e6d7f6a38: ;   {metadata(method data for {method} {0x0000021e061fa918} 'get' '(Ljava/net/URI;)Ljava/nio/file/Path;' in 'java/nio/file/Paths')}
  0x0000021e6d7f6a38: 0048 ba88 | 8dfd a01e | 0200 0048 | 8382 1001 | 0000 0148 | 8bd6 4889 | b424 0001 

  0x0000021e6d7f6a54: ;   {static_call}
  0x0000021e6d7f6a54: 0000 90e8 

  0x0000021e6d7f6a58: ; ImmutableOopMap {[240]=Oop [248]=Oop [256]=Oop }
                      ;*invokestatic of {reexecute=0 rethrow=0 return_oop=0}
                      ; - java.nio.file.Paths::get@1 (line 98)
                      ; - ui.h.a.d::jIK@36 (line 62)
  0x0000021e6d7f6a58: 84b7 cdff 

  0x0000021e6d7f6a5c: ;   {other}
  0x0000021e6d7f6a5c: 0f1f 8400 | cc0a 0004 | 4883 f800 | 0f84 2900 

  0x0000021e6d7f6a6c: ;   {metadata('sun/nio/fs/WindowsPath')}
  0x0000021e6d7f6a6c: 0000 48bf | d09a 3806 | 1e02 0000 | 8b70 0849 | ba00 0000 | 061e 0200 | 0049 03f2 | 483b 7e38 
  0x0000021e6d7f6a8c: 0f85 bb1d | 0000 e900 | 0000 004c | 8bc0 483b | 004c 8bc0 

  0x0000021e6d7f6aa0: ;   {metadata(method data for {method} {0x0000021e4a2f4bb8} 'jIK' '()V' in 'ui/h/a/d')}
  0x0000021e6d7f6aa0: 48ba 282f | 02a1 1e02 | 0000 458b | 4008 49ba | 0000 0006 | 1e02 0000 | 4d03 c24c | 3b82 6802 
  0x0000021e6d7f6ac0: 0000 750d | 4883 8270 | 0200 0001 | e960 0000 | 004c 3b82 | 7802 0000 | 750d 4883 | 8280 0200 
  0x0000021e6d7f6ae0: 0001 e94a | 0000 0048 | 83ba 6802 | 0000 0075 | 174c 8982 | 6802 0000 | 48c7 8270 | 0200 0001 
  0x0000021e6d7f6b00: 0000 00e9 | 2900 0000 | 4883 ba78 | 0200 0000 | 7517 4c89 | 8278 0200 | 0048 c782 | 8002 0000 
  0x0000021e6d7f6b20: 0100 0000 | e908 0000 | 0048 8382 | 5802 0000 | 018b 701c | 48c1 e603 | 488b 9424 | f000 0000 
  0x0000021e6d7f6b40: ;   {metadata(method data for {method} {0x0000021e4a2f4bb8} 'jIK' '()V' in 'ui/h/a/d')}
  0x0000021e6d7f6b40: 49b8 282f | 02a1 1e02 | 0000 8b52 | 0849 ba00 | 0000 061e | 0200 0049 | 03d2 493b | 90a0 0200 
  0x0000021e6d7f6b60: 0075 0d49 | 8380 a802 | 0000 01e9 | 6000 0000 | 493b 90b0 | 0200 0075 | 0d49 8380 | b802 0000 
  0x0000021e6d7f6b80: 01e9 4a00 | 0000 4983 | b8a0 0200 | 0000 7517 | 4989 90a0 | 0200 0049 | c780 a802 | 0000 0100 
  0x0000021e6d7f6ba0: 0000 e929 | 0000 0049 | 83b8 b002 | 0000 0075 | 1749 8990 | b002 0000 | 49c7 80b8 | 0200 0001 
  0x0000021e6d7f6bc0: 0000 00e9 | 0800 0000 | 4983 8090 | 0200 0001 

  0x0000021e6d7f6bd0: ;   {metadata(method data for {method} {0x0000021e49b93860} 'v' '(Ljava/net/URI;)Ljava/util/List;' in 'ui/h/c/l')}
  0x0000021e6d7f6bd0: 49b8 5885 | 004a 1e02 | 0000 418b | 90cc 0000 | 0083 c202 | 4189 90cc | 0000 0081 | e2fe ff1f 
  0x0000021e6d7f6bf0: 0083 fa00 | 0f84 5d1c | 0000 488b | 9424 f000 | 0000 8b7a | 0c48 c1e7 | 0348 3b07 

  0x0000021e6d7f6c0c: ;   {metadata(method data for {method} {0x0000021e49b93860} 'v' '(Ljava/net/URI;)Ljava/util/List;' in 'ui/h/c/l')}
  0x0000021e6d7f6c0c: 4c8b c748 | bb58 8500 | 4a1e 0200 | 0045 8b40 | 0849 ba00 | 0000 061e | 0200 004d | 03c2 4c3b 
  0x0000021e6d7f6c2c: 8320 0100 | 0075 0d48 | 8383 2801 | 0000 01e9 | 6000 0000 | 4c3b 8330 | 0100 0075 | 0d48 8383 
  0x0000021e6d7f6c4c: 3801 0000 | 01e9 4a00 | 0000 4883 | bb20 0100 | 0000 7517 | 4c89 8320 | 0100 0048 | c783 2801 
  0x0000021e6d7f6c6c: 0000 0100 | 0000 e929 | 0000 0048 | 83bb 3001 | 0000 0075 | 174c 8983 | 3001 0000 | 48c7 8338 
  0x0000021e6d7f6c8c: 0100 0001 | 0000 00e9 | 0800 0000 | 4883 8310 | 0100 0001 | 4c8b 8424 | 0001 0000 | 488b d748 
  0x0000021e6d7f6cac: 89b4 2408 | 0100 0066 | 9048 b8b0 | cb08 061e 

  0x0000021e6d7f6cbc: ;   {virtual_call}
  0x0000021e6d7f6cbc: 0200 00e8 

  0x0000021e6d7f6cc0: ; ImmutableOopMap {[240]=Oop [248]=Oop [264]=Oop }
                      ;*invokeinterface get {reexecute=0 rethrow=0 return_oop=0}
                      ; - ui.h.c.l::v@5 (line 30)
                      ; - ui.h.a.d::jIK@47 (line 63)
  0x0000021e6d7f6cc0: 9c1c 6e05 

  0x0000021e6d7f6cc4: ;   {other}
  0x0000021e6d7f6cc4: 0f1f 8400 | 340d 0005 | 4883 f800 

  0x0000021e6d7f6cd0: ;   {metadata(method data for {method} {0x0000021e49b93860} 'v' '(Ljava/net/URI;)Ljava/util/List;' in 'ui/h/c/l')}
  0x0000021e6d7f6cd0: 7516 48ba | 5885 004a | 1e02 0000 | 808a 4101 | 0000 01e9 | e800 0000 

  0x0000021e6d7f6ce8: ;   {metadata('java/util/List')}
  0x0000021e6d7f6ce8: 48bf d08c | 0506 1e02 | 0000 8b50 | 0849 ba00 | 0000 061e | 0200 0049 | 03d2 483b | 7a20 0f84 
  0x0000021e6d7f6d08: 1b00 0000 | 483b d70f | 8412 0000 

  0x0000021e6d7f6d14: ;   {runtime_call slow_subtype_check Runtime1 stub}
  0x0000021e6d7f6d14: 0052 57e8 | 6433 ba04 | 5a5a 83fa | 000f 848d 

  0x0000021e6d7f6d24: ;   {metadata(method data for {method} {0x0000021e49b93860} 'v' '(Ljava/net/URI;)Ljava/util/List;' in 'ui/h/c/l')}
  0x0000021e6d7f6d24: 0000 0048 | ba58 8500 | 4a1e 0200 | 008b 7808 | 49ba 0000 | 0006 1e02 | 0000 4903 | fa48 3bba 
  0x0000021e6d7f6d44: 5801 0000 | 750d 4883 | 8260 0100 | 0001 e979 | 0000 0048 | 3bba 6801 | 0000 750d | 4883 8270 
  0x0000021e6d7f6d64: 0100 0001 | e963 0000 | 0048 83ba | 5801 0000 | 0075 1748 | 89ba 5801 | 0000 48c7 | 8260 0100 
  0x0000021e6d7f6d84: 0001 0000 | 00e9 4200 | 0000 4883 | ba68 0100 | 0000 7517 | 4889 ba68 | 0100 0048 | c782 7001 
  0x0000021e6d7f6da4: 0000 0100 | 0000 e921 | 0000 00e9 | 1c00 0000 

  0x0000021e6d7f6db4: ;   {metadata(method data for {method} {0x0000021e49b93860} 'v' '(Ljava/net/URI;)Ljava/util/List;' in 'ui/h/c/l')}
  0x0000021e6d7f6db4: 48ba 5885 | 004a 1e02 | 0000 4883 | aa48 0100 | 0001 e9b2 | 1a00 00e9 | 0000 0000 | 488b f048 
  0x0000021e6d7f6dd4: 89b4 2410 | 0100 0048 

  0x0000021e6d7f6ddc: ;   {metadata(method data for {method} {0x0000021e4a2f4bb8} 'jIK' '()V' in 'ui/h/a/d')}
  0x0000021e6d7f6ddc: 83fe 0049 | b828 2f02 | a11e 0200 | 0048 bad8 | 0200 0000 | 0000 000f | 840a 0000 | 0048 bac8 
  0x0000021e6d7f6dfc: 0200 0000 | 0000 0049 | 8b3c 1048 | 8d7f 0149 | 893c 100f | 844e 1900 | 0048 8bb4 | 2408 0100 
  0x0000021e6d7f6e1c: 0048 8b94 | 24f0 0000 | 008b 5a10 | 48c1 e303 

  0x0000021e6d7f6e2c: ; implicit exception: dispatches to 0x0000021e6d7f8886
  0x0000021e6d7f6e2c: 483b 034c 

  0x0000021e6d7f6e30: ;   {metadata(method data for {method} {0x0000021e4a2f4bb8} 'jIK' '()V' in 'ui/h/a/d')}
  0x0000021e6d7f6e30: 8bc3 48b8 | 282f 02a1 | 1e02 0000 | 4883 8000 | 0300 0001 | 4c8b c648 | 8bd3 0f1f 

  0x0000021e6d7f6e4c: ;   {optimized virtual_call}
  0x0000021e6d7f6e4c: 4400 00e8 

  0x0000021e6d7f6e50: ; ImmutableOopMap {[240]=Oop [248]=Oop [272]=Oop }
                      ;*invokevirtual agN {reexecute=0 rethrow=0 return_oop=0}
                      ; - ui.h.a.d::jIK@68 (line 68)
  0x0000021e6d7f6e50: 8c9b a6ff 

  0x0000021e6d7f6e54: ;   {other}
  0x0000021e6d7f6e54: 0f1f 8400 | c40e 0006 | 4889 8424 | 1801 0000 | be00 0000 | 0089 b424 | 2001 0000 | 488b 9424 
  0x0000021e6d7f6e74: f000 0000 | 48bb 0000 | 0000 0000 | 0000 488b | c848 3bcb 

  0x0000021e6d7f6e88: ;   {metadata(method data for {method} {0x0000021e4a2f4bb8} 'jIK' '()V' in 'ui/h/a/d')}
  0x0000021e6d7f6e88: 48bb 282f | 02a1 1e02 | 0000 48b9 | 3803 0000 | 0000 0000 | 0f84 0a00 | 0000 48b9 | 4803 0000 
  0x0000021e6d7f6ea8: 0000 0000 | 4c8b 040b | 4d8d 4001 | 4c89 040b | 0f84 cf16 | 0000 8b5a | 1048 c1e3 | 0348 3b03 
  0x0000021e6d7f6ec8: ;   {metadata(method data for {method} {0x0000021e4a2f4bb8} 'jIK' '()V' in 'ui/h/a/d')}
  0x0000021e6d7f6ec8: 48b9 282f | 02a1 1e02 | 0000 4883 | 8158 0300 

  0x0000021e6d7f6ed8: ;   {metadata(method data for {method} {0x0000021e49b9d310} 'ef' '(J)Z' in 'ui/h/a/c')}
  0x0000021e6d7f6ed8: 0001 48bb | 703d eea0 | 1e02 0000 | 8b8b cc00 | 0000 83c1 | 0289 8bcc | 0000 0081 | e1fe ff1f 
  0x0000021e6d7f6ef8: 0083 f900 | 0f84 8e19 

  0x0000021e6d7f6f00: ;   {metadata(method data for {method} {0x0000021e49b9d310} 'ef' '(J)Z' in 'ui/h/a/c')}
  0x0000021e6d7f6f00: 0000 48bb | 703d eea0 | 1e02 0000 | 4883 8310 | 0100 0001 

  0x0000021e6d7f6f14: ;   {static_call}
  0x0000021e6d7f6f14: 488b d0e8 

  0x0000021e6d7f6f18: ; ImmutableOopMap {[240]=Oop [248]=Oop [272]=Oop }
                      ;*invokestatic ParseInfoIter_hasNext {reexecute=0 rethrow=0 return_oop=0}
                      ; - ui.h.a.c::ef@1 (line 238)
                      ; - ui.h.a.d::jIK@86 (line 69)
  0x0000021e6d7f6f18: 449b 8d06 

  0x0000021e6d7f6f1c: ;   {other}
  0x0000021e6d7f6f1c: 0f1f 8400 | 8c0f 0007 | 83e0 0183 

  0x0000021e6d7f6f28: ;   {metadata(method data for {method} {0x0000021e4a2f4bb8} 'jIK' '()V' in 'ui/h/a/d')}
  0x0000021e6d7f6f28: f800 48ba | 282f 02a1 | 1e02 0000 | 48be 9003 | 0000 0000 | 0000 0f84 | 0a00 0000 | 48be a003 
  0x0000021e6d7f6f48: 0000 0000 | 0000 488b | 3c32 488d | 7f01 4889 | 3c32 0f84 | 2d16 0000 | 488b 9424 | f000 0000 
  0x0000021e6d7f6f68: 8b72 1048 | c1e6 0348 

  0x0000021e6d7f6f70: ;   {metadata(method data for {method} {0x0000021e4a2f4bb8} 'jIK' '()V' in 'ui/h/a/d')}
  0x0000021e6d7f6f70: 3b06 48bf | 282f 02a1 | 1e02 0000 | 4883 87b0 | 0300 0001 

  0x0000021e6d7f6f84: ;   {metadata(method data for {method} {0x0000021e49b9d3b0} 'eg' '(J)J' in 'ui/h/a/c')}
  0x0000021e6d7f6f84: 48be 484c | 02a1 1e02 | 0000 8bbe | cc00 0000 | 83c7 0289 | becc 0000 | 0081 e7fe | ff1f 0083 
  0x0000021e6d7f6fa4: ff00 0f84 | 0a19 0000 

  0x0000021e6d7f6fac: ;   {metadata(method data for {method} {0x0000021e49b9d3b0} 'eg' '(J)J' in 'ui/h/a/c')}
  0x0000021e6d7f6fac: 48be 484c | 02a1 1e02 | 0000 4883 | 8610 0100 | 0001 488b | 9424 1801 

  0x0000021e6d7f6fc4: ;   {static_call}
  0x0000021e6d7f6fc4: 0000 90e8 

  0x0000021e6d7f6fc8: ; ImmutableOopMap {[240]=Oop [248]=Oop [272]=Oop }
                      ;*invokestatic ParseInfoIter_next {reexecute=0 rethrow=0 return_oop=0}
                      ; - ui.h.a.c::eg@1 (line 242)
                      ; - ui.h.a.d::jIK@98 (line 70)
  0x0000021e6d7f6fc8: 14b6 8a06 

  0x0000021e6d7f6fcc: ;   {other}
  0x0000021e6d7f6fcc: 0f1f 8400 | 3c10 0008 | 488b d848 | ba00 0000 | 0000 0000 | 0048 8bf3 | 483b f2be | ffff ffff 
  0x0000021e6d7f6fec: 7c08 400f | 95c6 400f | b6f6 488b | f348 3bf2 

  0x0000021e6d7f6ffc: ;   {metadata(method data for {method} {0x0000021e4a2f4bb8} 'jIK' '()V' in 'ui/h/a/d')}
  0x0000021e6d7f6ffc: 48ba 282f | 02a1 1e02 | 0000 48be | f803 0000 | 0000 0000 | 0f85 0a00 | 0000 48be | e803 0000 
  0x0000021e6d7f701c: 0000 0000 | 488b 3c32 | 488d 7f01 | 4889 3c32 | 0f85 0c00 | 0000 8bb4 | 2420 0100 | 00e9 9614 
  0x0000021e6d7f703c: ;   {metadata('ui/h/a/h')}
  0x0000021e6d7f703c: 0000 48ba | f8d0 c307 | 1e02 0000 | 498b 87b8 | 0100 0048 | 8d78 1849 | 3bbf c801 | 0000 0f87 
  0x0000021e6d7f705c: 7718 0000 | 4989 bfb8 | 0100 0048 | c700 0100 | 0000 488b | ca49 ba00 | 0000 061e | 0200 0049 
  0x0000021e6d7f707c: 2bca 8948 | 0848 33c9 | 8948 0c48 | 33c9 4889 | 4810 4889 | 8424 2801 | 0000 488b 

  0x0000021e6d7f7098: ;   {metadata(method data for {method} {0x0000021e4a2f4bb8} 'jIK' '()V' in 'ui/h/a/d')}
  0x0000021e6d7f7098: f048 bf28 | 2f02 a11e | 0200 0048 | 8387 0804 

  0x0000021e6d7f70a8: ;   {metadata(method data for {method} {0x0000021ea0e93f50} '<init>' '(J)V' in 'ui/h/a/h')}
  0x0000021e6d7f70a8: 0000 0148 | beb8 4d02 | a11e 0200 | 008b becc | 0000 0083 | c702 89be | cc00 0000 | 81e7 feff 
  0x0000021e6d7f70c8: 1f00 83ff | 000f 8411 | 1800 0048 

  0x0000021e6d7f70d4: ;   {metadata(method data for {method} {0x0000021ea0e93f50} '<init>' '(J)V' in 'ui/h/a/h')}
  0x0000021e6d7f70d4: 8bf0 48bf | b84d 02a1 | 1e02 0000 | 4883 8710 | 0100 0001 

  0x0000021e6d7f70e8: ;   {metadata(method data for {method} {0x0000021e474412f8} '<init>' '(J)V' in 'ui/data/common/H')}
  0x0000021e6d7f70e8: 48be 00a1 | d247 1e02 | 0000 8bbe | cc00 0000 | 83c7 0289 | becc 0000 | 0081 e7fe | ff1f 0083 
  0x0000021e6d7f7108: ff00 0f84 | f517 0000 

  0x0000021e6d7f7110: ;   {metadata(method data for {method} {0x0000021e474412f8} '<init>' '(J)V' in 'ui/data/common/H')}
  0x0000021e6d7f7110: 488b f048 | bf00 a1d2 | 471e 0200 | 0048 8387 | 1001 0000 

  0x0000021e6d7f7124: ;   {metadata(method data for {method} {0x0000021e06479fd0} '<init>' '()V' in 'java/lang/Object')}
  0x0000021e6d7f7124: 0148 be08 | 0a01 471e | 0200 008b | becc 0000 | 0083 c702 | 89be cc00 | 0000 81e7 | feff 1f00 
  0x0000021e6d7f7144: 83ff 000f | 84d9 1700 | 0048 8958 | 1048 be00 | 0000 0000 | 0000 0048 

  0x0000021e6d7f715c: ;   {metadata(method data for {method} {0x0000021e474412f8} '<init>' '(J)V' in 'ui/data/common/H')}
  0x0000021e6d7f715c: 3bde 48be | 00a1 d247 | 1e02 0000 | 48bf 2001 | 0000 0000 | 0000 0f85 | 0a00 0000 | 48bf 3001 
  0x0000021e6d7f717c: 0000 0000 | 0000 488b | 1c3e 488d | 5b01 4889 | 1c3e 0f85 | 3405 0000 

  0x0000021e6d7f7194: ;   {metadata(method data for {method} {0x0000021e474412f8} '<init>' '(J)V' in 'ui/data/common/H')}
  0x0000021e6d7f7194: 48be 00a1 | d247 1e02 | 0000 4883 | 8640 0100 

  0x0000021e6d7f71a4: ;   {metadata(method data for {method} {0x0000021e474977a8} 'bC' '(Ljava/lang/String;Z)V' in 'ui/utils/x')}
  0x0000021e6d7f71a4: 0001 48be | b0a2 d247 | 1e02 0000 | 8bbe cc00 | 0000 83c7 | 0289 becc | 0000 0081 | e7fe ff1f 
  0x0000021e6d7f71c4: 0083 ff00 | 0f84 7917 

  0x0000021e6d7f71cc: ;   {metadata(method data for {method} {0x0000021e474977a8} 'bC' '(Ljava/lang/String;Z)V' in 'ui/utils/x')}
  0x0000021e6d7f71cc: 0000 48be | b0a2 d247 | 1e02 0000 | ff86 2001 

  0x0000021e6d7f71dc: ;   {metadata(method data for {method} {0x0000021e474977a8} 'bC' '(Ljava/lang/String;Z)V' in 'ui/utils/x')}
  0x0000021e6d7f71dc: 0000 48be | b0a2 d247 | 1e02 0000 | 4883 8630 | 0100 0001 | 0f1f 8000 

  0x0000021e6d7f71f4: ;   {static_call}
  0x0000021e6d7f71f4: 0000 00e8 

  0x0000021e6d7f71f8: ; ImmutableOopMap {[240]=Oop [248]=Oop [272]=Oop [296]=Oop }
                      ;*invokestatic jOC {reexecute=0 rethrow=0 return_oop=0}
                      ; - ui.utils.x::bC@4 (line 2896)
                      ; - ui.data.common.H::<init>@21 (line 35)
                      ; - ui.h.a.h::<init>@2 (line 13)
                      ; - ui.h.a.d::jIK@116 (line 72)
  0x0000021e6d7f71f8: 847e ad04 

  0x0000021e6d7f71fc: ;   {other}
  0x0000021e6d7f71fc: 0f1f 8400 | 6c12 0009 

  0x0000021e6d7f7204: ;   {metadata(method data for {method} {0x0000021e474977a8} 'bC' '(Ljava/lang/String;Z)V' in 'ui/utils/x')}
  0x0000021e6d7f7204: 83f8 0048 | bab0 a2d2 | 471e 0200 | 0048 be40 | 0100 0000 | 0000 000f | 840a 0000 | 0048 be50 
  0x0000021e6d7f7224: 0100 0000 | 0000 0048 | 8b3c 3248 | 8d7f 0148 | 893c 320f | 84be 0100 

  0x0000021e6d7f723c: ;   {metadata(method data for {method} {0x0000021e474977a8} 'bC' '(Ljava/lang/String;Z)V' in 'ui/utils/x')}
  0x0000021e6d7f723c: 0048 bab0 | a2d2 471e | 0200 0048 | 8382 6001 

  0x0000021e6d7f724c: ;   {metadata(method data for {method} {0x0000021e48042448} 'aib' '(Ljava/lang/String;)V' in 'ui/utils/e/c')}
  0x0000021e6d7f724c: 0000 0148 | baa8 e9c1 | 471e 0200 | 008b b2cc | 0000 0083 | c602 89b2 | cc00 0000 | 81e6 feff 
  0x0000021e6d7f726c: 1f00 83fe | 000f 84f1 

  0x0000021e6d7f7274: ;   {metadata('ui/utils/m')}
  0x0000021e6d7f7274: 1600 0048 | ba88 9f00 | 071e 0200 | 0049 8b87 | b801 0000 | 488d 7828 | 493b bfc8 | 0100 000f 
  0x0000021e6d7f7294: 87f0 1600 | 0049 89bf | b801 0000 | 48c7 0001 | 0000 0048 | 8bca 49ba | 0000 0006 | 1e02 0000 
  0x0000021e6d7f72b4: 492b ca89 | 4808 4833 | c989 480c | 4833 c948 | 8948 1048 | 8948 1848 | 8948 204c 

  0x0000021e6d7f72d0: ;   {metadata(method data for {method} {0x0000021e48042448} 'aib' '(Ljava/lang/String;)V' in 'ui/utils/e/c')}
  0x0000021e6d7f72d0: 8bc0 48ba | a8e9 c147 | 1e02 0000 | 4883 8210 | 0100 0001 

  0x0000021e6d7f72e4: ;   {oop("Error: Wrapper with null DB pointer"{0x0000000680f87718})}
  0x0000021e6d7f72e4: 49b8 1877 | f880 0600 | 0000 488b | d048 8984 | 2430 0100 | 0066 0f1f 

  0x0000021e6d7f72fc: ;   {optimized virtual_call}
  0x0000021e6d7f72fc: 4400 00e8 

  0x0000021e6d7f7300: ; ImmutableOopMap {[240]=Oop [248]=Oop [272]=Oop [296]=Oop [304]=Oop }
                      ;*invokespecial <init> {reexecute=0 rethrow=0 return_oop=0}
                      ; - ui.utils.e.c::aib@5 (line 843)
                      ; - ui.utils.x::bC@11 (line 2897)
                      ; - ui.data.common.H::<init>@21 (line 35)
                      ; - ui.h.a.h::<init>@2 (line 13)
                      ; - ui.h.a.d::jIK@116 (line 72)
  0x0000021e6d7f7300: 7c77 ad04 

  0x0000021e6d7f7304: ;   {other}
  0x0000021e6d7f7304: 0f1f 8400 | 7413 000a 

  0x0000021e6d7f730c: ;   {metadata(method data for {method} {0x0000021e48042448} 'aib' '(Ljava/lang/String;)V' in 'ui/utils/e/c')}
  0x0000021e6d7f730c: 48b8 a8e9 | c147 1e02 | 0000 4883 | 8020 0100 

  0x0000021e6d7f731c: ;   {oop(a 'java/lang/Class'{0x00000006828a8140} = 'ui/utils/e/c')}
  0x0000021e6d7f731c: 0001 48ba | 4081 8a82 | 0600 0000 | 4c8d 8424 | 5001 0000 | 4989 5008 

  0x0000021e6d7f7334: ; implicit exception: dispatches to 0x0000021e6d7f8996
  0x0000021e6d7f7334: 488b 0248 | 83c8 0149 | 8900 f04c | 0fb1 020f | 8412 0000 | 0048 2bc4 | 4825 07f0 | ffff 4989 
  0x0000021e6d7f7354: 000f 8540 | 1600 0049 | ff87 5005 

  0x0000021e6d7f7360: ;   {metadata(method data for {method} {0x0000021e4803fc30} 'debug' '(Ljava/lang/Exception;)V' in 'ui/utils/e/c')}
  0x0000021e6d7f7360: 0000 48ba | 18eb c147 | 1e02 0000 | 448b 82cc | 0000 0041 | 83c0 0244 | 8982 cc00 | 0000 4181 
  0x0000021e6d7f7380: e0fe ff1f | 0041 83f8 | 000f 841f 

  0x0000021e6d7f738c: ;   {metadata(method data for {method} {0x0000021e4803fc30} 'debug' '(Ljava/lang/Exception;)V' in 'ui/utils/e/c')}
  0x0000021e6d7f738c: 1600 0048 | ba18 ebc1 | 471e 0200 | 0048 8382 | 1001 0000 | 0148 8b94 | 2430 0100 | 0041 b801 
  0x0000021e6d7f73ac: ;   {static_call}
  0x0000021e6d7f73ac: 0000 00e8 

  0x0000021e6d7f73b0: ; ImmutableOopMap {[240]=Oop [248]=Oop [272]=Oop [296]=Oop [344]=Oop }
                      ;*invokestatic c {reexecute=0 rethrow=0 return_oop=0}
                      ; - ui.utils.e.c::debug@2 (line 232)
                      ; - ui.utils.e.c::aib@10 (line 844)
                      ; - ui.utils.x::bC@11 (line 2897)
                      ; - ui.data.common.H::<init>@21 (line 35)
                      ; - ui.h.a.h::<init>@2 (line 13)
                      ; - ui.h.a.d::jIK@116 (line 72)
  0x0000021e6d7f73b0: cc7c ad04 

  0x0000021e6d7f73b4: ;   {other}
  0x0000021e6d7f73b4: 0f1f 8400 | 2414 000b | 488d 8424 | 5001 0000 | 488b 1048 | 85d2 0f84 | 0f00 0000 | 4c8b 4008 
  0x0000021e6d7f73d4: f049 0fb1 | 100f 85f0 | 1500 0049 | ff8f 5005 

  0x0000021e6d7f73e4: ;   {metadata(method data for {method} {0x0000021e474977a8} 'bC' '(Ljava/lang/String;Z)V' in 'ui/utils/x')}
  0x0000021e6d7f73e4: 0000 48ba | b0a2 d247 | 1e02 0000 | ff82 7001 | 0000 e9cd | 0200 000f | 1f44 0000 

  0x0000021e6d7f7400: ;   {no_reloc}
  0x0000021e6d7f7400: e9ef 1500 | 0090 9090 

  0x0000021e6d7f7408: ;   {oop("Error: Wrapper with null DB pointer"{0x0000000680f87718})}
  0x0000021e6d7f7408: 9090 48ba | 1877 f880 | 0600 0000 

  0x0000021e6d7f7414: ;   {static_call}
  0x0000021e6d7f7414: 6666 90e8 

  0x0000021e6d7f7418: ; ImmutableOopMap {[240]=Oop [248]=Oop [272]=Oop [296]=Oop }
                      ;*invokedynamic {reexecute=0 rethrow=0 return_oop=0}
                      ; - ui.utils.x::bC@18 (line 2899)
                      ; - ui.data.common.H::<init>@21 (line 35)
                      ; - ui.h.a.h::<init>@2 (line 13)
                      ; - ui.h.a.d::jIK@116 (line 72)
  0x0000021e6d7f7418: 647c ad04 

  0x0000021e6d7f741c: ;   {other}
  0x0000021e6d7f741c: 0f1f 8400 | 8c14 000c 

  0x0000021e6d7f7424: ;   {metadata(method data for {method} {0x0000021e474977a8} 'bC' '(Ljava/lang/String;Z)V' in 'ui/utils/x')}
  0x0000021e6d7f7424: 48ba b0a2 | d247 1e02 | 0000 488d | 92a8 0100 | 004c 8bc0 | 4d85 c075 | 0448 830a 

  0x0000021e6d7f7440: ;   {metadata(method data for {method} {0x0000021e474977a8} 'bC' '(Ljava/lang/String;Z)V' in 'ui/utils/x')}
  0x0000021e6d7f7440: 0148 bab0 | a2d2 471e | 0200 0048 | 8382 b801 

  0x0000021e6d7f7450: ;   {metadata(method data for {method} {0x0000021e47493140} 'log' '(Ljava/lang/String;)V' in 'ui/utils/x')}
  0x0000021e6d7f7450: 0000 0148 | ba90 2e44 | 471e 0200 | 0044 8b82 | cc00 0000 | 4183 c002 | 4489 82cc | 0000 0041 
  0x0000021e6d7f7470: 81e0 feff | 1f00 4183 | f800 0f84 | 7e15 0000 

  0x0000021e6d7f7480: ;   {metadata(method data for {method} {0x0000021e47493140} 'log' '(Ljava/lang/String;)V' in 'ui/utils/x')}
  0x0000021e6d7f7480: 48ba 902e | 4447 1e02 | 0000 4883 | 8210 0100 

  0x0000021e6d7f7490: ;   {metadata(method data for {method} {0x0000021e47f4de38} 'acU' '(Ljava/lang/String;)Ljava/lang/StringBuilder;' in 'ui/frmwork/str/robot/m')}
  0x0000021e6d7f7490: 0001 48ba | d8cd c147 | 1e02 0000 | 448b 82cc | 0000 0041 | 83c0 0244 | 8982 cc00 | 0000 4181 
  0x0000021e6d7f74b0: e0fe ff1f | 0041 83f8 | 000f 8460 

  0x0000021e6d7f74bc: ;   {metadata(method data for {method} {0x0000021e47f4de38} 'acU' '(Ljava/lang/String;)Ljava/lang/StringBuilder;' in 'ui/frmwork/str/robot/m')}
  0x0000021e6d7f74bc: 1500 0048 | bad8 cdc1 | 471e 0200 | 0048 8382 | 4801 0000 

  0x0000021e6d7f74d0: ;   {oop(nullptr)}
  0x0000021e6d7f74d0: 0148 ba00 | 0000 0000 | 0000 004c 

  0x0000021e6d7f74dc: ;   {static_call}
  0x0000021e6d7f74dc: 8bc0 90e8 

  0x0000021e6d7f74e0: ; ImmutableOopMap {[240]=Oop [248]=Oop [272]=Oop [296]=Oop }
                      ;*invokestatic ee {reexecute=0 rethrow=0 return_oop=0}
                      ; - ui.frmwork.str.robot.m::acU@5 (line 278)
                      ; - ui.utils.x::log@1 (line 2111)
                      ; - ui.utils.x::bC@23 (line 2899)
                      ; - ui.data.common.H::<init>@21 (line 35)
                      ; - ui.h.a.h::<init>@2 (line 13)
                      ; - ui.h.a.d::jIK@116 (line 72)
  0x0000021e6d7f74e0: 9c7b ad04 

  0x0000021e6d7f74e4: ;   {other}
  0x0000021e6d7f74e4: 0f1f 8400 | 5415 000d 

  0x0000021e6d7f74ec: ;   {metadata(method data for {method} {0x0000021e47493140} 'log' '(Ljava/lang/String;)V' in 'ui/utils/x')}
  0x0000021e6d7f74ec: 488b d048 | b890 2e44 | 471e 0200 | 0048 8380 | 2001 0000 

  0x0000021e6d7f7500: ;   {oop(a 'java/lang/Class'{0x00000006828af9b8} = 'ui/frmwork/str/a')}
  0x0000021e6d7f7500: 0149 b8b8 | f98a 8206 | 0000 0048 | 8db4 2450 | 0100 004c | 8946 0849 | 8b00 4883 | c801 4889 
  0x0000021e6d7f7520: 06f0 490f | b130 0f84 | 1200 0000 | 482b c448 | 2507 f0ff | ff48 8906 | 0f85 0715 | 0000 49ff 
  0x0000021e6d7f7540: 8750 0500 

  0x0000021e6d7f7544: ;   {metadata(method data for {method} {0x0000021e480328c0} 'l' '(Ljava/lang/StringBuilder;)V' in 'ui/frmwork/str/a')}
  0x0000021e6d7f7544: 0048 b870 | cfc1 471e | 0200 0044 | 8b80 cc00 | 0000 4183 | c002 4489 | 80cc 0000 | 0041 81e0 
  0x0000021e6d7f7564: feff 1f00 | 4183 f800 | 0f84 e614 | 0000 4883 

  0x0000021e6d7f7574: ;   {metadata(method data for {method} {0x0000021e480328c0} 'l' '(Ljava/lang/StringBuilder;)V' in 'ui/frmwork/str/a')}
  0x0000021e6d7f7574: fa00 48b8 | 70cf c147 | 1e02 0000 | 49b8 1001 | 0000 0000 | 0000 0f85 | 0a00 0000 | 49b8 2001 
  0x0000021e6d7f7594: 0000 0000 | 0000 4a8b | 3400 488d | 7601 4a89 | 3400 0f85 | 3900 0000 

  0x0000021e6d7f75ac: ;   {oop(a 'java/lang/Class'{0x00000006828af9b8} = 'ui/frmwork/str/a')}
  0x0000021e6d7f75ac: 48b8 b8f9 | 8a82 0600 | 0000 488d | 8424 5001 | 0000 488b | 1048 85d2 | 0f84 0f00 | 0000 4c8b 
  0x0000021e6d7f75cc: 4008 f049 | 0fb1 100f | 85a0 1400 | 0049 ff8f | 5005 0000 | e9e3 0000 

  0x0000021e6d7f75e4: ;   {metadata(method data for {method} {0x0000021e480328c0} 'l' '(Ljava/lang/StringBuilder;)V' in 'ui/frmwork/str/a')}
  0x0000021e6d7f75e4: 0049 b870 | cfc1 471e | 0200 0049 | 8380 3001 

  0x0000021e6d7f75f4: ;   {metadata(method data for {method} {0x0000021e48033260} 'm' '(Ljava/lang/StringBuilder;)V' in 'ui/frmwork/str/a')}
  0x0000021e6d7f75f4: 0000 0149 | b8f0 76c2 | 471e 0200 | 0041 8bb0 | cc00 0000 | 83c6 0241 | 89b0 cc00 | 0000 81e6 
  0x0000021e6d7f7614: feff 1f00 | 83fe 000f | 846e 1400 

  0x0000021e6d7f7620: ;   {metadata(method data for {method} {0x0000021e48033260} 'm' '(Ljava/lang/StringBuilder;)V' in 'ui/frmwork/str/a')}
  0x0000021e6d7f7620: 0049 b8f0 | 76c2 471e | 0200 0049 | 8380 1001 

  0x0000021e6d7f7630: ;   {metadata(method data for {method} {0x0000021e47490148} 'jPn' '()Z' in 'ui/utils/x')}
  0x0000021e6d7f7630: 0000 0149 | b8f0 d0c1 | 471e 0200 | 0041 8bb0 | cc00 0000 | 83c6 0241 | 89b0 cc00 | 0000 81e6 
  0x0000021e6d7f7650: feff 1f00 | 83fe 000f | 8453 1400 

  0x0000021e6d7f765c: ;   {oop(a 'java/lang/Class'{0x0000000682c30558} = 'ui/utils/x')}
  0x0000021e6d7f765c: 0049 b858 | 05c3 8206 | 0000 0045 | 0fbe 80f9 

  0x0000021e6d7f766c: ;   {metadata(method data for {method} {0x0000021e48033260} 'm' '(Ljava/lang/StringBuilder;)V' in 'ui/frmwork/str/a')}
  0x0000021e6d7f766c: 0000 0048 | bef0 76c2 | 471e 0200 | 0048 8386 | 2001 0000 | 0141 83e0 

  0x0000021e6d7f7684: ;   {static_call}
  0x0000021e6d7f7684: 0166 90e8 

  0x0000021e6d7f7688: ; ImmutableOopMap {[240]=Oop [248]=Oop [272]=Oop [296]=Oop [344]=Oop }
                      ;*invokestatic b {reexecute=0 rethrow=0 return_oop=0}
                      ; - ui.frmwork.str.a::m@4 (line 545)
                      ; - ui.frmwork.str.a::l@6 (line 393)
                      ; - ui.utils.x::log@4 (line 2111)
                      ; - ui.utils.x::bC@23 (line 2899)
                      ; - ui.data.common.H::<init>@21 (line 35)
                      ; - ui.h.a.h::<init>@2 (line 13)
                      ; - ui.h.a.d::jIK@116 (line 72)
  0x0000021e6d7f7688: f479 ad04 

  0x0000021e6d7f768c: ;   {other}
  0x0000021e6d7f768c: 0f1f 8400 | fc16 000e 

  0x0000021e6d7f7694: ;   {oop(a 'java/lang/Class'{0x00000006828af9b8} = 'ui/frmwork/str/a')}
  0x0000021e6d7f7694: 48b8 b8f9 | 8a82 0600 | 0000 488d | 8424 5001 | 0000 488b | 1048 85d2 | 0f84 0f00 | 0000 488b 
  0x0000021e6d7f76b4: 7008 f048 | 0fb1 160f | 8510 1400 | 0049 ff8f | 5005 0000 

  0x0000021e6d7f76c8: ;   {metadata(method data for {method} {0x0000021e474412f8} '<init>' '(J)V' in 'ui/data/common/H')}
  0x0000021e6d7f76c8: 48ba 00a1 | d247 1e02 | 0000 4883 | 8250 0100 | 0001 ba00 

  0x0000021e6d7f76dc: ;   {static_call}
  0x0000021e6d7f76dc: 0000 00e8 

  0x0000021e6d7f76e0: ; ImmutableOopMap {[240]=Oop [248]=Oop [272]=Oop [296]=Oop }
                      ;*invokestatic HT {reexecute=0 rethrow=0 return_oop=0}
                      ; - ui.data.common.H::<init>@25 (line 55)
                      ; - ui.h.a.h::<init>@2 (line 13)
                      ; - ui.h.a.d::jIK@116 (line 72)
  0x0000021e6d7f76e0: 9c42 c105 

  0x0000021e6d7f76e4: ;   {other}
  0x0000021e6d7f76e4: 0f1f 8400 | 5417 000f 

  0x0000021e6d7f76ec: ;   {metadata(method data for {method} {0x0000021e4a2f4bb8} 'jIK' '()V' in 'ui/h/a/d')}
  0x0000021e6d7f76ec: 48ba 282f | 02a1 1e02 | 0000 ff82 | 2804 0000 | 488b 8424 | 2801 0000 

  0x0000021e6d7f7704: ;   {metadata(method data for {method} {0x0000021e4a2f4bb8} 'jIK' '()V' in 'ui/h/a/d')}
  0x0000021e6d7f7704: 488b d048 | be28 2f02 | a11e 0200 | 0048 8386 | 5004 0000 

  0x0000021e6d7f7718: ;   {metadata(method data for {method} {0x0000021ea0e90f48} 'jIV' '()I' in 'ui/h/a/h')}
  0x0000021e6d7f7718: 0148 ba08 | 4f02 a11e | 0200 008b | b2cc 0000 | 0083 c602 | 89b2 cc00 | 0000 81e6 | feff 1f00 
  0x0000021e6d7f7738: 83fe 000f | 84a6 1300 | 0048 8bd0 

  0x0000021e6d7f7744: ;   {metadata(method data for {method} {0x0000021ea0e90f48} 'jIV' '()I' in 'ui/h/a/h')}
  0x0000021e6d7f7744: 48be 084f | 02a1 1e02 | 0000 8b52 | 0849 ba00 | 0000 061e | 0200 0049 | 03d2 483b | 9620 0100 
  0x0000021e6d7f7764: 0075 0d48 | 8386 2801 | 0000 01e9 | 6000 0000 | 483b 9630 | 0100 0075 | 0d48 8386 | 3801 0000 
  0x0000021e6d7f7784: 01e9 4a00 | 0000 4883 | be20 0100 | 0000 7517 | 4889 9620 | 0100 0048 | c786 2801 | 0000 0100 
  0x0000021e6d7f77a4: 0000 e929 | 0000 0048 | 83be 3001 | 0000 0075 | 1748 8996 | 3001 0000 | 48c7 8638 | 0100 0001 
  0x0000021e6d7f77c4: 0000 00e9 | 0800 0000 | 4883 8610 | 0100 0001 | 488b 5010 

  0x0000021e6d7f77d8: ;   {metadata(method data for {method} {0x0000021ea0e90f48} 'jIV' '()I' in 'ui/h/a/h')}
  0x0000021e6d7f77d8: 48be 084f | 02a1 1e02 | 0000 4883 | 8648 0100 | 0001 0f1f 

  0x0000021e6d7f77ec: ;   {static_call}
  0x0000021e6d7f77ec: 4400 00e8 

  0x0000021e6d7f77f0: ; ImmutableOopMap {[240]=Oop [248]=Oop [272]=Oop [296]=Oop }
                      ;*invokestatic get_EditorAssist_ParseInfo_startOffset {reexecute=0 rethrow=0 return_oop=0}
                      ; - ui.h.a.h::jIV@4 (line 17)
                      ; - ui.h.a.d::jIK@128 (line 74)
  0x0000021e6d7f77f0: eca9 8a06 

  0x0000021e6d7f77f4: ;   {other}
  0x0000021e6d7f77f4: 0f1f 8400 | 6418 0010 | ffc8 8984 | 2424 0100 | 0048 8b94 | 2428 0100 

  0x0000021e6d7f780c: ;   {metadata(method data for {method} {0x0000021e4a2f4bb8} 'jIK' '()V' in 'ui/h/a/d')}
  0x0000021e6d7f780c: 0048 be28 | 2f02 a11e | 0200 0048 | 8386 8804 

  0x0000021e6d7f781c: ;   {metadata(method data for {method} {0x0000021ea0e91f38} 'jIW' '()I' in 'ui/h/a/h')}
  0x0000021e6d7f781c: 0000 0148 | baa0 5002 | a11e 0200 | 008b b2cc | 0000 0083 | c602 89b2 | cc00 0000 | 81e6 feff 
  0x0000021e6d7f783c: 1f00 83fe | 000f 84c1 | 1200 0048 | 8b94 2428 

  0x0000021e6d7f784c: ;   {metadata(method data for {method} {0x0000021ea0e91f38} 'jIW' '()I' in 'ui/h/a/h')}
  0x0000021e6d7f784c: 0100 0048 | bea0 5002 | a11e 0200 | 008b 5208 | 49ba 0000 | 0006 1e02 | 0000 4903 | d248 3b96 
  0x0000021e6d7f786c: 2001 0000 | 750d 4883 | 8628 0100 | 0001 e960 | 0000 0048 | 3b96 3001 | 0000 750d | 4883 8638 
  0x0000021e6d7f788c: 0100 0001 | e94a 0000 | 0048 83be | 2001 0000 | 0075 1748 | 8996 2001 | 0000 48c7 | 8628 0100 
  0x0000021e6d7f78ac: 0001 0000 | 00e9 2900 | 0000 4883 | be30 0100 | 0000 7517 | 4889 9630 | 0100 0048 | c786 3801 
  0x0000021e6d7f78cc: 0000 0100 | 0000 e908 | 0000 0048 | 8386 1001 | 0000 0148 | 8bb4 2428 | 0100 0048 

  0x0000021e6d7f78e8: ;   {metadata(method data for {method} {0x0000021ea0e91f38} 'jIW' '()I' in 'ui/h/a/h')}
  0x0000021e6d7f78e8: 8b56 1048 | bfa0 5002 | a11e 0200 | 0048 8387 | 4801 0000 

  0x0000021e6d7f78fc: ;   {static_call}
  0x0000021e6d7f78fc: 0166 90e8 

  0x0000021e6d7f7900: ; ImmutableOopMap {[240]=Oop [248]=Oop [272]=Oop [296]=Oop }
                      ;*invokestatic get_EditorAssist_ParseInfo_endOffset {reexecute=0 rethrow=0 return_oop=0}
                      ; - ui.h.a.h::jIW@4 (line 21)
                      ; - ui.h.a.d::jIK@137 (line 75)
  0x0000021e6d7f7900: dca2 8a06 

  0x0000021e6d7f7904: ;   {other}
  0x0000021e6d7f7904: 0f1f 8400 | 7419 0011 | ffc8 8bb4 | 2424 0100 | 0083 fe00 | ba02 0000 | 000f 8c05 | 0000 00ba 
  0x0000021e6d7f7924: 0000 0000 

  0x0000021e6d7f7928: ;   {metadata(method data for {method} {0x0000021e4a2f4bb8} 'jIK' '()V' in 'ui/h/a/d')}
  0x0000021e6d7f7928: 48bf 282f | 02a1 1e02 | 0000 8b9f | d000 0000 | 03da 899f | d000 0000 | 83fa 000f | 8505 0000 
  0x0000021e6d7f7948: 00bb 0200 | 0000 81e3 | fe3f 0000 | 83fb 000f | 84cc 1100 | 004d 8b97 

  0x0000021e6d7f7960: ; ImmutableOopMap {[240]=Oop [248]=Oop [272]=Oop [296]=Oop }
                      ;*iflt {reexecute=1 rethrow=0 return_oop=0}
                      ; - (reexecute) ui.h.a.d::jIK@146 (line 76)
  0x0000021e6d7f7960: 5804 0000 

  0x0000021e6d7f7964: ;   {poll}
  0x0000021e6d7f7964: 4185 0283 

  0x0000021e6d7f7968: ;   {metadata(method data for {method} {0x0000021e4a2f4bb8} 'jIK' '()V' in 'ui/h/a/d')}
  0x0000021e6d7f7968: fe00 48ba | 282f 02a1 | 1e02 0000 | 48bf a804 | 0000 0000 | 0000 0f8c | 0a00 0000 | 48bf b804 
  0x0000021e6d7f7988: 0000 0000 | 0000 488b | 1c3a 488d | 5b01 4889 | 1c3a 0f8c | 270b 0000 

  0x0000021e6d7f79a0: ;   {metadata(method data for {method} {0x0000021e4a2f4bb8} 'jIK' '()V' in 'ui/h/a/d')}
  0x0000021e6d7f79a0: 83f8 0048 | ba28 2f02 | a11e 0200 | 0048 bfd8 | 0400 0000 | 0000 000f | 8c0a 0000 | 0048 bfc8 
  0x0000021e6d7f79c0: 0400 0000 | 0000 0048 | 8b1c 3a48 | 8d5b 0148 | 891c 3a0f | 8c55 0b00 | 0089 8424 | 3801 0000 
  0x0000021e6d7f79e0: 488b 8424 | 2801 0000 

  0x0000021e6d7f79e8: ;   {metadata(method data for {method} {0x0000021e4a2f4bb8} 'jIK' '()V' in 'ui/h/a/d')}
  0x0000021e6d7f79e8: 488b d048 | bb28 2f02 | a11e 0200 | 0048 8383 | 1805 0000 

  0x0000021e6d7f79fc: ;   {metadata(method data for {method} {0x0000021ea0e8ff10} 'bCN' '()I' in 'ui/h/a/h')}
  0x0000021e6d7f79fc: 0148 ba38 | 5202 a11e | 0200 008b | 9acc 0000 | 0083 c302 | 899a cc00 | 0000 81e3 | feff 1f00 
  0x0000021e6d7f7a1c: 83fb 000f | 8425 1100 | 0048 8bd0 

  0x0000021e6d7f7a28: ;   {metadata(method data for {method} {0x0000021ea0e8ff10} 'bCN' '()I' in 'ui/h/a/h')}
  0x0000021e6d7f7a28: 48bb 3852 | 02a1 1e02 | 0000 8b52 | 0849 ba00 | 0000 061e | 0200 0049 | 03d2 483b | 9320 0100 
  0x0000021e6d7f7a48: 0075 0d48 | 8383 2801 | 0000 01e9 | 6000 0000 | 483b 9330 | 0100 0075 | 0d48 8383 | 3801 0000 
  0x0000021e6d7f7a68: 01e9 4a00 | 0000 4883 | bb20 0100 | 0000 7517 | 4889 9320 | 0100 0048 | c783 2801 | 0000 0100 
  0x0000021e6d7f7a88: 0000 e929 | 0000 0048 | 83bb 3001 | 0000 0075 | 1748 8993 | 3001 0000 | 48c7 8338 | 0100 0001 
  0x0000021e6d7f7aa8: 0000 00e9 | 0800 0000 | 4883 8310 | 0100 0001 | 488b 5010 

  0x0000021e6d7f7abc: ;   {metadata(method data for {method} {0x0000021ea0e8ff10} 'bCN' '()I' in 'ui/h/a/h')}
  0x0000021e6d7f7abc: 48bb 3852 | 02a1 1e02 | 0000 4883 | 8348 0100 

  0x0000021e6d7f7acc: ;   {static_call}
  0x0000021e6d7f7acc: 0001 90e8 

  0x0000021e6d7f7ad0: ; ImmutableOopMap {[240]=Oop [248]=Oop [272]=Oop [296]=Oop }
                      ;*invokestatic get_EditorAssist_ParseInfo_type {reexecute=0 rethrow=0 return_oop=0}
                      ; - ui.h.a.h::bCN@4 (line 25)
                      ; - ui.h.a.d::jIK@159 (line 78)
  0x0000021e6d7f7ad0: 0c4e 4406 

  0x0000021e6d7f7ad4: ;   {other}
  0x0000021e6d7f7ad4: 0f1f 8400 | 441b 0013 | 488b 9424 | 2801 0000 

  0x0000021e6d7f7ae4: ;   {metadata(method data for {method} {0x0000021e4a2f4bb8} 'jIK' '()V' in 'ui/h/a/d')}
  0x0000021e6d7f7ae4: 48be 282f | 02a1 1e02 | 0000 4883 | 8650 0500 

  0x0000021e6d7f7af4: ;   {metadata(method data for {method} {0x0000021ea0e8ffb0} 'getMessage' '()Ljava/lang/String;' in 'ui/h/a/h')}
  0x0000021e6d7f7af4: 0001 48ba | d053 02a1 | 1e02 0000 | 8bb2 cc00 | 0000 83c6 | 0289 b2cc | 0000 0081 | e6fe ff1f 
  0x0000021e6d7f7b14: 0083 fe00 | 0f84 4d10 | 0000 488b | 9424 2801 

  0x0000021e6d7f7b24: ;   {metadata(method data for {method} {0x0000021ea0e8ffb0} 'getMessage' '()Ljava/lang/String;' in 'ui/h/a/h')}
  0x0000021e6d7f7b24: 0000 48be | d053 02a1 | 1e02 0000 | 8b52 0849 | ba00 0000 | 061e 0200 | 0049 03d2 | 483b 9620 
  0x0000021e6d7f7b44: 0100 0075 | 0d48 8386 | 2801 0000 | 01e9 6000 | 0000 483b | 9630 0100 | 0075 0d48 | 8386 3801 
  0x0000021e6d7f7b64: 0000 01e9 | 4a00 0000 | 4883 be20 | 0100 0000 | 7517 4889 | 9620 0100 | 0048 c786 | 2801 0000 
  0x0000021e6d7f7b84: 0100 0000 | e929 0000 | 0048 83be | 3001 0000 | 0075 1748 | 8996 3001 | 0000 48c7 | 8638 0100 
  0x0000021e6d7f7ba4: 0001 0000 | 00e9 0800 | 0000 4883 | 8610 0100 | 0001 488b | b424 2801 | 0000 488b 

  0x0000021e6d7f7bc0: ;   {metadata(method data for {method} {0x0000021ea0e8ffb0} 'getMessage' '()Ljava/lang/String;' in 'ui/h/a/h')}
  0x0000021e6d7f7bc0: 5610 48be | d053 02a1 | 1e02 0000 | 4883 8648 | 0100 0001 | 8984 243c | 0100 000f 

  0x0000021e6d7f7bdc: ;   {static_call}
  0x0000021e6d7f7bdc: 1f40 00e8 

  0x0000021e6d7f7be0: ; ImmutableOopMap {[240]=Oop [248]=Oop [272]=Oop }
                      ;*invokestatic get_EditorAssist_ParseInfo_message {reexecute=0 rethrow=0 return_oop=0}
                      ; - ui.h.a.h::getMessage@4 (line 29)
                      ; - ui.h.a.d::jIK@166 (line 79)
  0x0000021e6d7f7be0: fc46 4406 

  0x0000021e6d7f7be4: ;   {other}
  0x0000021e6d7f7be4: 0f1f 8400 | 541c 0014 

  0x0000021e6d7f7bec: ; implicit exception: dispatches to 0x0000021e6d7f8b8c
  0x0000021e6d7f7bec: 483b 004c 

  0x0000021e6d7f7bf0: ;   {metadata(method data for {method} {0x0000021e4a2f4bb8} 'jIK' '()V' in 'ui/h/a/d')}
  0x0000021e6d7f7bf0: 8bc0 49b9 | 282f 02a1 | 1e02 0000 | 4983 8170 | 0500 0001 

  0x0000021e6d7f7c04: ;   {oop("\x0A"{0x000000068150f998})}
  0x0000021e6d7f7c04: 49b8 98f9 | 5081 0600 

  0x0000021e6d7f7c0c: ;   {oop(""{0x00000006806ac328})}
  0x0000021e6d7f7c0c: 0000 49b9 | 28c3 6a80 | 0600 0000 | 488b d00f 

  0x0000021e6d7f7c1c: ;   {optimized virtual_call}
  0x0000021e6d7f7c1c: 1f40 00e8 

  0x0000021e6d7f7c20: ; ImmutableOopMap {[240]=Oop [248]=Oop [272]=Oop }
                      ;*invokevirtual replace {reexecute=0 rethrow=0 return_oop=0}
                      ; - ui.h.a.d::jIK@177 (line 82)
  0x0000021e6d7f7c20: 3ce4 a205 

  0x0000021e6d7f7c24: ;   {other}
  0x0000021e6d7f7c24: 0f1f 8400 | 941c 0015 

  0x0000021e6d7f7c2c: ; implicit exception: dispatches to 0x0000021e6d7f8b91
  0x0000021e6d7f7c2c: 483b 004c 

  0x0000021e6d7f7c30: ;   {metadata(method data for {method} {0x0000021e4a2f4bb8} 'jIK' '()V' in 'ui/h/a/d')}
  0x0000021e6d7f7c30: 8bc0 49b9 | 282f 02a1 | 1e02 0000 | 4983 81a8 | 0500 0001 

  0x0000021e6d7f7c44: ;   {oop("<"{0x0000000680834688})}
  0x0000021e6d7f7c44: 49b8 8846 | 8380 0600 

  0x0000021e6d7f7c4c: ;   {oop("&lt;"{0x000000068150f6f8})}
  0x0000021e6d7f7c4c: 0000 49b9 | f8f6 5081 | 0600 0000 | 488b d00f 

  0x0000021e6d7f7c5c: ;   {optimized virtual_call}
  0x0000021e6d7f7c5c: 1f40 00e8 

  0x0000021e6d7f7c60: ; ImmutableOopMap {[240]=Oop [248]=Oop [272]=Oop }
                      ;*invokevirtual replace {reexecute=0 rethrow=0 return_oop=0}
                      ; - ui.h.a.d::jIK@188 (line 84)
  0x0000021e6d7f7c60: fce3 a205 

  0x0000021e6d7f7c64: ;   {other}
  0x0000021e6d7f7c64: 0f1f 8400 | d41c 0016 

  0x0000021e6d7f7c6c: ; implicit exception: dispatches to 0x0000021e6d7f8b96
  0x0000021e6d7f7c6c: 483b 004c 

  0x0000021e6d7f7c70: ;   {metadata(method data for {method} {0x0000021e4a2f4bb8} 'jIK' '()V' in 'ui/h/a/d')}
  0x0000021e6d7f7c70: 8bc0 49b9 | 282f 02a1 | 1e02 0000 | 4983 81e0 | 0500 0001 

  0x0000021e6d7f7c84: ;   {oop(">"{0x0000000680834658})}
  0x0000021e6d7f7c84: 49b8 5846 | 8380 0600 

  0x0000021e6d7f7c8c: ;   {oop("&gt;"{0x000000068150f728})}
  0x0000021e6d7f7c8c: 0000 49b9 | 28f7 5081 | 0600 0000 | 488b d00f 

  0x0000021e6d7f7c9c: ;   {optimized virtual_call}
  0x0000021e6d7f7c9c: 1f40 00e8 

  0x0000021e6d7f7ca0: ; ImmutableOopMap {[240]=Oop [248]=Oop [272]=Oop }
                      ;*invokevirtual replace {reexecute=0 rethrow=0 return_oop=0}
                      ; - ui.h.a.d::jIK@199 (line 85)
  0x0000021e6d7f7ca0: bce3 a205 

  0x0000021e6d7f7ca4: ;   {other}
  0x0000021e6d7f7ca4: 0f1f 8400 | 141d 0017 | 488b d848 | 8b94 24f0 

  0x0000021e6d7f7cb4: ;   {metadata(method data for {method} {0x0000021e4a2f4bb8} 'jIK' '()V' in 'ui/h/a/d')}
  0x0000021e6d7f7cb4: 0000 0048 | be28 2f02 | a11e 0200 | 008b 5208 | 49ba 0000 | 0006 1e02 | 0000 4903 | d248 3b96 
  0x0000021e6d7f7cd4: 2806 0000 | 750d 4883 | 8630 0600 | 0001 e960 | 0000 0048 | 3b96 3806 | 0000 750d | 4883 8640 
  0x0000021e6d7f7cf4: 0600 0001 | e94a 0000 | 0048 83be | 2806 0000 | 0075 1748 | 8996 2806 | 0000 48c7 | 8630 0600 
  0x0000021e6d7f7d14: 0001 0000 | 00e9 2900 | 0000 4883 | be38 0600 | 0000 7517 | 4889 9638 | 0600 0048 | c786 4006 
  0x0000021e6d7f7d34: 0000 0100 | 0000 e908 | 0000 0048 | 8386 1806 

  0x0000021e6d7f7d44: ;   {metadata(method data for {method} {0x0000021e49b935e8} 'jIM' '()I' in 'ui/h/c/l')}
  0x0000021e6d7f7d44: 0000 0148 | ba20 d405 | a11e 0200 | 008b b2cc | 0000 0083 | c602 89b2 | cc00 0000 | 81e6 feff 
  0x0000021e6d7f7d64: 1f00 83fe | 000f 842c | 0e00 0044 | 8b9c 243c | 0100 0041 

  0x0000021e6d7f7d78: ;   {metadata(method data for {method} {0x0000021e4a2f4bb8} 'jIK' '()V' in 'ui/h/a/d')}
  0x0000021e6d7f7d78: 83fb 0148 | ba28 2f02 | a11e 0200 | 0048 be50 | 0600 0000 | 0000 000f | 840a 0000 | 0048 be60 
  0x0000021e6d7f7d98: 0600 0000 | 0000 0048 | 8b3c 3248 | 8d7f 0148 | 893c 320f | 8400 0200 | 0048 8b94 | 24f0 0000 
  0x0000021e6d7f7db8: ;   {metadata(method data for {method} {0x0000021e4a2f4bb8} 'jIK' '()V' in 'ui/h/a/d')}
  0x0000021e6d7f7db8: 0048 be28 | 2f02 a11e | 0200 008b | 5208 49ba | 0000 0006 | 1e02 0000 | 4903 d248 | 3b96 8006 
  0x0000021e6d7f7dd8: 0000 750d | 4883 8688 | 0600 0001 | e960 0000 | 0048 3b96 | 9006 0000 | 750d 4883 | 8698 0600 
  0x0000021e6d7f7df8: 0001 e94a | 0000 0048 | 83be 8006 | 0000 0075 | 1748 8996 | 8006 0000 | 48c7 8688 | 0600 0001 
  0x0000021e6d7f7e18: 0000 00e9 | 2900 0000 | 4883 be90 | 0600 0000 | 7517 4889 | 9690 0600 | 0048 c786 | 9806 0000 
  0x0000021e6d7f7e38: 0100 0000 | e908 0000 | 0048 8386 | 7006 0000 

  0x0000021e6d7f7e48: ;   {metadata(method data for {method} {0x0000021e49b93680} 'jIN' '()I' in 'ui/h/c/l')}
  0x0000021e6d7f7e48: 0148 ba48 | d505 a11e | 0200 008b | b2cc 0000 | 0083 c602 | 89b2 cc00 | 0000 81e6 | feff 1f00 
  0x0000021e6d7f7e68: 83fe 000f | 844b 0d00 | 0041 83fb 

  0x0000021e6d7f7e74: ;   {metadata(method data for {method} {0x0000021e4a2f4bb8} 'jIK' '()V' in 'ui/h/a/d')}
  0x0000021e6d7f7e74: 0248 ba28 | 2f02 a11e | 0200 0048 | bea8 0600 | 0000 0000 | 000f 840a | 0000 0048 | beb8 0600 
  0x0000021e6d7f7e94: 0000 0000 | 0048 8b3c | 3248 8d7f | 0148 893c | 320f 8406 | 0100 0048 | 8b94 24f0 

  0x0000021e6d7f7eb0: ;   {metadata(method data for {method} {0x0000021e4a2f4bb8} 'jIK' '()V' in 'ui/h/a/d')}
  0x0000021e6d7f7eb0: 0000 0048 | be28 2f02 | a11e 0200 | 008b 5208 | 49ba 0000 | 0006 1e02 | 0000 4903 | d248 3b96 
  0x0000021e6d7f7ed0: d806 0000 | 750d 4883 | 86e0 0600 | 0001 e960 | 0000 0048 | 3b96 e806 | 0000 750d | 4883 86f0 
  0x0000021e6d7f7ef0: 0600 0001 | e94a 0000 | 0048 83be | d806 0000 | 0075 1748 | 8996 d806 | 0000 48c7 | 86e0 0600 
  0x0000021e6d7f7f10: 0001 0000 | 00e9 2900 | 0000 4883 | bee8 0600 | 0000 7517 | 4889 96e8 | 0600 0048 | c786 f006 
  0x0000021e6d7f7f30: 0000 0100 | 0000 e908 | 0000 0048 | 8386 c806 

  0x0000021e6d7f7f40: ;   {metadata(method data for {method} {0x0000021e49b93718} 'jIO' '()I' in 'ui/h/c/l')}
  0x0000021e6d7f7f40: 0000 0148 | ba70 d605 | a11e 0200 | 008b b2cc | 0000 0083 | c602 89b2 | cc00 0000 | 81e6 feff 
  0x0000021e6d7f7f60: 1f00 83fe | 000f 8472 | 0c00 0041 

  0x0000021e6d7f7f6c: ;   {metadata(method data for {method} {0x0000021e4a2f4bb8} 'jIK' '()V' in 'ui/h/a/d')}
  0x0000021e6d7f7f6c: 83fb 0348 | ba28 2f02 | a11e 0200 | 0048 be10 | 0700 0000 | 0000 000f | 840a 0000 | 0048 be00 
  0x0000021e6d7f7f8c: 0700 0000 | 0000 0048 | 8b3c 3248 | 8d7f 0148 | 893c 320f | 840c 0000 | 008b b424 | 2001 0000 
  0x0000021e6d7f7fac: e923 0500 | 0044 8bac | 2438 0100 | 0044 8b8c | 2424 0100 | 008b b424 | 2001 0000 

  0x0000021e6d7f7fc8: ;   {metadata('ui/h/c/j')}
  0x0000021e6d7f7fc8: ffc6 48ba | f8aa c207 | 1e02 0000 | 89b4 2448 | 0100 0049 | 8b87 b801 | 0000 488d | 7828 493b 
  0x0000021e6d7f7fe8: bfc8 0100 | 000f 870b | 0c00 0049 | 89bf b801 | 0000 48c7 | 0001 0000 | 0048 8bca | 49ba 0000 
  0x0000021e6d7f8008: 0006 1e02 | 0000 492b | ca89 4808 | 4833 c989 | 480c 4833 | c948 8948 | 1048 8948 | 1848 8948 
  0x0000021e6d7f8028: 2048 8984 | 2440 0100 | 004c 8bc0 

  0x0000021e6d7f8034: ;   {metadata(method data for {method} {0x0000021e4a2f4bb8} 'jIK' '()V' in 'ui/h/a/d')}
  0x0000021e6d7f8034: 48bf 282f | 02a1 1e02 | 0000 4883 | 8720 0700 

  0x0000021e6d7f8044: ;   {oop(a 'ui/h/c/j$a'{0x0000000684a11f48})}
  0x0000021e6d7f8044: 0001 49b8 | 481f a184 | 0600 0000 | 498b fd49 | 8bf3 488b | cb48 8bd0 

  0x0000021e6d7f805c: ;   {optimized virtual_call}
  0x0000021e6d7f805c: 6666 90e8 

  0x0000021e6d7f8060: ; ImmutableOopMap {[240]=Oop [248]=Oop [272]=Oop [320]=Oop }
                      ;*invokespecial <init> {reexecute=0 rethrow=0 return_oop=0}
                      ; - ui.h.a.d::jIK@252 (line 88)
  0x0000021e6d7f8060: fc49 24ff 

  0x0000021e6d7f8064: ;   {other}
  0x0000021e6d7f8064: 0f1f 8400 | d420 0018 | 488b 9424 | f000 0000 

  0x0000021e6d7f8074: ;   {metadata(method data for {method} {0x0000021e4a2f4bb8} 'jIK' '()V' in 'ui/h/a/d')}
  0x0000021e6d7f8074: 48be 282f | 02a1 1e02 | 0000 8b52 | 0849 ba00 | 0000 061e | 0200 0049 | 03d2 483b | 9640 0700 
  0x0000021e6d7f8094: 0075 0d48 | 8386 4807 | 0000 01e9 | 6000 0000 | 483b 9650 | 0700 0075 | 0d48 8386 | 5807 0000 
  0x0000021e6d7f80b4: 01e9 4a00 | 0000 4883 | be40 0700 | 0000 7517 | 4889 9640 | 0700 0048 | c786 4807 | 0000 0100 
  0x0000021e6d7f80d4: 0000 e929 | 0000 0048 | 83be 5007 | 0000 0075 | 1748 8996 | 5007 0000 | 48c7 8658 | 0700 0001 
  0x0000021e6d7f80f4: 0000 00e9 | 0800 0000 | 4883 8630 | 0700 0001 

  0x0000021e6d7f8104: ;   {metadata(method data for {method} {0x0000021e49b93f08} 'a' '(Ljava/util/List;Lui/h/c/j;)V' in 'ui/h/c/l')}
  0x0000021e6d7f8104: 48ba 0040 | 1849 1e02 | 0000 8bb2 | cc00 0000 | 83c6 0289 | b2cc 0000 | 0081 e6fe | ff1f 0083 
  0x0000021e6d7f8124: fe00 0f84 | df0a 0000 | be00 0000 | 00e9 8102 | 0000 6690 | 4c8b 8424 | 1001 0000 

  0x0000021e6d7f8140: ;   {metadata(method data for {method} {0x0000021e49b93f08} 'a' '(Ljava/util/List;Lui/h/c/j;)V' in 'ui/h/c/l')}
  0x0000021e6d7f8140: 48ba 0040 | 1849 1e02 | 0000 458b | 4008 49ba | 0000 0006 | 1e02 0000 | 4d03 c24c | 3b82 7801 
  0x0000021e6d7f8160: 0000 750d | 4883 8280 | 0100 0001 | e960 0000 | 004c 3b82 | 8801 0000 | 750d 4883 | 8290 0100 
  0x0000021e6d7f8180: 0001 e94a | 0000 0048 | 83ba 7801 | 0000 0075 | 174c 8982 | 7801 0000 | 48c7 8280 | 0100 0001 
  0x0000021e6d7f81a0: 0000 00e9 | 2900 0000 | 4883 ba88 | 0100 0000 | 7517 4c89 | 8288 0100 | 0048 c782 | 9001 0000 
  0x0000021e6d7f81c0: 0100 0000 | e908 0000 | 0048 8382 | 6801 0000 | 014c 8bc6 | 488b 9424 | 1001 0000 | 89b4 244c 
  0x0000021e6d7f81e0: 0100 0066 | 9048 b848 | ad0b 061e 

  0x0000021e6d7f81ec: ;   {virtual_call}
  0x0000021e6d7f81ec: 0200 00e8 

  0x0000021e6d7f81f0: ; ImmutableOopMap {[240]=Oop [248]=Oop [272]=Oop [320]=Oop }
                      ;*invokeinterface get {reexecute=0 rethrow=0 return_oop=0}
                      ; - ui.h.c.l::a@14 (line 91)
                      ; - ui.h.a.d::jIK@255 (line 88)
  0x0000021e6d7f81f0: acb4 2605 

  0x0000021e6d7f81f4: ;   {other}
  0x0000021e6d7f81f4: 0f1f 8400 | 6422 0019 | 4883 f800 

  0x0000021e6d7f8200: ;   {metadata(method data for {method} {0x0000021e49b93f08} 'a' '(Ljava/util/List;Lui/h/c/j;)V' in 'ui/h/c/l')}
  0x0000021e6d7f8200: 7516 48be | 0040 1849 | 1e02 0000 | 808e 9901 | 0000 01e9 | e800 0000 

  0x0000021e6d7f8218: ;   {metadata('ui/h/c/k')}
  0x0000021e6d7f8218: 48bf 9839 | 6b07 1e02 | 0000 8b70 | 0849 ba00 | 0000 061e | 0200 0049 | 03f2 483b | 7e20 0f84 
  0x0000021e6d7f8238: 1b00 0000 | 483b f70f | 8412 0000 

  0x0000021e6d7f8244: ;   {runtime_call slow_subtype_check Runtime1 stub}
  0x0000021e6d7f8244: 0056 57e8 | 341e ba04 | 5e5e 83fe | 000f 848d 

  0x0000021e6d7f8254: ;   {metadata(method data for {method} {0x0000021e49b93f08} 'a' '(Ljava/util/List;Lui/h/c/j;)V' in 'ui/h/c/l')}
  0x0000021e6d7f8254: 0000 0048 | be00 4018 | 491e 0200 | 008b 7808 | 49ba 0000 | 0006 1e02 | 0000 4903 | fa48 3bbe 
  0x0000021e6d7f8274: b001 0000 | 750d 4883 | 86b8 0100 | 0001 e979 | 0000 0048 | 3bbe c001 | 0000 750d | 4883 86c8 
  0x0000021e6d7f8294: 0100 0001 | e963 0000 | 0048 83be | b001 0000 | 0075 1748 | 89be b001 | 0000 48c7 | 86b8 0100 
  0x0000021e6d7f82b4: 0001 0000 | 00e9 4200 | 0000 4883 | bec0 0100 | 0000 7517 | 4889 bec0 | 0100 0048 | c786 c801 
  0x0000021e6d7f82d4: 0000 0100 | 0000 e921 | 0000 00e9 | 1c00 0000 

  0x0000021e6d7f82e4: ;   {metadata(method data for {method} {0x0000021e49b93f08} 'a' '(Ljava/util/List;Lui/h/c/j;)V' in 'ui/h/c/l')}
  0x0000021e6d7f82e4: 48be 0040 | 1849 1e02 | 0000 4883 | aea0 0100 | 0001 e931 | 0900 00e9 | 0000 0000 | 488b d048 
  0x0000021e6d7f8304: 83fa 000f | 8429 0000 

  0x0000021e6d7f830c: ;   {metadata('ui/views/W/a/a$b')}
  0x0000021e6d7f830c: 0048 bbd0 | 70c1 071e | 0200 008b | 7a08 49ba | 0000 0006 | 1e02 0000 | 4903 fa48 | 3b5f 380f 
  0x0000021e6d7f832c: 8504 0900 | 00e9 0000 | 0000 4c8b | c248 3b02 

  0x0000021e6d7f833c: ;   {metadata(method data for {method} {0x0000021e49b93f08} 'a' '(Ljava/util/List;Lui/h/c/j;)V' in 'ui/h/c/l')}
  0x0000021e6d7f833c: 4c8b c248 | be00 4018 | 491e 0200 | 0048 8386 | f001 0000 | 014c 8b84 | 2440 0100 | 0066 0f1f 
  0x0000021e6d7f835c: ;   {optimized virtual_call}
  0x0000021e6d7f835c: 4400 00e8 

  0x0000021e6d7f8360: ; ImmutableOopMap {[240]=Oop [248]=Oop [272]=Oop [320]=Oop }
                      ;*invokeinterface a {reexecute=0 rethrow=0 return_oop=0}
                      ; - ui.h.c.l::a@23 (line 91)
                      ; - ui.h.a.d::jIK@255 (line 88)
  0x0000021e6d7f8360: 5c1d 24ff 

  0x0000021e6d7f8364: ;   {other}
  0x0000021e6d7f8364: 0f1f 8400 | d423 001a | 8bb4 244c | 0100 00ff 

  0x0000021e6d7f8374: ;   {metadata(method data for {method} {0x0000021e49b93f08} 'a' '(Ljava/util/List;Lui/h/c/j;)V' in 'ui/h/c/l')}
  0x0000021e6d7f8374: c648 b800 | 4018 491e | 0200 008b | 90d0 0000 | 0083 c202 | 8990 d000 | 0000 81e2 | fe3f 0000 
  0x0000021e6d7f8394: 83fa 000f | 84a2 0800 | 004d 8b97 

  0x0000021e6d7f83a0: ; ImmutableOopMap {[240]=Oop [248]=Oop [272]=Oop [320]=Oop }
                      ;*goto {reexecute=1 rethrow=0 return_oop=0}
                      ; - (reexecute) ui.h.c.l::a@31 (line 90)
                      ; - ui.h.a.d::jIK@255 (line 88)
  0x0000021e6d7f83a0: 5804 0000 

  0x0000021e6d7f83a4: ;   {poll}
  0x0000021e6d7f83a4: 4185 0248 | b800 4018 | 491e 0200 | 00ff 8010 | 0200 0089 | b424 4c01 | 0000 488b | b424 1001 
  0x0000021e6d7f83c4: 0000 483b | 0648 8bd6 

  0x0000021e6d7f83cc: ;   {metadata(method data for {method} {0x0000021e49b93f08} 'a' '(Ljava/util/List;Lui/h/c/j;)V' in 'ui/h/c/l')}
  0x0000021e6d7f83cc: 48bb 0040 | 1849 1e02 | 0000 8b52 | 0849 ba00 | 0000 061e | 0200 0049 | 03d2 483b | 9320 0100 
  0x0000021e6d7f83ec: 0075 0d48 | 8383 2801 | 0000 01e9 | 6000 0000 | 483b 9330 | 0100 0075 | 0d48 8383 | 3801 0000 
  0x0000021e6d7f840c: 01e9 4a00 | 0000 4883 | bb20 0100 | 0000 7517 | 4889 9320 | 0100 0048 | c783 2801 | 0000 0100 
  0x0000021e6d7f842c: 0000 e929 | 0000 0048 | 83bb 3001 | 0000 0075 | 1748 8993 | 3001 0000 | 48c7 8338 | 0100 0001 
  0x0000021e6d7f844c: 0000 00e9 | 0800 0000 | 4883 8310 | 0100 0001 | 488b d666 | 0f1f 4400 | 0048 b848 | ad0b 061e 
  0x0000021e6d7f846c: ;   {virtual_call}
  0x0000021e6d7f846c: 0200 00e8 

  0x0000021e6d7f8470: ; ImmutableOopMap {[240]=Oop [248]=Oop [272]=Oop [320]=Oop }
                      ;*invokeinterface size {reexecute=0 rethrow=0 return_oop=0}
                      ; - ui.h.c.l::a@4 (line 90)
                      ; - ui.h.a.d::jIK@255 (line 88)
  0x0000021e6d7f8470: 2cc5 1e05 

  0x0000021e6d7f8474: ;   {other}
  0x0000021e6d7f8474: 0f1f 8400 | e424 001c | 8bb4 244c | 0100 003b 

  0x0000021e6d7f8484: ;   {metadata(method data for {method} {0x0000021e49b93f08} 'a' '(Ljava/util/List;Lui/h/c/j;)V' in 'ui/h/c/l')}
  0x0000021e6d7f8484: f049 b800 | 4018 491e | 0200 0048 | ba58 0100 | 0000 0000 | 000f 8c0a | 0000 0048 | ba48 0100 
  0x0000021e6d7f84a4: 0000 0000 | 0049 8b3c | 1048 8d7f | 0149 893c | 100f 8c7d | fcff ff8b | b424 4801 | 0000 e90d 
  0x0000021e6d7f84c4: 0000 0048 | 8b84 2418 | 0100 00e9 | 9ce9 ffff 

  0x0000021e6d7f84d4: ;   {metadata(method data for {method} {0x0000021e4a2f4bb8} 'jIK' '()V' in 'ui/h/a/d')}
  0x0000021e6d7f84d4: 48b8 282f | 02a1 1e02 | 0000 8b90 | d000 0000 | 83c2 0289 | 90d0 0000 | 0081 e2fe | 3f00 0083 
  0x0000021e6d7f84f4: fa00 0f84 | 6907 0000 | 4d8b 9758 

  0x0000021e6d7f8500: ; ImmutableOopMap {[240]=Oop [248]=Oop [272]=Oop }
                      ;*goto {reexecute=1 rethrow=0 return_oop=0}
                      ; - (reexecute) ui.h.a.d::jIK@258 (line 93)
                      ;   {poll}
  0x0000021e6d7f8500: 0400 0041 

  0x0000021e6d7f8504: ;   {metadata(method data for {method} {0x0000021e4a2f4bb8} 'jIK' '()V' in 'ui/h/a/d')}
  0x0000021e6d7f8504: 8502 48b8 | 282f 02a1 | 1e02 0000 | ff80 6807 | 0000 4c8b | c644 8984 | 2420 0100 | 0048 8b84 
  0x0000021e6d7f8524: 2418 0100 | 00e9 42e9 | ffff 448b | 8424 2001 

  0x0000021e6d7f8534: ;   {metadata(method data for {method} {0x0000021e4a2f4bb8} 'jIK' '()V' in 'ui/h/a/d')}
  0x0000021e6d7f8534: 0000 48b8 | 282f 02a1 | 1e02 0000 | 8b90 d000 | 0000 83c2 | 0289 90d0 | 0000 0081 | e2fe 3f00 
  0x0000021e6d7f8554: 0083 fa00 | 0f84 2807 | 0000 4d8b | 9758 0400 

  0x0000021e6d7f8564: ; ImmutableOopMap {[240]=Oop [248]=Oop [272]=Oop }
                      ;*goto {reexecute=1 rethrow=0 return_oop=0}
                      ; - (reexecute) ui.h.a.d::jIK@154 (line 77)
                      ;   {poll}
  0x0000021e6d7f8564: 0041 8502 

  0x0000021e6d7f8568: ;   {metadata(method data for {method} {0x0000021e4a2f4bb8} 'jIK' '()V' in 'ui/h/a/d')}
  0x0000021e6d7f8568: 48b8 282f | 02a1 1e02 | 0000 ff80 | e804 0000 | 4489 8424 | 2001 0000 | 488b 8424 | 1801 0000 
  0x0000021e6d7f8588: e9e3 e8ff 

  0x0000021e6d7f858c: ;   {metadata(method data for {method} {0x0000021e4a2f4bb8} 'jIK' '()V' in 'ui/h/a/d')}
  0x0000021e6d7f858c: ff48 b828 | 2f02 a11e | 0200 00ff | 8080 0700 | 00e9 7201 | 0000 488b | b424 2801 | 0000 498b 
  0x0000021e6d7f85ac: 8700 0500 | 004d 33d2 | 4d89 9700 | 0500 004d | 33d2 4d89 | 9708 0500 | 0048 8bd0 

  0x0000021e6d7f85c8: ;   {oop(a 'java/lang/Class'{0x00000006828af9b8} = 'ui/frmwork/str/a')}
  0x0000021e6d7f85c8: 48b8 b8f9 | 8a82 0600 | 0000 488d | 8424 5001 | 0000 4c8b | 084d 85c9 | 0f84 0f00 | 0000 488b 
  0x0000021e6d7f85e8: 7808 f04c | 0fb1 0f0f | 85b2 0600 | 0049 ff8f | 5005 0000 

  0x0000021e6d7f85fc: ; ImmutableOopMap {rsi=Oop rax=Oop [240]=Oop [248]=Oop [272]=Oop [296]=Oop }
                      ;*invokestatic l {reexecute=0 rethrow=0 return_oop=0}
                      ; - ui.utils.x::log@4 (line 2111)
                      ; - ui.utils.x::bC@23 (line 2899)
                      ; - ui.data.common.H::<init>@21 (line 35)
                      ; - ui.h.a.h::<init>@2 (line 13)
                      ; - ui.h.a.d::jIK@116 (line 72)
                      ;   {section_word}
  0x0000021e6d7f85fc: 488b c248 | baff 857f | 6d1e 0200 

  0x0000021e6d7f8608: ;   {runtime_call handle_exception_nofpu Runtime1 stub}
  0x0000021e6d7f8608: 00e8 7208 | ba04 9048 | 8bb4 2428 | 0100 0048 | 8bbc 2418 | 0100 004c | 8b8c 2410 | 0100 0049 
  0x0000021e6d7f8628: 8b87 0005 | 0000 4d33 | d24d 8997 | 0005 0000 | 4d33 d24d | 8997 0805 | 0000 488b 

  0x0000021e6d7f8644: ;   {oop(a 'java/lang/Class'{0x00000006828a8140} = 'ui/utils/e/c')}
  0x0000021e6d7f8644: d048 b840 | 818a 8206 | 0000 0048 | 8d84 2450 | 0100 0048 | 8b18 4885 | db0f 840f | 0000 0048 
  0x0000021e6d7f8664: 8b48 08f0 | 480f b119 | 0f85 4b06 | 0000 49ff | 8f50 0500 

  0x0000021e6d7f8678: ; ImmutableOopMap {r9=Oop rsi=Oop rax=Oop [240]=Oop [248]=Oop [272]=Oop [296]=Oop }
                      ;*invokestatic debug {reexecute=0 rethrow=0 return_oop=0}
                      ; - ui.utils.e.c::aib@10 (line 844)
                      ; - ui.utils.x::bC@11 (line 2897)
                      ; - ui.data.common.H::<init>@21 (line 35)
                      ; - ui.h.a.h::<init>@2 (line 13)
                      ; - ui.h.a.d::jIK@116 (line 72)
  0x0000021e6d7f8678: 0048 8bc2 

  0x0000021e6d7f867c: ;   {section_word}
  0x0000021e6d7f867c: 48ba 7c86 | 7f6d 1e02 

  0x0000021e6d7f8684: ;   {runtime_call handle_exception_nofpu Runtime1 stub}
  0x0000021e6d7f8684: 0000 e8f5 | 07ba 0490 | 498b 8700 | 0500 004d | 33d2 4d89 | 9700 0500 | 004d 33d2 | 4d89 9708 
  0x0000021e6d7f86a4: ;   {metadata(method data for {method} {0x0000021e4a2f4bb8} 'jIK' '()V' in 'ui/h/a/d')}
  0x0000021e6d7f86a4: 0500 0048 | ba28 2f02 | a11e 0200 | 0048 8382 | 9807 0000 

  0x0000021e6d7f86b8: ;   {metadata(method data for {method} {0x0000021e47493348} 'o' '(Ljava/lang/Exception;)V' in 'ui/utils/x')}
  0x0000021e6d7f86b8: 0148 baf0 | 2fe6 a01e | 0200 0044 | 8b82 cc00 | 0000 4183 | c002 4489 | 82cc 0000 | 0041 81e0 
  0x0000021e6d7f86d8: feff 1f00 | 4183 f800 | 0f84 ed05 

  0x0000021e6d7f86e4: ;   {metadata(method data for {method} {0x0000021e47493348} 'o' '(Ljava/lang/Exception;)V' in 'ui/utils/x')}
  0x0000021e6d7f86e4: 0000 48ba | f02f e6a0 | 1e02 0000 | 4883 8210 | 0100 0001 | 488b d041 | b800 0000 | 0041 b900 
  0x0000021e6d7f8704: ;   {static_call}
  0x0000021e6d7f8704: 0000 00e8 

  0x0000021e6d7f8708: ; ImmutableOopMap {[240]=Oop [248]=Oop }
                      ;*invokestatic a {reexecute=0 rethrow=0 return_oop=0}
                      ; - ui.utils.x::o@3 (line 2128)
                      ; - ui.h.a.d::jIK@268 (line 96)
  0x0000021e6d7f8708: 7469 ad04 

  0x0000021e6d7f870c: ;   {other}
  0x0000021e6d7f870c: 0f1f 8400 | 7c27 0021 

  0x0000021e6d7f8714: ;   {metadata(method data for {method} {0x0000021e4a2f4bb8} 'jIK' '()V' in 'ui/h/a/d')}
  0x0000021e6d7f8714: 48be 282f | 02a1 1e02 | 0000 8bbe | d000 0000 | 83c7 0289 | bed0 0000 | 0081 e7fe | 3f00 0083 
  0x0000021e6d7f8734: ff00 0f84 | b805 0000 | 4d8b 9758 

  0x0000021e6d7f8740: ; ImmutableOopMap {[240]=Oop [248]=Oop }
                      ;*goto {reexecute=1 rethrow=0 return_oop=0}
                      ; - (reexecute) ui.h.a.d::jIK@271 (line 98)
                      ;   {poll}
  0x0000021e6d7f8740: 0400 0041 

  0x0000021e6d7f8744: ;   {metadata(method data for {method} {0x0000021e4a2f4bb8} 'jIK' '()V' in 'ui/h/a/d')}
  0x0000021e6d7f8744: 8502 48be | 282f 02a1 | 1e02 0000 | ff86 a807 | 0000 488b | 8424 f800 | 0000 e90d 

  0x0000021e6d7f8760: ;   {metadata(method data for {method} {0x0000021e4a2f4bb8} 'jIK' '()V' in 'ui/h/a/d')}
  0x0000021e6d7f8760: e0ff ff48 | be28 2f02 | a11e 0200 | 008b bed0 | 0000 0083 | c702 89be | d000 0000 | 81e7 fe3f 
  0x0000021e6d7f8780: 0000 83ff | 000f 848a | 0500 004d | 8b97 5804 

  0x0000021e6d7f8790: ; ImmutableOopMap {[240]=Oop [248]=Oop }
                      ;*goto {reexecute=1 rethrow=0 return_oop=0}
                      ; - (reexecute) ui.h.a.d::jIK@57 (line 65)
                      ;   {poll}
  0x0000021e6d7f8790: 0000 4185 

  0x0000021e6d7f8794: ;   {metadata(method data for {method} {0x0000021e4a2f4bb8} 'jIK' '()V' in 'ui/h/a/d')}
  0x0000021e6d7f8794: 0248 be28 | 2f02 a11e | 0200 00ff | 86e8 0200 | 0048 8b84 | 24f8 0000 | 00e9 bedf | ffff 4881 
  0x0000021e6d7f87b4: c470 0100 

  0x0000021e6d7f87b8: ;   {poll_return}
  0x0000021e6d7f87b8: 005d 493b | a750 0400 | 000f 876f | 0500 00c3 

  0x0000021e6d7f87c8: ;   {metadata({method} {0x0000021e4a2f4bb8} 'jIK' '()V' in 'ui/h/a/d')}
  0x0000021e6d7f87c8: 49ba b04b | 2f4a 1e02 | 0000 4c89 | 5424 0848 | c704 24ff 

  0x0000021e6d7f87dc: ;   {runtime_call counter_overflow Runtime1 stub}
  0x0000021e6d7f87dc: ffff ffe8 

  0x0000021e6d7f87e0: ; ImmutableOopMap {rdx=Oop [240]=Oop }
                      ;*synchronization entry
                      ; - ui.h.a.d::jIK@-1 (line 61)
  0x0000021e6d7f87e0: 9c3f ba04 | e946 ddff 

  0x0000021e6d7f87e8: ;   {runtime_call throw_null_pointer_exception Runtime1 stub}
  0x0000021e6d7f87e8: ffe8 92ee 

  0x0000021e6d7f87ec: ; ImmutableOopMap {rdx=Oop [240]=Oop }
                      ;*getfield tcd {reexecute=1 rethrow=0 return_oop=0}
                      ; - (reexecute) ui.h.a.d::jIK@4 (line 61)
                      ;   {runtime_call throw_null_pointer_exception Runtime1 stub}
  0x0000021e6d7f87ec: b904 e88d 

  0x0000021e6d7f87f0: ; ImmutableOopMap {rdx=Oop rsi=Oop [240]=Oop }
                      ;*invokevirtual jKU {reexecute=0 rethrow=0 return_oop=0}
                      ; - ui.h.a.d::jIK@7 (line 61)
                      ;   {metadata({method} {0x0000021e49b937b8} 'jKU' '()Ljava/util/Set;' in 'ui/h/c/l')}
  0x0000021e6d7f87f0: eeb9 0449 | bab0 37b9 | 491e 0200 | 004c 8954 | 2408 48c7 | 0424 ffff 

  0x0000021e6d7f8808: ;   {runtime_call counter_overflow Runtime1 stub}
  0x0000021e6d7f8808: ffff e871 

  0x0000021e6d7f880c: ; ImmutableOopMap {rdx=Oop rsi=Oop [240]=Oop }
                      ;*synchronization entry
                      ; - ui.h.c.l::jKU@-1 (line 26)
                      ; - ui.h.a.d::jIK@7 (line 61)
  0x0000021e6d7f880c: 3fba 04e9 | e7dd ffff 

  0x0000021e6d7f8814: ;   {runtime_call throw_null_pointer_exception Runtime1 stub}
  0x0000021e6d7f8814: e867 eeb9 

  0x0000021e6d7f8818: ; ImmutableOopMap {rdx=Oop rsi=Oop [240]=Oop }
                      ;*invokeinterface keySet {reexecute=0 rethrow=0 return_oop=0}
                      ; - ui.h.c.l::jKU@4 (line 26)
                      ; - ui.h.a.d::jIK@7 (line 61)
                      ;   {runtime_call throw_null_pointer_exception Runtime1 stub}
  0x0000021e6d7f8818: 04e8 62ee 

  0x0000021e6d7f881c: ; ImmutableOopMap {rax=Oop [240]=Oop }
                      ;*invokeinterface iterator {reexecute=0 rethrow=0 return_oop=0}
                      ; - ui.h.a.d::jIK@10 (line 61)
                      ;   {runtime_call throw_null_pointer_exception Runtime1 stub}
  0x0000021e6d7f881c: b904 e85d 

  0x0000021e6d7f8820: ; ImmutableOopMap {rax=Oop [240]=Oop [248]=Oop }
                      ;*invokeinterface hasNext {reexecute=0 rethrow=0 return_oop=0}
                      ; - ui.h.a.d::jIK@17 (line 61)
  0x0000021e6d7f8820: eeb9 0448 

  0x0000021e6d7f8824: ;   {runtime_call throw_class_cast_exception Runtime1 stub}
  0x0000021e6d7f8824: 8904 24e8 

  0x0000021e6d7f8828: ; ImmutableOopMap {[240]=Oop [248]=Oop }
                      ;*checkcast {reexecute=0 rethrow=0 return_oop=0}
                      ; - ui.h.a.d::jIK@31 (line 61)
  0x0000021e6d7f8828: 5412 ba04 

  0x0000021e6d7f882c: ;   {metadata({method} {0x0000021e061fa918} 'get' '(Ljava/net/URI;)Ljava/nio/file/Path;' in 'java/nio/file/Paths')}
  0x0000021e6d7f882c: 49ba 10a9 | 1f06 1e02 | 0000 4c89 | 5424 0848 | c704 24ff 

  0x0000021e6d7f8840: ;   {runtime_call counter_overflow Runtime1 stub}
  0x0000021e6d7f8840: ffff ffe8 

  0x0000021e6d7f8844: ; ImmutableOopMap {rsi=Oop [240]=Oop [248]=Oop }
                      ;*synchronization entry
                      ; - java.nio.file.Paths::get@-1 (line 98)
                      ; - ui.h.a.d::jIK@36 (line 62)
  0x0000021e6d7f8844: 383f ba04 | e9ec e1ff 

  0x0000021e6d7f884c: ;   {runtime_call throw_incompatible_class_change_error Runtime1 stub}
  0x0000021e6d7f884c: ffe8 2e15 

  0x0000021e6d7f8850: ; ImmutableOopMap {rax=Oop [240]=Oop [248]=Oop [256]=Oop }
                      ;*invokeinterface toString {reexecute=0 rethrow=0 return_oop=0}
                      ; - ui.h.a.d::jIK@39 (line 62)
                      ;   {runtime_call throw_null_pointer_exception Runtime1 stub}
  0x0000021e6d7f8850: ba04 e829 

  0x0000021e6d7f8854: ; ImmutableOopMap {rax=Oop [240]=Oop [248]=Oop [256]=Oop }
                      ;*invokeinterface toString {reexecute=0 rethrow=0 return_oop=0}
                      ; - ui.h.a.d::jIK@39 (line 62)
                      ;   {metadata({method} {0x0000021e49b93860} 'v' '(Ljava/net/URI;)Ljava/util/List;' in 'ui/h/c/l')}
  0x0000021e6d7f8854: eeb9 0449 | ba58 38b9 | 491e 0200 | 004c 8954 | 2408 48c7 | 0424 ffff 

  0x0000021e6d7f886c: ;   {runtime_call counter_overflow Runtime1 stub}
  0x0000021e6d7f886c: ffff e80d 

  0x0000021e6d7f8870: ; ImmutableOopMap {rsi=Oop [240]=Oop [248]=Oop [256]=Oop }
                      ;*synchronization entry
                      ; - ui.h.c.l::v@-1 (line 30)
                      ; - ui.h.a.d::jIK@47 (line 63)
  0x0000021e6d7f8870: 3fba 04e9 | 82e3 ffff 

  0x0000021e6d7f8878: ;   {runtime_call throw_null_pointer_exception Runtime1 stub}
  0x0000021e6d7f8878: e803 eeb9 

  0x0000021e6d7f887c: ; ImmutableOopMap {rsi=Oop rdx=Oop rdi=Oop [240]=Oop [248]=Oop [256]=Oop }
                      ;*invokeinterface get {reexecute=0 rethrow=0 return_oop=0}
                      ; - ui.h.c.l::v@5 (line 30)
                      ; - ui.h.a.d::jIK@47 (line 63)
  0x0000021e6d7f887c: 0448 8904 

  0x0000021e6d7f8880: ;   {runtime_call throw_class_cast_exception Runtime1 stub}
  0x0000021e6d7f8880: 24e8 fa11 

  0x0000021e6d7f8884: ; ImmutableOopMap {[240]=Oop [248]=Oop [264]=Oop }
                      ;*checkcast {reexecute=0 rethrow=0 return_oop=0}
                      ; - ui.h.c.l::v@10 (line 30)
                      ; - ui.h.a.d::jIK@47 (line 63)
                      ;   {runtime_call throw_null_pointer_exception Runtime1 stub}
  0x0000021e6d7f8884: ba04 e8f5 

  0x0000021e6d7f8888: ; ImmutableOopMap {rdx=Oop rsi=Oop rbx=Oop [240]=Oop [248]=Oop [272]=Oop }
                      ;*invokevirtual agN {reexecute=0 rethrow=0 return_oop=0}
                      ; - ui.h.a.d::jIK@68 (line 68)
                      ;   {runtime_call throw_null_pointer_exception Runtime1 stub}
  0x0000021e6d7f8888: edb9 04e8 

  0x0000021e6d7f888c: ; ImmutableOopMap {rdx=Oop rbx=Oop [240]=Oop [248]=Oop [272]=Oop }
                      ;*invokevirtual ef {reexecute=0 rethrow=0 return_oop=0}
                      ; - ui.h.a.d::jIK@86 (line 69)
  0x0000021e6d7f888c: f0ed b904 

  0x0000021e6d7f8890: ;   {metadata({method} {0x0000021e49b9d310} 'ef' '(J)Z' in 'ui/h/a/c')}
  0x0000021e6d7f8890: 49ba 08d3 | b949 1e02 | 0000 4c89 | 5424 0848 | c704 24ff 

  0x0000021e6d7f88a4: ;   {runtime_call counter_overflow Runtime1 stub}
  0x0000021e6d7f88a4: ffff ffe8 

  0x0000021e6d7f88a8: ; ImmutableOopMap {rdx=Oop [240]=Oop [248]=Oop [272]=Oop }
                      ;*synchronization entry
                      ; - ui.h.a.c::ef@-1 (line 238)
                      ; - ui.h.a.d::jIK@86 (line 69)
  0x0000021e6d7f88a8: d43e ba04 | e951 e6ff 

  0x0000021e6d7f88b0: ;   {runtime_call throw_null_pointer_exception Runtime1 stub}
  0x0000021e6d7f88b0: ffe8 caed 

  0x0000021e6d7f88b4: ; ImmutableOopMap {rdx=Oop rsi=Oop [240]=Oop [248]=Oop [272]=Oop }
                      ;*invokevirtual eg {reexecute=0 rethrow=0 return_oop=0}
                      ; - ui.h.a.d::jIK@98 (line 70)
                      ;   {metadata({method} {0x0000021e49b9d3b0} 'eg' '(J)J' in 'ui/h/a/c')}
  0x0000021e6d7f88b4: b904 49ba | a8d3 b949 | 1e02 0000 | 4c89 5424 | 0848 c704 | 24ff ffff 

  0x0000021e6d7f88cc: ;   {runtime_call counter_overflow Runtime1 stub}
  0x0000021e6d7f88cc: ffe8 ae3e 

  0x0000021e6d7f88d0: ; ImmutableOopMap {rdx=Oop [240]=Oop [248]=Oop [272]=Oop }
                      ;*synchronization entry
                      ; - ui.h.a.c::eg@-1 (line 242)
                      ; - ui.h.a.d::jIK@98 (line 70)
  0x0000021e6d7f88d0: ba04 e9d5 | e6ff ff48 

  0x0000021e6d7f88d8: ;   {runtime_call fast_new_instance Runtime1 stub}
  0x0000021e6d7f88d8: 8bd2 e8a1 

  0x0000021e6d7f88dc: ; ImmutableOopMap {[240]=Oop [248]=Oop [272]=Oop }
                      ;*new {reexecute=0 rethrow=0 return_oop=0}
                      ; - ui.h.a.d::jIK@110 (line 72)
  0x0000021e6d7f88dc: f6b9 04e9 | aae7 ffff 

  0x0000021e6d7f88e4: ;   {metadata({method} {0x0000021ea0e93f50} '<init>' '(J)V' in 'ui/h/a/h')}
  0x0000021e6d7f88e4: 49ba 483f | e9a0 1e02 | 0000 4c89 | 5424 0848 | c704 24ff 

  0x0000021e6d7f88f8: ;   {runtime_call counter_overflow Runtime1 stub}
  0x0000021e6d7f88f8: ffff ffe8 

  0x0000021e6d7f88fc: ; ImmutableOopMap {rax=Oop [240]=Oop [248]=Oop [272]=Oop [296]=Oop }
                      ;*synchronization entry
                      ; - ui.h.a.h::<init>@-1 (line 13)
                      ; - ui.h.a.d::jIK@116 (line 72)
  0x0000021e6d7f88fc: 803e ba04 | e9ce e7ff 

  0x0000021e6d7f8904: ;   {metadata({method} {0x0000021e474412f8} '<init>' '(J)V' in 'ui/data/common/H')}
  0x0000021e6d7f8904: ff49 baf0 | 1244 471e | 0200 004c | 8954 2408 | 48c7 0424 | ffff ffff 

  0x0000021e6d7f891c: ;   {runtime_call counter_overflow Runtime1 stub}
  0x0000021e6d7f891c: e85f 3eba 

  0x0000021e6d7f8920: ; ImmutableOopMap {rax=Oop [240]=Oop [248]=Oop [272]=Oop [296]=Oop }
                      ;*synchronization entry
                      ; - ui.data.common.H::<init>@-1 (line 32)
                      ; - ui.h.a.h::<init>@2 (line 13)
                      ; - ui.h.a.d::jIK@116 (line 72)
  0x0000021e6d7f8920: 04e9 eae7 

  0x0000021e6d7f8924: ;   {metadata({method} {0x0000021e06479fd0} '<init>' '()V' in 'java/lang/Object')}
  0x0000021e6d7f8924: ffff 49ba | c89f 4706 | 1e02 0000 | 4c89 5424 | 0848 c704 | 24ff ffff 

  0x0000021e6d7f893c: ;   {runtime_call counter_overflow Runtime1 stub}
  0x0000021e6d7f893c: ffe8 3e3e 

  0x0000021e6d7f8940: ; ImmutableOopMap {rax=Oop [240]=Oop [248]=Oop [272]=Oop [296]=Oop }
                      ;*synchronization entry
                      ; - java.lang.Object::<init>@-1 (line 45)
                      ; - ui.data.common.H::<init>@1 (line 32)
                      ; - ui.h.a.h::<init>@2 (line 13)
                      ; - ui.h.a.d::jIK@116 (line 72)
  0x0000021e6d7f8940: ba04 e906 

  0x0000021e6d7f8944: ;   {metadata({method} {0x0000021e474977a8} 'bC' '(Ljava/lang/String;Z)V' in 'ui/utils/x')}
  0x0000021e6d7f8944: e8ff ff49 | baa0 7749 | 471e 0200 | 004c 8954 | 2408 48c7 | 0424 ffff 

  0x0000021e6d7f895c: ;   {runtime_call counter_overflow Runtime1 stub}
  0x0000021e6d7f895c: ffff e81d 

  0x0000021e6d7f8960: ; ImmutableOopMap {rax=Oop [240]=Oop [248]=Oop [272]=Oop [296]=Oop }
                      ;*synchronization entry
                      ; - ui.utils.x::bC@-1 (line 2896)
                      ; - ui.data.common.H::<init>@21 (line 35)
                      ; - ui.h.a.h::<init>@2 (line 13)
                      ; - ui.h.a.d::jIK@116 (line 72)
  0x0000021e6d7f8960: 3eba 04e9 | 66e8 ffff 

  0x0000021e6d7f8968: ;   {metadata({method} {0x0000021e48042448} 'aib' '(Ljava/lang/String;)V' in 'ui/utils/e/c')}
  0x0000021e6d7f8968: 49ba 4024 | 0448 1e02 | 0000 4c89 | 5424 0848 | c704 24ff 

  0x0000021e6d7f897c: ;   {runtime_call counter_overflow Runtime1 stub}
  0x0000021e6d7f897c: ffff ffe8 

  0x0000021e6d7f8980: ; ImmutableOopMap {[240]=Oop [248]=Oop [272]=Oop [296]=Oop }
                      ;*synchronization entry
                      ; - ui.utils.e.c::aib@-1 (line 843)
                      ; - ui.utils.x::bC@11 (line 2897)
                      ; - ui.data.common.H::<init>@21 (line 35)
                      ; - ui.h.a.h::<init>@2 (line 13)
                      ; - ui.h.a.d::jIK@116 (line 72)
  0x0000021e6d7f8980: fc3d ba04 | e9ee e8ff | ff48 8bd2 

  0x0000021e6d7f898c: ;   {runtime_call fast_new_instance Runtime1 stub}
  0x0000021e6d7f898c: e8ef f5b9 

  0x0000021e6d7f8990: ; ImmutableOopMap {[240]=Oop [248]=Oop [272]=Oop [296]=Oop }
                      ;*new {reexecute=0 rethrow=0 return_oop=0}
                      ; - ui.utils.e.c::aib@0 (line 843)
                      ; - ui.utils.x::bC@11 (line 2897)
                      ; - ui.data.common.H::<init>@21 (line 35)
                      ; - ui.h.a.h::<init>@2 (line 13)
                      ; - ui.h.a.d::jIK@116 (line 72)
  0x0000021e6d7f8990: 04e9 39e9 

  0x0000021e6d7f8994: ;   {runtime_call throw_null_pointer_exception Runtime1 stub}
  0x0000021e6d7f8994: ffff e8e5 

  0x0000021e6d7f8998: ; ImmutableOopMap {rdx=Oop [240]=Oop [248]=Oop [272]=Oop [296]=Oop [304]=Oop }
                      ;*synchronization entry
                      ; - ui.utils.e.c::debug@-1 (line 232)
                      ; - ui.utils.e.c::aib@10 (line 844)
                      ; - ui.utils.x::bC@11 (line 2897)
                      ; - ui.data.common.H::<init>@21 (line 35)
                      ; - ui.h.a.h::<init>@2 (line 13)
                      ; - ui.h.a.d::jIK@116 (line 72)
  0x0000021e6d7f8998: ecb9 0448 | 8954 2408 | 4c89 0424 

  0x0000021e6d7f89a4: ;   {runtime_call monitorenter_nofpu Runtime1 stub}
  0x0000021e6d7f89a4: e8d7 1cba 

  0x0000021e6d7f89a8: ; ImmutableOopMap {rdx=Oop [240]=Oop [248]=Oop [272]=Oop [296]=Oop [304]=Oop [344]=Oop }
                      ;*synchronization entry
                      ; - ui.utils.e.c::debug@-1 (line 232)
                      ; - ui.utils.e.c::aib@10 (line 844)
                      ; - ui.utils.x::bC@11 (line 2897)
                      ; - ui.data.common.H::<init>@21 (line 35)
                      ; - ui.h.a.h::<init>@2 (line 13)
                      ; - ui.h.a.d::jIK@116 (line 72)
  0x0000021e6d7f89a8: 04e9 b4e9 

  0x0000021e6d7f89ac: ;   {metadata({method} {0x0000021e4803fc30} 'debug' '(Ljava/lang/Exception;)V' in 'ui/utils/e/c')}
  0x0000021e6d7f89ac: ffff 49ba | 28fc 0348 | 1e02 0000 | 4c89 5424 | 0848 c704 | 24ff ffff 

  0x0000021e6d7f89c4: ;   {runtime_call counter_overflow Runtime1 stub}
  0x0000021e6d7f89c4: ffe8 b63d 

  0x0000021e6d7f89c8: ; ImmutableOopMap {[240]=Oop [248]=Oop [272]=Oop [296]=Oop [304]=Oop [344]=Oop }
                      ;*synchronization entry
                      ; - ui.utils.e.c::debug@-1 (line 232)
                      ; - ui.utils.e.c::aib@10 (line 844)
                      ; - ui.utils.x::bC@11 (line 2897)
                      ; - ui.data.common.H::<init>@21 (line 35)
                      ; - ui.h.a.h::<init>@2 (line 13)
                      ; - ui.h.a.d::jIK@116 (line 72)
  0x0000021e6d7f89c8: ba04 e9c0 | e9ff ff48 | 8d84 2450 | 0100 0048 

  0x0000021e6d7f89d8: ;   {runtime_call monitorexit_nofpu Runtime1 stub}
  0x0000021e6d7f89d8: 8904 24e8 | a022 ba04 | e901 eaff | ff49 b800 | 0000 0000 | 0000 00b8 | 000f 050a 

  0x0000021e6d7f89f4: ;   {runtime_call load_appendix_patching Runtime1 stub}
  0x0000021e6d7f89f4: e807 36ba 

  0x0000021e6d7f89f8: ; ImmutableOopMap {[240]=Oop [248]=Oop [272]=Oop [296]=Oop }
                      ;*invokedynamic {reexecute=1 rethrow=0 return_oop=0}
                      ; - (reexecute) ui.utils.x::bC@18 (line 2899)
                      ; - ui.data.common.H::<init>@21 (line 35)
                      ; - ui.h.a.h::<init>@2 (line 13)
                      ; - ui.h.a.d::jIK@116 (line 72)
  0x0000021e6d7f89f8: 04e9 02ea 

  0x0000021e6d7f89fc: ;   {metadata({method} {0x0000021e47493140} 'log' '(Ljava/lang/String;)V' in 'ui/utils/x')}
  0x0000021e6d7f89fc: ffff 49ba | 3831 4947 | 1e02 0000 | 4c89 5424 | 0848 c704 | 24ff ffff 

  0x0000021e6d7f8a14: ;   {runtime_call counter_overflow Runtime1 stub}
  0x0000021e6d7f8a14: ffe8 663d 

  0x0000021e6d7f8a18: ; ImmutableOopMap {rax=Oop [240]=Oop [248]=Oop [272]=Oop [296]=Oop }
                      ;*synchronization entry
                      ; - ui.utils.x::log@-1 (line 2111)
                      ; - ui.utils.x::bC@23 (line 2899)
                      ; - ui.data.common.H::<init>@21 (line 35)
                      ; - ui.h.a.h::<init>@2 (line 13)
                      ; - ui.h.a.d::jIK@116 (line 72)
  0x0000021e6d7f8a18: ba04 e961 

  0x0000021e6d7f8a1c: ;   {metadata({method} {0x0000021e47f4de38} 'acU' '(Ljava/lang/String;)Ljava/lang/StringBuilder;' in 'ui/frmwork/str/robot/m')}
  0x0000021e6d7f8a1c: eaff ff49 | ba30 def4 | 471e 0200 | 004c 8954 | 2408 48c7 | 0424 ffff 

  0x0000021e6d7f8a34: ;   {runtime_call counter_overflow Runtime1 stub}
  0x0000021e6d7f8a34: ffff e845 

  0x0000021e6d7f8a38: ; ImmutableOopMap {rax=Oop [240]=Oop [248]=Oop [272]=Oop [296]=Oop }
                      ;*synchronization entry
                      ; - ui.frmwork.str.robot.m::acU@-1 (line 278)
                      ; - ui.utils.x::log@1 (line 2111)
                      ; - ui.utils.x::bC@23 (line 2899)
                      ; - ui.data.common.H::<init>@21 (line 35)
                      ; - ui.h.a.h::<init>@2 (line 13)
                      ; - ui.h.a.d::jIK@116 (line 72)
  0x0000021e6d7f8a38: 3dba 04e9 | 7fea ffff 

  0x0000021e6d7f8a40: ;   {runtime_call throw_null_pointer_exception Runtime1 stub}
  0x0000021e6d7f8a40: e83b ecb9 

  0x0000021e6d7f8a44: ; ImmutableOopMap {rdx=Oop r8=Oop [240]=Oop [248]=Oop [272]=Oop [296]=Oop }
                      ;*synchronization entry
                      ; - ui.frmwork.str.a::l@-1 (line 390)
                      ; - ui.utils.x::log@4 (line 2111)
                      ; - ui.utils.x::bC@23 (line 2899)
                      ; - ui.data.common.H::<init>@21 (line 35)
                      ; - ui.h.a.h::<init>@2 (line 13)
                      ; - ui.h.a.d::jIK@116 (line 72)
  0x0000021e6d7f8a44: 044c 8944 | 2408 4889 

  0x0000021e6d7f8a4c: ;   {runtime_call monitorenter_nofpu Runtime1 stub}
  0x0000021e6d7f8a4c: 3424 e82d 

  0x0000021e6d7f8a50: ; ImmutableOopMap {rdx=Oop r8=Oop [240]=Oop [248]=Oop [272]=Oop [296]=Oop [344]=Oop }
                      ;*synchronization entry
                      ; - ui.frmwork.str.a::l@-1 (line 390)
                      ; - ui.utils.x::log@4 (line 2111)
                      ; - ui.utils.x::bC@23 (line 2899)
                      ; - ui.data.common.H::<init>@21 (line 35)
                      ; - ui.h.a.h::<init>@2 (line 13)
                      ; - ui.h.a.d::jIK@116 (line 72)
  0x0000021e6d7f8a50: 1cba 04e9 | edea ffff 

  0x0000021e6d7f8a58: ;   {metadata({method} {0x0000021e480328c0} 'l' '(Ljava/lang/StringBuilder;)V' in 'ui/frmwork/str/a')}
  0x0000021e6d7f8a58: 49ba b828 | 0348 1e02 | 0000 4c89 | 5424 0848 | c704 24ff 

  0x0000021e6d7f8a6c: ;   {runtime_call counter_overflow Runtime1 stub}
  0x0000021e6d7f8a6c: ffff ffe8 

  0x0000021e6d7f8a70: ; ImmutableOopMap {rdx=Oop [240]=Oop [248]=Oop [272]=Oop [296]=Oop [344]=Oop }
                      ;*synchronization entry
                      ; - ui.frmwork.str.a::l@-1 (line 390)
                      ; - ui.utils.x::log@4 (line 2111)
                      ; - ui.utils.x::bC@23 (line 2899)
                      ; - ui.data.common.H::<init>@21 (line 35)
                      ; - ui.h.a.h::<init>@2 (line 13)
                      ; - ui.h.a.d::jIK@116 (line 72)
  0x0000021e6d7f8a70: 0c3d ba04 | e9f9 eaff | ff48 8d84 | 2450 0100 | 0048 8904 

  0x0000021e6d7f8a84: ;   {runtime_call monitorexit_nofpu Runtime1 stub}
  0x0000021e6d7f8a84: 24e8 f621 | ba04 e951 

  0x0000021e6d7f8a8c: ;   {metadata({method} {0x0000021e48033260} 'm' '(Ljava/lang/StringBuilder;)V' in 'ui/frmwork/str/a')}
  0x0000021e6d7f8a8c: ebff ff49 | ba58 3203 | 481e 0200 | 004c 8954 | 2408 48c7 | 0424 ffff 

  0x0000021e6d7f8aa4: ;   {runtime_call counter_overflow Runtime1 stub}
  0x0000021e6d7f8aa4: ffff e8d5 

  0x0000021e6d7f8aa8: ; ImmutableOopMap {rdx=Oop [240]=Oop [248]=Oop [272]=Oop [296]=Oop [344]=Oop }
                      ;*synchronization entry
                      ; - ui.frmwork.str.a::m@-1 (line 545)
                      ; - ui.frmwork.str.a::l@6 (line 393)
                      ; - ui.utils.x::log@4 (line 2111)
                      ; - ui.utils.x::bC@23 (line 2899)
                      ; - ui.data.common.H::<init>@21 (line 35)
                      ; - ui.h.a.h::<init>@2 (line 13)
                      ; - ui.h.a.d::jIK@116 (line 72)
  0x0000021e6d7f8aa8: 3cba 04e9 | 71eb ffff 

  0x0000021e6d7f8ab0: ;   {metadata({method} {0x0000021e47490148} 'jPn' '()Z' in 'ui/utils/x')}
  0x0000021e6d7f8ab0: 49ba 4001 | 4947 1e02 | 0000 4c89 | 5424 0848 | c704 24ff 

  0x0000021e6d7f8ac4: ;   {runtime_call counter_overflow Runtime1 stub}
  0x0000021e6d7f8ac4: ffff ffe8 

  0x0000021e6d7f8ac8: ; ImmutableOopMap {rdx=Oop [240]=Oop [248]=Oop [272]=Oop [296]=Oop [344]=Oop }
                      ;*synchronization entry
                      ; - ui.utils.x::jPn@-1 (line 1756)
                      ; - ui.frmwork.str.a::m@1 (line 545)
                      ; - ui.frmwork.str.a::l@6 (line 393)
                      ; - ui.utils.x::log@4 (line 2111)
                      ; - ui.utils.x::bC@23 (line 2899)
                      ; - ui.data.common.H::<init>@21 (line 35)
                      ; - ui.h.a.h::<init>@2 (line 13)
                      ; - ui.h.a.d::jIK@116 (line 72)
  0x0000021e6d7f8ac8: b43c ba04 | e98c ebff | ff48 8d84 | 2450 0100 | 0048 8904 

  0x0000021e6d7f8adc: ;   {runtime_call monitorexit_nofpu Runtime1 stub}
  0x0000021e6d7f8adc: 24e8 9e21 | ba04 e9e1 

  0x0000021e6d7f8ae4: ;   {metadata({method} {0x0000021ea0e90f48} 'jIV' '()I' in 'ui/h/a/h')}
  0x0000021e6d7f8ae4: ebff ff49 | ba40 0fe9 | a01e 0200 | 004c 8954 | 2408 48c7 | 0424 ffff 

  0x0000021e6d7f8afc: ;   {runtime_call counter_overflow Runtime1 stub}
  0x0000021e6d7f8afc: ffff e87d 

  0x0000021e6d7f8b00: ; ImmutableOopMap {rax=Oop [240]=Oop [248]=Oop [272]=Oop [296]=Oop }
                      ;*synchronization entry
                      ; - ui.h.a.h::jIV@-1 (line 17)
                      ; - ui.h.a.d::jIK@128 (line 74)
  0x0000021e6d7f8b00: 3cba 04e9 | 39ec ffff 

  0x0000021e6d7f8b08: ;   {metadata({method} {0x0000021ea0e91f38} 'jIW' '()I' in 'ui/h/a/h')}
  0x0000021e6d7f8b08: 49ba 301f | e9a0 1e02 | 0000 4c89 | 5424 0848 | c704 24ff 

  0x0000021e6d7f8b1c: ;   {runtime_call counter_overflow Runtime1 stub}
  0x0000021e6d7f8b1c: ffff ffe8 

  0x0000021e6d7f8b20: ; ImmutableOopMap {[240]=Oop [248]=Oop [272]=Oop [296]=Oop }
                      ;*synchronization entry
                      ; - ui.h.a.h::jIW@-1 (line 21)
                      ; - ui.h.a.d::jIK@137 (line 75)
  0x0000021e6d7f8b20: 5c3c ba04 | e91e edff 

  0x0000021e6d7f8b28: ;   {metadata({method} {0x0000021e4a2f4bb8} 'jIK' '()V' in 'ui/h/a/d')}
  0x0000021e6d7f8b28: ff49 bab0 | 4b2f 4a1e | 0200 004c | 8954 2408 | 48c7 0424 | 9200 0000 

  0x0000021e6d7f8b40: ;   {runtime_call counter_overflow Runtime1 stub}
  0x0000021e6d7f8b40: e83b 3cba 

  0x0000021e6d7f8b44: ; ImmutableOopMap {[240]=Oop [248]=Oop [272]=Oop [296]=Oop }
                      ;*iflt {reexecute=1 rethrow=0 return_oop=0}
                      ; - (reexecute) ui.h.a.d::jIK@146 (line 76)
  0x0000021e6d7f8b44: 04e9 13ee 

  0x0000021e6d7f8b48: ;   {metadata({method} {0x0000021ea0e8ff10} 'bCN' '()I' in 'ui/h/a/h')}
  0x0000021e6d7f8b48: ffff 49ba | 08ff e8a0 | 1e02 0000 | 4c89 5424 | 0848 c704 | 24ff ffff 

  0x0000021e6d7f8b60: ;   {runtime_call counter_overflow Runtime1 stub}
  0x0000021e6d7f8b60: ffe8 1a3c 

  0x0000021e6d7f8b64: ; ImmutableOopMap {rax=Oop [240]=Oop [248]=Oop [272]=Oop [296]=Oop }
                      ;*synchronization entry
                      ; - ui.h.a.h::bCN@-1 (line 25)
                      ; - ui.h.a.d::jIK@159 (line 78)
  0x0000021e6d7f8b64: ba04 e9ba 

  0x0000021e6d7f8b68: ;   {metadata({method} {0x0000021ea0e8ffb0} 'getMessage' '()Ljava/lang/String;' in 'ui/h/a/h')}
  0x0000021e6d7f8b68: eeff ff49 | baa8 ffe8 | a01e 0200 | 004c 8954 | 2408 48c7 | 0424 ffff 

  0x0000021e6d7f8b80: ;   {runtime_call counter_overflow Runtime1 stub}
  0x0000021e6d7f8b80: ffff e8f9 

  0x0000021e6d7f8b84: ; ImmutableOopMap {[240]=Oop [248]=Oop [272]=Oop [296]=Oop }
                      ;*synchronization entry
                      ; - ui.h.a.h::getMessage@-1 (line 29)
                      ; - ui.h.a.d::jIK@166 (line 79)
  0x0000021e6d7f8b84: 3bba 04e9 | 92ef ffff 

  0x0000021e6d7f8b8c: ;   {runtime_call throw_null_pointer_exception Runtime1 stub}
  0x0000021e6d7f8b8c: e8ef eab9 

  0x0000021e6d7f8b90: ; ImmutableOopMap {rax=Oop [240]=Oop [248]=Oop [272]=Oop }
                      ;*invokevirtual replace {reexecute=0 rethrow=0 return_oop=0}
                      ; - ui.h.a.d::jIK@177 (line 82)
                      ;   {runtime_call throw_null_pointer_exception Runtime1 stub}
  0x0000021e6d7f8b90: 04e8 eaea 

  0x0000021e6d7f8b94: ; ImmutableOopMap {rax=Oop [240]=Oop [248]=Oop [272]=Oop }
                      ;*invokevirtual replace {reexecute=0 rethrow=0 return_oop=0}
                      ; - ui.h.a.d::jIK@188 (line 84)
                      ;   {runtime_call throw_null_pointer_exception Runtime1 stub}
  0x0000021e6d7f8b94: b904 e8e5 

  0x0000021e6d7f8b98: ; ImmutableOopMap {rax=Oop [240]=Oop [248]=Oop [272]=Oop }
                      ;*invokevirtual replace {reexecute=0 rethrow=0 return_oop=0}
                      ; - ui.h.a.d::jIK@199 (line 85)
                      ;   {metadata({method} {0x0000021e49b935e8} 'jIM' '()I' in 'ui/h/c/l')}
  0x0000021e6d7f8b98: eab9 0449 | bae0 35b9 | 491e 0200 | 004c 8954 | 2408 48c7 | 0424 ffff 

  0x0000021e6d7f8bb0: ;   {runtime_call counter_overflow Runtime1 stub}
  0x0000021e6d7f8bb0: ffff e8c9 

  0x0000021e6d7f8bb4: ; ImmutableOopMap {rbx=Oop [240]=Oop [248]=Oop [272]=Oop }
                      ;*synchronization entry
                      ; - ui.h.c.l::jIM@-1 (line 14)
                      ; - ui.h.a.d::jIK@207 (line 86)
  0x0000021e6d7f8bb4: 3bba 04e9 | b3f1 ffff 

  0x0000021e6d7f8bbc: ;   {metadata({method} {0x0000021e49b93680} 'jIN' '()I' in 'ui/h/c/l')}
  0x0000021e6d7f8bbc: 49ba 7836 | b949 1e02 | 0000 4c89 | 5424 0848 | c704 24ff 

  0x0000021e6d7f8bd0: ;   {runtime_call counter_overflow Runtime1 stub}
  0x0000021e6d7f8bd0: ffff ffe8 

  0x0000021e6d7f8bd4: ; ImmutableOopMap {rbx=Oop [240]=Oop [248]=Oop [272]=Oop }
                      ;*synchronization entry
                      ; - ui.h.c.l::jIN@-1 (line 18)
                      ; - ui.h.a.d::jIK@216 (line 86)
  0x0000021e6d7f8bd4: a83b ba04 | e994 f2ff 

  0x0000021e6d7f8bdc: ;   {metadata({method} {0x0000021e49b93718} 'jIO' '()I' in 'ui/h/c/l')}
  0x0000021e6d7f8bdc: ff49 ba10 | 37b9 491e | 0200 004c | 8954 2408 | 48c7 0424 | ffff ffff 

  0x0000021e6d7f8bf4: ;   {runtime_call counter_overflow Runtime1 stub}
  0x0000021e6d7f8bf4: e887 3bba 

  0x0000021e6d7f8bf8: ; ImmutableOopMap {rbx=Oop [240]=Oop [248]=Oop [272]=Oop }
                      ;*synchronization entry
                      ; - ui.h.c.l::jIO@-1 (line 22)
                      ; - ui.h.a.d::jIK@225 (line 86)
  0x0000021e6d7f8bf8: 04e9 6df3 | ffff 488b 

  0x0000021e6d7f8c00: ;   {runtime_call fast_new_instance Runtime1 stub}
  0x0000021e6d7f8c00: d2e8 7af3 

  0x0000021e6d7f8c04: ; ImmutableOopMap {rbx=Oop [240]=Oop [248]=Oop [272]=Oop }
                      ;*new {reexecute=0 rethrow=0 return_oop=0}
                      ; - ui.h.a.d::jIK@237 (line 88)
  0x0000021e6d7f8c04: b904 e91e 

  0x0000021e6d7f8c08: ;   {metadata({method} {0x0000021e49b93f08} 'a' '(Ljava/util/List;Lui/h/c/j;)V' in 'ui/h/c/l')}
  0x0000021e6d7f8c08: f4ff ff49 | ba00 3fb9 | 491e 0200 | 004c 8954 | 2408 48c7 | 0424 ffff 

  0x0000021e6d7f8c20: ;   {runtime_call counter_overflow Runtime1 stub}
  0x0000021e6d7f8c20: ffff e859 

  0x0000021e6d7f8c24: ; ImmutableOopMap {[240]=Oop [248]=Oop [272]=Oop [320]=Oop }
                      ;*synchronization entry
                      ; - ui.h.c.l::a@-1 (line 90)
                      ; - ui.h.a.d::jIK@255 (line 88)
  0x0000021e6d7f8c24: 3bba 04e9 | 00f5 ffff | 4889 0424 

  0x0000021e6d7f8c30: ;   {runtime_call throw_class_cast_exception Runtime1 stub}
  0x0000021e6d7f8c30: e84b 0eba 

  0x0000021e6d7f8c34: ; ImmutableOopMap {[240]=Oop [248]=Oop [272]=Oop [320]=Oop }
                      ;*checkcast {reexecute=0 rethrow=0 return_oop=0}
                      ; - ui.h.c.l::a@19 (line 91)
                      ; - ui.h.a.d::jIK@255 (line 88)
                      ;   {runtime_call throw_incompatible_class_change_error Runtime1 stub}
  0x0000021e6d7f8c34: 04e8 4611 

  0x0000021e6d7f8c38: ; ImmutableOopMap {rdx=Oop [240]=Oop [248]=Oop [272]=Oop [320]=Oop }
                      ;*invokeinterface a {reexecute=0 rethrow=0 return_oop=0}
                      ; - ui.h.c.l::a@23 (line 91)
                      ; - ui.h.a.d::jIK@255 (line 88)
                      ;   {runtime_call throw_null_pointer_exception Runtime1 stub}
  0x0000021e6d7f8c38: ba04 e841 

  0x0000021e6d7f8c3c: ; ImmutableOopMap {rdx=Oop [240]=Oop [248]=Oop [272]=Oop [320]=Oop }
                      ;*invokeinterface a {reexecute=0 rethrow=0 return_oop=0}
                      ; - ui.h.c.l::a@23 (line 91)
                      ; - ui.h.a.d::jIK@255 (line 88)
                      ;   {metadata({method} {0x0000021e49b93f08} 'a' '(Ljava/util/List;Lui/h/c/j;)V' in 'ui/h/c/l')}
  0x0000021e6d7f8c3c: eab9 0449 | ba00 3fb9 | 491e 0200 | 004c 8954 | 2408 48c7 | 0424 1f00 

  0x0000021e6d7f8c54: ;   {runtime_call counter_overflow Runtime1 stub}
  0x0000021e6d7f8c54: 0000 e825 

  0x0000021e6d7f8c58: ; ImmutableOopMap {[240]=Oop [248]=Oop [272]=Oop [320]=Oop }
                      ;*goto {reexecute=1 rethrow=0 return_oop=0}
                      ; - (reexecute) ui.h.c.l::a@31 (line 90)
                      ; - ui.h.a.d::jIK@255 (line 88)
  0x0000021e6d7f8c58: 3bba 04e9 | 3df7 ffff 

  0x0000021e6d7f8c60: ;   {runtime_call throw_null_pointer_exception Runtime1 stub}
  0x0000021e6d7f8c60: e81b eab9 

  0x0000021e6d7f8c64: ; ImmutableOopMap {rsi=Oop [240]=Oop [248]=Oop [272]=Oop [320]=Oop }
                      ;*invokeinterface size {reexecute=0 rethrow=0 return_oop=0}
                      ; - ui.h.c.l::a@4 (line 90)
                      ; - ui.h.a.d::jIK@255 (line 88)
                      ;   {metadata({method} {0x0000021e4a2f4bb8} 'jIK' '()V' in 'ui/h/a/d')}
  0x0000021e6d7f8c64: 0449 bab0 | 4b2f 4a1e | 0200 004c | 8954 2408 | 48c7 0424 | 0201 0000 

  0x0000021e6d7f8c7c: ;   {runtime_call counter_overflow Runtime1 stub}
  0x0000021e6d7f8c7c: e8ff 3aba 

  0x0000021e6d7f8c80: ; ImmutableOopMap {[240]=Oop [248]=Oop [272]=Oop }
                      ;*goto {reexecute=1 rethrow=0 return_oop=0}
                      ; - (reexecute) ui.h.a.d::jIK@258 (line 93)
  0x0000021e6d7f8c80: 04e9 76f8 

  0x0000021e6d7f8c84: ;   {metadata({method} {0x0000021e4a2f4bb8} 'jIK' '()V' in 'ui/h/a/d')}
  0x0000021e6d7f8c84: ffff 49ba | b04b 2f4a | 1e02 0000 | 4c89 5424 | 0848 c704 | 249a 0000 

  0x0000021e6d7f8c9c: ;   {runtime_call counter_overflow Runtime1 stub}
  0x0000021e6d7f8c9c: 00e8 de3a 

  0x0000021e6d7f8ca0: ; ImmutableOopMap {[240]=Oop [248]=Oop [272]=Oop }
                      ;*goto {reexecute=1 rethrow=0 return_oop=0}
                      ; - (reexecute) ui.h.a.d::jIK@154 (line 77)
  0x0000021e6d7f8ca0: ba04 e9b7 | f8ff ff48 | 8d84 2450 | 0100 0048 

  0x0000021e6d7f8cb0: ;   {runtime_call monitorexit_nofpu Runtime1 stub}
  0x0000021e6d7f8cb0: 8904 24e8 | c81f ba04 | e93f f9ff | ff48 8d84 | 2450 0100 | 0048 8904 

  0x0000021e6d7f8cc8: ;   {runtime_call monitorexit_nofpu Runtime1 stub}
  0x0000021e6d7f8cc8: 24e8 b21f | ba04 e9a6 

  0x0000021e6d7f8cd0: ;   {metadata({method} {0x0000021e47493348} 'o' '(Ljava/lang/Exception;)V' in 'ui/utils/x')}
  0x0000021e6d7f8cd0: f9ff ff49 | ba40 3349 | 471e 0200 | 004c 8954 | 2408 48c7 | 0424 ffff 

  0x0000021e6d7f8ce8: ;   {runtime_call counter_overflow Runtime1 stub}
  0x0000021e6d7f8ce8: ffff e891 

  0x0000021e6d7f8cec: ; ImmutableOopMap {rax=Oop [240]=Oop [248]=Oop }
                      ;*synchronization entry
                      ; - ui.utils.x::o@-1 (line 2128)
                      ; - ui.h.a.d::jIK@268 (line 96)
  0x0000021e6d7f8cec: 3aba 04e9 | f2f9 ffff 

  0x0000021e6d7f8cf4: ;   {metadata({method} {0x0000021e4a2f4bb8} 'jIK' '()V' in 'ui/h/a/d')}
  0x0000021e6d7f8cf4: 49ba b04b | 2f4a 1e02 | 0000 4c89 | 5424 0848 | c704 240f 

  0x0000021e6d7f8d08: ;   {runtime_call counter_overflow Runtime1 stub}
  0x0000021e6d7f8d08: 0100 00e8 

  0x0000021e6d7f8d0c: ; ImmutableOopMap {[240]=Oop [248]=Oop }
                      ;*goto {reexecute=1 rethrow=0 return_oop=0}
                      ; - (reexecute) ui.h.a.d::jIK@271 (line 98)
  0x0000021e6d7f8d0c: 703a ba04 | e927 faff 

  0x0000021e6d7f8d14: ;   {metadata({method} {0x0000021e4a2f4bb8} 'jIK' '()V' in 'ui/h/a/d')}
  0x0000021e6d7f8d14: ff49 bab0 | 4b2f 4a1e | 0200 004c | 8954 2408 | 48c7 0424 | 3900 0000 

  0x0000021e6d7f8d2c: ;   {runtime_call counter_overflow Runtime1 stub}
  0x0000021e6d7f8d2c: e84f 3aba 

  0x0000021e6d7f8d30: ; ImmutableOopMap {[240]=Oop [248]=Oop }
                      ;*goto {reexecute=1 rethrow=0 return_oop=0}
                      ; - (reexecute) ui.h.a.d::jIK@57 (line 65)
  0x0000021e6d7f8d30: 04e9 55fa 

  0x0000021e6d7f8d34: ;   {internal_word}
  0x0000021e6d7f8d34: ffff 49ba | ba87 7f6d | 1e02 0000 | 4d89 9768 

  0x0000021e6d7f8d44: ;   {runtime_call SafepointBlob}
  0x0000021e6d7f8d44: 0400 00e9 | b4c9 ad04 | 448b 8424 | 2001 0000 | e9b6 f8ff | ff44 8b84 | 2420 0100 | 00e9 3cf8 
  0x0000021e6d7f8d64: ffff 498b | 8700 0500 | 0049 c787 | 0005 0000 | 0000 0000 | 49c7 8708 | 0500 0000 | 0000 0048 
  0x0000021e6d7f8d84: 81c4 7001 

  0x0000021e6d7f8d88: ;   {runtime_call unwind_exception Runtime1 stub}
  0x0000021e6d7f8d88: 0000 5de9 | f0d9 b904 
[Stub Code]
  0x0000021e6d7f8d90: ;   {no_reloc}
  0x0000021e6d7f8d90: 0f1f 4400 

  0x0000021e6d7f8d94: ;   {static_stub}
  0x0000021e6d7f8d94: 0048 bb00 | 0000 0000 

  0x0000021e6d7f8d9c: ;   {runtime_call}
  0x0000021e6d7f8d9c: 0000 00e9 | fbff ffff 

  0x0000021e6d7f8da4: ;   {static_stub}
  0x0000021e6d7f8da4: 9048 bb00 | 0000 0000 

  0x0000021e6d7f8dac: ;   {runtime_call}
  0x0000021e6d7f8dac: 0000 00e9 | fbff ffff 

  0x0000021e6d7f8db4: ;   {static_stub}
  0x0000021e6d7f8db4: 9048 bb00 | 0000 0000 

  0x0000021e6d7f8dbc: ;   {runtime_call}
  0x0000021e6d7f8dbc: 0000 00e9 | fbff ffff 

  0x0000021e6d7f8dc4: ;   {static_stub}
  0x0000021e6d7f8dc4: 9048 bb00 | 0000 0000 

  0x0000021e6d7f8dcc: ;   {runtime_call}
  0x0000021e6d7f8dcc: 0000 00e9 | fbff ffff 

  0x0000021e6d7f8dd4: ;   {static_stub}
  0x0000021e6d7f8dd4: 9048 bb00 | 0000 0000 

  0x0000021e6d7f8ddc: ;   {runtime_call}
  0x0000021e6d7f8ddc: 0000 00e9 | fbff ffff 

  0x0000021e6d7f8de4: ;   {static_stub}
  0x0000021e6d7f8de4: 9048 bb00 | 0000 0000 

  0x0000021e6d7f8dec: ;   {runtime_call}
  0x0000021e6d7f8dec: 0000 00e9 | fbff ffff 

  0x0000021e6d7f8df4: ;   {static_stub}
  0x0000021e6d7f8df4: 9048 bb00 | 0000 0000 

  0x0000021e6d7f8dfc: ;   {runtime_call}
  0x0000021e6d7f8dfc: 0000 00e9 | fbff ffff 

  0x0000021e6d7f8e04: ;   {static_stub}
  0x0000021e6d7f8e04: 9048 bb00 | 0000 0000 

  0x0000021e6d7f8e0c: ;   {runtime_call}
  0x0000021e6d7f8e0c: 0000 00e9 | fbff ffff 

  0x0000021e6d7f8e14: ;   {static_stub}
  0x0000021e6d7f8e14: 9048 bb00 | 0000 0000 

  0x0000021e6d7f8e1c: ;   {runtime_call}
  0x0000021e6d7f8e1c: 0000 00e9 | fbff ffff 

  0x0000021e6d7f8e24: ;   {static_stub}
  0x0000021e6d7f8e24: 48bb 0000 | 0000 0000 

  0x0000021e6d7f8e2c: ;   {runtime_call}
  0x0000021e6d7f8e2c: 0000 e9fb 

  0x0000021e6d7f8e30: ;   {static_stub}
  0x0000021e6d7f8e30: ffff ff48 | bb00 0000 | 0000 0000 

  0x0000021e6d7f8e3c: ;   {runtime_call}
  0x0000021e6d7f8e3c: 00e9 fbff 

  0x0000021e6d7f8e40: ;   {static_stub}
  0x0000021e6d7f8e40: ffff 48bb | 0000 0000 | 0000 0000 

  0x0000021e6d7f8e4c: ;   {runtime_call}
  0x0000021e6d7f8e4c: e9fb ffff 

  0x0000021e6d7f8e50: ;   {static_stub}
  0x0000021e6d7f8e50: ff48 bb00 | 0000 0000 

  0x0000021e6d7f8e58: ;   {runtime_call}
  0x0000021e6d7f8e58: 0000 00e9 | fbff ffff 

  0x0000021e6d7f8e60: ;   {static_stub}
  0x0000021e6d7f8e60: 48bb 0000 | 0000 0000 

  0x0000021e6d7f8e68: ;   {runtime_call}
  0x0000021e6d7f8e68: 0000 e9fb 

  0x0000021e6d7f8e6c: ;   {static_stub}
  0x0000021e6d7f8e6c: ffff ff48 | bb00 0000 | 0000 0000 

  0x0000021e6d7f8e78: ;   {runtime_call}
  0x0000021e6d7f8e78: 00e9 fbff 

  0x0000021e6d7f8e7c: ;   {static_stub}
  0x0000021e6d7f8e7c: ffff 48bb | 0000 0000 | 0000 0000 

  0x0000021e6d7f8e88: ;   {runtime_call}
  0x0000021e6d7f8e88: e9fb ffff 

  0x0000021e6d7f8e8c: ;   {static_stub}
  0x0000021e6d7f8e8c: ff48 bb00 | 0000 0000 

  0x0000021e6d7f8e94: ;   {runtime_call}
  0x0000021e6d7f8e94: 0000 00e9 | fbff ffff 

  0x0000021e6d7f8e9c: ;   {static_stub}
  0x0000021e6d7f8e9c: 48bb 0000 | 0000 0000 

  0x0000021e6d7f8ea4: ;   {runtime_call}
  0x0000021e6d7f8ea4: 0000 e9fb 

  0x0000021e6d7f8ea8: ;   {static_stub}
  0x0000021e6d7f8ea8: ffff ff48 | bb00 0000 | 0000 0000 

  0x0000021e6d7f8eb4: ;   {runtime_call}
  0x0000021e6d7f8eb4: 00e9 fbff 

  0x0000021e6d7f8eb8: ;   {static_stub}
  0x0000021e6d7f8eb8: ffff 48bb | 0000 0000 | 0000 0000 

  0x0000021e6d7f8ec4: ;   {runtime_call}
  0x0000021e6d7f8ec4: e9fb ffff 

  0x0000021e6d7f8ec8: ;   {static_stub}
  0x0000021e6d7f8ec8: ff48 bb00 | 0000 0000 

  0x0000021e6d7f8ed0: ;   {runtime_call}
  0x0000021e6d7f8ed0: 0000 00e9 | fbff ffff 

  0x0000021e6d7f8ed8: ;   {static_stub}
  0x0000021e6d7f8ed8: 48bb 0000 | 0000 0000 

  0x0000021e6d7f8ee0: ;   {runtime_call}
  0x0000021e6d7f8ee0: 0000 e9fb 

  0x0000021e6d7f8ee4: ;   {static_stub}
  0x0000021e6d7f8ee4: ffff ff48 | bb00 0000 | 0000 0000 

  0x0000021e6d7f8ef0: ;   {runtime_call}
  0x0000021e6d7f8ef0: 00e9 fbff 

  0x0000021e6d7f8ef4: ;   {static_stub}
  0x0000021e6d7f8ef4: ffff 48bb | 0000 0000 | 0000 0000 

  0x0000021e6d7f8f00: ;   {runtime_call}
  0x0000021e6d7f8f00: e9fb ffff 

  0x0000021e6d7f8f04: ;   {static_stub}
  0x0000021e6d7f8f04: ff48 bb00 | 0000 0000 

  0x0000021e6d7f8f0c: ;   {runtime_call}
  0x0000021e6d7f8f0c: 0000 00e9 | fbff ffff 

  0x0000021e6d7f8f14: ;   {static_stub}
  0x0000021e6d7f8f14: 48bb 0000 | 0000 0000 

  0x0000021e6d7f8f1c: ;   {runtime_call}
  0x0000021e6d7f8f1c: 0000 e9fb 

  0x0000021e6d7f8f20: ;   {runtime_call handle_exception_from_callee Runtime1 stub}
  0x0000021e6d7f8f20: ffff ffe8 | 5805 ba04 

  0x0000021e6d7f8f28: ;   {external_word}
  0x0000021e6d7f8f28: 48b9 50e0 | 5494 f87f | 0000 4883 

  0x0000021e6d7f8f34: ;   {runtime_call}
  0x0000021e6d7f8f34: e4f0 48b8 | 50ef 1794 | f87f 0000 

  0x0000021e6d7f8f40: ;   {section_word}
  0x0000021e6d7f8f40: ffd0 f449 | ba43 8f7f | 6d1e 0200 

  0x0000021e6d7f8f4c: ;   {runtime_call DeoptimizationBlob}
  0x0000021e6d7f8f4c: 0041 52e9 | 4cba ad04 | f4f4 f4f4 
[/MachCode]


---------------  P R O C E S S  ---------------

Threads class SMR info:
_java_thread_list=0x0000021ebf986ba0, length=154, elements={
0x0000021e6185e7d0, 0x0000021e6253e380, 0x0000021e6253ede0, 0x0000021e62541850,
0x0000021e625426c0, 0x0000021e625491a0, 0x0000021e62552030, 0x0000021e6256d270,
0x0000021e625721d0, 0x0000021e625772f0, 0x0000021e627e3780, 0x0000021e627bdea0,
0x0000021e7e1eff60, 0x0000021e7e1eebb0, 0x0000021e7e1ede90, 0x0000021e7e1ef240,
0x0000021e7e1ef8d0, 0x0000021e7e1f0c80, 0x0000021e7e1ed800, 0x0000021e7e1ee520,
0x0000021e4b94cc80, 0x0000021e4b9470a0, 0x0000021e4b947dc0, 0x0000021e4b94b8d0,
0x0000021e4b949800, 0x0000021e4b949e90, 0x0000021e4b949170, 0x0000021e92dc4210,
0x0000021e92dc0070, 0x0000021e92dc27d0, 0x0000021e92dc62e0, 0x0000021e92dc48a0,
0x0000021e92dc4f30, 0x0000021e92dc55c0, 0x0000021e92dc5c50, 0x0000021e92dc7000,
0x0000021e92dc7690, 0x0000021e92dc1420, 0x0000021e92dc0700, 0x0000021e92dc1ab0,
0x0000021e92dc2140, 0x0000021e991f4e50, 0x0000021e991f2060, 0x0000021e991f7c40,
0x0000021e991f9680, 0x0000021e991f8ff0, 0x0000021e991f3aa0, 0x0000021e991f2d80,
0x0000021e4b94b240, 0x0000021e99217090, 0x0000021e9921e6b0, 0x0000021e9921e020,
0x0000021e9b010540, 0x0000021e9b0139c0, 0x0000021e991f47c0, 0x0000021e991f54e0,
0x0000021e991f6f20, 0x0000021e9b00d750, 0x0000021e991f5b70, 0x0000021e992197f0,
0x0000021e9b00dde0, 0x0000021e9921cc70, 0x0000021e9921b8c0, 0x0000021e92dc3b80,
0x0000021e991f6890, 0x0000021e9cb0dd60, 0x0000021e9cb104c0, 0x0000021e9cb12c20,
0x0000021e9cb12590, 0x0000021e9cb14cf0, 0x0000021e9cb111e0, 0x0000021e9cb0e3f0,
0x0000021e9921a510, 0x0000021e4b94abb0, 0x0000021e9b00eb00, 0x0000021e9cb10b50,
0x0000021e4b94bf60, 0x0000021ea5ffe9d0, 0x0000021ea6001130, 0x0000021ea5ffa830,
0x0000021e991f75b0, 0x0000021e991f9d10, 0x0000021e9b011f80, 0x0000021ea5ffc900,
0x0000021ec99e9350, 0x0000021ec99e6560, 0x0000021ec99eb420, 0x0000021ec99e6bf0,
0x0000021e99218ad0, 0x0000021ec99ec140, 0x0000021e9b00f820, 0x0000021e9cb0f7a0,
0x0000021e9cb0fe30, 0x0000021ec99e8630, 0x0000021ec99e99e0, 0x0000021ea5ffb550,
0x0000021ec7df1850, 0x0000021ec7df04a0, 0x0000021ec7df3290, 0x0000021ec7df1ee0,
0x0000021ec7df5360, 0x0000021ec7deea60, 0x0000021ec7df6080, 0x0000021ec7def0f0,
0x0000021ec7df4cd0, 0x0000021ec7defe10, 0x0000021ec7df0b30, 0x0000021ec7dfa220,
0x0000021ec7df6da0, 0x0000021ec7df6710, 0x0000021ec7df8e70, 0x0000021ec7dfa8b0,
0x0000021ec7dfd010, 0x0000021ec7df9b90, 0x0000021ec7df7430, 0x0000021ea6001e50,
0x0000021ea5ffe340, 0x0000021ea5fff060, 0x0000021ec7df7ac0, 0x0000021ec7df9500,
0x0000021ec99e7280, 0x0000021ea5ffd620, 0x0000021ec7df87e0, 0x0000021e991f4130,
0x0000021e9cb0d6d0, 0x0000021ec99e7910, 0x0000021e9cba6730, 0x0000021e9cba4660,
0x0000021e9cba3fd0, 0x0000021e9cba11e0, 0x0000021e9cb9f7a0, 0x0000021e9cba5a10,
0x0000021e9cba1f00, 0x0000021e9cba04c0, 0x0000021e9cba5380, 0x0000021e9cba7450,
0x0000021e9cba8800, 0x0000021e9cba8170, 0x0000021e9cba8e90, 0x0000021e9cba9520,
0x0000021ec7dfaf40, 0x0000021ec7df3fb0, 0x0000021ec7dfbc60, 0x0000021ec7dfc980,
0x0000021e9cbad030, 0x0000021e9cbadd50, 0x0000021e9cbaa8d0, 0x0000021ea6000aa0,
0x0000021ec99ebab0, 0x0000021e99218440, 0x0000021e92dc0d90, 0x0000021e9a9e0070,
0x0000021e9a9de530, 0x0000021e9cb0f110
}

Java Threads: ( => current thread )
  0x0000021e6185e7d0 JavaThread "main"                              [_thread_blocked, id=50008, stack(0x000000a9ed700000,0x000000a9ed800000) (1024K)]
  0x0000021e6253e380 JavaThread "Reference Handler"          daemon [_thread_blocked, id=42020, stack(0x000000a9edf00000,0x000000a9ee900000) (10240K)]
  0x0000021e6253ede0 JavaThread "Finalizer"                  daemon [_thread_blocked, id=46084, stack(0x000000a9ee900000,0x000000a9ef300000) (10240K)]
  0x0000021e62541850 JavaThread "Signal Dispatcher"          daemon [_thread_blocked, id=49212, stack(0x000000a9ef300000,0x000000a9efd00000) (10240K)]
  0x0000021e625426c0 JavaThread "Attach Listener"            daemon [_thread_blocked, id=49216, stack(0x000000a9efd00000,0x000000a9f0700000) (10240K)]
  0x0000021e625491a0 JavaThread "Service Thread"             daemon [_thread_blocked, id=49428, stack(0x000000a9f0700000,0x000000a9f1100000) (10240K)]
  0x0000021e62552030 JavaThread "Monitor Deflation Thread"   daemon [_thread_blocked, id=49432, stack(0x000000a9f1100000,0x000000a9f1b00000) (10240K)]
  0x0000021e6256d270 JavaThread "C2 CompilerThread0"         daemon [_thread_blocked, id=25388, stack(0x000000a9f1b00000,0x000000a9f1c00000) (1024K)]
  0x0000021e625721d0 JavaThread "C1 CompilerThread0"         daemon [_thread_blocked, id=49436, stack(0x000000a9f1c00000,0x000000a9f1d00000) (1024K)]
  0x0000021e625772f0 JavaThread "StringDedupThread"          daemon [_thread_blocked, id=49892, stack(0x000000a9f1d00000,0x000000a9f2700000) (10240K)]
  0x0000021e627e3780 JavaThread "Common-Cleaner"             daemon [_thread_blocked, id=50172, stack(0x000000a9f2900000,0x000000a9f3300000) (10240K)]
  0x0000021e627bdea0 JavaThread "Notification Thread"        daemon [_thread_blocked, id=50168, stack(0x000000a9f3300000,0x000000a9f3d00000) (10240K)]
  0x0000021e7e1eff60 JavaThread "Java2D Disposer"            daemon [_thread_blocked, id=42096, stack(0x000000a9f3d00000,0x000000a9f4700000) (10240K)]
  0x0000021e7e1eebb0 JavaThread "AWT-Windows"                daemon [_thread_in_native, id=49396, stack(0x000000a9f5100000,0x000000a9f5b00000) (10240K)]
  0x0000021e7e1ede90 JavaThread "TimerQueue"                 daemon [_thread_blocked, id=49352, stack(0x000000a9f6600000,0x000000a9f7000000) (10240K)]
  0x0000021e7e1ef240 JavaThread "AWT-Shutdown"                      [_thread_blocked, id=49728, stack(0x000000a9f4700000,0x000000a9f5100000) (10240K)]
=>0x0000021e7e1ef8d0 JavaThread "AWT-EventQueue-0"                  [_thread_in_native, id=46264, stack(0x000000a9f7000000,0x000000a9f7a00000) (10240K)]
  0x0000021e7e1f0c80 JavaThread "Thread-1"                          [_thread_in_native, id=50140, stack(0x000000a9ebf00000,0x000000a9ed300000) (20480K)]
  0x0000021e7e1ed800 JavaThread "Process Messages Thread"           [_thread_blocked, id=18628, stack(0x000000a9f8e00000,0x000000a9f9800000) (10240K)]
  0x0000021e7e1ee520 JavaThread "Batik CleanerThread"        daemon [_thread_blocked, id=49456, stack(0x000000a9f8400000,0x000000a9f8e00000) (10240K)]
  0x0000021e4b94cc80 JavaThread "SyntheticaCleanerThread"    daemon [_thread_blocked, id=48424, stack(0x000000a9fa200000,0x000000a9fac00000) (10240K)]
  0x0000021e4b9470a0 JavaThread "Timer-0"                           [_thread_blocked, id=33864, stack(0x000000a9fb600000,0x000000a9fc000000) (10240K)]
  0x0000021e4b947dc0 JavaThread "Monitor File Timestamp Swing Worker Thread"        [_thread_blocked, id=49800, stack(0x000000a9fc000000,0x000000a9fca00000) (10240K)]
  0x0000021e4b94b8d0 JavaThread "Monitor HEventQueue for Sluggish Gui Thread"        [_thread_blocked, id=49540, stack(0x000000a9fcb00000,0x000000a9fd500000) (10240K)]
  0x0000021e4b949800 JavaThread "SyntheticaAnimation 50"     daemon [_thread_blocked, id=49548, stack(0x000000a9fd500000,0x000000a9fdf00000) (10240K)]
  0x0000021e4b949e90 JavaThread "SyntheticaAnimation 25"     daemon [_thread_blocked, id=49556, stack(0x000000a9fe100000,0x000000a9feb00000) (10240K)]
  0x0000021e4b949170 JavaThread "SyntheticaAnimation 70"     daemon [_thread_blocked, id=49512, stack(0x000000a9ff500000,0x000000a9fff00000) (10240K)]
  0x0000021e92dc4210 JavaThread "Refresh Filesets Swing Worker Thread"        [_thread_blocked, id=41136, stack(0x000000a980000000,0x000000a980a00000) (10240K)]
  0x0000021e92dc0070 JavaThread "hw_ila_monitor"                    [_thread_blocked, id=10088, stack(0x000000a980a00000,0x000000a981400000) (10240K)]
  0x0000021e92dc27d0 JavaThread "pool-1-thread-1"                   [_thread_blocked, id=49680, stack(0x000000a982d00000,0x000000a983700000) (10240K)]
  0x0000021e92dc62e0 JavaThread "Timer-1"                           [_thread_blocked, id=49664, stack(0x000000a983700000,0x000000a984100000) (10240K)]
  0x0000021e92dc48a0 JavaThread "pool-2-thread-1"                   [_thread_blocked, id=49624, stack(0x000000a984100000,0x000000a984b00000) (10240K)]
  0x0000021e92dc4f30 JavaThread "Timer-2"                           [_thread_blocked, id=49652, stack(0x000000a984b00000,0x000000a985500000) (10240K)]
  0x0000021e92dc55c0 JavaThread "pool-3-thread-1"                   [_thread_blocked, id=49528, stack(0x000000a985500000,0x000000a985f00000) (10240K)]
  0x0000021e92dc5c50 JavaThread "Timer-3"                           [_thread_blocked, id=49672, stack(0x000000a985f00000,0x000000a986900000) (10240K)]
  0x0000021e92dc7000 JavaThread "pool-4-thread-1"                   [_thread_blocked, id=47860, stack(0x000000a986900000,0x000000a987300000) (10240K)]
  0x0000021e92dc7690 JavaThread "Timer-4"                           [_thread_blocked, id=36680, stack(0x000000a987300000,0x000000a987d00000) (10240K)]
  0x0000021e92dc1420 JavaThread "pool-5-thread-1"                   [_thread_blocked, id=29412, stack(0x000000a987d00000,0x000000a988700000) (10240K)]
  0x0000021e92dc0700 JavaThread "Timer-5"                           [_thread_blocked, id=50028, stack(0x000000a988700000,0x000000a989100000) (10240K)]
  0x0000021e92dc1ab0 JavaThread "pool-6-thread-1"                   [_thread_blocked, id=50024, stack(0x000000a989100000,0x000000a989b00000) (10240K)]
  0x0000021e92dc2140 JavaThread "Timer-6"                           [_thread_blocked, id=45044, stack(0x000000a989b00000,0x000000a98a500000) (10240K)]
  0x0000021e991f4e50 JavaThread "pool-7-thread-1"                   [_thread_blocked, id=49916, stack(0x000000a98a500000,0x000000a98af00000) (10240K)]
  0x0000021e991f2060 JavaThread "Timer-7"                           [_thread_blocked, id=38384, stack(0x000000a98af00000,0x000000a98b900000) (10240K)]
  0x0000021e991f7c40 JavaThread "pool-8-thread-1"                   [_thread_blocked, id=49308, stack(0x000000a98b900000,0x000000a98c300000) (10240K)]
  0x0000021e991f9680 JavaThread "Timer-8"                           [_thread_blocked, id=29636, stack(0x000000a98c300000,0x000000a98cd00000) (10240K)]
  0x0000021e991f8ff0 JavaThread "pool-9-thread-1"                   [_thread_blocked, id=48296, stack(0x000000a98cd00000,0x000000a98d700000) (10240K)]
  0x0000021e991f3aa0 JavaThread "Timer-9"                           [_thread_blocked, id=45768, stack(0x000000a98d700000,0x000000a98e100000) (10240K)]
  0x0000021e991f2d80 JavaThread "Update Runs Swing Worker Thread"        [_thread_blocked, id=49820, stack(0x000000a98e200000,0x000000a98ec00000) (10240K)]
  0x0000021e4b94b240 JavaThread "Thread-43"                         [_thread_in_native, id=49724, stack(0x000000a982b00000,0x000000a982c00000) (1024K)]
  0x0000021e99217090 JavaThread "Thread-44"                         [_thread_in_native, id=45528, stack(0x000000a982c00000,0x000000a982d00000) (1024K)]
  0x0000021e9921e6b0 JavaThread "Thread-129"                        [_thread_in_native, id=42712, stack(0x000000a98e100000,0x000000a98e200000) (1024K)]
  0x0000021e9921e020 JavaThread "Thread-183"                        [_thread_in_native, id=49692, stack(0x000000a982a00000,0x000000a982b00000) (1024K)]
  0x0000021e9b010540 JavaThread "SyntheticaAnimation 50"     daemon [_thread_blocked, id=48616, stack(0x000000a981e00000,0x000000a982800000) (10240K)]
  0x0000021e9b0139c0 JavaThread "Thread-890"                        [_thread_in_native, id=40092, stack(0x000000a981b00000,0x000000a981c00000) (1024K)]
  0x0000021e991f47c0 JavaThread "Thread-3226"                       [_thread_in_native, id=47160, stack(0x000000a98e100000,0x000000a98e200000) (1024K)]
  0x0000021e991f54e0 JavaThread "Thread-3227"                       [_thread_in_native, id=40736, stack(0x000000a98f700000,0x000000a98f800000) (1024K)]
  0x0000021e991f6f20 JavaThread "Thread-3235"                       [_thread_in_native, id=29584, stack(0x000000a981d00000,0x000000a981e00000) (1024K)]
  0x0000021e9b00d750 JavaThread "Thread-3242"                       [_thread_in_native, id=49944, stack(0x000000a981c00000,0x000000a981d00000) (1024K)]
  0x0000021e991f5b70 JavaThread "Timer-10"                          [_thread_blocked, id=44668, stack(0x000000a98f700000,0x000000a990100000) (10240K)]
  0x0000021e992197f0 JavaThread "Image Animator 0"           daemon [_thread_blocked, id=32416, stack(0x000000a992900000,0x000000a993300000) (10240K)]
  0x0000021e9b00dde0 JavaThread "Thread-3961"                       [_thread_in_native, id=51080, stack(0x000000a98e100000,0x000000a98e200000) (1024K)]
  0x0000021e9921cc70 JavaThread "Thread-3962"                       [_thread_in_native, id=50564, stack(0x000000a993300000,0x000000a993400000) (1024K)]
  0x0000021e9921b8c0 JavaThread "Thread-4015"                       [_thread_in_native, id=50296, stack(0x000000a981c00000,0x000000a981d00000) (1024K)]
  0x0000021e92dc3b80 JavaThread "Thread-4592"                       [_thread_in_native, id=48580, stack(0x000000a981500000,0x000000a981600000) (1024K)]
  0x0000021e991f6890 JavaThread "Thread-4593"                       [_thread_in_native, id=34768, stack(0x000000a981a00000,0x000000a981b00000) (1024K)]
  0x0000021e9cb0dd60 JavaThread "Thread-4629"                       [_thread_in_native, id=50572, stack(0x000000a981c00000,0x000000a981d00000) (1024K)]
  0x0000021e9cb104c0 JavaThread "Thread-4781"                       [_thread_in_native, id=39548, stack(0x000000a981a00000,0x000000a981b00000) (1024K)]
  0x0000021e9cb12c20 JavaThread "Thread-4782"                       [_thread_in_native, id=45640, stack(0x000000a981500000,0x000000a981600000) (1024K)]
  0x0000021e9cb12590 JavaThread "Thread-4811"                       [_thread_in_native, id=49644, stack(0x000000a981c00000,0x000000a981d00000) (1024K)]
  0x0000021e9cb14cf0 JavaThread "Thread-5671"                       [_thread_in_native, id=48852, stack(0x000000a98ef00000,0x000000a98f000000) (1024K)]
  0x0000021e9cb111e0 JavaThread "Thread-5672"                       [_thread_in_native, id=43932, stack(0x000000a98ee00000,0x000000a98ef00000) (1024K)]
  0x0000021e9cb0e3f0 JavaThread "SyntheticaAnimation 50"     daemon [_thread_blocked, id=50776, stack(0x000000a991f00000,0x000000a992900000) (10240K)]
  0x0000021e9921a510 JavaThread "Thread-5692"                       [_thread_in_native, id=50260, stack(0x000000a982900000,0x000000a982a00000) (1024K)]
  0x0000021e4b94abb0 JavaThread "Thread-6708"                       [_thread_in_native, id=33140, stack(0x000000a981600000,0x000000a981700000) (1024K)]
  0x0000021e9b00eb00 JavaThread "Thread-6709"                       [_thread_in_native, id=51072, stack(0x000000a981b00000,0x000000a981c00000) (1024K)]
  0x0000021e9cb10b50 JavaThread "Thread-6747"                       [_thread_in_native, id=35688, stack(0x000000a981500000,0x000000a981600000) (1024K)]
  0x0000021e4b94bf60 JavaThread "Timer-12"                          [_thread_blocked, id=41872, stack(0x000000a993300000,0x000000a993d00000) (10240K)]
  0x0000021ea5ffe9d0 JavaThread "Thread-8061"                       [_thread_in_native, id=50836, stack(0x000000a981600000,0x000000a981700000) (1024K)]
  0x0000021ea6001130 JavaThread "Thread-8062"                       [_thread_in_native, id=41088, stack(0x000000a981500000,0x000000a981600000) (1024K)]
  0x0000021ea5ffa830 JavaThread "Timer-14"                          [_thread_blocked, id=47100, stack(0x000000a995b00000,0x000000a996500000) (10240K)]
  0x0000021e991f75b0 JavaThread "Thread-9780"                       [_thread_in_native, id=33072, stack(0x000000a98e100000,0x000000a98e200000) (1024K)]
  0x0000021e991f9d10 JavaThread "Thread-9781"                       [_thread_in_native, id=16916, stack(0x000000a998d00000,0x000000a998e00000) (1024K)]
  0x0000021e9b011f80 JavaThread "Thread-9892"                       [_thread_in_native, id=30128, stack(0x000000a98ed00000,0x000000a98ee00000) (1024K)]
  0x0000021ea5ffc900 JavaThread "Thread-9962"                       [_thread_in_native, id=28268, stack(0x000000a981800000,0x000000a981900000) (1024K)]
  0x0000021ec99e9350 JavaThread "Thread-10083"                      [_thread_in_native, id=37736, stack(0x000000a982800000,0x000000a982900000) (1024K)]
  0x0000021ec99e6560 JavaThread "Thread-11463"                      [_thread_in_native, id=51792, stack(0x000000a98e100000,0x000000a98e200000) (1024K)]
  0x0000021ec99eb420 JavaThread "Thread-11464"                      [_thread_in_native, id=51920, stack(0x000000a998300000,0x000000a998400000) (1024K)]
  0x0000021ec99e6bf0 JavaThread "Thread-11836"                      [_thread_in_native, id=51660, stack(0x000000a981c00000,0x000000a981d00000) (1024K)]
  0x0000021e99218ad0 JavaThread "Thread-11837"                      [_thread_in_native, id=37648, stack(0x000000a981d00000,0x000000a981e00000) (1024K)]
  0x0000021ec99ec140 JavaThread "Thread-12096"                      [_thread_in_native, id=51392, stack(0x000000a981b00000,0x000000a981c00000) (1024K)]
  0x0000021e9b00f820 JavaThread "Thread-12106"                      [_thread_in_native, id=35956, stack(0x000000a981900000,0x000000a981a00000) (1024K)]
  0x0000021e9cb0f7a0 JavaThread "Thread-12910"                      [_thread_in_native, id=30764, stack(0x000000a981700000,0x000000a981800000) (1024K)]
  0x0000021e9cb0fe30 JavaThread "Thread-12911"                      [_thread_in_native, id=50144, stack(0x000000a981600000,0x000000a981700000) (1024K)]
  0x0000021ec99e8630 JavaThread "Thread-21044"                      [_thread_in_native, id=50876, stack(0x000000a998300000,0x000000a998400000) (1024K)]
  0x0000021ec99e99e0 JavaThread "Thread-21045"                      [_thread_in_native, id=50912, stack(0x000000a98e100000,0x000000a98e200000) (1024K)]
  0x0000021ea5ffb550 JavaThread "Thread-21067"                      [_thread_in_native, id=30456, stack(0x000000a98ed00000,0x000000a98ee00000) (1024K)]
  0x0000021ec7df1850 JavaThread "Thread-23311"                      [_thread_in_native, id=38888, stack(0x000000a98e100000,0x000000a98e200000) (1024K)]
  0x0000021ec7df04a0 JavaThread "Thread-23312"                      [_thread_in_native, id=45364, stack(0x000000a998d00000,0x000000a998e00000) (1024K)]
  0x0000021ec7df3290 JavaThread "Thread-23348"                      [_thread_in_native, id=10276, stack(0x000000a98ef00000,0x000000a98f000000) (1024K)]
  0x0000021ec7df1ee0 JavaThread "Thread-23617"                      [_thread_in_native, id=50248, stack(0x000000a98ed00000,0x000000a98ee00000) (1024K)]
  0x0000021ec7df5360 JavaThread "Timer-16"                          [_thread_blocked, id=35696, stack(0x000000a990100000,0x000000a990b00000) (10240K)]
  0x0000021ec7deea60 JavaThread "Monitor File Timestamp Swing Worker Thread"        [_thread_blocked, id=47972, stack(0x000000a990b00000,0x000000a991500000) (10240K)]
  0x0000021ec7df6080 JavaThread "Timer-17"                          [_thread_blocked, id=37196, stack(0x000000a991500000,0x000000a991f00000) (10240K)]
  0x0000021ec7def0f0 JavaThread "Monitor File Timestamp Swing Worker Thread"        [_thread_blocked, id=42480, stack(0x000000a993d00000,0x000000a994700000) (10240K)]
  0x0000021ec7df4cd0 JavaThread "Thread-24098"                      [_thread_in_native, id=40260, stack(0x000000a98e100000,0x000000a98e200000) (1024K)]
  0x0000021ec7defe10 JavaThread "Thread-24099"                      [_thread_in_native, id=50536, stack(0x000000a995100000,0x000000a995200000) (1024K)]
  0x0000021ec7df0b30 JavaThread "Thread-24135"                      [_thread_in_native, id=52160, stack(0x000000a982b00000,0x000000a982c00000) (1024K)]
  0x0000021ec7dfa220 JavaThread "Timer-18"                          [_thread_blocked, id=49000, stack(0x000000a994700000,0x000000a995100000) (10240K)]
  0x0000021ec7df6da0 JavaThread "Monitor File Timestamp Swing Worker Thread"        [_thread_blocked, id=33176, stack(0x000000a995100000,0x000000a995b00000) (10240K)]
  0x0000021ec7df6710 JavaThread "Timer-19"                          [_thread_blocked, id=49356, stack(0x000000a996500000,0x000000a996f00000) (10240K)]
  0x0000021ec7df8e70 JavaThread "Monitor File Timestamp Swing Worker Thread"        [_thread_blocked, id=44644, stack(0x000000a996f00000,0x000000a997900000) (10240K)]
  0x0000021ec7dfa8b0 JavaThread "Thread-25112"                      [_thread_in_native, id=35704, stack(0x000000a98e100000,0x000000a98e200000) (1024K)]
  0x0000021ec7dfd010 JavaThread "Thread-25113"                      [_thread_in_native, id=36184, stack(0x000000a998300000,0x000000a998400000) (1024K)]
  0x0000021ec7df9b90 JavaThread "Thread-25136"                      [_thread_in_native, id=36232, stack(0x000000a98ee00000,0x000000a98ef00000) (1024K)]
  0x0000021ec7df7430 JavaThread "Thread-25153"                      [_thread_in_native, id=51204, stack(0x000000a98ed00000,0x000000a98ee00000) (1024K)]
  0x0000021ea6001e50 JavaThread "Thread-25599"                      [_thread_in_native, id=49416, stack(0x000000a981c00000,0x000000a981d00000) (1024K)]
  0x0000021ea5ffe340 JavaThread "Thread-25600"                      [_thread_in_native, id=49120, stack(0x000000a981d00000,0x000000a981e00000) (1024K)]
  0x0000021ea5fff060 JavaThread "Thread-25624"                      [_thread_in_native, id=43876, stack(0x000000a982900000,0x000000a982a00000) (1024K)]
  0x0000021ec7df7ac0 JavaThread "Thread-27513"                      [_thread_in_native, id=44072, stack(0x000000a98e100000,0x000000a98e200000) (1024K)]
  0x0000021ec7df9500 JavaThread "Thread-27514"                      [_thread_in_native, id=48336, stack(0x000000a998d00000,0x000000a998e00000) (1024K)]
  0x0000021ec99e7280 JavaThread "Thread-27587"                      [_thread_in_native, id=51296, stack(0x000000a98ee00000,0x000000a98ef00000) (1024K)]
  0x0000021ea5ffd620 JavaThread "Thread-27598"                      [_thread_in_native, id=47844, stack(0x000000a98ed00000,0x000000a98ee00000) (1024K)]
  0x0000021ec7df87e0 JavaThread "Thread-28043"                      [_thread_in_native, id=51484, stack(0x000000a981600000,0x000000a981700000) (1024K)]
  0x0000021e991f4130 JavaThread "Thread-28044"                      [_thread_in_native, id=37108, stack(0x000000a981700000,0x000000a981800000) (1024K)]
  0x0000021e9cb0d6d0 JavaThread "Thread-28058"                      [_thread_in_native, id=50456, stack(0x000000a981900000,0x000000a981a00000) (1024K)]
  0x0000021ec99e7910 JavaThread "Thread-28107"                      [_thread_in_native, id=29692, stack(0x000000a981800000,0x000000a981900000) (1024K)]
  0x0000021e9cba6730 JavaThread "Thread-30021"                      [_thread_in_native, id=34084, stack(0x000000a981500000,0x000000a981600000) (1024K)]
  0x0000021e9cba4660 JavaThread "Thread-30079"                      [_thread_in_native, id=50160, stack(0x000000a981a00000,0x000000a981b00000) (1024K)]
  0x0000021e9cba3fd0 JavaThread "Thread-31077"                      [_thread_in_native, id=44788, stack(0x000000a98e100000,0x000000a98e200000) (1024K)]
  0x0000021e9cba11e0 JavaThread "Thread-31078"                      [_thread_in_native, id=40852, stack(0x000000a998d00000,0x000000a998e00000) (1024K)]
  0x0000021e9cb9f7a0 JavaThread "SwingWorker-pool-15-thread-1" daemon [_thread_blocked, id=51092, stack(0x000000a998300000,0x000000a998d00000) (10240K)]
  0x0000021e9cba5a10 JavaThread "Thread-31222"                      [_thread_in_native, id=49520, stack(0x000000a982a00000,0x000000a982b00000) (1024K)]
  0x0000021e9cba1f00 JavaThread "Thread-31223"                      [_thread_in_native, id=41732, stack(0x000000a982900000,0x000000a982a00000) (1024K)]
  0x0000021e9cba04c0 JavaThread "Thread-31233"                      [_thread_in_native, id=50672, stack(0x000000a982b00000,0x000000a982c00000) (1024K)]
  0x0000021e9cba5380 JavaThread "Thread-32841"                      [_thread_in_native, id=44836, stack(0x000000a98e100000,0x000000a98e200000) (1024K)]
  0x0000021e9cba7450 JavaThread "Thread-32842"                      [_thread_in_native, id=36900, stack(0x000000a997900000,0x000000a997a00000) (1024K)]
  0x0000021e9cba8800 JavaThread "Timer-20"                          [_thread_blocked, id=51276, stack(0x000000a999700000,0x000000a99a100000) (10240K)]
  0x0000021e9cba8170 JavaThread "Monitor File Timestamp Swing Worker Thread"        [_thread_blocked, id=38236, stack(0x000000a99a100000,0x000000a99ab00000) (10240K)]
  0x0000021e9cba8e90 JavaThread "Timer-21"                          [_thread_blocked, id=44968, stack(0x000000a99ab00000,0x000000a99b500000) (10240K)]
  0x0000021e9cba9520 JavaThread "Monitor File Timestamp Swing Worker Thread"        [_thread_blocked, id=51044, stack(0x000000a99b500000,0x000000a99bf00000) (10240K)]
  0x0000021ec7dfaf40 JavaThread "Timer-22"                          [_thread_blocked, id=43368, stack(0x000000a997900000,0x000000a998300000) (10240K)]
  0x0000021ec7df3fb0 JavaThread "Monitor File Timestamp Swing Worker Thread"        [_thread_blocked, id=34680, stack(0x000000a998d00000,0x000000a999700000) (10240K)]
  0x0000021ec7dfbc60 JavaThread "Timer-23"                          [_thread_blocked, id=53612, stack(0x000000a99bf00000,0x000000a99c900000) (10240K)]
  0x0000021ec7dfc980 JavaThread "Monitor File Timestamp Swing Worker Thread"        [_thread_blocked, id=54536, stack(0x000000a99c900000,0x000000a99d300000) (10240K)]
  0x0000021e9cbad030 JavaThread "Thread-40283"                      [_thread_in_native, id=61704, stack(0x000000a98e100000,0x000000a98e200000) (1024K)]
  0x0000021e9cbadd50 JavaThread "Thread-40284"                      [_thread_in_native, id=68692, stack(0x000000a99d300000,0x000000a99d400000) (1024K)]
  0x0000021e9cbaa8d0 JavaThread "Thread-45569"                      [_thread_in_native, id=68676, stack(0x000000a98e100000,0x000000a98e200000) (1024K)]
  0x0000021ea6000aa0 JavaThread "Thread-50526"                      [_thread_in_native, id=64040, stack(0x000000a98e100000,0x000000a98e200000) (1024K)]
  0x0000021ec99ebab0 JavaThread "Thread-50527"                      [_thread_in_native, id=69488, stack(0x000000a99dd00000,0x000000a99de00000) (1024K)]
  0x0000021e99218440 JavaThread "Thread-50590"                      [_thread_in_native, id=61492, stack(0x000000a982c00000,0x000000a982d00000) (1024K)]
  0x0000021e92dc0d90 JavaThread "Thread-50687"                      [_thread_in_native, id=61844, stack(0x000000a99d300000,0x000000a99d400000) (1024K)]
  0x0000021e9a9e0070 JavaThread "C1 CompilerThread1"         daemon [_thread_blocked, id=67432, stack(0x000000a981800000,0x000000a981900000) (1024K)]
  0x0000021e9a9de530 JavaThread "C1 CompilerThread2"         daemon [_thread_blocked, id=62344, stack(0x000000a981a00000,0x000000a981b00000) (1024K)]
  0x0000021e9cb0f110 JavaThread "Code Inspector Thread"             [_thread_in_native, id=64884, stack(0x000000a98ed00000,0x000000a98f700000) (10240K)]
Total: 154

Other Threads:
  0x0000021e5c1d04a0 VMThread "VM Thread"                           [id=39516, stack(0x000000a9ede00000,0x000000a9edf00000) (1024K)]
  0x0000021e62508950 WatcherThread "VM Periodic Task Thread"        [id=42024, stack(0x000000a9edd00000,0x000000a9ede00000) (1024K)]
  0x0000021e5c1d1a60 WorkerThread "GC Thread#0"                     [id=41308, stack(0x000000a9ed800000,0x000000a9ed900000) (1024K)]
  0x0000021e5c1d0840 WorkerThread "GC Thread#1"                     [id=48112, stack(0x000000a9f6300000,0x000000a9f6400000) (1024K)]
  0x0000021e5b0add10 WorkerThread "GC Thread#2"                     [id=48032, stack(0x000000a9f6400000,0x000000a9f6500000) (1024K)]
  0x0000021e4c7ec8c0 WorkerThread "GC Thread#3"                     [id=41848, stack(0x000000a9f6500000,0x000000a9f6600000) (1024K)]
  0x0000021e6183f110 ConcurrentGCThread "G1 Main Marker"            [id=50012, stack(0x000000a9ed900000,0x000000a9eda00000) (1024K)]
  0x0000021e5c1d1e00 WorkerThread "G1 Conc#0"                       [id=41200, stack(0x000000a9eda00000,0x000000a9edb00000) (1024K)]
  0x0000021e623fdf50 ConcurrentGCThread "G1 Refine#0"               [id=49392, stack(0x000000a9edb00000,0x000000a9edc00000) (1024K)]
  0x0000021e60e92570 ConcurrentGCThread "G1 Service"                [id=36096, stack(0x000000a9edc00000,0x000000a9edd00000) (1024K)]
Total: 10

Threads with active compile tasks:
Total: 0

VM state: not at safepoint (normal execution)

VM Mutex/Monitor currently owned by a thread: None

Heap address: 0x0000000680000000, size: 6144 MB, Compressed Oops mode: Zero based, Oop shift amount: 3

CDS archive(s) mapped at: [0x0000021e06000000-0x0000021e06c90000-0x0000021e06c90000), size 13172736, SharedBaseAddress: 0x0000021e06000000, ArchiveRelocationMode: 1.
Compressed class space mapped at: 0x0000021e07000000-0x0000021e47000000, reserved size: 1073741824
Narrow klass base: 0x0000021e06000000, Narrow klass shift: 0, Narrow klass range: 0x100000000

GC Precious Log:
 CardTable entry size: 512
 Card Set container configuration: InlinePtr #cards 4 size 8 Array Of Cards #cards 32 size 80 Howl #buckets 8 coarsen threshold 7372 Howl Bitmap #cards 1024 size 144 coarsen threshold 921 Card regions per heap region 1 cards per card region 8192
 CPUs: 16 total, 16 available
 Memory: 16236M
 Large Page Support: Disabled
 NUMA Support: Disabled
 Compressed Oops: Enabled (Zero based)
 Heap Region Size: 4M
 Heap Min Capacity: 812M
 Heap Initial Capacity: 812M
 Heap Max Capacity: 6G
 Pre-touch: Disabled
 Parallel Workers: 4
 Concurrent Workers: 1
 Concurrent Refinement Workers: 4
 Periodic GC: Disabled
 String Deduplication is enabled

Heap:
 garbage-first heap   total 929792K, used 338098K [0x0000000680000000, 0x0000000800000000)
  region size 4096K, 17 young (69632K), 1 survivors (4096K)
 Metaspace       used 95067K, committed 95808K, reserved 1179648K
  class space    used 12165K, committed 12608K, reserved 1048576K

Heap Regions: E=young(eden), S=young(survivor), O=old, HS=humongous(starts), HC=humongous(continues), CS=collection set, F=free, TAMS=top-at-mark-start, PB=parsable bottom
|   0|0x0000000680000000, 0x00000006803ffff8, 0x0000000680400000| 99%| O|  |TAMS 0x0000000680000000| PB 0x0000000680000000| Untracked 
|   1|0x0000000680400000, 0x00000006807ffff0, 0x0000000680800000| 99%| O|  |TAMS 0x0000000680400000| PB 0x0000000680400000| Untracked 
|   2|0x0000000680800000, 0x0000000680bffed8, 0x0000000680c00000| 99%| O|  |TAMS 0x0000000680800000| PB 0x0000000680800000| Untracked 
|   3|0x0000000680c00000, 0x0000000680ffffe8, 0x0000000681000000| 99%| O|  |TAMS 0x0000000680c00000| PB 0x0000000680c00000| Untracked 
|   4|0x0000000681000000, 0x0000000681400000, 0x0000000681400000|100%| O|  |TAMS 0x0000000681000000| PB 0x0000000681000000| Untracked 
|   5|0x0000000681400000, 0x00000006817fffd8, 0x0000000681800000| 99%| O|  |TAMS 0x0000000681400000| PB 0x0000000681400000| Untracked 
|   6|0x0000000681800000, 0x0000000681bffba8, 0x0000000681c00000| 99%| O|  |TAMS 0x0000000681800000| PB 0x0000000681800000| Untracked 
|   7|0x0000000681c00000, 0x0000000681ffff90, 0x0000000682000000| 99%| O|  |TAMS 0x0000000681c00000| PB 0x0000000681c00000| Untracked 
|   8|0x0000000682000000, 0x00000006823ffb90, 0x0000000682400000| 99%| O|  |TAMS 0x0000000682000000| PB 0x0000000682000000| Untracked 
|   9|0x0000000682400000, 0x00000006827fff38, 0x0000000682800000| 99%| O|  |TAMS 0x0000000682400000| PB 0x0000000682400000| Untracked 
|  10|0x0000000682800000, 0x0000000682bffd00, 0x0000000682c00000| 99%| O|  |TAMS 0x0000000682800000| PB 0x0000000682800000| Untracked 
|  11|0x0000000682c00000, 0x0000000682ffffb0, 0x0000000683000000| 99%| O|  |TAMS 0x0000000682c00000| PB 0x0000000682c00000| Untracked 
|  12|0x0000000683000000, 0x00000006833ffbc0, 0x0000000683400000| 99%| O|  |TAMS 0x0000000683000000| PB 0x0000000683000000| Untracked 
|  13|0x0000000683400000, 0x00000006837fffd8, 0x0000000683800000| 99%| O|  |TAMS 0x0000000683400000| PB 0x0000000683400000| Untracked 
|  14|0x0000000683800000, 0x0000000683bffff0, 0x0000000683c00000| 99%| O|  |TAMS 0x0000000683800000| PB 0x0000000683800000| Untracked 
|  15|0x0000000683c00000, 0x0000000683fdead8, 0x0000000684000000| 96%| O|  |TAMS 0x0000000683c00000| PB 0x0000000683c00000| Untracked 
|  16|0x0000000684000000, 0x00000006843ff9a0, 0x0000000684400000| 99%| O|  |TAMS 0x0000000684000000| PB 0x0000000684000000| Untracked 
|  17|0x0000000684400000, 0x00000006847ff948, 0x0000000684800000| 99%| O|  |TAMS 0x0000000684400000| PB 0x0000000684400000| Untracked 
|  18|0x0000000684800000, 0x0000000684bffff8, 0x0000000684c00000| 99%| O|  |TAMS 0x0000000684800000| PB 0x0000000684800000| Untracked 
|  19|0x0000000684c00000, 0x0000000684fffff0, 0x0000000685000000| 99%| O|  |TAMS 0x0000000684c00000| PB 0x0000000684c00000| Untracked 
|  20|0x0000000685000000, 0x00000006853ffb48, 0x0000000685400000| 99%| O|  |TAMS 0x0000000685000000| PB 0x0000000685000000| Untracked 
|  21|0x0000000685400000, 0x00000006857ffff8, 0x0000000685800000| 99%| O|  |TAMS 0x0000000685400000| PB 0x0000000685400000| Untracked 
|  22|0x0000000685800000, 0x0000000685c00000, 0x0000000685c00000|100%| O|  |TAMS 0x0000000685800000| PB 0x0000000685800000| Untracked 
|  23|0x0000000685c00000, 0x0000000685fffe50, 0x0000000686000000| 99%| O|  |TAMS 0x0000000685c00000| PB 0x0000000685c00000| Untracked 
|  24|0x0000000686000000, 0x00000006863ffc28, 0x0000000686400000| 99%| O|  |TAMS 0x0000000686000000| PB 0x0000000686000000| Untracked 
|  25|0x0000000686400000, 0x00000006867fffe8, 0x0000000686800000| 99%| O|  |TAMS 0x0000000686400000| PB 0x0000000686400000| Untracked 
|  26|0x0000000686800000, 0x0000000686bffd78, 0x0000000686c00000| 99%| O|  |TAMS 0x0000000686800000| PB 0x0000000686800000| Untracked 
|  27|0x0000000686c00000, 0x0000000686ffffb8, 0x0000000687000000| 99%| O|  |TAMS 0x0000000686c00000| PB 0x0000000686c00000| Untracked 
|  28|0x0000000687000000, 0x00000006873fffe0, 0x0000000687400000| 99%| O|  |TAMS 0x0000000687000000| PB 0x0000000687000000| Untracked 
|  29|0x0000000687400000, 0x00000006877fff60, 0x0000000687800000| 99%| O|  |TAMS 0x0000000687400000| PB 0x0000000687400000| Untracked 
|  30|0x0000000687800000, 0x0000000687bff9f0, 0x0000000687c00000| 99%| O|  |TAMS 0x0000000687800000| PB 0x0000000687800000| Untracked 
|  31|0x0000000687c00000, 0x0000000687fffe98, 0x0000000688000000| 99%| O|  |TAMS 0x0000000687c00000| PB 0x0000000687c00000| Untracked 
|  32|0x0000000688000000, 0x00000006883ffae8, 0x0000000688400000| 99%| O|  |TAMS 0x0000000688000000| PB 0x0000000688000000| Untracked 
|  33|0x0000000688400000, 0x00000006887fffe8, 0x0000000688800000| 99%| O|  |TAMS 0x0000000688400000| PB 0x0000000688400000| Untracked 
|  34|0x0000000688800000, 0x0000000688bffaf8, 0x0000000688c00000| 99%| O|  |TAMS 0x0000000688800000| PB 0x0000000688800000| Untracked 
|  35|0x0000000688c00000, 0x0000000688ffffb8, 0x0000000689000000| 99%| O|  |TAMS 0x0000000688c00000| PB 0x0000000688c00000| Untracked 
|  36|0x0000000689000000, 0x00000006893ffff0, 0x0000000689400000| 99%| O|  |TAMS 0x0000000689000000| PB 0x0000000689000000| Untracked 
|  37|0x0000000689400000, 0x00000006897fffc8, 0x0000000689800000| 99%| O|  |TAMS 0x0000000689400000| PB 0x0000000689400000| Untracked 
|  38|0x0000000689800000, 0x0000000689bffff8, 0x0000000689c00000| 99%| O|  |TAMS 0x0000000689800000| PB 0x0000000689800000| Untracked 
|  39|0x0000000689c00000, 0x0000000689fffea0, 0x000000068a000000| 99%| O|  |TAMS 0x0000000689c00000| PB 0x0000000689c00000| Untracked 
|  40|0x000000068a000000, 0x000000068a3ffff8, 0x000000068a400000| 99%| O|  |TAMS 0x000000068a000000| PB 0x000000068a000000| Untracked 
|  41|0x000000068a400000, 0x000000068a7ffbc0, 0x000000068a800000| 99%| O|  |TAMS 0x000000068a400000| PB 0x000000068a400000| Untracked 
|  42|0x000000068a800000, 0x000000068ac00000, 0x000000068ac00000|100%| O|  |TAMS 0x000000068a800000| PB 0x000000068a800000| Untracked 
|  43|0x000000068ac00000, 0x000000068afffff8, 0x000000068b000000| 99%| O|  |TAMS 0x000000068ac00000| PB 0x000000068ac00000| Untracked 
|  44|0x000000068b000000, 0x000000068b3ffc98, 0x000000068b400000| 99%| O|  |TAMS 0x000000068b000000| PB 0x000000068b000000| Untracked 
|  45|0x000000068b400000, 0x000000068b7fffe8, 0x000000068b800000| 99%| O|  |TAMS 0x000000068b400000| PB 0x000000068b400000| Untracked 
|  46|0x000000068b800000, 0x000000068bbffff8, 0x000000068bc00000| 99%| O|  |TAMS 0x000000068b800000| PB 0x000000068b800000| Untracked 
|  47|0x000000068bc00000, 0x000000068bfffff8, 0x000000068c000000| 99%| O|  |TAMS 0x000000068bc00000| PB 0x000000068bc00000| Untracked 
|  48|0x000000068c000000, 0x000000068c3ffff8, 0x000000068c400000| 99%| O|  |TAMS 0x000000068c000000| PB 0x000000068c000000| Untracked 
|  49|0x000000068c400000, 0x000000068c800000, 0x000000068c800000|100%| O|  |TAMS 0x000000068c400000| PB 0x000000068c400000| Untracked 
|  50|0x000000068c800000, 0x000000068cbffff8, 0x000000068cc00000| 99%| O|  |TAMS 0x000000068c800000| PB 0x000000068c800000| Untracked 
|  51|0x000000068cc00000, 0x000000068cfffe18, 0x000000068d000000| 99%| O|  |TAMS 0x000000068cc00000| PB 0x000000068cc00000| Untracked 
|  52|0x000000068d000000, 0x000000068d3ffdb0, 0x000000068d400000| 99%| O|  |TAMS 0x000000068d000000| PB 0x000000068d000000| Untracked 
|  53|0x000000068d400000, 0x000000068d7ffe18, 0x000000068d800000| 99%| O|  |TAMS 0x000000068d400000| PB 0x000000068d400000| Untracked 
|  54|0x000000068d800000, 0x000000068dc00000, 0x000000068dc00000|100%| O|  |TAMS 0x000000068d800000| PB 0x000000068d800000| Untracked 
|  55|0x000000068dc00000, 0x000000068dffff60, 0x000000068e000000| 99%| O|  |TAMS 0x000000068dc00000| PB 0x000000068dc00000| Untracked 
|  56|0x000000068e000000, 0x000000068e3ffff8, 0x000000068e400000| 99%| O|  |TAMS 0x000000068e000000| PB 0x000000068e000000| Untracked 
|  57|0x000000068e400000, 0x000000068e7ffff0, 0x000000068e800000| 99%| O|  |TAMS 0x000000068e400000| PB 0x000000068e400000| Untracked 
|  58|0x000000068e800000, 0x000000068ebffff8, 0x000000068ec00000| 99%| O|  |TAMS 0x000000068e800000| PB 0x000000068e800000| Untracked 
|  59|0x000000068ec00000, 0x000000068efffe08, 0x000000068f000000| 99%| O|  |TAMS 0x000000068ec00000| PB 0x000000068ec00000| Untracked 
|  60|0x000000068f000000, 0x000000068f175770, 0x000000068f400000| 36%| O|  |TAMS 0x000000068f000000| PB 0x000000068f000000| Untracked 
|  61|0x000000068f400000, 0x000000068f75e3b0, 0x000000068f800000| 84%| O|  |TAMS 0x000000068f400000| PB 0x000000068f400000| Untracked 
|  62|0x000000068f800000, 0x000000068fbffa48, 0x000000068fc00000| 99%| O|  |TAMS 0x000000068f800000| PB 0x000000068f800000| Untracked 
|  63|0x000000068fc00000, 0x000000068ffcbdb0, 0x0000000690000000| 94%| O|  |TAMS 0x000000068fc00000| PB 0x000000068fc00000| Untracked 
|  64|0x0000000690000000, 0x0000000690285678, 0x0000000690400000| 63%| O|  |TAMS 0x0000000690000000| PB 0x0000000690000000| Untracked 
|  65|0x0000000690400000, 0x000000069054e920, 0x0000000690800000| 32%| O|  |TAMS 0x0000000690400000| PB 0x0000000690400000| Untracked 
|  66|0x0000000690800000, 0x0000000690800000, 0x0000000690c00000|  0%| F|  |TAMS 0x0000000690800000| PB 0x0000000690800000| Untracked 
|  67|0x0000000690c00000, 0x0000000691000000, 0x0000000691000000|100%|HS|  |TAMS 0x0000000690c00000| PB 0x0000000690c00000| Untracked 
|  68|0x0000000691000000, 0x0000000691400000, 0x0000000691400000|100%|HC|  |TAMS 0x0000000691000000| PB 0x0000000691000000| Untracked 
|  69|0x0000000691400000, 0x0000000691800000, 0x0000000691800000|100%|HS|  |TAMS 0x0000000691400000| PB 0x0000000691400000| Untracked 
|  70|0x0000000691800000, 0x0000000691800000, 0x0000000691c00000|  0%| F|  |TAMS 0x0000000691800000| PB 0x0000000691800000| Untracked 
|  71|0x0000000691c00000, 0x0000000691c00000, 0x0000000692000000|  0%| F|  |TAMS 0x0000000691c00000| PB 0x0000000691c00000| Untracked 
|  72|0x0000000692000000, 0x0000000692000000, 0x0000000692400000|  0%| F|  |TAMS 0x0000000692000000| PB 0x0000000692000000| Untracked 
|  73|0x0000000692400000, 0x0000000692400000, 0x0000000692800000|  0%| F|  |TAMS 0x0000000692400000| PB 0x0000000692400000| Untracked 
|  74|0x0000000692800000, 0x0000000692800000, 0x0000000692c00000|  0%| F|  |TAMS 0x0000000692800000| PB 0x0000000692800000| Untracked 
|  75|0x0000000692c00000, 0x0000000692c00000, 0x0000000693000000|  0%| F|  |TAMS 0x0000000692c00000| PB 0x0000000692c00000| Untracked 
|  76|0x0000000693000000, 0x0000000693000000, 0x0000000693400000|  0%| F|  |TAMS 0x0000000693000000| PB 0x0000000693000000| Untracked 
|  77|0x0000000693400000, 0x0000000693400000, 0x0000000693800000|  0%| F|  |TAMS 0x0000000693400000| PB 0x0000000693400000| Untracked 
|  78|0x0000000693800000, 0x0000000693800000, 0x0000000693c00000|  0%| F|  |TAMS 0x0000000693800000| PB 0x0000000693800000| Untracked 
|  79|0x0000000693c00000, 0x0000000693c00000, 0x0000000694000000|  0%| F|  |TAMS 0x0000000693c00000| PB 0x0000000693c00000| Untracked 
|  80|0x0000000694000000, 0x0000000694000000, 0x0000000694400000|  0%| F|  |TAMS 0x0000000694000000| PB 0x0000000694000000| Untracked 
|  81|0x0000000694400000, 0x0000000694400000, 0x0000000694800000|  0%| F|  |TAMS 0x0000000694400000| PB 0x0000000694400000| Untracked 
|  82|0x0000000694800000, 0x0000000694800000, 0x0000000694c00000|  0%| F|  |TAMS 0x0000000694800000| PB 0x0000000694800000| Untracked 
|  83|0x0000000694c00000, 0x0000000694c00000, 0x0000000695000000|  0%| F|  |TAMS 0x0000000694c00000| PB 0x0000000694c00000| Untracked 
|  84|0x0000000695000000, 0x0000000695000000, 0x0000000695400000|  0%| F|  |TAMS 0x0000000695000000| PB 0x0000000695000000| Untracked 
|  85|0x0000000695400000, 0x0000000695400000, 0x0000000695800000|  0%| F|  |TAMS 0x0000000695400000| PB 0x0000000695400000| Untracked 
|  86|0x0000000695800000, 0x0000000695800000, 0x0000000695c00000|  0%| F|  |TAMS 0x0000000695800000| PB 0x0000000695800000| Untracked 
|  87|0x0000000695c00000, 0x0000000695c00000, 0x0000000696000000|  0%| F|  |TAMS 0x0000000695c00000| PB 0x0000000695c00000| Untracked 
|  88|0x0000000696000000, 0x0000000696000000, 0x0000000696400000|  0%| F|  |TAMS 0x0000000696000000| PB 0x0000000696000000| Untracked 
|  89|0x0000000696400000, 0x0000000696400000, 0x0000000696800000|  0%| F|  |TAMS 0x0000000696400000| PB 0x0000000696400000| Untracked 
|  90|0x0000000696800000, 0x0000000696800000, 0x0000000696c00000|  0%| F|  |TAMS 0x0000000696800000| PB 0x0000000696800000| Untracked 
|  91|0x0000000696c00000, 0x0000000696c00000, 0x0000000697000000|  0%| F|  |TAMS 0x0000000696c00000| PB 0x0000000696c00000| Untracked 
|  92|0x0000000697000000, 0x0000000697000000, 0x0000000697400000|  0%| F|  |TAMS 0x0000000697000000| PB 0x0000000697000000| Untracked 
|  93|0x0000000697400000, 0x0000000697400000, 0x0000000697800000|  0%| F|  |TAMS 0x0000000697400000| PB 0x0000000697400000| Untracked 
|  94|0x0000000697800000, 0x0000000697800000, 0x0000000697c00000|  0%| F|  |TAMS 0x0000000697800000| PB 0x0000000697800000| Untracked 
|  95|0x0000000697c00000, 0x0000000697c00000, 0x0000000698000000|  0%| F|  |TAMS 0x0000000697c00000| PB 0x0000000697c00000| Untracked 
|  96|0x0000000698000000, 0x0000000698000000, 0x0000000698400000|  0%| F|  |TAMS 0x0000000698000000| PB 0x0000000698000000| Untracked 
|  97|0x0000000698400000, 0x0000000698400000, 0x0000000698800000|  0%| F|  |TAMS 0x0000000698400000| PB 0x0000000698400000| Untracked 
|  98|0x0000000698800000, 0x0000000698800000, 0x0000000698c00000|  0%| F|  |TAMS 0x0000000698800000| PB 0x0000000698800000| Untracked 
|  99|0x0000000698c00000, 0x0000000698c00000, 0x0000000699000000|  0%| F|  |TAMS 0x0000000698c00000| PB 0x0000000698c00000| Untracked 
| 100|0x0000000699000000, 0x0000000699000000, 0x0000000699400000|  0%| F|  |TAMS 0x0000000699000000| PB 0x0000000699000000| Untracked 
| 101|0x0000000699400000, 0x0000000699400000, 0x0000000699800000|  0%| F|  |TAMS 0x0000000699400000| PB 0x0000000699400000| Untracked 
| 102|0x0000000699800000, 0x0000000699800000, 0x0000000699c00000|  0%| F|  |TAMS 0x0000000699800000| PB 0x0000000699800000| Untracked 
| 103|0x0000000699c00000, 0x0000000699c00000, 0x000000069a000000|  0%| F|  |TAMS 0x0000000699c00000| PB 0x0000000699c00000| Untracked 
| 104|0x000000069a000000, 0x000000069a000000, 0x000000069a400000|  0%| F|  |TAMS 0x000000069a000000| PB 0x000000069a000000| Untracked 
| 105|0x000000069a400000, 0x000000069a400000, 0x000000069a800000|  0%| F|  |TAMS 0x000000069a400000| PB 0x000000069a400000| Untracked 
| 106|0x000000069a800000, 0x000000069a800000, 0x000000069ac00000|  0%| F|  |TAMS 0x000000069a800000| PB 0x000000069a800000| Untracked 
| 107|0x000000069ac00000, 0x000000069ac00000, 0x000000069b000000|  0%| F|  |TAMS 0x000000069ac00000| PB 0x000000069ac00000| Untracked 
| 108|0x000000069b000000, 0x000000069b000000, 0x000000069b400000|  0%| F|  |TAMS 0x000000069b000000| PB 0x000000069b000000| Untracked 
| 109|0x000000069b400000, 0x000000069b400000, 0x000000069b800000|  0%| F|  |TAMS 0x000000069b400000| PB 0x000000069b400000| Untracked 
| 110|0x000000069b800000, 0x000000069b800000, 0x000000069bc00000|  0%| F|  |TAMS 0x000000069b800000| PB 0x000000069b800000| Untracked 
| 111|0x000000069bc00000, 0x000000069bc00000, 0x000000069c000000|  0%| F|  |TAMS 0x000000069bc00000| PB 0x000000069bc00000| Untracked 
| 112|0x000000069c000000, 0x000000069c000000, 0x000000069c400000|  0%| F|  |TAMS 0x000000069c000000| PB 0x000000069c000000| Untracked 
| 113|0x000000069c400000, 0x000000069c400000, 0x000000069c800000|  0%| F|  |TAMS 0x000000069c400000| PB 0x000000069c400000| Untracked 
| 114|0x000000069c800000, 0x000000069c800000, 0x000000069cc00000|  0%| F|  |TAMS 0x000000069c800000| PB 0x000000069c800000| Untracked 
| 115|0x000000069cc00000, 0x000000069cc00000, 0x000000069d000000|  0%| F|  |TAMS 0x000000069cc00000| PB 0x000000069cc00000| Untracked 
| 116|0x000000069d000000, 0x000000069d000000, 0x000000069d400000|  0%| F|  |TAMS 0x000000069d000000| PB 0x000000069d000000| Untracked 
| 117|0x000000069d400000, 0x000000069d400000, 0x000000069d800000|  0%| F|  |TAMS 0x000000069d400000| PB 0x000000069d400000| Untracked 
| 118|0x000000069d800000, 0x000000069d800000, 0x000000069dc00000|  0%| F|  |TAMS 0x000000069d800000| PB 0x000000069d800000| Untracked 
| 119|0x000000069dc00000, 0x000000069dc00000, 0x000000069e000000|  0%| F|  |TAMS 0x000000069dc00000| PB 0x000000069dc00000| Untracked 
| 120|0x000000069e000000, 0x000000069e000000, 0x000000069e400000|  0%| F|  |TAMS 0x000000069e000000| PB 0x000000069e000000| Untracked 
| 121|0x000000069e400000, 0x000000069e400000, 0x000000069e800000|  0%| F|  |TAMS 0x000000069e400000| PB 0x000000069e400000| Untracked 
| 122|0x000000069e800000, 0x000000069e800000, 0x000000069ec00000|  0%| F|  |TAMS 0x000000069e800000| PB 0x000000069e800000| Untracked 
| 123|0x000000069ec00000, 0x000000069ec00000, 0x000000069f000000|  0%| F|  |TAMS 0x000000069ec00000| PB 0x000000069ec00000| Untracked 
| 124|0x000000069f000000, 0x000000069f000000, 0x000000069f400000|  0%| F|  |TAMS 0x000000069f000000| PB 0x000000069f000000| Untracked 
| 125|0x000000069f400000, 0x000000069f400000, 0x000000069f800000|  0%| F|  |TAMS 0x000000069f400000| PB 0x000000069f400000| Untracked 
| 126|0x000000069f800000, 0x000000069f800000, 0x000000069fc00000|  0%| F|  |TAMS 0x000000069f800000| PB 0x000000069f800000| Untracked 
| 127|0x000000069fc00000, 0x000000069fc00000, 0x00000006a0000000|  0%| F|  |TAMS 0x000000069fc00000| PB 0x000000069fc00000| Untracked 
| 128|0x00000006a0000000, 0x00000006a0000000, 0x00000006a0400000|  0%| F|  |TAMS 0x00000006a0000000| PB 0x00000006a0000000| Untracked 
| 129|0x00000006a0400000, 0x00000006a0400000, 0x00000006a0800000|  0%| F|  |TAMS 0x00000006a0400000| PB 0x00000006a0400000| Untracked 
| 130|0x00000006a0800000, 0x00000006a0800000, 0x00000006a0c00000|  0%| F|  |TAMS 0x00000006a0800000| PB 0x00000006a0800000| Untracked 
| 131|0x00000006a0c00000, 0x00000006a0c00000, 0x00000006a1000000|  0%| F|  |TAMS 0x00000006a0c00000| PB 0x00000006a0c00000| Untracked 
| 132|0x00000006a1000000, 0x00000006a1000000, 0x00000006a1400000|  0%| F|  |TAMS 0x00000006a1000000| PB 0x00000006a1000000| Untracked 
| 133|0x00000006a1400000, 0x00000006a1400000, 0x00000006a1800000|  0%| F|  |TAMS 0x00000006a1400000| PB 0x00000006a1400000| Untracked 
| 134|0x00000006a1800000, 0x00000006a1800000, 0x00000006a1c00000|  0%| F|  |TAMS 0x00000006a1800000| PB 0x00000006a1800000| Untracked 
| 135|0x00000006a1c00000, 0x00000006a1c00000, 0x00000006a2000000|  0%| F|  |TAMS 0x00000006a1c00000| PB 0x00000006a1c00000| Untracked 
| 136|0x00000006a2000000, 0x00000006a2000000, 0x00000006a2400000|  0%| F|  |TAMS 0x00000006a2000000| PB 0x00000006a2000000| Untracked 
| 137|0x00000006a2400000, 0x00000006a2400000, 0x00000006a2800000|  0%| F|  |TAMS 0x00000006a2400000| PB 0x00000006a2400000| Untracked 
| 138|0x00000006a2800000, 0x00000006a2800000, 0x00000006a2c00000|  0%| F|  |TAMS 0x00000006a2800000| PB 0x00000006a2800000| Untracked 
| 139|0x00000006a2c00000, 0x00000006a2c00000, 0x00000006a3000000|  0%| F|  |TAMS 0x00000006a2c00000| PB 0x00000006a2c00000| Untracked 
| 140|0x00000006a3000000, 0x00000006a3000000, 0x00000006a3400000|  0%| F|  |TAMS 0x00000006a3000000| PB 0x00000006a3000000| Untracked 
| 141|0x00000006a3400000, 0x00000006a3400000, 0x00000006a3800000|  0%| F|  |TAMS 0x00000006a3400000| PB 0x00000006a3400000| Untracked 
| 142|0x00000006a3800000, 0x00000006a3800000, 0x00000006a3c00000|  0%| F|  |TAMS 0x00000006a3800000| PB 0x00000006a3800000| Untracked 
| 143|0x00000006a3c00000, 0x00000006a3c00000, 0x00000006a4000000|  0%| F|  |TAMS 0x00000006a3c00000| PB 0x00000006a3c00000| Untracked 
| 144|0x00000006a4000000, 0x00000006a4000000, 0x00000006a4400000|  0%| F|  |TAMS 0x00000006a4000000| PB 0x00000006a4000000| Untracked 
| 145|0x00000006a4400000, 0x00000006a4400000, 0x00000006a4800000|  0%| F|  |TAMS 0x00000006a4400000| PB 0x00000006a4400000| Untracked 
| 146|0x00000006a4800000, 0x00000006a4800000, 0x00000006a4c00000|  0%| F|  |TAMS 0x00000006a4800000| PB 0x00000006a4800000| Untracked 
| 147|0x00000006a4c00000, 0x00000006a4c00000, 0x00000006a5000000|  0%| F|  |TAMS 0x00000006a4c00000| PB 0x00000006a4c00000| Untracked 
| 148|0x00000006a5000000, 0x00000006a5000000, 0x00000006a5400000|  0%| F|  |TAMS 0x00000006a5000000| PB 0x00000006a5000000| Untracked 
| 149|0x00000006a5400000, 0x00000006a5400000, 0x00000006a5800000|  0%| F|  |TAMS 0x00000006a5400000| PB 0x00000006a5400000| Untracked 
| 150|0x00000006a5800000, 0x00000006a5800000, 0x00000006a5c00000|  0%| F|  |TAMS 0x00000006a5800000| PB 0x00000006a5800000| Untracked 
| 151|0x00000006a5c00000, 0x00000006a5c00000, 0x00000006a6000000|  0%| F|  |TAMS 0x00000006a5c00000| PB 0x00000006a5c00000| Untracked 
| 152|0x00000006a6000000, 0x00000006a6000000, 0x00000006a6400000|  0%| F|  |TAMS 0x00000006a6000000| PB 0x00000006a6000000| Untracked 
| 153|0x00000006a6400000, 0x00000006a6400000, 0x00000006a6800000|  0%| F|  |TAMS 0x00000006a6400000| PB 0x00000006a6400000| Untracked 
| 154|0x00000006a6800000, 0x00000006a6800000, 0x00000006a6c00000|  0%| F|  |TAMS 0x00000006a6800000| PB 0x00000006a6800000| Untracked 
| 155|0x00000006a6c00000, 0x00000006a6c00000, 0x00000006a7000000|  0%| F|  |TAMS 0x00000006a6c00000| PB 0x00000006a6c00000| Untracked 
| 156|0x00000006a7000000, 0x00000006a7000000, 0x00000006a7400000|  0%| F|  |TAMS 0x00000006a7000000| PB 0x00000006a7000000| Untracked 
| 157|0x00000006a7400000, 0x00000006a7400000, 0x00000006a7800000|  0%| F|  |TAMS 0x00000006a7400000| PB 0x00000006a7400000| Untracked 
| 158|0x00000006a7800000, 0x00000006a7800000, 0x00000006a7c00000|  0%| F|  |TAMS 0x00000006a7800000| PB 0x00000006a7800000| Untracked 
| 159|0x00000006a7c00000, 0x00000006a7c00000, 0x00000006a8000000|  0%| F|  |TAMS 0x00000006a7c00000| PB 0x00000006a7c00000| Untracked 
| 160|0x00000006a8000000, 0x00000006a8000000, 0x00000006a8400000|  0%| F|  |TAMS 0x00000006a8000000| PB 0x00000006a8000000| Untracked 
| 161|0x00000006a8400000, 0x00000006a8400000, 0x00000006a8800000|  0%| F|  |TAMS 0x00000006a8400000| PB 0x00000006a8400000| Untracked 
| 162|0x00000006a8800000, 0x00000006a8800000, 0x00000006a8c00000|  0%| F|  |TAMS 0x00000006a8800000| PB 0x00000006a8800000| Untracked 
| 163|0x00000006a8c00000, 0x00000006a8c00000, 0x00000006a9000000|  0%| F|  |TAMS 0x00000006a8c00000| PB 0x00000006a8c00000| Untracked 
| 164|0x00000006a9000000, 0x00000006a9000000, 0x00000006a9400000|  0%| F|  |TAMS 0x00000006a9000000| PB 0x00000006a9000000| Untracked 
| 165|0x00000006a9400000, 0x00000006a9400000, 0x00000006a9800000|  0%| F|  |TAMS 0x00000006a9400000| PB 0x00000006a9400000| Untracked 
| 166|0x00000006a9800000, 0x00000006a9800000, 0x00000006a9c00000|  0%| F|  |TAMS 0x00000006a9800000| PB 0x00000006a9800000| Untracked 
| 167|0x00000006a9c00000, 0x00000006a9c00000, 0x00000006aa000000|  0%| F|  |TAMS 0x00000006a9c00000| PB 0x00000006a9c00000| Untracked 
| 168|0x00000006aa000000, 0x00000006aa000000, 0x00000006aa400000|  0%| F|  |TAMS 0x00000006aa000000| PB 0x00000006aa000000| Untracked 
| 169|0x00000006aa400000, 0x00000006aa400000, 0x00000006aa800000|  0%| F|  |TAMS 0x00000006aa400000| PB 0x00000006aa400000| Untracked 
| 170|0x00000006aa800000, 0x00000006aa800000, 0x00000006aac00000|  0%| F|  |TAMS 0x00000006aa800000| PB 0x00000006aa800000| Untracked 
| 171|0x00000006aac00000, 0x00000006aac00000, 0x00000006ab000000|  0%| F|  |TAMS 0x00000006aac00000| PB 0x00000006aac00000| Untracked 
| 172|0x00000006ab000000, 0x00000006ab000000, 0x00000006ab400000|  0%| F|  |TAMS 0x00000006ab000000| PB 0x00000006ab000000| Untracked 
| 173|0x00000006ab400000, 0x00000006ab400000, 0x00000006ab800000|  0%| F|  |TAMS 0x00000006ab400000| PB 0x00000006ab400000| Untracked 
| 174|0x00000006ab800000, 0x00000006ab800000, 0x00000006abc00000|  0%| F|  |TAMS 0x00000006ab800000| PB 0x00000006ab800000| Untracked 
| 175|0x00000006abc00000, 0x00000006abc00000, 0x00000006ac000000|  0%| F|  |TAMS 0x00000006abc00000| PB 0x00000006abc00000| Untracked 
| 176|0x00000006ac000000, 0x00000006ac000000, 0x00000006ac400000|  0%| F|  |TAMS 0x00000006ac000000| PB 0x00000006ac000000| Untracked 
| 177|0x00000006ac400000, 0x00000006ac400000, 0x00000006ac800000|  0%| F|  |TAMS 0x00000006ac400000| PB 0x00000006ac400000| Untracked 
| 178|0x00000006ac800000, 0x00000006ac800000, 0x00000006acc00000|  0%| F|  |TAMS 0x00000006ac800000| PB 0x00000006ac800000| Untracked 
| 179|0x00000006acc00000, 0x00000006acc00000, 0x00000006ad000000|  0%| F|  |TAMS 0x00000006acc00000| PB 0x00000006acc00000| Untracked 
| 180|0x00000006ad000000, 0x00000006ad000000, 0x00000006ad400000|  0%| F|  |TAMS 0x00000006ad000000| PB 0x00000006ad000000| Untracked 
| 181|0x00000006ad400000, 0x00000006ad400000, 0x00000006ad800000|  0%| F|  |TAMS 0x00000006ad400000| PB 0x00000006ad400000| Untracked 
| 182|0x00000006ad800000, 0x00000006ad800000, 0x00000006adc00000|  0%| F|  |TAMS 0x00000006ad800000| PB 0x00000006ad800000| Untracked 
| 183|0x00000006adc00000, 0x00000006adc00000, 0x00000006ae000000|  0%| F|  |TAMS 0x00000006adc00000| PB 0x00000006adc00000| Untracked 
| 184|0x00000006ae000000, 0x00000006ae000000, 0x00000006ae400000|  0%| F|  |TAMS 0x00000006ae000000| PB 0x00000006ae000000| Untracked 
| 185|0x00000006ae400000, 0x00000006ae400000, 0x00000006ae800000|  0%| F|  |TAMS 0x00000006ae400000| PB 0x00000006ae400000| Untracked 
| 186|0x00000006ae800000, 0x00000006ae800000, 0x00000006aec00000|  0%| F|  |TAMS 0x00000006ae800000| PB 0x00000006ae800000| Untracked 
| 187|0x00000006aec00000, 0x00000006aec00000, 0x00000006af000000|  0%| F|  |TAMS 0x00000006aec00000| PB 0x00000006aec00000| Untracked 
| 188|0x00000006af000000, 0x00000006af000000, 0x00000006af400000|  0%| F|  |TAMS 0x00000006af000000| PB 0x00000006af000000| Untracked 
| 189|0x00000006af400000, 0x00000006af400000, 0x00000006af800000|  0%| F|  |TAMS 0x00000006af400000| PB 0x00000006af400000| Untracked 
| 190|0x00000006af800000, 0x00000006af800000, 0x00000006afc00000|  0%| F|  |TAMS 0x00000006af800000| PB 0x00000006af800000| Untracked 
| 191|0x00000006afc00000, 0x00000006afc00000, 0x00000006b0000000|  0%| F|  |TAMS 0x00000006afc00000| PB 0x00000006afc00000| Untracked 
| 192|0x00000006b0000000, 0x00000006b0000000, 0x00000006b0400000|  0%| F|  |TAMS 0x00000006b0000000| PB 0x00000006b0000000| Untracked 
| 193|0x00000006b0400000, 0x00000006b0400000, 0x00000006b0800000|  0%| F|  |TAMS 0x00000006b0400000| PB 0x00000006b0400000| Untracked 
| 194|0x00000006b0800000, 0x00000006b0800000, 0x00000006b0c00000|  0%| F|  |TAMS 0x00000006b0800000| PB 0x00000006b0800000| Untracked 
| 195|0x00000006b0c00000, 0x00000006b0c00000, 0x00000006b1000000|  0%| F|  |TAMS 0x00000006b0c00000| PB 0x00000006b0c00000| Untracked 
| 196|0x00000006b1000000, 0x00000006b1000000, 0x00000006b1400000|  0%| F|  |TAMS 0x00000006b1000000| PB 0x00000006b1000000| Untracked 
| 197|0x00000006b1400000, 0x00000006b1400000, 0x00000006b1800000|  0%| F|  |TAMS 0x00000006b1400000| PB 0x00000006b1400000| Untracked 
| 198|0x00000006b1800000, 0x00000006b1800000, 0x00000006b1c00000|  0%| F|  |TAMS 0x00000006b1800000| PB 0x00000006b1800000| Untracked 
| 199|0x00000006b1c00000, 0x00000006b1c00000, 0x00000006b2000000|  0%| F|  |TAMS 0x00000006b1c00000| PB 0x00000006b1c00000| Untracked 
| 200|0x00000006b2000000, 0x00000006b2000000, 0x00000006b2400000|  0%| F|  |TAMS 0x00000006b2000000| PB 0x00000006b2000000| Untracked 
| 201|0x00000006b2400000, 0x00000006b2400000, 0x00000006b2800000|  0%| F|  |TAMS 0x00000006b2400000| PB 0x00000006b2400000| Untracked 
| 202|0x00000006b2800000, 0x00000006b2800000, 0x00000006b2c00000|  0%| F|  |TAMS 0x00000006b2800000| PB 0x00000006b2800000| Untracked 
| 203|0x00000006b2c00000, 0x00000006b2c00000, 0x00000006b3000000|  0%| F|  |TAMS 0x00000006b2c00000| PB 0x00000006b2c00000| Untracked 
| 204|0x00000006b3000000, 0x00000006b3000000, 0x00000006b3400000|  0%| F|  |TAMS 0x00000006b3000000| PB 0x00000006b3000000| Untracked 
| 205|0x00000006b3400000, 0x00000006b3400000, 0x00000006b3800000|  0%| F|  |TAMS 0x00000006b3400000| PB 0x00000006b3400000| Untracked 
| 206|0x00000006b3800000, 0x00000006b3800000, 0x00000006b3c00000|  0%| F|  |TAMS 0x00000006b3800000| PB 0x00000006b3800000| Untracked 
| 207|0x00000006b3c00000, 0x00000006b3de0018, 0x00000006b4000000| 46%| S|CS|TAMS 0x00000006b3c00000| PB 0x00000006b3c00000| Complete 
| 208|0x00000006b4000000, 0x00000006b4000000, 0x00000006b4400000|  0%| F|  |TAMS 0x00000006b4000000| PB 0x00000006b4000000| Untracked 
| 209|0x00000006b4400000, 0x00000006b4400000, 0x00000006b4800000|  0%| F|  |TAMS 0x00000006b4400000| PB 0x00000006b4400000| Untracked 
| 210|0x00000006b4800000, 0x00000006b4800000, 0x00000006b4c00000|  0%| F|  |TAMS 0x00000006b4800000| PB 0x00000006b4800000| Untracked 
| 211|0x00000006b4c00000, 0x00000006b4ddc1e8, 0x00000006b5000000| 46%| E|  |TAMS 0x00000006b4c00000| PB 0x00000006b4c00000| Complete 
| 212|0x00000006b5000000, 0x00000006b5400000, 0x00000006b5400000|100%| E|CS|TAMS 0x00000006b5000000| PB 0x00000006b5000000| Complete 
| 213|0x00000006b5400000, 0x00000006b5800000, 0x00000006b5800000|100%| E|CS|TAMS 0x00000006b5400000| PB 0x00000006b5400000| Complete 
| 214|0x00000006b5800000, 0x00000006b5c00000, 0x00000006b5c00000|100%| E|CS|TAMS 0x00000006b5800000| PB 0x00000006b5800000| Complete 
| 215|0x00000006b5c00000, 0x00000006b6000000, 0x00000006b6000000|100%| E|CS|TAMS 0x00000006b5c00000| PB 0x00000006b5c00000| Complete 
| 216|0x00000006b6000000, 0x00000006b6400000, 0x00000006b6400000|100%| E|CS|TAMS 0x00000006b6000000| PB 0x00000006b6000000| Complete 
| 217|0x00000006b6400000, 0x00000006b6800000, 0x00000006b6800000|100%| E|CS|TAMS 0x00000006b6400000| PB 0x00000006b6400000| Complete 
| 218|0x00000006b6800000, 0x00000006b6c00000, 0x00000006b6c00000|100%| E|CS|TAMS 0x00000006b6800000| PB 0x00000006b6800000| Complete 
| 219|0x00000006b6c00000, 0x00000006b7000000, 0x00000006b7000000|100%| E|CS|TAMS 0x00000006b6c00000| PB 0x00000006b6c00000| Complete 
| 220|0x00000006b7000000, 0x00000006b7400000, 0x00000006b7400000|100%| E|CS|TAMS 0x00000006b7000000| PB 0x00000006b7000000| Complete 
| 221|0x00000006b7400000, 0x00000006b7800000, 0x00000006b7800000|100%| E|CS|TAMS 0x00000006b7400000| PB 0x00000006b7400000| Complete 
| 222|0x00000006b7800000, 0x00000006b7c00000, 0x00000006b7c00000|100%| E|CS|TAMS 0x00000006b7800000| PB 0x00000006b7800000| Complete 
| 223|0x00000006b7c00000, 0x00000006b8000000, 0x00000006b8000000|100%| E|CS|TAMS 0x00000006b7c00000| PB 0x00000006b7c00000| Complete 
| 224|0x00000006b8000000, 0x00000006b8400000, 0x00000006b8400000|100%| E|CS|TAMS 0x00000006b8000000| PB 0x00000006b8000000| Complete 
| 225|0x00000006b8400000, 0x00000006b8800000, 0x00000006b8800000|100%| E|CS|TAMS 0x00000006b8400000| PB 0x00000006b8400000| Complete 
| 226|0x00000006b8800000, 0x00000006b8c00000, 0x00000006b8c00000|100%| E|CS|TAMS 0x00000006b8800000| PB 0x00000006b8800000| Complete 

Card table byte_map: [0x0000021e7aa30000,0x0000021e7b630000] _byte_map_base: 0x0000021e77630000

Marking Bits: (CMBitMap*) 0x0000021e61b93630
 Bits: [0x0000021e00000000, 0x0000021e06000000)

Polling page: 0x0000021e5a3e0000

Metaspace:

Usage:
  Non-class:     80.96 MB used.
      Class:     11.88 MB used.
       Both:     92.84 MB used.

Virtual space:
  Non-class space:      128.00 MB reserved,      81.25 MB ( 63%) committed,  2 nodes.
      Class space:        1.00 GB reserved,      12.31 MB (  1%) committed,  1 nodes.
             Both:        1.12 GB reserved,      93.56 MB (  8%) committed. 

Chunk freelists:
   Non-Class:  14.33 MB
       Class:  3.94 MB
        Both:  18.27 MB

MaxMetaspaceSize: unlimited
CompressedClassSpaceSize: 1.00 GB
Initial GC threshold: 21.00 MB
Current GC threshold: 155.94 MB
CDS: on
 - commit_granule_bytes: 65536.
 - commit_granule_words: 8192.
 - virtual_space_node_default_size: 8388608.
 - enlarge_chunks_in_place: 1.
 - use_allocation_guard: 0.


Internal statistics:

num_allocs_failed_limit: 12.
num_arena_births: 1520.
num_arena_deaths: 842.
num_vsnodes_births: 3.
num_vsnodes_deaths: 0.
num_space_committed: 1489.
num_space_uncommitted: 0.
num_chunks_returned_to_freelist: 1082.
num_chunks_taken_from_freelist: 4459.
num_chunk_merges: 259.
num_chunk_splits: 2797.
num_chunks_enlarged: 1965.
num_inconsistent_stats: 0.

CodeHeap 'non-profiled nmethods': size=119168Kb used=29121Kb max_used=30688Kb free=90046Kb
 bounds [0x0000021e729d0000, 0x0000021e747d0000, 0x0000021e79e30000]
CodeHeap 'profiled nmethods': size=119104Kb used=15289Kb max_used=42656Kb free=103814Kb
 bounds [0x0000021e6ae30000, 0x0000021e6d830000, 0x0000021e72280000]
CodeHeap 'non-nmethods': size=7488Kb used=3418Kb max_used=4113Kb free=4069Kb
 bounds [0x0000021e72280000, 0x0000021e726d0000, 0x0000021e729d0000]
 total_blobs=11713 nmethods=10499 adapters=1107
 compilation: enabled
              stopped_count=0, restarted_count=0
 full_count=0

Compilation events (20 events):
Event: 81536.366 Thread 0x0000021e9a9e0070 169624       3       ui.utils.swing.f.i::getBreakWeight (8 bytes)
Event: 81536.366 Thread 0x0000021e625721d0 169625       3       ui.utils.swing.f.a::getBreakWeight (16 bytes)
Event: 81536.366 Thread 0x0000021e625721d0 nmethod 169625 0x0000021e6d7a5c10 code [0x0000021e6d7a5dc0, 0x0000021e6d7a6018]
Event: 81536.366 Thread 0x0000021e9a9e0070 nmethod 169624 0x0000021e6d7a5690 code [0x0000021e6d7a5840, 0x0000021e6d7a5ad8]
Event: 81536.367 Thread 0x0000021e6256d270 169626       4       javax.swing.tree.VariableHeightLayoutCache::isExpanded (31 bytes)
Event: 81536.367 Thread 0x0000021e6256d270 nmethod 169626 0x0000021e74507090 code [0x0000021e74507220, 0x0000021e74507310]
Event: 81536.393 Thread 0x0000021e625721d0 169627       3       ui.frmwork.a.e::iSL (7 bytes)
Event: 81536.393 Thread 0x0000021e625721d0 nmethod 169627 0x0000021e6d7a5290 code [0x0000021e6d7a5440, 0x0000021e6d7a5598]
Event: 81536.571 Thread 0x0000021e6256d270 169628       4       com.jidesoft.editor.CodeEditor::s (4 bytes)
Event: 81536.571 Thread 0x0000021e9a9de530 169629       3       ui.a.b::bjl (11 bytes)
Event: 81536.572 Thread 0x0000021e9a9de530 nmethod 169629 0x0000021e6d7a4e90 code [0x0000021e6d7a5040, 0x0000021e6d7a51a8]
Event: 81536.572 Thread 0x0000021e6256d270 nmethod 169628 0x0000021e74506d90 code [0x0000021e74506f20, 0x0000021e74506fa0]
Event: 81536.637 Thread 0x0000021e9a9de530 169630  s    3       com.jidesoft.editor.selection.DefaultSelectionModel::setSelection (129 bytes)
Event: 81536.638 Thread 0x0000021e9a9de530 nmethod 169630 0x0000021e6d7a3c10 code [0x0000021e6d7a3e60, 0x0000021e6d7a4b80]
Event: 81536.639 Thread 0x0000021e9a9de530 169631       3       java.io.FilterOutputStream::write (9 bytes)
Event: 81536.639 Thread 0x0000021e9a9e0070 169632   !   3       java.io.BufferedOutputStream::write (73 bytes)
Event: 81536.639 Thread 0x0000021e625721d0 169633       3       java.io.BufferedOutputStream::implWrite (71 bytes)
Event: 81536.639 Thread 0x0000021e9a9de530 nmethod 169631 0x0000021e6d7a3790 code [0x0000021e6d7a3940, 0x0000021e6d7a3b20]
Event: 81536.640 Thread 0x0000021e625721d0 nmethod 169633 0x0000021e6d7a2c90 code [0x0000021e6d7a2ea0, 0x0000021e6d7a3598]
Event: 81536.641 Thread 0x0000021e9a9e0070 nmethod 169632 0x0000021e6d7a1890 code [0x0000021e6d7a1b20, 0x0000021e6d7a27e8]

GC Heap History (20 events):
Event: 81488.581 GC heap before
{Heap before GC invocations=2717 (full 1594):
 garbage-first heap   total 929792K, used 354247K [0x0000000680000000, 0x0000000800000000)
  region size 4096K, 20 young (81920K), 1 survivors (4096K)
 Metaspace       used 95067K, committed 95808K, reserved 1179648K
  class space    used 12165K, committed 12608K, reserved 1048576K
}
Event: 81488.585 GC heap after
{Heap after GC invocations=2718 (full 1594):
 garbage-first heap   total 929792K, used 276401K [0x0000000680000000, 0x0000000800000000)
  region size 4096K, 1 young (4096K), 1 survivors (4096K)
 Metaspace       used 95067K, committed 95808K, reserved 1179648K
  class space    used 12165K, committed 12608K, reserved 1048576K
}
Event: 81492.355 GC heap before
{Heap before GC invocations=2718 (full 1594):
 garbage-first heap   total 929792K, used 354225K [0x0000000680000000, 0x0000000800000000)
  region size 4096K, 20 young (81920K), 1 survivors (4096K)
 Metaspace       used 95067K, committed 95808K, reserved 1179648K
  class space    used 12165K, committed 12608K, reserved 1048576K
}
Event: 81492.358 GC heap after
{Heap after GC invocations=2719 (full 1594):
 garbage-first heap   total 929792K, used 276453K [0x0000000680000000, 0x0000000800000000)
  region size 4096K, 1 young (4096K), 1 survivors (4096K)
 Metaspace       used 95067K, committed 95808K, reserved 1179648K
  class space    used 12165K, committed 12608K, reserved 1048576K
}
Event: 81502.448 GC heap before
{Heap before GC invocations=2719 (full 1594):
 garbage-first heap   total 929792K, used 354277K [0x0000000680000000, 0x0000000800000000)
  region size 4096K, 20 young (81920K), 1 survivors (4096K)
 Metaspace       used 95067K, committed 95808K, reserved 1179648K
  class space    used 12165K, committed 12608K, reserved 1048576K
}
Event: 81502.451 GC heap after
{Heap after GC invocations=2720 (full 1594):
 garbage-first heap   total 929792K, used 276248K [0x0000000680000000, 0x0000000800000000)
  region size 4096K, 1 young (4096K), 1 survivors (4096K)
 Metaspace       used 95067K, committed 95808K, reserved 1179648K
  class space    used 12165K, committed 12608K, reserved 1048576K
}
Event: 81505.240 GC heap before
{Heap before GC invocations=2720 (full 1594):
 garbage-first heap   total 929792K, used 354072K [0x0000000680000000, 0x0000000800000000)
  region size 4096K, 20 young (81920K), 1 survivors (4096K)
 Metaspace       used 95067K, committed 95808K, reserved 1179648K
  class space    used 12165K, committed 12608K, reserved 1048576K
}
Event: 81505.244 GC heap after
{Heap after GC invocations=2721 (full 1594):
 garbage-first heap   total 929792K, used 276182K [0x0000000680000000, 0x0000000800000000)
  region size 4096K, 1 young (4096K), 1 survivors (4096K)
 Metaspace       used 95067K, committed 95808K, reserved 1179648K
  class space    used 12165K, committed 12608K, reserved 1048576K
}
Event: 81520.441 GC heap before
{Heap before GC invocations=2721 (full 1594):
 garbage-first heap   total 929792K, used 354006K [0x0000000680000000, 0x0000000800000000)
  region size 4096K, 20 young (81920K), 1 survivors (4096K)
 Metaspace       used 95067K, committed 95808K, reserved 1179648K
  class space    used 12165K, committed 12608K, reserved 1048576K
}
Event: 81520.446 GC heap after
{Heap after GC invocations=2722 (full 1594):
 garbage-first heap   total 929792K, used 276627K [0x0000000680000000, 0x0000000800000000)
  region size 4096K, 1 young (4096K), 1 survivors (4096K)
 Metaspace       used 95067K, committed 95808K, reserved 1179648K
  class space    used 12165K, committed 12608K, reserved 1048576K
}
Event: 81521.986 GC heap before
{Heap before GC invocations=2722 (full 1594):
 garbage-first heap   total 929792K, used 354451K [0x0000000680000000, 0x0000000800000000)
  region size 4096K, 20 young (81920K), 1 survivors (4096K)
 Metaspace       used 95067K, committed 95808K, reserved 1179648K
  class space    used 12165K, committed 12608K, reserved 1048576K
}
Event: 81521.989 GC heap after
{Heap after GC invocations=2723 (full 1594):
 garbage-first heap   total 929792K, used 276238K [0x0000000680000000, 0x0000000800000000)
  region size 4096K, 1 young (4096K), 1 survivors (4096K)
 Metaspace       used 95067K, committed 95808K, reserved 1179648K
  class space    used 12165K, committed 12608K, reserved 1048576K
}
Event: 81522.123 GC heap before
{Heap before GC invocations=2723 (full 1594):
 garbage-first heap   total 929792K, used 354062K [0x0000000680000000, 0x0000000800000000)
  region size 4096K, 20 young (81920K), 1 survivors (4096K)
 Metaspace       used 95067K, committed 95808K, reserved 1179648K
  class space    used 12165K, committed 12608K, reserved 1048576K
}
Event: 81522.125 GC heap after
{Heap after GC invocations=2724 (full 1594):
 garbage-first heap   total 929792K, used 276232K [0x0000000680000000, 0x0000000800000000)
  region size 4096K, 1 young (4096K), 1 survivors (4096K)
 Metaspace       used 95067K, committed 95808K, reserved 1179648K
  class space    used 12165K, committed 12608K, reserved 1048576K
}
Event: 81522.259 GC heap before
{Heap before GC invocations=2724 (full 1594):
 garbage-first heap   total 929792K, used 354056K [0x0000000680000000, 0x0000000800000000)
  region size 4096K, 20 young (81920K), 1 survivors (4096K)
 Metaspace       used 95067K, committed 95808K, reserved 1179648K
  class space    used 12165K, committed 12608K, reserved 1048576K
}
Event: 81522.262 GC heap after
{Heap after GC invocations=2725 (full 1594):
 garbage-first heap   total 929792K, used 276185K [0x0000000680000000, 0x0000000800000000)
  region size 4096K, 1 young (4096K), 1 survivors (4096K)
 Metaspace       used 95067K, committed 95808K, reserved 1179648K
  class space    used 12165K, committed 12608K, reserved 1048576K
}
Event: 81526.358 GC heap before
{Heap before GC invocations=2725 (full 1594):
 garbage-first heap   total 929792K, used 354009K [0x0000000680000000, 0x0000000800000000)
  region size 4096K, 20 young (81920K), 1 survivors (4096K)
 Metaspace       used 95067K, committed 95808K, reserved 1179648K
  class space    used 12165K, committed 12608K, reserved 1048576K
}
Event: 81526.361 GC heap after
{Heap after GC invocations=2726 (full 1594):
 garbage-first heap   total 929792K, used 276996K [0x0000000680000000, 0x0000000800000000)
  region size 4096K, 1 young (4096K), 1 survivors (4096K)
 Metaspace       used 95067K, committed 95808K, reserved 1179648K
  class space    used 12165K, committed 12608K, reserved 1048576K
}
Event: 81532.229 GC heap before
{Heap before GC invocations=2726 (full 1594):
 garbage-first heap   total 929792K, used 354820K [0x0000000680000000, 0x0000000800000000)
  region size 4096K, 20 young (81920K), 1 survivors (4096K)
 Metaspace       used 95067K, committed 95808K, reserved 1179648K
  class space    used 12165K, committed 12608K, reserved 1048576K
}
Event: 81532.232 GC heap after
{Heap after GC invocations=2727 (full 1594):
 garbage-first heap   total 929792K, used 276658K [0x0000000680000000, 0x0000000800000000)
  region size 4096K, 1 young (4096K), 1 survivors (4096K)
 Metaspace       used 95067K, committed 95808K, reserved 1179648K
  class space    used 12165K, committed 12608K, reserved 1048576K
}

Dll operation events (20 events):
Event: 1.180 Loaded shared library D:\Xlinx\2025.1\Vivado\lib\win64.o\xv_labtoolstasks.dll
Event: 1.187 Loaded shared library D:\Xlinx\2025.1\Vivado\lib\win64.o\xv_simtcltasks.dll
Event: 1.206 Loaded shared library D:\Xlinx\2025.1\Vivado\lib\win64.o\xv_ipservicestasks.dll
Event: 1.209 Loaded shared library D:\Xlinx\2025.1\Vivado\lib\win64.o\xv_vivadotasks.dll
Event: 1.211 Loaded shared library D:\Xlinx\2025.1\Vivado\lib\win64.o\xv_board.dll
Event: 1.213 Loaded shared library D:\Xlinx\2025.1\Vivado\lib\win64.o\xv_boarddep.dll
Event: 1.215 Loaded shared library D:\Xlinx\2025.1\Vivado\lib\win64.o\xv_boardcommontasks.dll
Event: 1.218 Loaded shared library D:\Xlinx\2025.1\Vivado\lib\win64.o\xv_ptgen.dll
Event: 1.220 Loaded shared library D:\Xlinx\2025.1\Vivado\lib\win64.o\xv_ip.dll
Event: 1.222 Loaded shared library D:\Xlinx\2025.1\Vivado\lib\win64.o\xv_mig.dll
Event: 1.226 Loaded shared library D:\Xlinx\2025.1\Vivado\lib\win64.o\xv_implflow.dll
Event: 1.229 Loaded shared library D:\Xlinx\2025.1\Vivado\lib\win64.o\xv_xhubtasks.dll
Event: 1.265 Loaded shared library D:\Xlinx\2025.1\Vivado\lib\win64.o\xv_iptasks.dll
Event: 1.269 Loaded shared library D:\Xlinx\2025.1\Vivado\lib\win64.o\xv_synth.dll
Event: 2.372 Loaded shared library D:\Xlinx\2025.1\Vivado\tps\win64\jre21.0.1_12\bin\verify.dll
Event: 2.432 Loaded shared library D:\Xlinx\2025.1\Vivado\tps\win64\jre21.0.1_12\bin\freetype.dll
Event: 2.435 Loaded shared library D:\Xlinx\2025.1\Vivado\tps\win64\jre21.0.1_12\bin\fontmanager.dll
Event: 8.596 Loaded shared library D:\Xlinx\2025.1\Vivado\lib\win64.o\xv_xhub.dll
Event: 14.291 Loaded shared library D:\Xlinx\2025.1\Vivado\tps\win64\jre21.0.1_12\bin\management.dll
Event: 14.295 Loaded shared library D:\Xlinx\2025.1\Vivado\tps\win64\jre21.0.1_12\bin\management_ext.dll

Deoptimization events (20 events):
Event: 81268.367 Thread 0x0000021e7e1ef8d0 DEOPT PACKING pc=0x0000021e6b22da92 sp=0x000000a9f79febe0
Event: 81268.367 Thread 0x0000021e7e1ef8d0 DEOPT UNPACKING pc=0x0000021e722d4e42 sp=0x000000a9f79fe080 mode 0
Event: 81386.406 Thread 0x0000021e7e1ef8d0 Uncommon trap: trap_request=0xffffff45 fr.pc=0x0000021e747a50dc relative=0x000000000000059c
Event: 81386.406 Thread 0x0000021e7e1ef8d0 Uncommon trap: reason=unstable_if action=reinterpret pc=0x0000021e747a50dc method=java.text.DigitList.round(IZZ)V @ 106 c2
Event: 81386.406 Thread 0x0000021e7e1ef8d0 DEOPT PACKING pc=0x0000021e747a50dc sp=0x000000a9f79fea50
Event: 81386.406 Thread 0x0000021e7e1ef8d0 DEOPT UNPACKING pc=0x0000021e722d46a2 sp=0x000000a9f79fe950 mode 2
Event: 81396.308 Thread 0x0000021e7e1ef8d0 DEOPT PACKING pc=0x0000021e6ae628dc sp=0x000000a9f79fe930
Event: 81396.308 Thread 0x0000021e7e1ef8d0 DEOPT UNPACKING pc=0x0000021e722d4e42 sp=0x000000a9f79fde40 mode 0
Event: 81396.310 Thread 0x0000021e7e1ef8d0 DEOPT PACKING pc=0x0000021e6bc4729c sp=0x000000a9f79fe900
Event: 81396.310 Thread 0x0000021e7e1ef8d0 DEOPT UNPACKING pc=0x0000021e722d4e42 sp=0x000000a9f79fddf0 mode 0
Event: 81479.848 Thread 0x0000021e7e1ef8d0 DEOPT PACKING pc=0x0000021e6b4be66a sp=0x000000a9f79ff080
Event: 81479.848 Thread 0x0000021e7e1ef8d0 DEOPT UNPACKING pc=0x0000021e722d4e42 sp=0x000000a9f79fe580 mode 0
Event: 81480.396 Thread 0x0000021e7e1ef8d0 DEOPT PACKING pc=0x0000021e6cdedfd3 sp=0x000000a9f79feaf0
Event: 81480.396 Thread 0x0000021e7e1ef8d0 DEOPT UNPACKING pc=0x0000021e722d4e42 sp=0x000000a9f79fdf50 mode 0
Event: 81488.347 Thread 0x0000021e7e1ef8d0 DEOPT PACKING pc=0x0000021e6ae616b2 sp=0x000000a9f79fe6c0
Event: 81488.347 Thread 0x0000021e7e1ef8d0 DEOPT UNPACKING pc=0x0000021e722d4e42 sp=0x000000a9f79fdb80 mode 0
Event: 81504.581 Thread 0x0000021e7e1ef8d0 DEOPT PACKING pc=0x0000021e6d290fa3 sp=0x000000a9f79fec30
Event: 81504.581 Thread 0x0000021e7e1ef8d0 DEOPT UNPACKING pc=0x0000021e722d4e42 sp=0x000000a9f79fe320 mode 0
Event: 81528.352 Thread 0x0000021e7e1ef8d0 DEOPT PACKING pc=0x0000021e6d21f168 sp=0x000000a9f79fe6e0
Event: 81528.352 Thread 0x0000021e7e1ef8d0 DEOPT UNPACKING pc=0x0000021e722d4e42 sp=0x000000a9f79fdba0 mode 0

Classes loaded (20 events):
Event: 30078.596 Loading class sun/awt/windows/WComponentPeer$1
Event: 30078.597 Loading class sun/awt/windows/WComponentPeer$1 done
Event: 30078.604 Loading class sun/java2d/d3d/D3DSurfaceData$D3DWindowSurfaceData
Event: 30078.605 Loading class sun/java2d/d3d/D3DSurfaceData
Event: 30078.606 Loading class sun/java2d/pipe/hw/AccelSurface
Event: 30078.610 Loading class sun/java2d/pipe/hw/AccelSurface done
Event: 30078.610 Loading class sun/java2d/d3d/D3DSurfaceData done
Event: 30078.610 Loading class sun/java2d/d3d/D3DSurfaceData$D3DWindowSurfaceData done
Event: 30078.610 Loading class sun/java2d/opengl/OGLSurfaceData
Event: 30078.610 Loading class sun/java2d/opengl/OGLSurfaceData done
Event: 30230.555 Loading class javax/swing/TransferHandler$TransferAction$1
Event: 30230.561 Loading class javax/swing/TransferHandler$TransferAction$1 done
Event: 30230.561 Loading class javax/swing/TransferHandler$TransferAction$2
Event: 30230.561 Loading class javax/swing/TransferHandler$TransferAction$2 done
Event: 30230.569 Loading class sun/awt/datatransfer/DataTransferer$ReencodingInputStream
Event: 30230.570 Loading class sun/awt/datatransfer/DataTransferer$ReencodingInputStream done
Event: 30230.571 Loading class sun/nio/cs/UTF_16$Encoder
Event: 30230.571 Loading class sun/nio/cs/UTF_16$Encoder done
Event: 77229.998 Loading class javax/swing/event/MenuKeyEvent
Event: 77229.999 Loading class javax/swing/event/MenuKeyEvent done

Classes unloaded (20 events):
Event: 73190.377 Thread 0x0000021e5c1d04a0 Unloading class 0x0000021e07c07000 'java/lang/invoke/LambdaForm$MH+0x0000021e07c07000'
Event: 73190.377 Thread 0x0000021e5c1d04a0 Unloading class 0x0000021e073ccc00 'java/lang/invoke/LambdaForm$MH+0x0000021e073ccc00'
Event: 73190.377 Thread 0x0000021e5c1d04a0 Unloading class 0x0000021e07774000 'jdk/internal/reflect/GeneratedSerializationConstructorAccessor2'
Event: 73190.377 Thread 0x0000021e5c1d04a0 Unloading class 0x0000021e072b0000 'java/lang/invoke/LambdaForm$MH+0x0000021e072b0000'
Event: 73190.377 Thread 0x0000021e5c1d04a0 Unloading class 0x0000021e07be8c00 'java/lang/invoke/LambdaForm$MH+0x0000021e07be8c00'
Event: 73190.377 Thread 0x0000021e5c1d04a0 Unloading class 0x0000021e07be8400 'java/lang/invoke/LambdaForm$MH+0x0000021e07be8400'
Event: 73190.377 Thread 0x0000021e5c1d04a0 Unloading class 0x0000021e07b88000 'java/lang/invoke/LambdaForm$MH+0x0000021e07b88000'
Event: 73190.377 Thread 0x0000021e5c1d04a0 Unloading class 0x0000021e07b22000 'java/lang/invoke/LambdaForm$MH+0x0000021e07b22000'
Event: 73190.377 Thread 0x0000021e5c1d04a0 Unloading class 0x0000021e07309400 'java/lang/invoke/LambdaForm$MH+0x0000021e07309400'
Event: 73190.377 Thread 0x0000021e5c1d04a0 Unloading class 0x0000021e07301400 'java/lang/invoke/LambdaForm$MH+0x0000021e07301400'
Event: 78241.509 Thread 0x0000021e5c1d04a0 Unloading class 0x0000021e07012000 'java/lang/invoke/LambdaForm$MH+0x0000021e07012000'
Event: 78241.509 Thread 0x0000021e5c1d04a0 Unloading class 0x0000021e07010800 'java/lang/invoke/LambdaForm$MH+0x0000021e07010800'
Event: 78241.509 Thread 0x0000021e5c1d04a0 Unloading class 0x0000021e07736c00 'java/lang/invoke/LambdaForm$MH+0x0000021e07736c00'
Event: 78241.509 Thread 0x0000021e5c1d04a0 Unloading class 0x0000021e07496800 'java/lang/invoke/LambdaForm$MH+0x0000021e07496800'
Event: 78241.509 Thread 0x0000021e5c1d04a0 Unloading class 0x0000021e07495800 'java/lang/invoke/LambdaForm$MH+0x0000021e07495800'
Event: 78241.509 Thread 0x0000021e5c1d04a0 Unloading class 0x0000021e07775c00 'java/lang/invoke/LambdaForm$MH+0x0000021e07775c00'
Event: 78241.509 Thread 0x0000021e5c1d04a0 Unloading class 0x0000021e07788000 'java/lang/invoke/LambdaForm$MH+0x0000021e07788000'
Event: 78241.509 Thread 0x0000021e5c1d04a0 Unloading class 0x0000021e0778ac00 'java/lang/invoke/LambdaForm$MH+0x0000021e0778ac00'
Event: 78241.509 Thread 0x0000021e5c1d04a0 Unloading class 0x0000021e07ac6000 'java/lang/invoke/LambdaForm$MH+0x0000021e07ac6000'
Event: 78241.509 Thread 0x0000021e5c1d04a0 Unloading class 0x0000021e07b8b000 'java/lang/invoke/LambdaForm$MH+0x0000021e07b8b000'

Classes redefined (0 events):
No events

Internal exceptions (20 events):
Event: 81522.299 Thread 0x0000021e7e1ef8d0 Exception <a 'java/io/FileNotFoundException'{0x00000006b74e12d8}> (0x00000006b74e12d8) 
thrown [s\src\hotspot\share\prims\jni.cpp, line 520]
Event: 81522.299 Thread 0x0000021e7e1ef8d0 Exception <a 'java/io/FileNotFoundException'{0x00000006b74e19a8}> (0x00000006b74e19a8) 
thrown [s\src\hotspot\share\prims\jni.cpp, line 520]
Event: 81522.307 Thread 0x0000021e7e1ef8d0 Exception <a 'java/io/FileNotFoundException'{0x00000006b74e2098}> (0x00000006b74e2098) 
thrown [s\src\hotspot\share\prims\jni.cpp, line 520]
Event: 81522.307 Thread 0x0000021e7e1ef8d0 Exception <a 'java/io/FileNotFoundException'{0x00000006b74e2768}> (0x00000006b74e2768) 
thrown [s\src\hotspot\share\prims\jni.cpp, line 520]
Event: 81527.204 Thread 0x0000021e7e1ef8d0 Exception <a 'java/io/FileNotFoundException'{0x00000006b7bbef40}> (0x00000006b7bbef40) 
thrown [s\src\hotspot\share\prims\jni.cpp, line 520]
Event: 81527.261 Thread 0x0000021e7e1ef8d0 Exception <a 'java/io/FileNotFoundException'{0x00000006b6ced8d0}> (0x00000006b6ced8d0) 
thrown [s\src\hotspot\share\prims\jni.cpp, line 520]
Event: 81527.261 Thread 0x0000021e7e1ef8d0 Exception <a 'java/io/FileNotFoundException'{0x00000006b6cedfa0}> (0x00000006b6cedfa0) 
thrown [s\src\hotspot\share\prims\jni.cpp, line 520]
Event: 81527.272 Thread 0x0000021e7e1ef8d0 Exception <a 'java/io/FileNotFoundException'{0x00000006b6cee690}> (0x00000006b6cee690) 
thrown [s\src\hotspot\share\prims\jni.cpp, line 520]
Event: 81527.285 Thread 0x0000021e7e1ef8d0 Exception <a 'java/io/FileNotFoundException'{0x00000006b6ceed80}> (0x00000006b6ceed80) 
thrown [s\src\hotspot\share\prims\jni.cpp, line 520]
Event: 81527.293 Thread 0x0000021e7e1ef8d0 Exception <a 'java/io/FileNotFoundException'{0x00000006b6cef470}> (0x00000006b6cef470) 
thrown [s\src\hotspot\share\prims\jni.cpp, line 520]
Event: 81527.308 Thread 0x0000021e7e1ef8d0 Exception <a 'java/io/FileNotFoundException'{0x00000006b6cf0018}> (0x00000006b6cf0018) 
thrown [s\src\hotspot\share\prims\jni.cpp, line 520]
Event: 81527.309 Thread 0x0000021e7e1ef8d0 Exception <a 'java/io/FileNotFoundException'{0x00000006b6cf0708}> (0x00000006b6cf0708) 
thrown [s\src\hotspot\share\prims\jni.cpp, line 520]
Event: 81532.204 Thread 0x0000021e7e1ef8d0 Exception <a 'java/io/FileNotFoundException'{0x00000006b4055d48}> (0x00000006b4055d48) 
thrown [s\src\hotspot\share\prims\jni.cpp, line 520]
Event: 81532.226 Thread 0x0000021e7e1ef8d0 Exception <a 'java/io/FileNotFoundException'{0x00000006b4078fc8}> (0x00000006b4078fc8) 
thrown [s\src\hotspot\share\prims\jni.cpp, line 520]
Event: 81532.252 Thread 0x0000021e7e1ef8d0 Exception <a 'java/io/FileNotFoundException'{0x00000006b8ae67f0}> (0x00000006b8ae67f0) 
thrown [s\src\hotspot\share\prims\jni.cpp, line 520]
Event: 81532.272 Thread 0x0000021e7e1ef8d0 Exception <a 'java/io/FileNotFoundException'{0x00000006b8ae6ee0}> (0x00000006b8ae6ee0) 
thrown [s\src\hotspot\share\prims\jni.cpp, line 520]
Event: 81532.285 Thread 0x0000021e7e1ef8d0 Exception <a 'java/io/FileNotFoundException'{0x00000006b8ae75d0}> (0x00000006b8ae75d0) 
thrown [s\src\hotspot\share\prims\jni.cpp, line 520]
Event: 81532.294 Thread 0x0000021e7e1ef8d0 Exception <a 'java/io/FileNotFoundException'{0x00000006b8ae7cc0}> (0x00000006b8ae7cc0) 
thrown [s\src\hotspot\share\prims\jni.cpp, line 520]
Event: 81532.309 Thread 0x0000021e7e1ef8d0 Exception <a 'java/io/FileNotFoundException'{0x00000006b8ae83b0}> (0x00000006b8ae83b0) 
thrown [s\src\hotspot\share\prims\jni.cpp, line 520]
Event: 81532.309 Thread 0x0000021e7e1ef8d0 Exception <a 'java/io/FileNotFoundException'{0x00000006b8ae8a80}> (0x00000006b8ae8a80) 
thrown [s\src\hotspot\share\prims\jni.cpp, line 520]

ZGC Phase Switch (0 events):
No events

VM Operations (20 events):
Event: 81522.122 Executing VM operation: G1CollectForAllocation (G1 Evacuation Pause)
Event: 81522.125 Executing VM operation: G1CollectForAllocation (G1 Evacuation Pause) done
Event: 81522.259 Executing VM operation: G1CollectForAllocation (G1 Evacuation Pause)
Event: 81522.262 Executing VM operation: G1CollectForAllocation (G1 Evacuation Pause) done
Event: 81523.262 Executing VM operation: Cleanup
Event: 81523.262 Executing VM operation: Cleanup done
Event: 81524.263 Executing VM operation: Cleanup
Event: 81524.263 Executing VM operation: Cleanup done
Event: 81525.263 Executing VM operation: Cleanup
Event: 81525.263 Executing VM operation: Cleanup done
Event: 81526.264 Executing VM operation: Cleanup
Event: 81526.264 Executing VM operation: Cleanup done
Event: 81526.358 Executing VM operation: G1CollectForAllocation (G1 Evacuation Pause)
Event: 81526.361 Executing VM operation: G1CollectForAllocation (G1 Evacuation Pause) done
Event: 81529.361 Executing VM operation: Cleanup
Event: 81529.362 Executing VM operation: Cleanup done
Event: 81530.362 Executing VM operation: Cleanup
Event: 81530.362 Executing VM operation: Cleanup done
Event: 81532.229 Executing VM operation: G1CollectForAllocation (G1 Evacuation Pause)
Event: 81532.232 Executing VM operation: G1CollectForAllocation (G1 Evacuation Pause) done

Events (20 events):
Event: 81533.347 Thread 0x0000021e9cba9bb0 Thread exited: 0x0000021e9cba9bb0
Event: 81534.347 Thread 0x0000021e9cba9bb0 Thread added: 0x0000021e9cba9bb0
Event: 81534.347 Thread 0x0000021e9cba9bb0 Thread exited: 0x0000021e9cba9bb0
Event: 81535.347 Thread 0x0000021e9cba9bb0 Thread added: 0x0000021e9cba9bb0
Event: 81535.348 Thread 0x0000021e9cba9bb0 Thread exited: 0x0000021e9cba9bb0
Event: 81535.576 Thread 0x0000021e9cba9bb0 Thread added: 0x0000021e9cba9bb0
Event: 81535.576 Thread 0x0000021e99219160 Thread added: 0x0000021e99219160
Event: 81535.583 Thread 0x0000021e9cba9bb0 Thread exited: 0x0000021e9cba9bb0
Event: 81535.971 Thread 0x0000021e9cba9bb0 Thread added: 0x0000021e9cba9bb0
Event: 81535.971 Thread 0x0000021e9cba9bb0 Thread exited: 0x0000021e9cba9bb0
Event: 81536.077 Thread 0x0000021e9cba9bb0 Thread added: 0x0000021e9cba9bb0
Event: 81536.086 Thread 0x0000021e9cba9bb0 Thread exited: 0x0000021e9cba9bb0
Event: 81536.364 Thread 0x0000021e9a9e0070 Thread added: 0x0000021e9a9e0070
Event: 81536.364 Thread 0x0000021e9a9de530 Thread added: 0x0000021e9a9de530
Event: 81536.364 Thread 0x0000021e9cba9bb0 Thread added: 0x0000021e9cba9bb0
Event: 81536.364 Thread 0x0000021e9cb0f110 Thread added: 0x0000021e9cb0f110
Event: 81536.365 Thread 0x0000021e9cb0f110 Thread exited: 0x0000021e9cb0f110
Event: 81536.393 Thread 0x0000021e9cba9bb0 Thread exited: 0x0000021e9cba9bb0
Event: 81536.612 Thread 0x0000021e99219160 Thread exited: 0x0000021e99219160
Event: 81536.638 Thread 0x0000021e9cb0f110 Thread added: 0x0000021e9cb0f110


Dynamic libraries:
0x00007ff6b54d0000 - 0x00007ff6b54d8000 	D:\Xlinx\2025.1\Vivado\bin\unwrapped\win64.o\vivado.exe
0x00007ff97ded0000 - 0x00007ff97e0c8000 	C:\WINDOWS\SYSTEM32\ntdll.dll
0x00007ff97c350000 - 0x00007ff97c412000 	C:\WINDOWS\System32\KERNEL32.DLL
0x00007ff97ba70000 - 0x00007ff97bd66000 	C:\WINDOWS\System32\KERNELBASE.dll
0x00007ff977b70000 - 0x00007ff977c04000 	C:\WINDOWS\SYSTEM32\apphelp.dll
0x00007ff97b810000 - 0x00007ff97b910000 	C:\WINDOWS\System32\ucrtbase.dll
0x00007ff96b160000 - 0x00007ff96b1e8000 	C:\WINDOWS\SYSTEM32\MSVCP140.dll
0x00007ff96b140000 - 0x00007ff96b15e000 	C:\WINDOWS\SYSTEM32\VCRUNTIME140.dll
0x00007ff96b130000 - 0x00007ff96b13b000 	C:\WINDOWS\SYSTEM32\VCRUNTIME140_1.dll
0x00007ff948500000 - 0x00007ff948527000 	D:\Xlinx\2025.1\Vivado\lib\win64.o\xv_commonmain.dll
0x00007ff899060000 - 0x00007ff89a707000 	D:\Xlinx\2025.1\Vivado\lib\win64.o\xv_common.dll
0x00007ff97d3a0000 - 0x00007ff97d541000 	C:\WINDOWS\System32\USER32.dll
0x00007ff97bec0000 - 0x00007ff97bee2000 	C:\WINDOWS\System32\win32u.dll
0x00007ff97bfb0000 - 0x00007ff97bfdb000 	C:\WINDOWS\System32\GDI32.dll
0x00007ff97b6f0000 - 0x00007ff97b809000 	C:\WINDOWS\System32\gdi32full.dll
0x00007ff97be20000 - 0x00007ff97bebd000 	C:\WINDOWS\System32\msvcp_win.dll
0x00007ff97d1b0000 - 0x00007ff97d261000 	C:\WINDOWS\System32\ADVAPI32.dll
0x00007ff97c670000 - 0x00007ff97c70e000 	C:\WINDOWS\System32\msvcrt.dll
0x00007ff97ddf0000 - 0x00007ff97de8f000 	C:\WINDOWS\System32\sechost.dll
0x00007ff97c420000 - 0x00007ff97c540000 	C:\WINDOWS\System32\RPCRT4.dll
0x00007ff97b6c0000 - 0x00007ff97b6e7000 	C:\WINDOWS\System32\bcrypt.dll
0x00007ff97c9d0000 - 0x00007ff97d140000 	C:\WINDOWS\System32\SHELL32.dll
0x00007ff97b960000 - 0x00007ff97b9d3000 	C:\WINDOWS\System32\WINTRUST.dll
0x00007ff97d140000 - 0x00007ff97d1ab000 	C:\WINDOWS\System32\WS2_32.dll
0x00007ff954dd0000 - 0x00007ff954ddc000 	D:\Xlinx\2025.1\Vivado\lib\win64.o\xv_commonversion.dll
0x00007ff8f1670000 - 0x00007ff8f18c0000 	D:\Xlinx\2025.1\Vivado\lib\win64.o\xv_commonxillic.dll
0x00007ff9484d0000 - 0x00007ff9484fa000 	D:\Xlinx\2025.1\Vivado\lib\win64.o\boost_filesystem.dll
0x00007ff89e5e0000 - 0x00007ff89e781000 	D:\Xlinx\2025.1\Vivado\lib\win64.o\tcl86t.dll
0x00007ff898910000 - 0x00007ff89905b000 	D:\Xlinx\2025.1\Vivado\lib\win64.o\python313.dll
0x00007ff954dc0000 - 0x00007ff954dc9000 	C:\WINDOWS\SYSTEM32\WSOCK32.dll
0x00007ff970080000 - 0x00007ff970099000 	C:\WINDOWS\SYSTEM32\NETAPI32.dll
0x00007ff96c4e0000 - 0x00007ff96c9b6000 	C:\WINDOWS\SYSTEM32\WININET.dll
0x00007ff973ac0000 - 0x00007ff973bca000 	C:\WINDOWS\SYSTEM32\WINHTTP.dll
0x00007ff959800000 - 0x00007ff9599f2000 	C:\WINDOWS\SYSTEM32\urlmon.dll
0x00007ff9418c0000 - 0x00007ff9418e7000 	D:\Xlinx\2025.1\Vivado\lib\win64.o\boost_thread.dll
0x00007ff948920000 - 0x00007ff948939000 	D:\Xlinx\2025.1\Vivado\lib\win64.o\boost_date_time.dll
0x00007ff897880000 - 0x00007ff89890a000 	D:\Xlinx\2025.1\Vivado\lib\win64.o\xv_isl_iostreams.dll
0x00007ff9411d0000 - 0x00007ff9411f4000 	D:\Xlinx\2025.1\Vivado\lib\win64.o\xv_isl_sysinfo.dll
0x00007ff90b6c0000 - 0x00007ff90b754000 	D:\Xlinx\2025.1\Vivado\lib\win64.o\boost_program_options.dll
0x00007ff9536f0000 - 0x00007ff953700000 	D:\Xlinx\2025.1\Vivado\lib\win64.o\xv_boost_xilinx.dll
0x00007ff89e490000 - 0x00007ff89e5d4000 	D:\Xlinx\2025.1\Vivado\lib\win64.o\boost_regex.dll
0x00007ff8973e0000 - 0x00007ff897880000 	D:\Xlinx\2025.1\Vivado\lib\win64.o\xv_COIN-all.dll
0x00007ff9411b0000 - 0x00007ff9411cc000 	D:\Xlinx\2025.1\Vivado\lib\win64.o\librdiconfig.dll
0x00007ff97dcc0000 - 0x00007ff97dd1b000 	C:\WINDOWS\System32\SHLWAPI.dll
0x00007ff90b410000 - 0x00007ff90b4b5000 	D:\Xlinx\2025.1\Vivado\lib\win64.o\libhdxml.dll
0x00007ff940870000 - 0x00007ff94088a000 	D:\Xlinx\2025.1\Vivado\lib\win64.o\pthreadVC2.dll
0x00007ff9122c0000 - 0x00007ff912337000 	D:\Xlinx\2025.1\Vivado\lib\win64.o\xv_lmx.dll
0x00007ff90b0f0000 - 0x00007ff90b172000 	D:\Xlinx\2025.1\Vivado\lib\win64.o\libhdlpsolve.dll
0x00007ff8f15b0000 - 0x00007ff8f1667000 	D:\Xlinx\2025.1\Vivado\lib\win64.o\libzstd.dll
0x00007ff940840000 - 0x00007ff940863000 	D:\Xlinx\2025.1\Vivado\lib\win64.o\librdizlib.dll
0x00007ff912230000 - 0x00007ff912266000 	C:\WINDOWS\SYSTEM32\VCOMP140.DLL
0x00007ff89e1c0000 - 0x00007ff89e481000 	D:\Xlinx\2025.1\Vivado\lib\win64.o\xerces-c_3_2.dll
0x00007ff8954c0000 - 0x00007ff8973d7000 	D:\Xlinx\2025.1\Vivado\lib\win64.o\gurobi90.dll
0x00007ff97b560000 - 0x00007ff97b6bd000 	C:\WINDOWS\System32\CRYPT32.dll
0x00007ff97db00000 - 0x00007ff97db5e000 	C:\WINDOWS\System32\WLDAP32.dll
0x00007ff97d550000 - 0x00007ff97d558000 	C:\WINDOWS\System32\Normaliz.dll
0x00007ff97b410000 - 0x00007ff97b43e000 	C:\WINDOWS\SYSTEM32\USERENV.dll
0x00007ff962630000 - 0x00007ff9628ef000 	C:\WINDOWS\SYSTEM32\iertutil.dll
0x00007ff97bff0000 - 0x00007ff97c344000 	C:\WINDOWS\System32\combase.dll
0x00007ff97c710000 - 0x00007ff97c7bd000 	C:\WINDOWS\System32\shcore.dll
0x00007ff89d3d0000 - 0x00007ff89d6e6000 	D:\Xlinx\2025.1\Vivado\lib\win64.o\libXil_lmgr11.dll
0x00007ff96eba0000 - 0x00007ff96ebc8000 	C:\WINDOWS\SYSTEM32\srvcli.dll
0x00007ff97db60000 - 0x00007ff97dc3a000 	C:\WINDOWS\System32\COMDLG32.dll
0x00007ff911e60000 - 0x00007ff911e8a000 	D:\Xlinx\2025.1\Vivado\lib\win64.o\zlib1.dll
0x00007ff97d270000 - 0x00007ff97d33d000 	C:\WINDOWS\System32\OLEAUT32.dll
0x00007ff97d9d0000 - 0x00007ff97dafb000 	C:\WINDOWS\System32\ole32.dll
0x00007ff97a980000 - 0x00007ff97a98c000 	C:\WINDOWS\SYSTEM32\netutils.dll
0x00007ff979590000 - 0x00007ff979d35000 	C:\WINDOWS\SYSTEM32\windows.storage.dll
0x00007ff9741a0000 - 0x00007ff9741aa000 	C:\WINDOWS\SYSTEM32\VERSION.dll
0x00007ff90bc90000 - 0x00007ff90bcb1000 	D:\Xlinx\2025.1\Vivado\lib\win64.o\boost_iostreams.dll
0x00007ff912210000 - 0x00007ff91222c000 	D:\Xlinx\2025.1\Vivado\lib\win64.o\xv_isl_iosutils.dll
0x00007ff976830000 - 0x00007ff9768e0000 	C:\WINDOWS\WinSxS\amd64_microsoft.windows.common-controls_6595b64144ccf1df_5.82.19041.6280_none_792d7c952443c49a\COMCTL32.dll
0x00007ff974750000 - 0x00007ff97476d000 	C:\WINDOWS\SYSTEM32\dhcpcsvc.DLL
0x00007ff97af90000 - 0x00007ff97afbb000 	C:\WINDOWS\SYSTEM32\Wldp.dll
0x00007ff97aca0000 - 0x00007ff97ad0a000 	C:\WINDOWS\SYSTEM32\MSWSOCK.DLL
0x00007ff97aa60000 - 0x00007ff97aaa3000 	C:\WINDOWS\SYSTEM32\LOGONCLI.DLL
0x00007ff96a550000 - 0x00007ff96a569000 	C:\WINDOWS\SYSTEM32\SAMCLI.DLL
0x00007ff97bf80000 - 0x00007ff97bfaf000 	C:\WINDOWS\System32\IMM32.DLL
0x00007ff97b120000 - 0x00007ff97b132000 	C:\WINDOWS\SYSTEM32\MSASN1.dll
0x00007ff97ae60000 - 0x00007ff97ae78000 	C:\WINDOWS\SYSTEM32\CRYPTSP.dll
0x00007ff97a560000 - 0x00007ff97a598000 	C:\WINDOWS\system32\rsaenh.dll
0x00007ff97ae80000 - 0x00007ff97ae8c000 	C:\WINDOWS\SYSTEM32\CRYPTBASE.dll
0x00007ff97b9e0000 - 0x00007ff97ba62000 	C:\WINDOWS\System32\bcryptPrimitives.dll
0x00007ff97ddd0000 - 0x00007ff97dded000 	C:\WINDOWS\System32\imagehlp.dll
0x00007ff979390000 - 0x00007ff9793a2000 	C:\WINDOWS\SYSTEM32\kernel.appcore.dll
0x00007ff894df0000 - 0x00007ff8954c0000 	D:\Xlinx\2025.1\Vivado\lib\win64.o\xv_commontasks.dll
0x00007ff8948f0000 - 0x00007ff894de9400 	D:\Xlinx\2025.1\Vivado\lib\win64.o\xv_sio.dll
0x00007ff97a940000 - 0x00007ff97a97b000 	C:\WINDOWS\SYSTEM32\IPHLPAPI.DLL
0x00007ff893b60000 - 0x00007ff8948e1000 	D:\Xlinx\2025.1\Vivado\tps\win64\jre21.0.1_12\bin\server\jvm.dll
0x00007ff97aab0000 - 0x00007ff97aafb000 	C:\WINDOWS\SYSTEM32\POWRPROF.dll
0x00007ff969810000 - 0x00007ff969837000 	C:\WINDOWS\SYSTEM32\WINMM.dll
0x00007ff97a920000 - 0x00007ff97a932000 	C:\WINDOWS\SYSTEM32\UMPDC.dll
0x00007ff979d40000 - 0x00007ff979d63000 	C:\WINDOWS\SYSTEM32\gpapi.dll
0x00007ff9701f0000 - 0x00007ff970221000 	C:\Windows\System32\cryptnet.dll
0x00007ff97b490000 - 0x00007ff97b4b4000 	C:\WINDOWS\SYSTEM32\profapi.dll
0x00007ff974ff0000 - 0x00007ff974ffb000 	C:\WINDOWS\SYSTEM32\WINNSI.DLL
0x00007ff97c660000 - 0x00007ff97c668000 	C:\WINDOWS\System32\NSI.dll
0x00007ff97b440000 - 0x00007ff97b472000 	C:\WINDOWS\SYSTEM32\SspiCli.dll
0x00007ff9539f0000 - 0x00007ff953a07000 	C:\WINDOWS\system32\napinsp.dll
0x00007ff9536d0000 - 0x00007ff9536eb000 	C:\WINDOWS\system32\pnrpnsp.dll
0x00007ff977dc0000 - 0x00007ff977ddd000 	C:\WINDOWS\system32\wshbth.dll
0x00007ff9765e0000 - 0x00007ff9765fd000 	C:\WINDOWS\system32\NLAapi.dll
0x00007ff97a990000 - 0x00007ff97aa5a000 	C:\WINDOWS\SYSTEM32\DNSAPI.dll
0x00007ff9536b0000 - 0x00007ff9536c2000 	C:\WINDOWS\System32\winrnr.dll
0x00007ff97a680000 - 0x00007ff97a699000 	C:\WINDOWS\SYSTEM32\wkscli.dll
0x00007ff9496b0000 - 0x00007ff9496c2000 	C:\WINDOWS\SYSTEM32\cscapi.dll
0x00007ff88fa80000 - 0x00007ff893b51000 	D:\Xlinx\2025.1\Vivado\lib\win64.o\xv_tcltasks.dll
0x00007ff8a2fe0000 - 0x00007ff8a30b9000 	D:\Xlinx\2025.1\Vivado\lib\win64.o\xv_xhubtasks.dll
0x00007ff88cfa0000 - 0x00007ff88dc94000 	D:\Xlinx\2025.1\Vivado\lib\win64.o\xv_project.dll
0x00007ff88dca0000 - 0x00007ff88fa79000 	D:\Xlinx\2025.1\Vivado\lib\win64.o\xv_implflow.dll
0x00007ff88bc20000 - 0x00007ff88ca72000 	D:\Xlinx\2025.1\Vivado\lib\win64.o\xv_power.dll
0x00007ff886240000 - 0x00007ff88bc1c000 	D:\Xlinx\2025.1\Vivado\lib\win64.o\xv_route.dll
0x00007ff8855b0000 - 0x00007ff886237000 	D:\Xlinx\2025.1\Vivado\lib\win64.o\xv_lopt.dll
0x00007ff87f330000 - 0x00007ff87f893000 	D:\Xlinx\2025.1\Vivado\lib\win64.o\xv_dfximpl.dll
0x00007ff87f8a0000 - 0x00007ff8855a5000 	D:\Xlinx\2025.1\Vivado\lib\win64.o\xv_place.dll
0x00007ff87eb50000 - 0x00007ff87f323000 	D:\Xlinx\2025.1\Vivado\lib\win64.o\xv_runs.dll
0x00007ff89e050000 - 0x00007ff89e1b7000 	D:\Xlinx\2025.1\Vivado\lib\win64.o\xv_chipscope.dll
0x00007ff87ded0000 - 0x00007ff87eb4a000 	D:\Xlinx\2025.1\Vivado\lib\win64.o\xv_rsb.dll
0x00007ff87d1f0000 - 0x00007ff87dec1000 	D:\Xlinx\2025.1\Vivado\lib\win64.o\xv_drc.dll
0x00007ff89d0b0000 - 0x00007ff89d1bc000 	D:\Xlinx\2025.1\Vivado\lib\win64.o\xv_dsp.dll
0x00007ff89ce20000 - 0x00007ff89d0a6000 	D:\Xlinx\2025.1\Vivado\lib\win64.o\xv_chipscopeimpl.dll
0x00007ff87a560000 - 0x00007ff87d1e2000 	D:\Xlinx\2025.1\Vivado\lib\win64.o\xv_mig.dll
0x00007ff88ce10000 - 0x00007ff88cf92000 	D:\Xlinx\2025.1\Vivado\lib\win64.o\xv_vsta.dll
0x00007ff875de0000 - 0x00007ff87775c000 	D:\Xlinx\2025.1\Vivado\lib\win64.o\xv_timing.dll
0x00007ff877760000 - 0x00007ff87a554000 	D:\Xlinx\2025.1\Vivado\lib\win64.o\xv_coregen.dll
0x00007ff875920000 - 0x00007ff875ddc000 	D:\Xlinx\2025.1\Vivado\lib\win64.o\xv_dlyest.dll
0x00007ff8fb110000 - 0x00007ff8fb192000 	D:\Xlinx\2025.1\Vivado\lib\win64.o\xv_pfi.dll
0x00007ff875260000 - 0x00007ff875920000 	D:\Xlinx\2025.1\Vivado\lib\win64.o\xv_memdata.dll

dbghelp: loaded successfully - version: 4.0.5 - missing functions: none
symbol engine: initialized successfully - sym options: 0x614 - pdb path: .;D:\Xlinx\2025.1\Vivado\bin\unwrapped\win64.o;C:\WINDOWS\SYSTEM32;D:\Xlinx\2025.1\Vivado\lib\win64.o;C:\WINDOWS\WinSxS\amd64_microsoft.windows.common-controls_6595b64144ccf1df_5.82.19041.6280_none_792d7c952443c49a;D:\Xlinx\2025.1\Vivado\tps\win64\jre21.0.1_12\bin\server;D:\Xlinx\2025.1\Vivado\tps\win64\jre21.0.1_12\bin;C:\WINDOWS\WinSxS\amd64_microsoft.windows.common-controls_6595b64144ccf1df_6.0.19041.6456_none_60b8a6cb71f64256

VM Arguments:
jvm_args: -Dsun.java2d.pmoffscreen=false -Dhttps.protocols=TLSv1,TLSv1.1,TLSv1.2 -Dsun.java2d.xrender=false -Dsun.java2d.d3d=false -Dsun.awt.nopixfmt=true -Dsun.java2d.dpiaware=true -Dsun.java2d.uiScale.enabled=false -Dswing.aatext=true -XX:-UsePerfData -Djdk.map.althashing.threshold=512 -XX:StringTableSize=4072 -XX:+UseStringDeduplication -XX:MaxGCPauseMillis=200 -XX:ParallelGCThreads=4 -XX:+ParallelRefProcEnabled --add-opens=java.desktop/javax.swing.plaf.synth=ALL-UNNAMED --add-opens=java.base/java.nio=ALL-UNNAMED --add-opens=java.desktop/sun.swing=ALL-UNNAMED --add-opens=java.desktop/javax.swing=ALL-UNNAMED --add-opens=java.desktop/javax.swing.tree=ALL-UNNAMED --add-opens=java.desktop/javax.swing.plaf.basic=ALL-UNNAMED --add-opens=java.desktop/javax.swing.plaf.synth=ALL-UNNAMED --add-opens=java.desktop/javax.swing.plaf.basic=ALL-UNNAMED --add-opens=java.desktop/javax.swing=ALL-UNNAMED --add-opens=java.desktop/javax.swing.tree=ALL-UNNAMED --add-opens=java.desktop/java.awt.event=ALL-UNNAMED --add-exports=java.desktop/javax.swing.plaf.synth=ALL-UNNAMED --add-exports=java.base/java.nio=ALL-UNNAMED --add-exports=java.desktop/sun.swing=ALL-UNNAMED --add-exports=java.desktop/javax.swing=ALL-UNNAMED --add-exports=java.desktop/javax.swing.tree=ALL-UNNAMED --add-exports=java.desktop/javax.swing.plaf.basic=ALL-UNNAMED --add-exports=java.desktop/sun.swing=ALL-UNNAMED --add-exports=java.desktop/sun.swing.table=ALL-UNNAMED --add-exports=java.desktop/sun.swing.plaf.synth=ALL-UNNAMED --add-exports=java.desktop/sun.awt.shell=ALL-UNNAMED --add-exports=java.base/sun.security.action=ALL-UNNAMED --add-exports=java.desktop/sun.font=ALL-UNNAMED -XX:NewSize=80m -XX:MaxNewSize=80m -Xms812m -Xmx6144m -Xss10m 
java_command: <unknown>
java_class_path (initial): D:/Xlinx/2025.1/Vivado\lib\classes\apiguardian-api-1.1.0.jar;D:/Xlinx/2025.1/Vivado\lib\classes\asm-9.6-11.0.11-62.jar;D:/Xlinx/2025.1/Vivado\lib\classes\asm-analysis-9.6-11.0.11-62.jar;D:/Xlinx/2025.1/Vivado\lib\classes\asm-commons-9.6-11.0.11-62.jar;D:/Xlinx/2025.1/Vivado\lib\classes\asm-tree-9.6-11.0.11-62.jar;D:/Xlinx/2025.1/Vivado\lib\classes\autoesl-models-1.0.0-62.jar;D:/Xlinx/2025.1/Vivado\lib\classes\batik-anim-1.0.0-62.jar;D:/Xlinx/2025.1/Vivado\lib\classes\batik-awt-util-1.0.0-62.jar;D:/Xlinx/2025.1/Vivado\lib\classes\batik-bridge-1.0.0-62.jar;D:/Xlinx/2025.1/Vivado\lib\classes\batik-codec-1.0.0-62.jar;D:/Xlinx/2025.1/Vivado\lib\classes\batik-constants-1.0.0-62.jar;D:/Xlinx/2025.1/Vivado\lib\classes\batik-css-1.0.0-62.jar;D:/Xlinx/2025.1/Vivado\lib\classes\batik-dom-1.0.0-62.jar;D:/Xlinx/2025.1/Vivado\lib\classes\batik-ext-1.0.0-62.jar;D:/Xlinx/2025.1/Vivado\lib\classes\batik-gui-util-1.0.0-62.jar;D:/Xlinx/2025.1/Vivado\lib\classes\batik-gvt-1.0.0-62.jar;D:/Xlinx/2025.1/Vivado\lib\classes\batik-i18n-1.0.0-62.jar;D:/Xlinx/2025.1/Vivado\lib\classes\batik-parser-1.0.0-62.jar;D:/Xlinx/2025.1/Vivado\lib\classes\batik-script-1.0.0-62.jar;D:/Xlinx/2025.1/Vivado\lib\classes\batik-svg-dom-1.0.0-62.jar;D:/Xlinx/2025.1/Vivado\lib\classes\batik-svggen-1.0.0-62.jar;D:/Xlinx/2025.1/Vivado\lib\classes\batik-swing-1.0.0-62.jar;D:/Xlinx/2025.1/Vivado\lib\classes\batik-transcoder-1.0.0-62.jar;D:/Xlinx/2025.1/Vivado\lib\classes\batik-util-1.0.0-62.jar;D:/Xlinx/2025.1/Vivado\lib\classes\batik-xml-1.0.0-62.jar;D:/Xlinx/2025.1/Vivado\lib\classes\checker-qual-3.12.0.jar;D:/Xlinx/2025.1/Vivado\lib\classes\com.fasterxml.jackson.core.jackson-annotations_2.12.1.v20210128-1726-1.0.0-62.jar;D:/Xlinx/2025.1/Vivado\lib\classes\com.fasterxml.jackson.core.jackson-annotations_2.12.1.v20210128-1726-1.5.0-62.jar;D:/Xlinx/2025.1/Vivado\lib\classes\com.fasterxml.jackson.core.jackson-core_2.12.1.v20210128-1726-1.0.0-62.jar;D:/Xlinx/2025.1/Vivado\lib\classes\com.fasterxml.jackson.core.jackson-core_2.12.1.v20210128-1726-1.5.0-62.jar;D:/Xlinx/2025.1/Vivado\lib\classes\com.fasterxml.jackson.core.jackson-databind_2.12.1.v20210128-1726-1.0.0-62.jar;D:/Xlinx/2025.1/Vivado\lib\classes\com.fasterxml.jackson.core.jackson-databind_2.12.1.v20210128-1726-1.5.0-62.jar;D:/Xlinx/2025.1/Vivado\lib\classes\com.google.gson_2.8.9.v20220111-1409-1.5.0-62.jar;D:/Xlinx/2025.1/Vivado\lib\classes\com.google.guava_30.1.0.v20210127-2300-1.5.0-62.jar;D:/Xlinx/2025.1/Vivado\lib\classes\com.sigasi.hdt.connection_4.17.2.202304211001-1.5.0-62.jar;D:/Xlinx/2025.1/Vivado\lib\classes\com.sigasi.hdt.epl_4.17.2.202304211001-1.5.0-62.jar;D:/Xlinx/2025.1/Vivado\lib\classes\com.sigasi.hdt.project_4.17.2.202304211001-1.5.0-62.jar;D:/Xlinx/2025.1/Vivado\lib\classes\com.sigasi.hdt.readonlyfilesystem_4.17.2.202304211001-1.5.0-62.jar;D:/Xlinx/2025.1/Vivado\lib\classes\com.sigasi.hdt.shared_4.17.2.202304211001-1.5.0-62.jar;D:/Xlinx/2025.1/Vivado\lib\classes\com.sigasi.lcm_4.17.2.202304211001-1.5.0-62.jar;D:/Xlinx/2025.1/Vivado\lib\classes\com.sigasi.lsp.server.extensions_4.17.2.202304211001-1.5.0-62.jar;D:/Xlinx/2025.1/Vivado\lib\classes\com.sigasi.sdk.client_1.5.0.202304211001-1.5.0-62.jar;D:/Xlinx/2025.1/Vivado\lib\classes\commons-collections4-4.1-3.7.8-62.jar;D:/Xlinx/2025.1/Vivado\lib\classes\commons-compress-1.21-3.7.8-62.jar;D:/Xlinx/2025.1/Vivado\lib\classes\commons-io-2.15.0-11.0.11-62.jar;D:/Xlinx/2025.1/Vivado\lib\classes\commons-io-2.6.jar;D:/Xlinx/2025.1/Vivado\lib\classes\commons-lang3-3.14.0-11.0.11-62.jar;D:/Xlinx/2025.1/Vivado\lib\classes\commons-math-2.2-3.7.8-62.jar;D:/Xlinx/2025.1/Vivado\lib\classes\DispatchProtocol-1.24.0-526.jar;D:/Xlinx/2025.1/Vivado\lib\classes\dom4j-1.6.1-3.7.8-62.jar;D:/Xlinx/2025.1/Vivado\lib\classes\error_prone_annotations-2.11.0.jar;D:/Xlinx/2025.1/Vivado\lib\classes\failureaccess-1.0.1.jar;D:/Xlinx/2025.1/Vivado\lib\classes\frank_frameworks-1.0.0-526.jar;D:/Xlinx/2025.1/Vivado\lib\classes\gson-2.8.9.jar;D:/Xlinx/2025.1/Vivado\lib\classes\guava-31.1-android.jar;D:/Xlinx/2025.1/Vivado\lib\classes\help-1.24.0-356.jar;D:/Xlinx/2025.1/Vivado\lib\classes\hsqldb-3.7.8-62.jar;D:/Xlinx/2025.1/Vivado\lib\classes\j2objc-annotations-1.3.jar;D:/Xlinx/2025.1/Vivado\lib\classes\jakarta.annotation-api-2.1.0-11.0.11-62.jar;D:/Xlinx/2025.1/Vivado\lib\classes\jakarta.json-2.0.0-RC2-1.5.0-62.jar;D:/Xlinx/2025.1/Vivado\lib\classes\jakarta.json-api-2.0.0-RC2-1.5.0-62.jar;D:/Xlinx/2025.1/Vivado\lib\classes\jakarta.transaction-api-2.0.0-11.0.11-62.jar;D:/Xlinx/2025.1/Vivado\lib\classes\jaxb-api-2.3.0.jar;D:/Xlinx/2025.1/Vivado\lib\classes\jericho-html-3.4-1.0.0-62.jar;D:/Xlinx/2025.1/Vivado\lib\classes\jetty-jakarta-servlet-api-5.0.2-11.0.11-62.jar;D:/Xlinx/2025.1/Vivado\lib\classes\jh-2.0.05-62.jar;D:/Xlinx/2025.1/Vivado\lib\classes\jide-action-3.7.8-62.jar;D:/Xlinx/2025.1/Vivado\lib\classes\jide-charts-3.7.8-62.jar;D:/Xlinx/2025.1/Vivado\lib\classes\jide-common-3.7.8-62.jar;D:/Xlinx/2025.1/Vivado\lib\classes\jide-components-3.7.8-62.jar;D:/Xlinx/2025.1/Vivado\lib\classes\jide-dashboard-3.7.8-62.jar;D:/Xlinx/2025.1/Vivado\lib\classes\jide-data-3.7.8-62.jar;D:/Xlinx/2025.1/Vivado\lib\classes\jide-dialogs-3.7.8-62.jar;D:/Xlinx/2025.1/Vivado\lib\classes\jide-diff-3.7.8-62.jar;D:/Xlinx/2025.1/Vivado\lib\classes\jide-dock-3.7.8-62.jar;D:/Xlinx/2025.1/Vivado\lib\classes\jide-editor-3.7.8-62.jar;D:/Xlinx/2025.1/Vivado\lib\classes\jide-gantt-3.7.8-62.jar;D:/Xlinx/2025.1/Vivado\lib\classes\jide-grids-3.7.8-62.jar;D:/Xlinx/2025.1/Vivado\lib\classes\jide-pivot-3.7.8-62.jar;D:/Xlinx/2025.1/Vivado\lib\classes\jide-plaf-jdk7-3.7.8-62.jar;D:/Xlinx/2025.1/Vivado\lib\classes\jide-properties-3.7.8-62.jar;D:/Xlinx/2025.1/Vivado\lib\classes\jide-shortcut-3.7.8-62.jar;D:/Xlinx/2025.1/Vivado\lib\classes\jide-treemap-3.7.8-62.jar;D:/Xlinx/2025.1/Vivado\lib\classes\JRCClient-1.24.0-526.jar;D:/Xlinx/2025.1/Vivado\lib\classes\jsr305-3.0.2.jar;D:/Xlinx/2025.1/Vivado\lib\classes\junit-jupiter-api-5.6.2.jar;D:/Xlinx/2025.1/Vivado\lib\classes\junit-platform-commons-1.6.2.jar;D:/Xlinx/2025.1/Vivado\lib\classes\justify-3.0.0-RC2-1.5.0-62.jar;D:/Xlinx/2025.1/Vivado\lib\classes\jydocking-3.3.1-62.jar;D:/Xlinx/2025.1/Vivado\lib\classes\jytable-3.3.1-62.jar;D:/Xlinx/2025.1/Vivado\lib\classes\jywidgets-3.3.1-62.jar;D:/Xlinx/2025.1/Vivado\lib\classes\listenablefuture-9999.0-empty-to-avoid-conflict-with-guava.jar;D:/Xlinx/2025.1/Vivado\lib\classes\log4j-1.2-api-2.17.1-1.5.0-62.jar;D:/Xlinx/2025.1/Vivado\lib\classes\log4j-api-2.17.1-1.5.0-62.jar;D:/Xlinx/2025.1/Vivado\lib\classes\log4j-core-2.17.1-1.5.0-62.jar;D:/Xlinx/2025.1/Vivado\lib\classes\lucene-analyzers-common-4.10.2-3.7.8-62.jar;D:/Xlinx/2025.1/Vivado\lib\classes\lucene-core-4.10.2-3.7.8-62.jar;D:/Xlinx/2025.1/Vivado\lib\classes\lucene-queryparser-4.10.2-3.7.8-62.jar;D:/Xlinx/2025.1/Vivado\lib\classes\miglayout-3.7.3.1.jar;D:/Xlinx/2025.1/Vivado\lib\classes\nlview_java-1.0.0-62.jar;D:/Xlinx/2025.1/Vivado\lib\classes\opentest4j-1.2.0.jar;D:/Xlinx/2025.1/Vivado\lib\classes\org.apache.commons.lang_2.6.0.v201404270220-1.0.0-62.jar;D:/Xlinx/2025.1/Vivado\lib\classes\org.eclipse.core.commands-3.6.0-1.0.0-62.jar;D:/Xlinx/2025.1/Vivado\lib\classes\org.eclipse.core.filesystem_1.7.400.v20190518-1151-1.0.0-62.jar;D:/Xlinx/2025.1/Vivado\lib\classes\org.eclipse.core.jobs_3.10.400.v20190506-1457-1.0.0-62.jar;D:/Xlinx/2025.1/Vivado\lib\classes\org.eclipse.core.resources_3.13.400.v20190505-1655-1.0.0-62.jar;D:/Xlinx/2025.1/Vivado\lib\classes\org.eclipse.emf.common_2.18.0.v20191225-1014-1.0.0-62.jar;D:/Xlinx/2025.1/Vivado\lib\classes\org.eclipse.emf.common_2.24.0.v20220123-0838-1.5.0-62.jar;D:/Xlinx/2025.1/Vivado\lib\classes\org.eclipse.emf.ecore.xmi_2.16.0.v20190528-0725-1.0.0-62.jar;D:/Xlinx/2025.1/Vivado\lib\classes\org.eclipse.emf.ecore_2.21.0.v20200127-1342-1.0.0-62.jar;D:/Xlinx/2025.1/Vivado\lib\classes\org.eclipse.equinox.common_3.11.0.v20200206-0817-1.0.0-62.jar;D:/Xlinx/2025.1/Vivado\lib\classes\org.eclipse.equinox.registry_3.8.400.v20190516-1504-1.0.0-62.jar;D:/Xlinx/2025.1/Vivado\lib\classes\org.eclipse.jetty.alpn.client_11.0.18-11.0.11-62.jar;D:/Xlinx/2025.1/Vivado\lib\classes\org.eclipse.jetty.annotations_11.0.18-11.0.11-62.jar;D:/Xlinx/2025.1/Vivado\lib\classes\org.eclipse.jetty.client_11.0.18-11.0.11-62.jar;D:/Xlinx/2025.1/Vivado\lib\classes\org.eclipse.jetty.http_11.0.18-11.0.11-62.jar;D:/Xlinx/2025.1/Vivado\lib\classes\org.eclipse.jetty.io_11.0.18-11.0.11-62.jar;D:/Xlinx/2025.1/Vivado\lib\classes\org.eclipse.jetty.jndi_11.0.18-11.0.11-62.jar;D:/Xlinx/2025.1/Vivado\lib\classes\org.eclipse.jetty.plus_11.0.18-11.0.11-62.jar;D:/Xlinx/2025.1/Vivado\lib\classes\org.eclipse.jetty.security_11.0.18-11.0.11-62.jar;D:/Xlinx/2025.1/Vivado\lib\classes\org.eclipse.jetty.server_11.0.18-11.0.11-62.jar;D:/Xlinx/2025.1/Vivado\lib\classes\org.eclipse.jetty.servlet_11.0.18-11.0.11-62.jar;D:/Xlinx/2025.1/Vivado\lib\classes\org.eclipse.jetty.util_11.0.18-11.0.11-62.jar;D:/Xlinx/2025.1/Vivado\lib\classes\org.eclipse.jetty.webapp_11.0.18-11.0.11-62.jar;D:/Xlinx/2025.1/Vivado\lib\classes\org.eclipse.jetty.websocket.api_11.0.18-11.0.11-62.jar;D:/Xlinx/2025.1/Vivado\lib\classes\org.eclipse.jetty.websocket.client_11.0.18-11.0.11-62.jar;D:/Xlinx/2025.1/Vivado\lib\classes\org.eclipse.jetty.websocket.common_11.0.18-11.0.11-62.jar;D:/Xlinx/2025.1/Vivado\lib\classes\org.eclipse.jetty.websocket.core.client_11.0.18-11.0.11-62.jar;D:/Xlinx/2025.1/Vivado\lib\classes\org.eclipse.jetty.websocket.core.common_11.0.18-11.0.11-62.jar;D:/Xlinx/2025.1/Vivado\lib\classes\org.eclipse.jetty.websocket.core.server_11.0.18-11.0.11-62.jar;D:/Xlinx/2025.1/Vivado\lib\classes\org.eclipse.jetty.websocket.server_11.0.18-11.0.11-62.jar;D:/Xlinx/2025.1/Vivado\lib\classes\org.eclipse.jetty.websocket.servlet_11.0.18-11.0.11-62.jar;D:/Xlinx/2025.1/Vivado\lib\classes\org.eclipse.jetty.xml_11.0.18-11.0.11-62.jar;D:/Xlinx/2025.1/Vivado\lib\classes\org.eclipse.lsp4j.jsonrpc_0.12.0.v20210402-1305-1.5.0-62.jar;D:/Xlinx/2025.1/Vivado\lib\classes\org.eclipse.lsp4j_0.12.0.v20210402-1305-1.5.0-62.jar;D:/Xlinx/2025.1/Vivado\lib\classes\org.eclipse.xtext.util_2.18.0.v20190603-1042-1.0.0-62.jar;D:/Xlinx/2025.1/Vivado\lib\classes\org.eclipse.xtext.util_2.26.0.v20220228-0751-1.5.0-62.jar;D:/Xlinx/2025.1/Vivado\lib\classes\org.eclipse.xtext.xbase.lib_2.26.0.v20220228-0748-1.5.0-62.jar;D:/Xlinx/2025.1/Vivado\lib\classes\picocli-4.1.2.jar;D:/Xlinx/2025.1/Vivado\lib\classes\planAhead.jar;D:/Xlinx/2025.1/Vivado\lib\classes\poi-4.1.1-3.7.8-62.jar;D:/Xlinx/2025.1/Vivado\lib\classes\poi-ooxml-4.1.1-3.7.8-62.jar;D:/Xlinx/2025.1/Vivado\lib\classes\poi-ooxml-schemas-4.1.1-3.7.8-62.jar;D:/Xlinx/2025.1/Vivado\lib\classes\protobuf-java-3.21.12.jar;D:/Xlinx/2025.1/Vivado\lib\classes\protobuf-java-util-3.21.12.jar;D:/Xlinx/2025.1/Vivado\lib\classes\RuleService-1.24.0-526.jar;D:/Xlinx/2025.1/Vivado\lib\classes\slf4j-api-2.0.9-11.0.11-62.jar;D:/Xlinx/2025.1/Vivado\lib\classes\swingx-core-1.6.2-62.jar;D:/Xlinx/2025.1/Vivado\lib\classes\synthetica-3.3.1-62.jar;D:/Xlinx/2025.1/Vivado\lib\classes\syntheticaAddons-3.3.1-62.jar;D:/Xlinx/2025.1/Vivado\lib\classes\syntheticaDark-3.3.1-62.jar;D:/Xlinx/2025.1/Vivado\lib\classes\syntheticaPlain-3.3.1-62.jar;D:/Xlinx/2025.1/Vivado\lib\classes\syntheticaPlainAddon-3.3.1-62.jar;D:/Xlinx/2025.1/Vivado\lib\classes\sysgen.jar;D:/Xlinx/2025.1/Vivado\lib\classes\va-shared-1.0.0-526.jar;D:/Xlinx/2025.1/Vivado\lib\classes\VlmGUI.jar;D:/Xlinx/2025.1/Vivado\lib\classes\xml-apis-ext-1.0.0-62.jar;D:/Xlinx/2025.1/Vivado\lib\classes\xmlbeans-3.1.0-3.7.8-62.jar;D:/Xlinx/2025.1/Vivado\lib\classes\xmlgraphics-commons-1.0.0-62.jar;D:/Xlinx/2025.1/Vivado\lib\classes\yfiles-for-java-swing-3.3.0-62.jar;D:/Xlinx/2025.1/Vivado\lib\classes\windows\gluegen-rt-95.0.4638.69.jar;D:/Xlinx/2025.1/Vivado\lib\classes\windows\gluegen-rt-natives-windows-amd64-95.0.4638.69.jar;D:/Xlinx/2025.1/Vivado\lib\classes\windows\javafx-swt-21.0.1.jar;D:/Xlinx/2025.1/Vivado\lib\classes\windows\javafx.base-21.0.1.jar;D:/Xlinx/2025.1/Vivado\lib\classes\windows\javafx.controls-21.0.1.jar;D:/Xlinx/2025.1/Vivado\lib\classes\windows\javafx.fxml-21.0.1.jar;D:/Xlinx/2025.1/Vivado\lib\classes\windows\javafx.graphics-21.0.1.jar;D:/Xlinx/2025.1/Vivado\lib\classes\windows\javafx.media-21.0.1.jar;D:/Xlinx/2025.1/Vivado\lib\classes\windows\javafx.swing-21.0.1.jar;D:/Xlinx/2025.1/Vivado\lib\classes\windows\javafx.web-21.0.1.jar;D:/Xlinx/2025.1/Vivado\lib\classes\windows\jcef-95.0.4638.69.jar;D:/Xlinx/2025.1/Vivado\lib\classes\windows\jcef-tests-95.0.4638.69.jar;D:/Xlinx/2025.1/Vivado\lib\classes\windows\jogl-all-95.0.4638.69.jar;D:/Xlinx/2025.1/Vivado\lib\classes\windows\jogl-all-natives-windows-amd64-95.0.4638.69.jar
Launcher Type: generic

[Global flags]
     intx CICompilerCount                          = 12                                        {product} {ergonomic}
     uint ConcGCThreads                            = 1                                         {product} {ergonomic}
     uint G1ConcRefinementThreads                  = 4                                         {product} {ergonomic}
   size_t G1HeapRegionSize                         = 4194304                                   {product} {ergonomic}
    uintx GCDrainStackTargetSize                   = 64                                        {product} {ergonomic}
   size_t InitialHeapSize                          = 851443712                                 {product} {command line}
   size_t MarkStackSize                            = 4194304                                   {product} {ergonomic}
    uintx MaxGCPauseMillis                         = 200                                       {product} {command line}
   size_t MaxHeapSize                              = 6442450944                                {product} {command line}
   size_t MaxNewSize                               = 83886080                                  {product} {command line}
   size_t MinHeapDeltaBytes                        = 4194304                                   {product} {ergonomic}
   size_t MinHeapSize                              = 851443712                                 {product} {command line}
   size_t NewSize                                  = 83886080                                  {product} {command line}
    uintx NonNMethodCodeHeapSize                   = 7602480                                {pd product} {ergonomic}
    uintx NonProfiledCodeHeapSize                  = 122027880                              {pd product} {ergonomic}
     uint ParallelGCThreads                        = 4                                         {product} {command line}
     bool ParallelRefProcEnabled                   = true                                      {product} {command line}
    uintx ProfiledCodeHeapSize                     = 122027880                              {pd product} {ergonomic}
    uintx ReservedCodeCacheSize                    = 251658240                              {pd product} {ergonomic}
     bool SegmentedCodeCache                       = true                                      {product} {ergonomic}
   size_t SoftMaxHeapSize                          = 6442450944                             {manageable} {ergonomic}
    uintx StringTableSize                          = 4072                                      {product} {command line}
     intx ThreadStackSize                          = 10240                                  {pd product} {command line}
     bool UseCompressedOops                        = true                           {product lp64_product} {ergonomic}
     bool UseG1GC                                  = true                                      {product} {ergonomic}
     bool UseLargePagesIndividualAllocation        = false                                  {pd product} {ergonomic}
     bool UsePerfData                              = false                                     {product} {command line}
     bool UseStringDeduplication                   = true                                      {product} {command line}

Logging:
Log output configuration:
 #0: stdout all=warning uptime,level,tags foldmultilines=false
 #1: stderr all=off uptime,level,tags foldmultilines=false

Environment Variables:
PATH=D:/Xlinx/2025.1/Vivado\gnuwin\bin;D:/Xlinx/2025.1/Vivado\gnu\microblaze\nt\bin;D:/Xlinx/2025.1/Vivado/bin;D:/Xlinx/2025.1/Vivado\tps\win64;D:/Xlinx/2025.1/Vivado/tps/win64/java-cef-95.0.4638.69/bin/lib/win64;D:/Xlinx/2025.1/Vivado/tps/win64/javafx-sdk-21.0.1/lib;D:/Xlinx/2025.1/Vivado/tps/win64/javafx-sdk-21.0.1/bin;D:/Xlinx/2025.1/Vivado/lib/win64.o;D:/Xlinx/2025.1/Vivado/tps/win64/jre21.0.1_12/bin/server;D:/Xlinx/2025.1/Vivado/tps/win64/jre21.0.1_12/bin;D:/Xlinx/2025.1/Vitis/bin;D:/Xlinx/2025.1/Vivado/ids_lite/ISE/bin/nt64;D:/Xlinx/2025.1/Vivado/ids_lite/ISE/lib/nt64;C:\Program Files\Common Files\Oracle\Java\javapath;C:\WINDOWS\system32;C:\WINDOWS;C:\WINDOWS\System32\Wbem;C:\WINDOWS\System32\WindowsPowerShell\v1.0\;C:\WINDOWS\System32\OpenSSH\;C:\Program Files\dotnet\;D:\mingw64\bin;C:\Program Files\NVIDIA Corporation\NVIDIA App\NvDLISR;C:\Program Files (x86)\NVIDIA Corporation\PhysX\Common;D:\Git\cmd;D:\Cmake\bin;D:\Windows Kits\10\Windows Performance Toolkit\;E:\WezTerm;E:\NOTE\;C:\Users\22301\AppData\Local\Programs\Python\Python313\Scripts\;C:\Users\22301\AppData\Local\Programs\Python\Python313\;C:\Users\22301\AppData\Local\Microsoft\WindowsApps;D:\Microsoft VS Code\bin;D:\MSYS2\ucrt64\bin;D:\MSYS2\usr\bin;C:\Users\22301\AppData\Roaming\npm;D:/Xlinx/2025.1/Vivado\tps\mingw\6.2.0\win64.o\nt\bin;D:/Xlinx/2025.1/Vivado\tps\mingw\6.2.0\win64.o\nt\libexec\gcc\x86_64-w64-mingw32\6.2.0;D:/Xlinx/2025.1/Vivado\tps\win64\python-3.13.0;D:/Xlinx/2025.1/Vivado\tps\win64\python-3.13.0\bin;D:/Xlinx/2025.1/Vivado\tps\win64\python-3.13.0\lib;D:/Xlinx/2025.1/Vivado\tps\win64\python-3.13.0\lib\site-packages
USERNAME=22301
OS=Windows_NT
PROCESSOR_IDENTIFIER=AMD64 Family 25 Model 80 Stepping 0, AuthenticAMD
TMP=C:\Users\22301\AppData\Local\Temp
TEMP=C:\Users\22301\AppData\Local\Temp




Periodic native trim disabled

---------------  S Y S T E M  ---------------

OS:
 Windows 10 , 64 bit Build 19041 (10.0.19041.5915)
OS uptime: 2 days 2:02 hours
Hyper-V role detected

CPU: total 16 (initial active 16) (16 cores per cpu, 2 threads per core) family 25 model 80 stepping 0 microcode 0x0, cx8, cmov, fxsr, ht, mmx, 3dnowpref, sse, sse2, sse3, ssse3, sse4a, sse4.1, sse4.2, popcnt, lzcnt, tsc, tscinvbit, avx, avx2, aes, erms, clmul, bmi1, bmi2, adx, sha, fma, vzeroupper, clflush, clflushopt, hv, rdtscp, rdpid, fsrm, f16c, cet_ss
Processor Information for all 16 processors :
  Max Mhz: 3201, Current Mhz: 3201, Mhz Limit: 3201

Memory: 4k page, system-wide physical 16236M (7163M free)
TotalPageFile size 29036M (AvailPageFile size 10948M)
current process WorkingSet (physical memory assigned to process): 714M, peak: 1507M
current process commit charge ("private bytes"): 2673M, peak: 4571M

vm_info: OpenJDK 64-Bit Server VM (21.0.1+12-LTS) for windows-amd64 JRE (21.0.1+12-LTS), built on 2023-10-17T00:00:00Z by "admin" with unknown MS VC++:1937

END.
