#-----------------------------------------------------------
# Vivado v2025.1 (64-bit)
# SW Build 6140274 on Thu May 22 00:12:29 MDT 2025
# IP Build 6138677 on Thu May 22 03:10:11 MDT 2025
# SharedData Build 6139179 on Tue May 20 17:58:58 MDT 2025
# Start of session at: Tue Apr 28 17:52:57 2026
# Process ID         : 23188
# Current directory  : D:/Work_prj/Frodokem_2026/Viprj/FrodoKEM
# Command line       : vivado.exe -gui_launcher_event rodinguilauncherevent31404 D:\Work_prj\Frodokem_2026\Viprj\FrodoKEM\FrodoKEM.xpr
# Log file           : D:/Work_prj/Frodokem_2026/Viprj/FrodoKEM/vivado.log
# Journal file       : D:/Work_prj/Frodokem_2026/Viprj/FrodoKEM\vivado.jou
# Running On         : DESKTOP-KKLUIKL
# Platform           : Windows Server 2016 or Windows 10
# Operating System   : 19045
# Processor Detail   : AMD Ryzen 7 5800H with Radeon Graphics         
# CPU Frequency      : 3194 MHz
# CPU Physical cores : 8
# CPU Logical cores  : 16
# Host memory        : 17024 MB
# Swap memory        : 15044 MB
# Total Virtual      : 32069 MB
# Available Virtual  : 5756 MB
#-----------------------------------------------------------
start_gui
open_project D:/Work_prj/Frodokem_2026/Viprj/FrodoKEM/FrodoKEM.xpr
WARNING: [Board 49-26] cannot add Board Part xilinx.com:emb-plus-vpr-4616:part0:1.0 available at D:/Xlinx/2025.1/data/xhub/boards\XilinxBoardStore\boards\Xilinx\emb-plus-vpr-4616\1.0\board.xml as part xcve2302-sfva784-2mp-e-s specified in board_part file is either invalid or not available
WARNING: [Board 49-26] cannot add Board Part xilinx.com:emb-plus-vpr-4616:part0:1.1 available at D:/Xlinx/2025.1/data/xhub/boards\XilinxBoardStore\boards\Xilinx\emb-plus-vpr-4616\1.1\board.xml as part xcve2302-sfva784-2mp-e-s specified in board_part file is either invalid or not available
WARNING: [Board 49-26] cannot add Board Part xilinx.com:v80:part0:1.0 available at D:/Xlinx/2025.1/data/xhub/boards\XilinxBoardStore\boards\Xilinx\v80\1.0\board.xml as part xcv80-lsva4737-2mhp-e-s specified in board_part file is either invalid or not available
WARNING: [Board 49-26] cannot add Board Part xilinx.com:vck190:part0:2.2 available at D:/Xlinx/2025.1/data/xhub/boards\XilinxBoardStore\boards\Xilinx\vck190\production\2.2\board.xml as part xcvc1902-vsva2197-2mp-e-s specified in board_part file is either invalid or not available
WARNING: [Board 49-26] cannot add Board Part xilinx.com:vck190:part0:3.0 available at D:/Xlinx/2025.1/data/xhub/boards\XilinxBoardStore\boards\Xilinx\vck190\production\3.0\board.xml as part xcvc1902-vsva2197-2mp-e-s specified in board_part file is either invalid or not available
WARNING: [Board 49-26] cannot add Board Part xilinx.com:vck190:part0:3.1 available at D:/Xlinx/2025.1/data/xhub/boards\XilinxBoardStore\boards\Xilinx\vck190\production\3.1\board.xml as part xcvc1902-vsva2197-2mp-e-s specified in board_part file is either invalid or not available
WARNING: [Board 49-26] cannot add Board Part xilinx.com:vck190:part0:3.2 available at D:/Xlinx/2025.1/data/xhub/boards\XilinxBoardStore\boards\Xilinx\vck190\production\3.2\board.xml as part xcvc1902-vsva2197-2mp-e-s specified in board_part file is either invalid or not available
WARNING: [Board 49-26] cannot add Board Part xilinx.com:vck190:part0:3.3 available at D:/Xlinx/2025.1/data/xhub/boards\XilinxBoardStore\boards\Xilinx\vck190\production\3.3\board.xml as part xcvc1902-vsva2197-2mp-e-s specified in board_part file is either invalid or not available
WARNING: [Board 49-26] cannot add Board Part xilinx.com:vck190:part0:3.4 available at D:/Xlinx/2025.1/data/xhub/boards\XilinxBoardStore\boards\Xilinx\vck190\production\3.4\board.xml as part xcvc1902-vsva2197-2mp-e-s specified in board_part file is either invalid or not available
WARNING: [Board 49-26] cannot add Board Part xilinx.com:vck190_newl:part0:1.0 available at D:/Xlinx/2025.1/data/xhub/boards\XilinxBoardStore\boards\Xilinx\vck190_newl\production\1.0\board.xml as part xcvc1902-vsva2197-2mp-e-s specified in board_part file is either invalid or not available
WARNING: [Board 49-26] cannot add Board Part xilinx.com:vck190_newl:part0:1.1 available at D:/Xlinx/2025.1/data/xhub/boards\XilinxBoardStore\boards\Xilinx\vck190_newl\production\1.1\board.xml as part xcvc1902-vsva2197-2mp-e-s specified in board_part file is either invalid or not available
WARNING: [Board 49-26] cannot add Board Part xilinx.com:vck190_newl:part0:1.2 available at D:/Xlinx/2025.1/data/xhub/boards\XilinxBoardStore\boards\Xilinx\vck190_newl\production\1.2\board.xml as part xcvc1902-vsva2197-2mp-e-s specified in board_part file is either invalid or not available
WARNING: [Board 49-26] cannot add Board Part xilinx.com:vck190_newl:part0:1.3 available at D:/Xlinx/2025.1/data/xhub/boards\XilinxBoardStore\boards\Xilinx\vck190_newl\production\1.3\board.xml as part xcvc1902-vsva2197-2mp-e-s specified in board_part file is either invalid or not available
WARNING: [Board 49-26] cannot add Board Part xilinx.com:vek280:part0:1.0 available at D:/Xlinx/2025.1/data/xhub/boards\XilinxBoardStore\boards\Xilinx\vek280\production\1.0\board.xml as part xcve2802-vsvh1760-2mp-e-s specified in board_part file is either invalid or not available
WARNING: [Board 49-26] cannot add Board Part xilinx.com:vek280:part0:1.1 available at D:/Xlinx/2025.1/data/xhub/boards\XilinxBoardStore\boards\Xilinx\vek280\production\1.1\board.xml as part xcve2802-vsvh1760-2mp-e-s specified in board_part file is either invalid or not available
WARNING: [Board 49-26] cannot add Board Part xilinx.com:vek280:part0:1.2 available at D:/Xlinx/2025.1/data/xhub/boards\XilinxBoardStore\boards\Xilinx\vek280\production\1.2\board.xml as part xcve2802-vsvh1760-2mp-e-s specified in board_part file is either invalid or not available
WARNING: [Board 49-26] cannot add Board Part xilinx.com:vek385:part0:1.0 available at D:/Xlinx/2025.1/data/xhub/boards\XilinxBoardStore\boards\Xilinx\vek385\1.0\board.xml as part xc2ve3858-ssva2112-2mp-e-s specified in board_part file is either invalid or not available
WARNING: [Board 49-26] cannot add Board Part xilinx.com:vhk158:part0:1.0 available at D:/Xlinx/2025.1/data/xhub/boards\XilinxBoardStore\boards\Xilinx\vhk158\production\1.0\board.xml as part xcvh1582-vsva3697-2mp-e-s specified in board_part file is either invalid or not available
WARNING: [Board 49-26] cannot add Board Part xilinx.com:vhk158:part0:1.1 available at D:/Xlinx/2025.1/data/xhub/boards\XilinxBoardStore\boards\Xilinx\vhk158\production\1.1\board.xml as part xcvh1582-vsva3697-2mp-e-s specified in board_part file is either invalid or not available
WARNING: [Board 49-26] cannot add Board Part xilinx.com:vhk158:part0:1.2 available at D:/Xlinx/2025.1/data/xhub/boards\XilinxBoardStore\boards\Xilinx\vhk158\production\1.2\board.xml as part xcvh1582-vsva3697-2mp-e-s specified in board_part file is either invalid or not available
WARNING: [Board 49-26] cannot add Board Part xilinx.com:vmk180:part0:2.2 available at D:/Xlinx/2025.1/data/xhub/boards\XilinxBoardStore\boards\Xilinx\vmk180\production\2.2\board.xml as part xcvm1802-vsva2197-2mp-e-s specified in board_part file is either invalid or not available
WARNING: [Board 49-26] cannot add Board Part xilinx.com:vmk180:part0:3.0 available at D:/Xlinx/2025.1/data/xhub/boards\XilinxBoardStore\boards\Xilinx\vmk180\production\3.0\board.xml as part xcvm1802-vsva2197-2mp-e-s specified in board_part file is either invalid or not available
WARNING: [Board 49-26] cannot add Board Part xilinx.com:vmk180:part0:3.1 available at D:/Xlinx/2025.1/data/xhub/boards\XilinxBoardStore\boards\Xilinx\vmk180\production\3.1\board.xml as part xcvm1802-vsva2197-2mp-e-s specified in board_part file is either invalid or not available
WARNING: [Board 49-26] cannot add Board Part xilinx.com:vmk180:part0:3.2 available at D:/Xlinx/2025.1/data/xhub/boards\XilinxBoardStore\boards\Xilinx\vmk180\production\3.2\board.xml as part xcvm1802-vsva2197-2mp-e-s specified in board_part file is either invalid or not available
WARNING: [Board 49-26] cannot add Board Part xilinx.com:vmk180:part0:3.3 available at D:/Xlinx/2025.1/data/xhub/boards\XilinxBoardStore\boards\Xilinx\vmk180\production\3.3\board.xml as part xcvm1802-vsva2197-2mp-e-s specified in board_part file is either invalid or not available
WARNING: [Board 49-26] cannot add Board Part xilinx.com:vmk180_newl:part0:1.0 available at D:/Xlinx/2025.1/data/xhub/boards\XilinxBoardStore\boards\Xilinx\vmk180_newl\production\1.0\board.xml as part xcvm1802-vsva2197-2mp-e-s specified in board_part file is either invalid or not available
WARNING: [Board 49-26] cannot add Board Part xilinx.com:vmk180_newl:part0:1.1 available at D:/Xlinx/2025.1/data/xhub/boards\XilinxBoardStore\boards\Xilinx\vmk180_newl\production\1.1\board.xml as part xcvm1802-vsva2197-2mp-e-s specified in board_part file is either invalid or not available
WARNING: [Board 49-26] cannot add Board Part xilinx.com:vpk120:part0:1.0 available at D:/Xlinx/2025.1/data/xhub/boards\XilinxBoardStore\boards\Xilinx\vpk120\production\1.0\board.xml as part xcvp1202-vsva2785-2mp-e-s specified in board_part file is either invalid or not available
WARNING: [Board 49-26] cannot add Board Part xilinx.com:vpk120:part0:1.1 available at D:/Xlinx/2025.1/data/xhub/boards\XilinxBoardStore\boards\Xilinx\vpk120\production\1.1\board.xml as part xcvp1202-vsva2785-2mp-e-s specified in board_part file is either invalid or not available
WARNING: [Board 49-26] cannot add Board Part xilinx.com:vpk120:part0:1.2 available at D:/Xlinx/2025.1/data/xhub/boards\XilinxBoardStore\boards\Xilinx\vpk120\production\1.2\board.xml as part xcvp1202-vsva2785-2mp-e-s specified in board_part file is either invalid or not available
WARNING: [Board 49-26] cannot add Board Part xilinx.com:vpk180:part0:1.0 available at D:/Xlinx/2025.1/data/xhub/boards\XilinxBoardStore\boards\Xilinx\vpk180\production\1.0\board.xml as part xcvp1802-lsvc4072-2mp-e-s specified in board_part file is either invalid or not available
WARNING: [Board 49-26] cannot add Board Part xilinx.com:vpk180:part0:1.1 available at D:/Xlinx/2025.1/data/xhub/boards\XilinxBoardStore\boards\Xilinx\vpk180\production\1.1\board.xml as part xcvp1802-lsvc4072-2mp-e-s specified in board_part file is either invalid or not available
WARNING: [Board 49-26] cannot add Board Part xilinx.com:vpk180:part0:1.2 available at D:/Xlinx/2025.1/data/xhub/boards\XilinxBoardStore\boards\Xilinx\vpk180\production\1.2\board.xml as part xcvp1802-lsvc4072-2mp-e-s specified in board_part file is either invalid or not available
WARNING: [Board 49-26] cannot add Board Part xilinx.com:zcu208ld:part0:2.0 available at D:/Xlinx/2025.1/data/xhub/boards\XilinxBoardStore\boards\Xilinx\zcu208ld\production\2.0\board.xml as part xczu58dr-fsvg1517-2-i specified in board_part file is either invalid or not available
WARNING: [Board 49-26] cannot add Board Part xilinx.com:zcu216ld:part0:2.0 available at D:/Xlinx/2025.1/data/xhub/boards\XilinxBoardStore\boards\Xilinx\zcu216ld\production\2.0\board.xml as part xczu59dr-ffvf1760-2-i specified in board_part file is either invalid or not available
WARNING: [Board 49-26] cannot add Board Part xilinx.com:zcu670ld:part0:1.0 available at D:/Xlinx/2025.1/data/xhub/boards\XilinxBoardStore\boards\Xilinx\zcu670ld\1.0\board.xml as part xczu57dr-fsve1156-2-i specified in board_part file is either invalid or not available
INFO: [filemgmt 56-3] Default IP Output Path : Could not find the directory 'D:/Work_prj/Frodokem_2026/Viprj/FrodoKEM/FrodoKEM.gen/sources_1'.
Scanning sources...
Finished scanning sources
WARNING: [Board 49-26] cannot add Board Part xilinx.com:emb-plus-vpr-4616:part0:1.0 available at D:/Xlinx/2025.1/data/xhub/boards\XilinxBoardStore\boards\Xilinx\emb-plus-vpr-4616\1.0\board.xml as part xcve2302-sfva784-2mp-e-s specified in board_part file is either invalid or not available
WARNING: [Board 49-26] cannot add Board Part xilinx.com:emb-plus-vpr-4616:part0:1.1 available at D:/Xlinx/2025.1/data/xhub/boards\XilinxBoardStore\boards\Xilinx\emb-plus-vpr-4616\1.1\board.xml as part xcve2302-sfva784-2mp-e-s specified in board_part file is either invalid or not available
WARNING: [Board 49-26] cannot add Board Part xilinx.com:v80:part0:1.0 available at D:/Xlinx/2025.1/data/xhub/boards\XilinxBoardStore\boards\Xilinx\v80\1.0\board.xml as part xcv80-lsva4737-2mhp-e-s specified in board_part file is either invalid or not available
WARNING: [Board 49-26] cannot add Board Part xilinx.com:vck190:part0:2.2 available at D:/Xlinx/2025.1/data/xhub/boards\XilinxBoardStore\boards\Xilinx\vck190\production\2.2\board.xml as part xcvc1902-vsva2197-2mp-e-s specified in board_part file is either invalid or not available
WARNING: [Board 49-26] cannot add Board Part xilinx.com:vck190:part0:3.0 available at D:/Xlinx/2025.1/data/xhub/boards\XilinxBoardStore\boards\Xilinx\vck190\production\3.0\board.xml as part xcvc1902-vsva2197-2mp-e-s specified in board_part file is either invalid or not available
WARNING: [Board 49-26] cannot add Board Part xilinx.com:vck190:part0:3.1 available at D:/Xlinx/2025.1/data/xhub/boards\XilinxBoardStore\boards\Xilinx\vck190\production\3.1\board.xml as part xcvc1902-vsva2197-2mp-e-s specified in board_part file is either invalid or not available
WARNING: [Board 49-26] cannot add Board Part xilinx.com:vck190:part0:3.2 available at D:/Xlinx/2025.1/data/xhub/boards\XilinxBoardStore\boards\Xilinx\vck190\production\3.2\board.xml as part xcvc1902-vsva2197-2mp-e-s specified in board_part file is either invalid or not available
WARNING: [Board 49-26] cannot add Board Part xilinx.com:vck190:part0:3.3 available at D:/Xlinx/2025.1/data/xhub/boards\XilinxBoardStore\boards\Xilinx\vck190\production\3.3\board.xml as part xcvc1902-vsva2197-2mp-e-s specified in board_part file is either invalid or not available
WARNING: [Board 49-26] cannot add Board Part xilinx.com:vck190:part0:3.4 available at D:/Xlinx/2025.1/data/xhub/boards\XilinxBoardStore\boards\Xilinx\vck190\production\3.4\board.xml as part xcvc1902-vsva2197-2mp-e-s specified in board_part file is either invalid or not available
WARNING: [Board 49-26] cannot add Board Part xilinx.com:vck190_newl:part0:1.0 available at D:/Xlinx/2025.1/data/xhub/boards\XilinxBoardStore\boards\Xilinx\vck190_newl\production\1.0\board.xml as part xcvc1902-vsva2197-2mp-e-s specified in board_part file is either invalid or not available
WARNING: [Board 49-26] cannot add Board Part xilinx.com:vck190_newl:part0:1.1 available at D:/Xlinx/2025.1/data/xhub/boards\XilinxBoardStore\boards\Xilinx\vck190_newl\production\1.1\board.xml as part xcvc1902-vsva2197-2mp-e-s specified in board_part file is either invalid or not available
WARNING: [Board 49-26] cannot add Board Part xilinx.com:vck190_newl:part0:1.2 available at D:/Xlinx/2025.1/data/xhub/boards\XilinxBoardStore\boards\Xilinx\vck190_newl\production\1.2\board.xml as part xcvc1902-vsva2197-2mp-e-s specified in board_part file is either invalid or not available
WARNING: [Board 49-26] cannot add Board Part xilinx.com:vck190_newl:part0:1.3 available at D:/Xlinx/2025.1/data/xhub/boards\XilinxBoardStore\boards\Xilinx\vck190_newl\production\1.3\board.xml as part xcvc1902-vsva2197-2mp-e-s specified in board_part file is either invalid or not available
WARNING: [Board 49-26] cannot add Board Part xilinx.com:vek280:part0:1.0 available at D:/Xlinx/2025.1/data/xhub/boards\XilinxBoardStore\boards\Xilinx\vek280\production\1.0\board.xml as part xcve2802-vsvh1760-2mp-e-s specified in board_part file is either invalid or not available
WARNING: [Board 49-26] cannot add Board Part xilinx.com:vek280:part0:1.1 available at D:/Xlinx/2025.1/data/xhub/boards\XilinxBoardStore\boards\Xilinx\vek280\production\1.1\board.xml as part xcve2802-vsvh1760-2mp-e-s specified in board_part file is either invalid or not available
WARNING: [Board 49-26] cannot add Board Part xilinx.com:vek280:part0:1.2 available at D:/Xlinx/2025.1/data/xhub/boards\XilinxBoardStore\boards\Xilinx\vek280\production\1.2\board.xml as part xcve2802-vsvh1760-2mp-e-s specified in board_part file is either invalid or not available
WARNING: [Board 49-26] cannot add Board Part xilinx.com:vek385:part0:1.0 available at D:/Xlinx/2025.1/data/xhub/boards\XilinxBoardStore\boards\Xilinx\vek385\1.0\board.xml as part xc2ve3858-ssva2112-2mp-e-s specified in board_part file is either invalid or not available
WARNING: [Board 49-26] cannot add Board Part xilinx.com:vhk158:part0:1.0 available at D:/Xlinx/2025.1/data/xhub/boards\XilinxBoardStore\boards\Xilinx\vhk158\production\1.0\board.xml as part xcvh1582-vsva3697-2mp-e-s specified in board_part file is either invalid or not available
WARNING: [Board 49-26] cannot add Board Part xilinx.com:vhk158:part0:1.1 available at D:/Xlinx/2025.1/data/xhub/boards\XilinxBoardStore\boards\Xilinx\vhk158\production\1.1\board.xml as part xcvh1582-vsva3697-2mp-e-s specified in board_part file is either invalid or not available
WARNING: [Board 49-26] cannot add Board Part xilinx.com:vhk158:part0:1.2 available at D:/Xlinx/2025.1/data/xhub/boards\XilinxBoardStore\boards\Xilinx\vhk158\production\1.2\board.xml as part xcvh1582-vsva3697-2mp-e-s specified in board_part file is either invalid or not available
WARNING: [Board 49-26] cannot add Board Part xilinx.com:vmk180:part0:2.2 available at D:/Xlinx/2025.1/data/xhub/boards\XilinxBoardStore\boards\Xilinx\vmk180\production\2.2\board.xml as part xcvm1802-vsva2197-2mp-e-s specified in board_part file is either invalid or not available
WARNING: [Board 49-26] cannot add Board Part xilinx.com:vmk180:part0:3.0 available at D:/Xlinx/2025.1/data/xhub/boards\XilinxBoardStore\boards\Xilinx\vmk180\production\3.0\board.xml as part xcvm1802-vsva2197-2mp-e-s specified in board_part file is either invalid or not available
WARNING: [Board 49-26] cannot add Board Part xilinx.com:vmk180:part0:3.1 available at D:/Xlinx/2025.1/data/xhub/boards\XilinxBoardStore\boards\Xilinx\vmk180\production\3.1\board.xml as part xcvm1802-vsva2197-2mp-e-s specified in board_part file is either invalid or not available
WARNING: [Board 49-26] cannot add Board Part xilinx.com:vmk180:part0:3.2 available at D:/Xlinx/2025.1/data/xhub/boards\XilinxBoardStore\boards\Xilinx\vmk180\production\3.2\board.xml as part xcvm1802-vsva2197-2mp-e-s specified in board_part file is either invalid or not available
WARNING: [Board 49-26] cannot add Board Part xilinx.com:vmk180:part0:3.3 available at D:/Xlinx/2025.1/data/xhub/boards\XilinxBoardStore\boards\Xilinx\vmk180\production\3.3\board.xml as part xcvm1802-vsva2197-2mp-e-s specified in board_part file is either invalid or not available
WARNING: [Board 49-26] cannot add Board Part xilinx.com:vmk180_newl:part0:1.0 available at D:/Xlinx/2025.1/data/xhub/boards\XilinxBoardStore\boards\Xilinx\vmk180_newl\production\1.0\board.xml as part xcvm1802-vsva2197-2mp-e-s specified in board_part file is either invalid or not available
WARNING: [Board 49-26] cannot add Board Part xilinx.com:vmk180_newl:part0:1.1 available at D:/Xlinx/2025.1/data/xhub/boards\XilinxBoardStore\boards\Xilinx\vmk180_newl\production\1.1\board.xml as part xcvm1802-vsva2197-2mp-e-s specified in board_part file is either invalid or not available
WARNING: [Board 49-26] cannot add Board Part xilinx.com:vpk120:part0:1.0 available at D:/Xlinx/2025.1/data/xhub/boards\XilinxBoardStore\boards\Xilinx\vpk120\production\1.0\board.xml as part xcvp1202-vsva2785-2mp-e-s specified in board_part file is either invalid or not available
WARNING: [Board 49-26] cannot add Board Part xilinx.com:vpk120:part0:1.1 available at D:/Xlinx/2025.1/data/xhub/boards\XilinxBoardStore\boards\Xilinx\vpk120\production\1.1\board.xml as part xcvp1202-vsva2785-2mp-e-s specified in board_part file is either invalid or not available
WARNING: [Board 49-26] cannot add Board Part xilinx.com:vpk120:part0:1.2 available at D:/Xlinx/2025.1/data/xhub/boards\XilinxBoardStore\boards\Xilinx\vpk120\production\1.2\board.xml as part xcvp1202-vsva2785-2mp-e-s specified in board_part file is either invalid or not available
WARNING: [Board 49-26] cannot add Board Part xilinx.com:vpk180:part0:1.0 available at D:/Xlinx/2025.1/data/xhub/boards\XilinxBoardStore\boards\Xilinx\vpk180\production\1.0\board.xml as part xcvp1802-lsvc4072-2mp-e-s specified in board_part file is either invalid or not available
WARNING: [Board 49-26] cannot add Board Part xilinx.com:vpk180:part0:1.1 available at D:/Xlinx/2025.1/data/xhub/boards\XilinxBoardStore\boards\Xilinx\vpk180\production\1.1\board.xml as part xcvp1802-lsvc4072-2mp-e-s specified in board_part file is either invalid or not available
WARNING: [Board 49-26] cannot add Board Part xilinx.com:vpk180:part0:1.2 available at D:/Xlinx/2025.1/data/xhub/boards\XilinxBoardStore\boards\Xilinx\vpk180\production\1.2\board.xml as part xcvp1802-lsvc4072-2mp-e-s specified in board_part file is either invalid or not available
WARNING: [Board 49-26] cannot add Board Part xilinx.com:zcu208ld:part0:2.0 available at D:/Xlinx/2025.1/data/xhub/boards\XilinxBoardStore\boards\Xilinx\zcu208ld\production\2.0\board.xml as part xczu58dr-fsvg1517-2-i specified in board_part file is either invalid or not available
WARNING: [Board 49-26] cannot add Board Part xilinx.com:zcu216ld:part0:2.0 available at D:/Xlinx/2025.1/data/xhub/boards\XilinxBoardStore\boards\Xilinx\zcu216ld\production\2.0\board.xml as part xczu59dr-ffvf1760-2-i specified in board_part file is either invalid or not available
WARNING: [Board 49-26] cannot add Board Part xilinx.com:zcu670ld:part0:1.0 available at D:/Xlinx/2025.1/data/xhub/boards\XilinxBoardStore\boards\Xilinx\zcu670ld\1.0\board.xml as part xczu57dr-fsve1156-2-i specified in board_part file is either invalid or not available
WARNING: [Project 1-5713] Board part '' set for the project  is not found. BoardPart property will be unset. Please select board from latest repo build 
INFO: [IP_Flow 19-234] Refreshing IP repositories
INFO: [IP_Flow 19-1704] No user IP repositories specified
INFO: [IP_Flow 19-2313] Loaded Vivado IP repository 'D:/Xlinx/2025.1/Vivado/data/ip'.
INFO: [Device 21-403] Loading part xc7a35tfgg484-2
open_project: Time (s): cpu = 00:00:28 ; elapsed = 00:00:27 . Memory (MB): peak = 1927.953 ; gain = 436.480
update_compile_order -fileset sources_1
launch_simulation
Command: launch_simulation 
INFO: [Vivado 12-12493] Simulation top is 'tb_Frodo_top'
INFO: [Vivado 12-5682] Launching behavioral simulation in 'D:/Work_prj/Frodokem_2026/Viprj/FrodoKEM/FrodoKEM.sim/sim_1/behav/xsim'
INFO: [SIM-utils-51] Simulation object is 'sim_1'
INFO: [SIM-utils-72] Using boost library from 'D:/Xlinx/2025.1/Vivado/tps/boost_1_72_0'
INFO: [USF-XSim-7] Finding pre-compiled libraries...
INFO: [USF-XSim-11] File 'D:/Xlinx/2025.1/Vivado/data/xsim/xsim.ini' copied to run dir:'D:/Work_prj/Frodokem_2026/Viprj/FrodoKEM/FrodoKEM.sim/sim_1/behav/xsim'
INFO: [SIM-utils-54] Inspecting design source files for 'tb_Frodo_top' in fileset 'sim_1'...
INFO: [SIM-utils-43] Exported 'D:/Work_prj/Frodokem_2026/Viprj/FrodoKEM/FrodoKEM.sim/sim_1/behav/xsim/index_ram.coe'
INFO: [SIM-utils-43] Exported 'D:/Work_prj/Frodokem_2026/Viprj/FrodoKEM/FrodoKEM.sim/sim_1/behav/xsim/ram_init_1024x36.coe'
WARNING: [SIM-utils-52] IP component XML file does not exist: 'd:/Work_prj/Frodokem_2026/Viprj/FrodoKEM/FrodoKEM.gen/sources_1/ip/ADDRBASE_ROM/ADDRBASE_ROM.xml'
WARNING: [SIM-utils-52] IP component XML file does not exist: 'd:/Work_prj/Frodokem_2026/Viprj/FrodoKEM/FrodoKEM.gen/sources_1/ip/INSTROM/INSTROM.xml'
WARNING: [SIM-utils-52] IP component XML file does not exist: 'd:/Work_prj/Frodokem_2026/Viprj/FrodoKEM/FrodoKEM.gen/sources_1/ip/RAM448/RAM448.xml'
WARNING: [SIM-utils-52] IP component XML file does not exist: 'd:/Work_prj/Frodokem_2026/Viprj/FrodoKEM/FrodoKEM.gen/sources_1/ip/RAM64a/RAM64a.xml'
WARNING: [SIM-utils-52] IP component XML file does not exist: 'd:/Work_prj/Frodokem_2026/Viprj/FrodoKEM/FrodoKEM.gen/sources_1/ip/RAM64b/RAM64b.xml'
WARNING: [SIM-utils-52] IP component XML file does not exist: 'd:/Work_prj/Frodokem_2026/Viprj/FrodoKEM/FrodoKEM.gen/sources_1/ip/clk_wiz_0/clk_wiz_0.xml'
INFO: [USF-XSim-97] Finding global include files...
INFO: [USF-XSim-98] Fetching design files from 'sim_1'...
INFO: [USF-XSim-2] XSim::Compile design
INFO: [USF-XSim-61] Executing 'COMPILE and ANALYZE' step in 'D:/Work_prj/Frodokem_2026/Viprj/FrodoKEM/FrodoKEM.sim/sim_1/behav/xsim'
"xvlog --incr --relax -prj tb_Frodo_top_vlog.prj"
INFO: [USF-XSim-69] 'compile' step finished in '1' seconds
INFO: [USF-XSim-3] XSim::Elaborate design
INFO: [USF-XSim-61] Executing 'ELABORATE' step in 'D:/Work_prj/Frodokem_2026/Viprj/FrodoKEM/FrodoKEM.sim/sim_1/behav/xsim'
"xelab --incr --debug typical --relax --mt 2 -L xil_defaultlib -L unisims_ver -L unimacro_ver -L secureip -L xpm --snapshot tb_Frodo_top_behav xil_defaultlib.tb_Frodo_top xil_defaultlib.glbl -log elaborate.log"
Vivado Simulator v2025.1.0
Copyright 1986-2022 Xilinx, Inc. All Rights Reserved.
Copyright 2022-2025 Advanced Micro Devices, Inc. All Rights Reserved.
Running: D:/Xlinx/2025.1/Vivado/bin/unwrapped/win64.o/xelab.exe --incr --debug typical --relax --mt 2 -L xil_defaultlib -L unisims_ver -L unimacro_ver -L secureip -L xpm --snapshot tb_Frodo_top_behav xil_defaultlib.tb_Frodo_top xil_defaultlib.glbl -log elaborate.log 
Using 2 slave threads.
Starting static elaboration
Pass Through NonSizing Optimizer
WARNING: [VRFC 10-3091] actual bit length 1 differs from formal bit length 9 for port 'sqz_cnt' [D:/Work_prj/Frodokem_2026/SRC/Frodo_top.v:836]
WARNING: [VRFC 10-3091] actual bit length 1 differs from formal bit length 4 for port 'prefixe_out' [D:/Work_prj/Frodokem_2026/SRC/Frodo_top.v:879]
WARNING: [VRFC 10-3705] select index 31 into 'mem' is out of bounds [D:/Work_prj/Frodokem_2026/dual_ram_asyn.v:63]
WARNING: [VRFC 10-3705] select index 63 into 'mem' is out of bounds [D:/Work_prj/Frodokem_2026/dual_ram_asyn.v:64]
WARNING: [VRFC 10-3705] select index 23 into 'mem' is out of bounds [D:/Work_prj/Frodokem_2026/dual_ram_asyn.v:69]
WARNING: [VRFC 10-3705] select index 31 into 'mem' is out of bounds [D:/Work_prj/Frodokem_2026/dual_ram_asyn.v:70]
WARNING: [VRFC 10-3705] select index 39 into 'mem' is out of bounds [D:/Work_prj/Frodokem_2026/dual_ram_asyn.v:71]
WARNING: [VRFC 10-3705] select index 47 into 'mem' is out of bounds [D:/Work_prj/Frodokem_2026/dual_ram_asyn.v:72]
WARNING: [VRFC 10-3705] select index 55 into 'mem' is out of bounds [D:/Work_prj/Frodokem_2026/dual_ram_asyn.v:73]
WARNING: [VRFC 10-3705] select index 63 into 'mem' is out of bounds [D:/Work_prj/Frodokem_2026/dual_ram_asyn.v:74]
WARNING: [VRFC 10-3705] select index 31 into 'mem' is out of bounds [D:/Work_prj/Frodokem_2026/dual_ram_asyn.v:91]
WARNING: [VRFC 10-3705] select index 63 into 'mem' is out of bounds [D:/Work_prj/Frodokem_2026/dual_ram_asyn.v:92]
WARNING: [VRFC 10-3705] select index 23 into 'mem' is out of bounds [D:/Work_prj/Frodokem_2026/dual_ram_asyn.v:97]
WARNING: [VRFC 10-3705] select index 31 into 'mem' is out of bounds [D:/Work_prj/Frodokem_2026/dual_ram_asyn.v:98]
WARNING: [VRFC 10-3705] select index 39 into 'mem' is out of bounds [D:/Work_prj/Frodokem_2026/dual_ram_asyn.v:99]
WARNING: [VRFC 10-3705] select index 47 into 'mem' is out of bounds [D:/Work_prj/Frodokem_2026/dual_ram_asyn.v:100]
WARNING: [VRFC 10-3705] select index 55 into 'mem' is out of bounds [D:/Work_prj/Frodokem_2026/dual_ram_asyn.v:101]
WARNING: [VRFC 10-3705] select index 63 into 'mem' is out of bounds [D:/Work_prj/Frodokem_2026/dual_ram_asyn.v:102]
WARNING: [VRFC 10-3705] select index 63 into 'mem' is out of bounds [D:/Work_prj/Frodokem_2026/dual_ram.v:61]
WARNING: [VRFC 10-3705] select index 39 into 'mem' is out of bounds [D:/Work_prj/Frodokem_2026/dual_ram.v:68]
WARNING: [VRFC 10-3705] select index 47 into 'mem' is out of bounds [D:/Work_prj/Frodokem_2026/dual_ram.v:69]
WARNING: [VRFC 10-3705] select index 55 into 'mem' is out of bounds [D:/Work_prj/Frodokem_2026/dual_ram.v:70]
WARNING: [VRFC 10-3705] select index 63 into 'mem' is out of bounds [D:/Work_prj/Frodokem_2026/dual_ram.v:71]
WARNING: [VRFC 10-3705] select index 63 into 'mem' is out of bounds [D:/Work_prj/Frodokem_2026/dual_ram.v:89]
WARNING: [VRFC 10-3705] select index 39 into 'mem' is out of bounds [D:/Work_prj/Frodokem_2026/dual_ram.v:96]
WARNING: [VRFC 10-3705] select index 47 into 'mem' is out of bounds [D:/Work_prj/Frodokem_2026/dual_ram.v:97]
WARNING: [VRFC 10-3705] select index 55 into 'mem' is out of bounds [D:/Work_prj/Frodokem_2026/dual_ram.v:98]
WARNING: [VRFC 10-3705] select index 63 into 'mem' is out of bounds [D:/Work_prj/Frodokem_2026/dual_ram.v:99]
Completed static elaboration
INFO: [XSIM 43-4323] No Change in HDL. Linking previously generated obj files to create kernel
INFO: [USF-XSim-69] 'elaborate' step finished in '2' seconds
INFO: [USF-XSim-4] XSim::Simulate design
INFO: [USF-XSim-61] Executing 'SIMULATE' step in 'D:/Work_prj/Frodokem_2026/Viprj/FrodoKEM/FrodoKEM.sim/sim_1/behav/xsim'
INFO: [USF-XSim-98] *** Running xsim
   with args "tb_Frodo_top_behav -key {Behavioral:sim_1:Functional:tb_Frodo_top} -tclbatch {tb_Frodo_top.tcl} -view {D:/Work_prj/Frodokem_2026/Viprj/FrodoKEM/tb_Frodo_top_behav.wcfg} -log {simulate.log}"
INFO: [USF-XSim-8] Loading simulator feature
Time resolution is 1 ps
open_wave_config D:/Work_prj/Frodokem_2026/Viprj/FrodoKEM/tb_Frodo_top_behav.wcfg
source tb_Frodo_top.tcl
# set curr_wave [current_wave_config]
# if { [string length $curr_wave] == 0 } {
#   if { [llength [get_objects]] > 0} {
#     add_wave /
#     set_property needs_save false [current_wave_config]
#   } else {
#      send_msg_id Add_Wave-1 WARNING "No top level signals found. Simulator will start without a wave window. If you want to open a wave window go to 'File->New Waveform Configuration' or type 'create_wave_config' in the TCL console."
#   }
# }
# log_wave -r /
# run 1000ns
WARNING: Too many words specified in data file D:/Work_prj/Frodokem_2026/TB/RAM64a.hex
WARNING: Too many words specified in data file D:/Work_prj/Frodokem_2026/TB/RAM64b.hex
INFO: [USF-XSim-96] XSim completed. Design snapshot 'tb_Frodo_top_behav' loaded.
INFO: [USF-XSim-97] XSim simulation ran for 1000ns
launch_simulation: Time (s): cpu = 00:00:04 ; elapsed = 00:00:08 . Memory (MB): peak = 1947.871 ; gain = 19.918
current_wave_config {tb_Frodo_top_behav.wcfg}
tb_Frodo_top_behav.wcfg
add_wave {{/tb_Frodo_top/dut/ram448/addr_a}} 
current_wave_config {tb_Frodo_top_behav.wcfg}
tb_Frodo_top_behav.wcfg
add_wave {{/tb_Frodo_top/dut/ram64a/addr_a}} 
current_wave_config {tb_Frodo_top_behav.wcfg}
tb_Frodo_top_behav.wcfg
add_wave {{/tb_Frodo_top/dut/ram64a/addr_b}} 
run 120890 ns
Â≠òÂÇ®Âô®Êï∞ÊçÆÂ∑≤ËæìÂá∫Âà∞Êñá‰ª∂: mem_output.hex (Êó∂ÈíüÂë®Êúü:       1000)
Â≠òÂÇ®Âô®Êï∞ÊçÆÂ∑≤ËæìÂá∫Âà∞Êñá‰ª∂: mem_output.hex (Êó∂ÈíüÂë®Êúü:       1000)
current_wave_config {tb_Frodo_top_behav.wcfg}
tb_Frodo_top_behav.wcfg
add_wave {{/tb_Frodo_top/dut/ram64a/wr_mask_b}} 
current_wave_config {tb_Frodo_top_behav.wcfg}
tb_Frodo_top_behav.wcfg
add_wave {{/tb_Frodo_top/dut/ram64a/din_b}} 
current_wave_config {tb_Frodo_top_behav.wcfg}
tb_Frodo_top_behav.wcfg
add_wave {{/tb_Frodo_top/dut/u_MatrixMACSet/mulaSet}} 
current_wave_config {tb_Frodo_top_behav.wcfg}
tb_Frodo_top_behav.wcfg
add_wave {{/tb_Frodo_top/dut/u_MatrixMACSet/mulbSet}} 
current_wave_config {tb_Frodo_top_behav.wcfg}
tb_Frodo_top_behav.wcfg
add_wave {{/tb_Frodo_top/dut/u_MatrixMACSet/mulabSet_val}} 
current_wave_config {tb_Frodo_top_behav.wcfg}
tb_Frodo_top_behav.wcfg
add_wave {{/tb_Frodo_top/dut/u_MatrixMACSet/macabSet_val}} 
current_wave_config {tb_Frodo_top_behav.wcfg}
tb_Frodo_top_behav.wcfg
add_wave {{/tb_Frodo_top/dut/u_MatrixAddSet/addabSet}} 
current_wave_config {tb_Frodo_top_behav.wcfg}
tb_Frodo_top_behav.wcfg
add_wave {{/tb_Frodo_top/dut/u_MatrixAddSet/addbSet}} 
current_wave_config {tb_Frodo_top_behav.wcfg}
tb_Frodo_top_behav.wcfg
add_wave {{/tb_Frodo_top/dut/u_MatrixAddSet/addaSet}} 
current_wave_config {tb_Frodo_top_behav.wcfg}
tb_Frodo_top_behav.wcfg
add_wave {{/tb_Frodo_top/dut/u_MatrixMACSet/macabSet}} 
current_wave_config {tb_Frodo_top_behav.wcfg}
tb_Frodo_top_behav.wcfg
add_wave {{/tb_Frodo_top/dut/ram64a/dout_a}} 
relaunch_sim
Command: launch_simulation -step compile -simset sim_1 -mode behavioral
INFO: [Vivado 12-12493] Simulation top is 'tb_Frodo_top'
INFO: [Vivado 12-5682] Launching behavioral simulation in 'D:/Work_prj/Frodokem_2026/Viprj/FrodoKEM/FrodoKEM.sim/sim_1/behav/xsim'
INFO: [SIM-utils-51] Simulation object is 'sim_1'
INFO: [SIM-utils-72] Using boost library from 'D:/Xlinx/2025.1/Vivado/tps/boost_1_72_0'
INFO: [USF-XSim-7] Finding pre-compiled libraries...
INFO: [USF-XSim-11] File 'D:/Xlinx/2025.1/Vivado/data/xsim/xsim.ini' copied to run dir:'D:/Work_prj/Frodokem_2026/Viprj/FrodoKEM/FrodoKEM.sim/sim_1/behav/xsim'
INFO: [SIM-utils-54] Inspecting design source files for 'tb_Frodo_top' in fileset 'sim_1'...
INFO: [SIM-utils-43] Exported 'D:/Work_prj/Frodokem_2026/Viprj/FrodoKEM/FrodoKEM.sim/sim_1/behav/xsim/index_ram.coe'
INFO: [SIM-utils-43] Exported 'D:/Work_prj/Frodokem_2026/Viprj/FrodoKEM/FrodoKEM.sim/sim_1/behav/xsim/ram_init_1024x36.coe'
WARNING: [SIM-utils-52] IP component XML file does not exist: 'd:/Work_prj/Frodokem_2026/Viprj/FrodoKEM/FrodoKEM.gen/sources_1/ip/ADDRBASE_ROM/ADDRBASE_ROM.xml'
WARNING: [SIM-utils-52] IP component XML file does not exist: 'd:/Work_prj/Frodokem_2026/Viprj/FrodoKEM/FrodoKEM.gen/sources_1/ip/INSTROM/INSTROM.xml'
WARNING: [SIM-utils-52] IP component XML file does not exist: 'd:/Work_prj/Frodokem_2026/Viprj/FrodoKEM/FrodoKEM.gen/sources_1/ip/RAM448/RAM448.xml'
WARNING: [SIM-utils-52] IP component XML file does not exist: 'd:/Work_prj/Frodokem_2026/Viprj/FrodoKEM/FrodoKEM.gen/sources_1/ip/RAM64a/RAM64a.xml'
WARNING: [SIM-utils-52] IP component XML file does not exist: 'd:/Work_prj/Frodokem_2026/Viprj/FrodoKEM/FrodoKEM.gen/sources_1/ip/RAM64b/RAM64b.xml'
WARNING: [SIM-utils-52] IP component XML file does not exist: 'd:/Work_prj/Frodokem_2026/Viprj/FrodoKEM/FrodoKEM.gen/sources_1/ip/clk_wiz_0/clk_wiz_0.xml'
INFO: [USF-XSim-97] Finding global include files...
INFO: [USF-XSim-98] Fetching design files from 'sim_1'...
INFO: [USF-XSim-2] XSim::Compile design
INFO: [USF-XSim-61] Executing 'COMPILE and ANALYZE' step in 'D:/Work_prj/Frodokem_2026/Viprj/FrodoKEM/FrodoKEM.sim/sim_1/behav/xsim'
"xvlog --incr --relax -prj tb_Frodo_top_vlog.prj"
INFO: [VRFC 10-2263] Analyzing Verilog file "D:/Work_prj/Frodokem_2026/SRC/AddrGenUnit.v" into library xil_defaultlib
INFO: [VRFC 10-311] analyzing module AddrGenUnit
INFO: [VRFC 10-2263] Analyzing Verilog file "D:/Work_prj/Frodokem_2026/SRC/DecodeSet.v" into library xil_defaultlib
INFO: [VRFC 10-311] analyzing module DecodeSet
INFO: [VRFC 10-2263] Analyzing Verilog file "D:/Work_prj/Frodokem_2026/SRC/EncodeSet.v" into library xil_defaultlib
INFO: [VRFC 10-311] analyzing module EncodeSet
INFO: [VRFC 10-2263] Analyzing Verilog file "D:/Work_prj/Frodokem_2026/SRC/Frodo_top.v" into library xil_defaultlib
INFO: [VRFC 10-311] analyzing module Frodo_top
INFO: [VRFC 10-2263] Analyzing Verilog file "D:/Work_prj/Frodokem_2026/SRC/InstDecoder.v" into library xil_defaultlib
INFO: [VRFC 10-311] analyzing module instDecoder
INFO: [VRFC 10-2263] Analyzing Verilog file "D:/Work_prj/Frodokem_2026/SRC/MatrixAddSet.v" into library xil_defaultlib
INFO: [VRFC 10-311] analyzing module MatrixAddSet
INFO: [VRFC 10-2263] Analyzing Verilog file "D:/Work_prj/Frodokem_2026/SRC/MatrixMACSet.v" into library xil_defaultlib
INFO: [VRFC 10-311] analyzing module MatrixMACSet
INFO: [VRFC 10-2263] Analyzing Verilog file "D:/Work_prj/Frodokem_2026/SRC/MatrixMulAddSet.v" into library xil_defaultlib
INFO: [VRFC 10-311] analyzing module MatrixMulAddSet
INFO: [VRFC 10-2263] Analyzing Verilog file "D:/Work_prj/Frodokem_2026/SRC/MatrixSubSet.v" into library xil_defaultlib
INFO: [VRFC 10-311] analyzing module MatrixSubSet
INFO: [VRFC 10-2263] Analyzing Verilog file "D:/Work_prj/Frodokem_2026/SRC/PackSet.v" into library xil_defaultlib
INFO: [VRFC 10-311] analyzing module PackSet
INFO: [VRFC 10-2263] Analyzing Verilog file "D:/Work_prj/Frodokem_2026/SRC/RAM _Arbitration.v" into library xil_defaultlib
INFO: [VRFC 10-311] analyzing module RAM_Arbitration
INFO: [VRFC 10-2263] Analyzing Verilog file "D:/Work_prj/Frodokem_2026/SRC/shake.v" into library xil_defaultlib
INFO: [VRFC 10-311] analyzing module SHAKE
WARNING: [VRFC 10-3380] identifier 'CS' is used before its declaration [D:/Work_prj/Frodokem_2026/SRC/shake.v:64]
INFO: [VRFC 10-2263] Analyzing Verilog file "D:/Work_prj/Frodokem_2026/SRC/SampleMatrixSet.v" into library xil_defaultlib
INFO: [VRFC 10-311] analyzing module SampleMatrixSet
INFO: [VRFC 10-2263] Analyzing Verilog file "D:/Work_prj/Frodokem_2026/SRC/UnpackSet.v" into library xil_defaultlib
INFO: [VRFC 10-311] analyzing module UnpackSet
INFO: [VRFC 10-2263] Analyzing Verilog file "D:/Work_prj/Frodokem_2026/SRC/bidirectional_fifo.v" into library xil_defaultlib
INFO: [VRFC 10-311] analyzing module bidirectional_fifo
INFO: [VRFC 10-2263] Analyzing Verilog file "D:/Work_prj/Frodokem_2026/SRC/control.v" into library xil_defaultlib
INFO: [VRFC 10-311] analyzing module control
WARNING: [VRFC 10-3248] data object 'maccnt0' is already declared [D:/Work_prj/Frodokem_2026/SRC/control.v:1015]
WARNING: [VRFC 10-9364] second declaration of 'maccnt0' is ignored [D:/Work_prj/Frodokem_2026/SRC/control.v:1015]
WARNING: [VRFC 10-3380] identifier 'sqzout64_en' is used before its declaration [D:/Work_prj/Frodokem_2026/SRC/control.v:118]
WARNING: [VRFC 10-3380] identifier 'fifo64outval' is used before its declaration [D:/Work_prj/Frodokem_2026/SRC/control.v:496]
WARNING: [VRFC 10-3380] identifier 'pingpangflag' is used before its declaration [D:/Work_prj/Frodokem_2026/SRC/control.v:955]
INFO: [VRFC 10-2263] Analyzing Verilog file "D:/Work_prj/Frodokem_2026/dram448_r.v" into library xil_defaultlib
INFO: [VRFC 10-311] analyzing module dram448_r
INFO: [VRFC 10-2263] Analyzing Verilog file "D:/Work_prj/Frodokem_2026/dram64_r.v" into library xil_defaultlib
INFO: [VRFC 10-311] analyzing module dram64_r
INFO: [VRFC 10-2263] Analyzing Verilog file "D:/Work_prj/Frodokem_2026/dual_ram.v" into library xil_defaultlib
INFO: [VRFC 10-311] analyzing module dual_ram
INFO: [VRFC 10-2263] Analyzing Verilog file "D:/Work_prj/Frodokem_2026/dual_ram_asyn.v" into library xil_defaultlib
INFO: [VRFC 10-311] analyzing module dual_ram_asyn
INFO: [VRFC 10-2263] Analyzing Verilog file "D:/Work_prj/Frodokem_2026/SRC/roundmod.v" into library xil_defaultlib
INFO: [VRFC 10-311] analyzing module roundmod
INFO: [VRFC 10-2263] Analyzing Verilog file "D:/Work_prj/Frodokem_2026/SRC/theta.v" into library xil_defaultlib
INFO: [VRFC 10-311] analyzing module theta
INFO: [VRFC 10-2263] Analyzing Verilog file "D:/Work_prj/Frodokem_2026/SRC/thopichiiota.v" into library xil_defaultlib
INFO: [VRFC 10-311] analyzing module thopichiiota
INFO: [VRFC 10-2263] Analyzing Verilog file "D:/Work_prj/Frodokem_2026/Viprj/FrodoKEM/FrodoKEM.srcs/sim_1/new/TB.v" into library xil_defaultlib
INFO: [VRFC 10-311] analyzing module tb_Frodo_top
INFO: [USF-XSim-69] 'compile' step finished in '3' seconds
Command: launch_simulation -step elaborate -simset sim_1 -mode behavioral
INFO: [Vivado 12-12493] Simulation top is 'tb_Frodo_top'
INFO: [Vivado 12-5682] Launching behavioral simulation in 'D:/Work_prj/Frodokem_2026/Viprj/FrodoKEM/FrodoKEM.sim/sim_1/behav/xsim'
INFO: [SIM-utils-51] Simulation object is 'sim_1'
INFO: [USF-XSim-3] XSim::Elaborate design
INFO: [USF-XSim-61] Executing 'ELABORATE' step in 'D:/Work_prj/Frodokem_2026/Viprj/FrodoKEM/FrodoKEM.sim/sim_1/behav/xsim'
"xelab --incr --debug typical --relax --mt 2 -L xil_defaultlib -L unisims_ver -L unimacro_ver -L secureip -L xpm --snapshot tb_Frodo_top_behav xil_defaultlib.tb_Frodo_top xil_defaultlib.glbl -log elaborate.log"
Vivado Simulator v2025.1.0
Copyright 1986-2022 Xilinx, Inc. All Rights Reserved.
Copyright 2022-2025 Advanced Micro Devices, Inc. All Rights Reserved.
Running: D:/Xlinx/2025.1/Vivado/bin/unwrapped/win64.o/xelab.exe --incr --debug typical --relax --mt 2 -L xil_defaultlib -L unisims_ver -L unimacro_ver -L secureip -L xpm --snapshot tb_Frodo_top_behav xil_defaultlib.tb_Frodo_top xil_defaultlib.glbl -log elaborate.log 
Using 2 slave threads.
Starting static elaboration
Pass Through NonSizing Optimizer
WARNING: [VRFC 10-3091] actual bit length 1 differs from formal bit length 9 for port 'sqz_cnt' [D:/Work_prj/Frodokem_2026/SRC/Frodo_top.v:836]
WARNING: [VRFC 10-3091] actual bit length 1 differs from formal bit length 4 for port 'prefixe_out' [D:/Work_prj/Frodokem_2026/SRC/Frodo_top.v:879]
WARNING: [VRFC 10-3705] select index 31 into 'mem' is out of bounds [D:/Work_prj/Frodokem_2026/dual_ram_asyn.v:63]
WARNING: [VRFC 10-3705] select index 63 into 'mem' is out of bounds [D:/Work_prj/Frodokem_2026/dual_ram_asyn.v:64]
WARNING: [VRFC 10-3705] select index 23 into 'mem' is out of bounds [D:/Work_prj/Frodokem_2026/dual_ram_asyn.v:69]
WARNING: [VRFC 10-3705] select index 31 into 'mem' is out of bounds [D:/Work_prj/Frodokem_2026/dual_ram_asyn.v:70]
WARNING: [VRFC 10-3705] select index 39 into 'mem' is out of bounds [D:/Work_prj/Frodokem_2026/dual_ram_asyn.v:71]
WARNING: [VRFC 10-3705] select index 47 into 'mem' is out of bounds [D:/Work_prj/Frodokem_2026/dual_ram_asyn.v:72]
WARNING: [VRFC 10-3705] select index 55 into 'mem' is out of bounds [D:/Work_prj/Frodokem_2026/dual_ram_asyn.v:73]
WARNING: [VRFC 10-3705] select index 63 into 'mem' is out of bounds [D:/Work_prj/Frodokem_2026/dual_ram_asyn.v:74]
WARNING: [VRFC 10-3705] select index 31 into 'mem' is out of bounds [D:/Work_prj/Frodokem_2026/dual_ram_asyn.v:91]
WARNING: [VRFC 10-3705] select index 63 into 'mem' is out of bounds [D:/Work_prj/Frodokem_2026/dual_ram_asyn.v:92]
WARNING: [VRFC 10-3705] select index 23 into 'mem' is out of bounds [D:/Work_prj/Frodokem_2026/dual_ram_asyn.v:97]
WARNING: [VRFC 10-3705] select index 31 into 'mem' is out of bounds [D:/Work_prj/Frodokem_2026/dual_ram_asyn.v:98]
WARNING: [VRFC 10-3705] select index 39 into 'mem' is out of bounds [D:/Work_prj/Frodokem_2026/dual_ram_asyn.v:99]
WARNING: [VRFC 10-3705] select index 47 into 'mem' is out of bounds [D:/Work_prj/Frodokem_2026/dual_ram_asyn.v:100]
WARNING: [VRFC 10-3705] select index 55 into 'mem' is out of bounds [D:/Work_prj/Frodokem_2026/dual_ram_asyn.v:101]
WARNING: [VRFC 10-3705] select index 63 into 'mem' is out of bounds [D:/Work_prj/Frodokem_2026/dual_ram_asyn.v:102]
WARNING: [VRFC 10-3705] select index 63 into 'mem' is out of bounds [D:/Work_prj/Frodokem_2026/dual_ram.v:61]
WARNING: [VRFC 10-3705] select index 39 into 'mem' is out of bounds [D:/Work_prj/Frodokem_2026/dual_ram.v:68]
WARNING: [VRFC 10-3705] select index 47 into 'mem' is out of bounds [D:/Work_prj/Frodokem_2026/dual_ram.v:69]
WARNING: [VRFC 10-3705] select index 55 into 'mem' is out of bounds [D:/Work_prj/Frodokem_2026/dual_ram.v:70]
WARNING: [VRFC 10-3705] select index 63 into 'mem' is out of bounds [D:/Work_prj/Frodokem_2026/dual_ram.v:71]
WARNING: [VRFC 10-3705] select index 63 into 'mem' is out of bounds [D:/Work_prj/Frodokem_2026/dual_ram.v:89]
WARNING: [VRFC 10-3705] select index 39 into 'mem' is out of bounds [D:/Work_prj/Frodokem_2026/dual_ram.v:96]
WARNING: [VRFC 10-3705] select index 47 into 'mem' is out of bounds [D:/Work_prj/Frodokem_2026/dual_ram.v:97]
WARNING: [VRFC 10-3705] select index 55 into 'mem' is out of bounds [D:/Work_prj/Frodokem_2026/dual_ram.v:98]
WARNING: [VRFC 10-3705] select index 63 into 'mem' is out of bounds [D:/Work_prj/Frodokem_2026/dual_ram.v:99]
Completed static elaboration
Starting simulation data flow analysis
Completed simulation data flow analysis
Time Resolution for simulation is 1ps
Compiling module xil_defaultlib.SampleMatrixSet_default
Compiling module xil_defaultlib.bidirectional_fifo
Compiling module xil_defaultlib.theta
Compiling module xil_defaultlib.thopichiiota
Compiling module xil_defaultlib.SHAKE
Compiling module xil_defaultlib.PackSet
Compiling module xil_defaultlib.UnpackSet
Compiling module xil_defaultlib.roundmod_default
Compiling module xil_defaultlib.roundmod(B=3,Q=16)
Compiling module xil_defaultlib.roundmod(B=4,Q=16)
Compiling module xil_defaultlib.DecodeSet_default
Compiling module xil_defaultlib.EncodeSet
Compiling module xil_defaultlib.dram64_r(MEM_DEPTH=3000,HEX_FILE...
Compiling module xil_defaultlib.dram64_r(MEM_DEPTH=3000,HEX_FILE...
Compiling module xil_defaultlib.dram448_r(HEX_FILE="D:/Work_prj/...
Compiling module xil_defaultlib.MatrixAddSet_default
Compiling module xil_defaultlib.MatrixMACSet_default
Compiling module xil_defaultlib.MatrixMulAddSet_default
Compiling module xil_defaultlib.MatrixSubSet_default
Compiling module xil_defaultlib.dual_ram_asyn(ADDR_WIDTH=6,DATA_...
Compiling module xil_defaultlib.dual_ram(ADDR_WIDTH=10,DATA_WIDT...
Compiling module xil_defaultlib.instDecoder
Compiling module xil_defaultlib.RAM_Arbitration
Compiling module xil_defaultlib.AddrGenUnit
Compiling module xil_defaultlib.control
Compiling module xil_defaultlib.Frodo_top
Compiling module xil_defaultlib.tb_Frodo_top
Compiling module xil_defaultlib.glbl
Built simulation snapshot tb_Frodo_top_behav
run_program: Time (s): cpu = 00:00:00 ; elapsed = 00:00:07 . Memory (MB): peak = 2868.711 ; gain = 0.000
INFO: [USF-XSim-69] 'elaborate' step finished in '8' seconds
launch_simulation: Time (s): cpu = 00:00:00 ; elapsed = 00:00:08 . Memory (MB): peak = 2868.711 ; gain = 0.000
Time resolution is 1 ps
WARNING: Too many words specified in data file D:/Work_prj/Frodokem_2026/TB/RAM64a.hex
WARNING: Too many words specified in data file D:/Work_prj/Frodokem_2026/TB/RAM64b.hex
relaunch_sim: Time (s): cpu = 00:00:01 ; elapsed = 00:00:13 . Memory (MB): peak = 2868.711 ; gain = 0.000
run 120890 ns
Â≠òÂÇ®Âô®Êï∞ÊçÆÂ∑≤ËæìÂá∫Âà∞Êñá‰ª∂: mem_output.hex (Êó∂ÈíüÂë®Êúü:       1000)
Â≠òÂÇ®Âô®Êï∞ÊçÆÂ∑≤ËæìÂá∫Âà∞Êñá‰ª∂: mem_output.hex (Êó∂ÈíüÂë®Êúü:       1000)
current_wave_config {tb_Frodo_top_behav.wcfg}
tb_Frodo_top_behav.wcfg
add_wave {{/tb_Frodo_top/dut/u_control/substate}} 
current_wave_config {tb_Frodo_top_behav.wcfg}
tb_Frodo_top_behav.wcfg
add_wave {{/tb_Frodo_top/dut/u_control/substate_nxt}} 
current_wave_config {tb_Frodo_top_behav.wcfg}
tb_Frodo_top_behav.wcfg
add_wave {{/tb_Frodo_top/dut/u_control/addr_cnt}} 
current_wave_config {tb_Frodo_top_behav.wcfg}
tb_Frodo_top_behav.wcfg
add_wave {{/tb_Frodo_top/dut/u_control/prefixa}} 
current_wave_config {tb_Frodo_top_behav.wcfg}
tb_Frodo_top_behav.wcfg
add_wave {{/tb_Frodo_top/dut/u_control/addr_run_cnt_clr}} 
relaunch_sim
Command: launch_simulation -step compile -simset sim_1 -mode behavioral
INFO: [Vivado 12-12493] Simulation top is 'tb_Frodo_top'
INFO: [Vivado 12-5682] Launching behavioral simulation in 'D:/Work_prj/Frodokem_2026/Viprj/FrodoKEM/FrodoKEM.sim/sim_1/behav/xsim'
INFO: [SIM-utils-51] Simulation object is 'sim_1'
INFO: [USF-XSim-2] XSim::Compile design
INFO: [USF-XSim-61] Executing 'COMPILE and ANALYZE' step in 'D:/Work_prj/Frodokem_2026/Viprj/FrodoKEM/FrodoKEM.sim/sim_1/behav/xsim'
"xvlog --incr --relax -prj tb_Frodo_top_vlog.prj"
INFO: [VRFC 10-2263] Analyzing Verilog file "D:/Work_prj/Frodokem_2026/SRC/AddrGenUnit.v" into library xil_defaultlib
INFO: [VRFC 10-311] analyzing module AddrGenUnit
INFO: [VRFC 10-2263] Analyzing Verilog file "D:/Work_prj/Frodokem_2026/SRC/DecodeSet.v" into library xil_defaultlib
INFO: [VRFC 10-311] analyzing module DecodeSet
INFO: [VRFC 10-2263] Analyzing Verilog file "D:/Work_prj/Frodokem_2026/SRC/EncodeSet.v" into library xil_defaultlib
INFO: [VRFC 10-311] analyzing module EncodeSet
INFO: [VRFC 10-2263] Analyzing Verilog file "D:/Work_prj/Frodokem_2026/SRC/Frodo_top.v" into library xil_defaultlib
INFO: [VRFC 10-311] analyzing module Frodo_top
INFO: [VRFC 10-2263] Analyzing Verilog file "D:/Work_prj/Frodokem_2026/SRC/InstDecoder.v" into library xil_defaultlib
INFO: [VRFC 10-311] analyzing module instDecoder
INFO: [VRFC 10-2263] Analyzing Verilog file "D:/Work_prj/Frodokem_2026/SRC/MatrixAddSet.v" into library xil_defaultlib
INFO: [VRFC 10-311] analyzing module MatrixAddSet
INFO: [VRFC 10-2263] Analyzing Verilog file "D:/Work_prj/Frodokem_2026/SRC/MatrixMACSet.v" into library xil_defaultlib
INFO: [VRFC 10-311] analyzing module MatrixMACSet
INFO: [VRFC 10-2263] Analyzing Verilog file "D:/Work_prj/Frodokem_2026/SRC/MatrixMulAddSet.v" into library xil_defaultlib
INFO: [VRFC 10-311] analyzing module MatrixMulAddSet
INFO: [VRFC 10-2263] Analyzing Verilog file "D:/Work_prj/Frodokem_2026/SRC/MatrixSubSet.v" into library xil_defaultlib
INFO: [VRFC 10-311] analyzing module MatrixSubSet
INFO: [VRFC 10-2263] Analyzing Verilog file "D:/Work_prj/Frodokem_2026/SRC/PackSet.v" into library xil_defaultlib
INFO: [VRFC 10-311] analyzing module PackSet
INFO: [VRFC 10-2263] Analyzing Verilog file "D:/Work_prj/Frodokem_2026/SRC/RAM _Arbitration.v" into library xil_defaultlib
INFO: [VRFC 10-311] analyzing module RAM_Arbitration
INFO: [VRFC 10-2263] Analyzing Verilog file "D:/Work_prj/Frodokem_2026/SRC/shake.v" into library xil_defaultlib
INFO: [VRFC 10-311] analyzing module SHAKE
WARNING: [VRFC 10-3380] identifier 'CS' is used before its declaration [D:/Work_prj/Frodokem_2026/SRC/shake.v:64]
INFO: [VRFC 10-2263] Analyzing Verilog file "D:/Work_prj/Frodokem_2026/SRC/SampleMatrixSet.v" into library xil_defaultlib
INFO: [VRFC 10-311] analyzing module SampleMatrixSet
INFO: [VRFC 10-2263] Analyzing Verilog file "D:/Work_prj/Frodokem_2026/SRC/UnpackSet.v" into library xil_defaultlib
INFO: [VRFC 10-311] analyzing module UnpackSet
INFO: [VRFC 10-2263] Analyzing Verilog file "D:/Work_prj/Frodokem_2026/SRC/bidirectional_fifo.v" into library xil_defaultlib
INFO: [VRFC 10-311] analyzing module bidirectional_fifo
INFO: [VRFC 10-2263] Analyzing Verilog file "D:/Work_prj/Frodokem_2026/SRC/control.v" into library xil_defaultlib
INFO: [VRFC 10-311] analyzing module control
WARNING: [VRFC 10-3248] data object 'maccnt0' is already declared [D:/Work_prj/Frodokem_2026/SRC/control.v:1015]
WARNING: [VRFC 10-9364] second declaration of 'maccnt0' is ignored [D:/Work_prj/Frodokem_2026/SRC/control.v:1015]
WARNING: [VRFC 10-3380] identifier 'sqzout64_en' is used before its declaration [D:/Work_prj/Frodokem_2026/SRC/control.v:118]
WARNING: [VRFC 10-3380] identifier 'fifo64outval' is used before its declaration [D:/Work_prj/Frodokem_2026/SRC/control.v:496]
WARNING: [VRFC 10-3380] identifier 'pingpangflag' is used before its declaration [D:/Work_prj/Frodokem_2026/SRC/control.v:955]
INFO: [VRFC 10-2263] Analyzing Verilog file "D:/Work_prj/Frodokem_2026/dram448_r.v" into library xil_defaultlib
INFO: [VRFC 10-311] analyzing module dram448_r
INFO: [VRFC 10-2263] Analyzing Verilog file "D:/Work_prj/Frodokem_2026/dram64_r.v" into library xil_defaultlib
INFO: [VRFC 10-311] analyzing module dram64_r
INFO: [VRFC 10-2263] Analyzing Verilog file "D:/Work_prj/Frodokem_2026/dual_ram.v" into library xil_defaultlib
INFO: [VRFC 10-311] analyzing module dual_ram
INFO: [VRFC 10-2263] Analyzing Verilog file "D:/Work_prj/Frodokem_2026/dual_ram_asyn.v" into library xil_defaultlib
INFO: [VRFC 10-311] analyzing module dual_ram_asyn
INFO: [VRFC 10-2263] Analyzing Verilog file "D:/Work_prj/Frodokem_2026/SRC/roundmod.v" into library xil_defaultlib
INFO: [VRFC 10-311] analyzing module roundmod
INFO: [VRFC 10-2263] Analyzing Verilog file "D:/Work_prj/Frodokem_2026/SRC/theta.v" into library xil_defaultlib
INFO: [VRFC 10-311] analyzing module theta
INFO: [VRFC 10-2263] Analyzing Verilog file "D:/Work_prj/Frodokem_2026/SRC/thopichiiota.v" into library xil_defaultlib
INFO: [VRFC 10-311] analyzing module thopichiiota
INFO: [VRFC 10-2263] Analyzing Verilog file "D:/Work_prj/Frodokem_2026/Viprj/FrodoKEM/FrodoKEM.srcs/sim_1/new/TB.v" into library xil_defaultlib
INFO: [VRFC 10-311] analyzing module tb_Frodo_top
INFO: [USF-XSim-69] 'compile' step finished in '3' seconds
Command: launch_simulation -step elaborate -simset sim_1 -mode behavioral
INFO: [Vivado 12-12493] Simulation top is 'tb_Frodo_top'
INFO: [Vivado 12-5682] Launching behavioral simulation in 'D:/Work_prj/Frodokem_2026/Viprj/FrodoKEM/FrodoKEM.sim/sim_1/behav/xsim'
INFO: [SIM-utils-51] Simulation object is 'sim_1'
INFO: [USF-XSim-3] XSim::Elaborate design
INFO: [USF-XSim-61] Executing 'ELABORATE' step in 'D:/Work_prj/Frodokem_2026/Viprj/FrodoKEM/FrodoKEM.sim/sim_1/behav/xsim'
"xelab --incr --debug typical --relax --mt 2 -L xil_defaultlib -L unisims_ver -L unimacro_ver -L secureip -L xpm --snapshot tb_Frodo_top_behav xil_defaultlib.tb_Frodo_top xil_defaultlib.glbl -log elaborate.log"
Vivado Simulator v2025.1.0
Copyright 1986-2022 Xilinx, Inc. All Rights Reserved.
Copyright 2022-2025 Advanced Micro Devices, Inc. All Rights Reserved.
Running: D:/Xlinx/2025.1/Vivado/bin/unwrapped/win64.o/xelab.exe --incr --debug typical --relax --mt 2 -L xil_defaultlib -L unisims_ver -L unimacro_ver -L secureip -L xpm --snapshot tb_Frodo_top_behav xil_defaultlib.tb_Frodo_top xil_defaultlib.glbl -log elaborate.log 
Using 2 slave threads.
Starting static elaboration
Pass Through NonSizing Optimizer
WARNING: [VRFC 10-3091] actual bit length 1 differs from formal bit length 9 for port 'sqz_cnt' [D:/Work_prj/Frodokem_2026/SRC/Frodo_top.v:836]
WARNING: [VRFC 10-3091] actual bit length 1 differs from formal bit length 4 for port 'prefixe_out' [D:/Work_prj/Frodokem_2026/SRC/Frodo_top.v:879]
WARNING: [VRFC 10-3705] select index 31 into 'mem' is out of bounds [D:/Work_prj/Frodokem_2026/dual_ram_asyn.v:63]
WARNING: [VRFC 10-3705] select index 63 into 'mem' is out of bounds [D:/Work_prj/Frodokem_2026/dual_ram_asyn.v:64]
WARNING: [VRFC 10-3705] select index 23 into 'mem' is out of bounds [D:/Work_prj/Frodokem_2026/dual_ram_asyn.v:69]
WARNING: [VRFC 10-3705] select index 31 into 'mem' is out of bounds [D:/Work_prj/Frodokem_2026/dual_ram_asyn.v:70]
WARNING: [VRFC 10-3705] select index 39 into 'mem' is out of bounds [D:/Work_prj/Frodokem_2026/dual_ram_asyn.v:71]
WARNING: [VRFC 10-3705] select index 47 into 'mem' is out of bounds [D:/Work_prj/Frodokem_2026/dual_ram_asyn.v:72]
WARNING: [VRFC 10-3705] select index 55 into 'mem' is out of bounds [D:/Work_prj/Frodokem_2026/dual_ram_asyn.v:73]
WARNING: [VRFC 10-3705] select index 63 into 'mem' is out of bounds [D:/Work_prj/Frodokem_2026/dual_ram_asyn.v:74]
WARNING: [VRFC 10-3705] select index 31 into 'mem' is out of bounds [D:/Work_prj/Frodokem_2026/dual_ram_asyn.v:91]
WARNING: [VRFC 10-3705] select index 63 into 'mem' is out of bounds [D:/Work_prj/Frodokem_2026/dual_ram_asyn.v:92]
WARNING: [VRFC 10-3705] select index 23 into 'mem' is out of bounds [D:/Work_prj/Frodokem_2026/dual_ram_asyn.v:97]
WARNING: [VRFC 10-3705] select index 31 into 'mem' is out of bounds [D:/Work_prj/Frodokem_2026/dual_ram_asyn.v:98]
WARNING: [VRFC 10-3705] select index 39 into 'mem' is out of bounds [D:/Work_prj/Frodokem_2026/dual_ram_asyn.v:99]
WARNING: [VRFC 10-3705] select index 47 into 'mem' is out of bounds [D:/Work_prj/Frodokem_2026/dual_ram_asyn.v:100]
WARNING: [VRFC 10-3705] select index 55 into 'mem' is out of bounds [D:/Work_prj/Frodokem_2026/dual_ram_asyn.v:101]
WARNING: [VRFC 10-3705] select index 63 into 'mem' is out of bounds [D:/Work_prj/Frodokem_2026/dual_ram_asyn.v:102]
WARNING: [VRFC 10-3705] select index 63 into 'mem' is out of bounds [D:/Work_prj/Frodokem_2026/dual_ram.v:61]
WARNING: [VRFC 10-3705] select index 39 into 'mem' is out of bounds [D:/Work_prj/Frodokem_2026/dual_ram.v:68]
WARNING: [VRFC 10-3705] select index 47 into 'mem' is out of bounds [D:/Work_prj/Frodokem_2026/dual_ram.v:69]
WARNING: [VRFC 10-3705] select index 55 into 'mem' is out of bounds [D:/Work_prj/Frodokem_2026/dual_ram.v:70]
WARNING: [VRFC 10-3705] select index 63 into 'mem' is out of bounds [D:/Work_prj/Frodokem_2026/dual_ram.v:71]
WARNING: [VRFC 10-3705] select index 63 into 'mem' is out of bounds [D:/Work_prj/Frodokem_2026/dual_ram.v:89]
WARNING: [VRFC 10-3705] select index 39 into 'mem' is out of bounds [D:/Work_prj/Frodokem_2026/dual_ram.v:96]
WARNING: [VRFC 10-3705] select index 47 into 'mem' is out of bounds [D:/Work_prj/Frodokem_2026/dual_ram.v:97]
WARNING: [VRFC 10-3705] select index 55 into 'mem' is out of bounds [D:/Work_prj/Frodokem_2026/dual_ram.v:98]
WARNING: [VRFC 10-3705] select index 63 into 'mem' is out of bounds [D:/Work_prj/Frodokem_2026/dual_ram.v:99]
Completed static elaboration
Starting simulation data flow analysis
Completed simulation data flow analysis
Time Resolution for simulation is 1ps
Compiling module xil_defaultlib.SampleMatrixSet_default
Compiling module xil_defaultlib.bidirectional_fifo
Compiling module xil_defaultlib.theta
Compiling module xil_defaultlib.thopichiiota
Compiling module xil_defaultlib.SHAKE
Compiling module xil_defaultlib.PackSet
Compiling module xil_defaultlib.UnpackSet
Compiling module xil_defaultlib.roundmod_default
Compiling module xil_defaultlib.roundmod(B=3,Q=16)
Compiling module xil_defaultlib.roundmod(B=4,Q=16)
Compiling module xil_defaultlib.DecodeSet_default
Compiling module xil_defaultlib.EncodeSet
Compiling module xil_defaultlib.dram64_r(MEM_DEPTH=3000,HEX_FILE...
Compiling module xil_defaultlib.dram64_r(MEM_DEPTH=3000,HEX_FILE...
Compiling module xil_defaultlib.dram448_r(HEX_FILE="D:/Work_prj/...
Compiling module xil_defaultlib.MatrixAddSet_default
Compiling module xil_defaultlib.MatrixMACSet_default
Compiling module xil_defaultlib.MatrixMulAddSet_default
Compiling module xil_defaultlib.MatrixSubSet_default
Compiling module xil_defaultlib.dual_ram_asyn(ADDR_WIDTH=6,DATA_...
Compiling module xil_defaultlib.dual_ram(ADDR_WIDTH=10,DATA_WIDT...
Compiling module xil_defaultlib.instDecoder
Compiling module xil_defaultlib.RAM_Arbitration
Compiling module xil_defaultlib.AddrGenUnit
Compiling module xil_defaultlib.control
Compiling module xil_defaultlib.Frodo_top
Compiling module xil_defaultlib.tb_Frodo_top
Compiling module xil_defaultlib.glbl
Built simulation snapshot tb_Frodo_top_behav
run_program: Time (s): cpu = 00:00:00 ; elapsed = 00:00:07 . Memory (MB): peak = 2868.711 ; gain = 0.000
INFO: [USF-XSim-69] 'elaborate' step finished in '7' seconds
launch_simulation: Time (s): cpu = 00:00:00 ; elapsed = 00:00:07 . Memory (MB): peak = 2868.711 ; gain = 0.000
Time resolution is 1 ps
WARNING: Too many words specified in data file D:/Work_prj/Frodokem_2026/TB/RAM64a.hex
WARNING: Too many words specified in data file D:/Work_prj/Frodokem_2026/TB/RAM64b.hex
relaunch_sim: Time (s): cpu = 00:00:01 ; elapsed = 00:00:13 . Memory (MB): peak = 2868.711 ; gain = 0.000
run 120890 ns
Â≠òÂÇ®Âô®Êï∞ÊçÆÂ∑≤ËæìÂá∫Âà∞Êñá‰ª∂: mem_output.hex (Êó∂ÈíüÂë®Êúü:       1000)
Â≠òÂÇ®Âô®Êï∞ÊçÆÂ∑≤ËæìÂá∫Âà∞Êñá‰ª∂: mem_output.hex (Êó∂ÈíüÂë®Êúü:       1000)
current_wave_config {tb_Frodo_top_behav.wcfg}
tb_Frodo_top_behav.wcfg
add_wave {{/tb_Frodo_top/dut/ram64a/din_b}} 
relaunch_sim
Command: launch_simulation -step compile -simset sim_1 -mode behavioral
INFO: [Vivado 12-12493] Simulation top is 'tb_Frodo_top'
INFO: [Vivado 12-5682] Launching behavioral simulation in 'D:/Work_prj/Frodokem_2026/Viprj/FrodoKEM/FrodoKEM.sim/sim_1/behav/xsim'
INFO: [SIM-utils-51] Simulation object is 'sim_1'
INFO: [USF-XSim-2] XSim::Compile design
INFO: [USF-XSim-61] Executing 'COMPILE and ANALYZE' step in 'D:/Work_prj/Frodokem_2026/Viprj/FrodoKEM/FrodoKEM.sim/sim_1/behav/xsim'
"xvlog --incr --relax -prj tb_Frodo_top_vlog.prj"
INFO: [VRFC 10-2263] Analyzing Verilog file "D:/Work_prj/Frodokem_2026/SRC/AddrGenUnit.v" into library xil_defaultlib
INFO: [VRFC 10-311] analyzing module AddrGenUnit
INFO: [VRFC 10-2263] Analyzing Verilog file "D:/Work_prj/Frodokem_2026/SRC/DecodeSet.v" into library xil_defaultlib
INFO: [VRFC 10-311] analyzing module DecodeSet
INFO: [VRFC 10-2263] Analyzing Verilog file "D:/Work_prj/Frodokem_2026/SRC/EncodeSet.v" into library xil_defaultlib
INFO: [VRFC 10-311] analyzing module EncodeSet
INFO: [VRFC 10-2263] Analyzing Verilog file "D:/Work_prj/Frodokem_2026/SRC/Frodo_top.v" into library xil_defaultlib
INFO: [VRFC 10-311] analyzing module Frodo_top
INFO: [VRFC 10-2263] Analyzing Verilog file "D:/Work_prj/Frodokem_2026/SRC/InstDecoder.v" into library xil_defaultlib
INFO: [VRFC 10-311] analyzing module instDecoder
INFO: [VRFC 10-2263] Analyzing Verilog file "D:/Work_prj/Frodokem_2026/SRC/MatrixAddSet.v" into library xil_defaultlib
INFO: [VRFC 10-311] analyzing module MatrixAddSet
INFO: [VRFC 10-2263] Analyzing Verilog file "D:/Work_prj/Frodokem_2026/SRC/MatrixMACSet.v" into library xil_defaultlib
INFO: [VRFC 10-311] analyzing module MatrixMACSet
INFO: [VRFC 10-2263] Analyzing Verilog file "D:/Work_prj/Frodokem_2026/SRC/MatrixMulAddSet.v" into library xil_defaultlib
INFO: [VRFC 10-311] analyzing module MatrixMulAddSet
INFO: [VRFC 10-2263] Analyzing Verilog file "D:/Work_prj/Frodokem_2026/SRC/MatrixSubSet.v" into library xil_defaultlib
INFO: [VRFC 10-311] analyzing module MatrixSubSet
INFO: [VRFC 10-2263] Analyzing Verilog file "D:/Work_prj/Frodokem_2026/SRC/PackSet.v" into library xil_defaultlib
INFO: [VRFC 10-311] analyzing module PackSet
INFO: [VRFC 10-2263] Analyzing Verilog file "D:/Work_prj/Frodokem_2026/SRC/RAM _Arbitration.v" into library xil_defaultlib
INFO: [VRFC 10-311] analyzing module RAM_Arbitration
INFO: [VRFC 10-2263] Analyzing Verilog file "D:/Work_prj/Frodokem_2026/SRC/shake.v" into library xil_defaultlib
INFO: [VRFC 10-311] analyzing module SHAKE
WARNING: [VRFC 10-3380] identifier 'CS' is used before its declaration [D:/Work_prj/Frodokem_2026/SRC/shake.v:64]
INFO: [VRFC 10-2263] Analyzing Verilog file "D:/Work_prj/Frodokem_2026/SRC/SampleMatrixSet.v" into library xil_defaultlib
INFO: [VRFC 10-311] analyzing module SampleMatrixSet
INFO: [VRFC 10-2263] Analyzing Verilog file "D:/Work_prj/Frodokem_2026/SRC/UnpackSet.v" into library xil_defaultlib
INFO: [VRFC 10-311] analyzing module UnpackSet
INFO: [VRFC 10-2263] Analyzing Verilog file "D:/Work_prj/Frodokem_2026/SRC/bidirectional_fifo.v" into library xil_defaultlib
INFO: [VRFC 10-311] analyzing module bidirectional_fifo
INFO: [VRFC 10-2263] Analyzing Verilog file "D:/Work_prj/Frodokem_2026/SRC/control.v" into library xil_defaultlib
INFO: [VRFC 10-311] analyzing module control
WARNING: [VRFC 10-3248] data object 'maccnt0' is already declared [D:/Work_prj/Frodokem_2026/SRC/control.v:1015]
WARNING: [VRFC 10-9364] second declaration of 'maccnt0' is ignored [D:/Work_prj/Frodokem_2026/SRC/control.v:1015]
WARNING: [VRFC 10-3380] identifier 'sqzout64_en' is used before its declaration [D:/Work_prj/Frodokem_2026/SRC/control.v:118]
WARNING: [VRFC 10-3380] identifier 'fifo64outval' is used before its declaration [D:/Work_prj/Frodokem_2026/SRC/control.v:496]
WARNING: [VRFC 10-3380] identifier 'pingpangflag' is used before its declaration [D:/Work_prj/Frodokem_2026/SRC/control.v:955]
INFO: [VRFC 10-2263] Analyzing Verilog file "D:/Work_prj/Frodokem_2026/dram448_r.v" into library xil_defaultlib
INFO: [VRFC 10-311] analyzing module dram448_r
INFO: [VRFC 10-2263] Analyzing Verilog file "D:/Work_prj/Frodokem_2026/dram64_r.v" into library xil_defaultlib
INFO: [VRFC 10-311] analyzing module dram64_r
INFO: [VRFC 10-2263] Analyzing Verilog file "D:/Work_prj/Frodokem_2026/dual_ram.v" into library xil_defaultlib
INFO: [VRFC 10-311] analyzing module dual_ram
INFO: [VRFC 10-2263] Analyzing Verilog file "D:/Work_prj/Frodokem_2026/dual_ram_asyn.v" into library xil_defaultlib
INFO: [VRFC 10-311] analyzing module dual_ram_asyn
INFO: [VRFC 10-2263] Analyzing Verilog file "D:/Work_prj/Frodokem_2026/SRC/roundmod.v" into library xil_defaultlib
INFO: [VRFC 10-311] analyzing module roundmod
INFO: [VRFC 10-2263] Analyzing Verilog file "D:/Work_prj/Frodokem_2026/SRC/theta.v" into library xil_defaultlib
INFO: [VRFC 10-311] analyzing module theta
INFO: [VRFC 10-2263] Analyzing Verilog file "D:/Work_prj/Frodokem_2026/SRC/thopichiiota.v" into library xil_defaultlib
INFO: [VRFC 10-311] analyzing module thopichiiota
INFO: [VRFC 10-2263] Analyzing Verilog file "D:/Work_prj/Frodokem_2026/Viprj/FrodoKEM/FrodoKEM.srcs/sim_1/new/TB.v" into library xil_defaultlib
INFO: [VRFC 10-311] analyzing module tb_Frodo_top
INFO: [USF-XSim-69] 'compile' step finished in '3' seconds
Command: launch_simulation -step elaborate -simset sim_1 -mode behavioral
INFO: [Vivado 12-12493] Simulation top is 'tb_Frodo_top'
INFO: [Vivado 12-5682] Launching behavioral simulation in 'D:/Work_prj/Frodokem_2026/Viprj/FrodoKEM/FrodoKEM.sim/sim_1/behav/xsim'
INFO: [SIM-utils-51] Simulation object is 'sim_1'
INFO: [USF-XSim-3] XSim::Elaborate design
INFO: [USF-XSim-61] Executing 'ELABORATE' step in 'D:/Work_prj/Frodokem_2026/Viprj/FrodoKEM/FrodoKEM.sim/sim_1/behav/xsim'
"xelab --incr --debug typical --relax --mt 2 -L xil_defaultlib -L unisims_ver -L unimacro_ver -L secureip -L xpm --snapshot tb_Frodo_top_behav xil_defaultlib.tb_Frodo_top xil_defaultlib.glbl -log elaborate.log"
Vivado Simulator v2025.1.0
Copyright 1986-2022 Xilinx, Inc. All Rights Reserved.
Copyright 2022-2025 Advanced Micro Devices, Inc. All Rights Reserved.
Running: D:/Xlinx/2025.1/Vivado/bin/unwrapped/win64.o/xelab.exe --incr --debug typical --relax --mt 2 -L xil_defaultlib -L unisims_ver -L unimacro_ver -L secureip -L xpm --snapshot tb_Frodo_top_behav xil_defaultlib.tb_Frodo_top xil_defaultlib.glbl -log elaborate.log 
Using 2 slave threads.
Starting static elaboration
Pass Through NonSizing Optimizer
WARNING: [VRFC 10-3091] actual bit length 1 differs from formal bit length 9 for port 'sqz_cnt' [D:/Work_prj/Frodokem_2026/SRC/Frodo_top.v:836]
WARNING: [VRFC 10-3091] actual bit length 1 differs from formal bit length 4 for port 'prefixe_out' [D:/Work_prj/Frodokem_2026/SRC/Frodo_top.v:879]
WARNING: [VRFC 10-3705] select index 31 into 'mem' is out of bounds [D:/Work_prj/Frodokem_2026/dual_ram_asyn.v:63]
WARNING: [VRFC 10-3705] select index 63 into 'mem' is out of bounds [D:/Work_prj/Frodokem_2026/dual_ram_asyn.v:64]
WARNING: [VRFC 10-3705] select index 23 into 'mem' is out of bounds [D:/Work_prj/Frodokem_2026/dual_ram_asyn.v:69]
WARNING: [VRFC 10-3705] select index 31 into 'mem' is out of bounds [D:/Work_prj/Frodokem_2026/dual_ram_asyn.v:70]
WARNING: [VRFC 10-3705] select index 39 into 'mem' is out of bounds [D:/Work_prj/Frodokem_2026/dual_ram_asyn.v:71]
WARNING: [VRFC 10-3705] select index 47 into 'mem' is out of bounds [D:/Work_prj/Frodokem_2026/dual_ram_asyn.v:72]
WARNING: [VRFC 10-3705] select index 55 into 'mem' is out of bounds [D:/Work_prj/Frodokem_2026/dual_ram_asyn.v:73]
WARNING: [VRFC 10-3705] select index 63 into 'mem' is out of bounds [D:/Work_prj/Frodokem_2026/dual_ram_asyn.v:74]
WARNING: [VRFC 10-3705] select index 31 into 'mem' is out of bounds [D:/Work_prj/Frodokem_2026/dual_ram_asyn.v:91]
WARNING: [VRFC 10-3705] select index 63 into 'mem' is out of bounds [D:/Work_prj/Frodokem_2026/dual_ram_asyn.v:92]
WARNING: [VRFC 10-3705] select index 23 into 'mem' is out of bounds [D:/Work_prj/Frodokem_2026/dual_ram_asyn.v:97]
WARNING: [VRFC 10-3705] select index 31 into 'mem' is out of bounds [D:/Work_prj/Frodokem_2026/dual_ram_asyn.v:98]
WARNING: [VRFC 10-3705] select index 39 into 'mem' is out of bounds [D:/Work_prj/Frodokem_2026/dual_ram_asyn.v:99]
WARNING: [VRFC 10-3705] select index 47 into 'mem' is out of bounds [D:/Work_prj/Frodokem_2026/dual_ram_asyn.v:100]
WARNING: [VRFC 10-3705] select index 55 into 'mem' is out of bounds [D:/Work_prj/Frodokem_2026/dual_ram_asyn.v:101]
WARNING: [VRFC 10-3705] select index 63 into 'mem' is out of bounds [D:/Work_prj/Frodokem_2026/dual_ram_asyn.v:102]
WARNING: [VRFC 10-3705] select index 63 into 'mem' is out of bounds [D:/Work_prj/Frodokem_2026/dual_ram.v:61]
WARNING: [VRFC 10-3705] select index 39 into 'mem' is out of bounds [D:/Work_prj/Frodokem_2026/dual_ram.v:68]
WARNING: [VRFC 10-3705] select index 47 into 'mem' is out of bounds [D:/Work_prj/Frodokem_2026/dual_ram.v:69]
WARNING: [VRFC 10-3705] select index 55 into 'mem' is out of bounds [D:/Work_prj/Frodokem_2026/dual_ram.v:70]
WARNING: [VRFC 10-3705] select index 63 into 'mem' is out of bounds [D:/Work_prj/Frodokem_2026/dual_ram.v:71]
WARNING: [VRFC 10-3705] select index 63 into 'mem' is out of bounds [D:/Work_prj/Frodokem_2026/dual_ram.v:89]
WARNING: [VRFC 10-3705] select index 39 into 'mem' is out of bounds [D:/Work_prj/Frodokem_2026/dual_ram.v:96]
WARNING: [VRFC 10-3705] select index 47 into 'mem' is out of bounds [D:/Work_prj/Frodokem_2026/dual_ram.v:97]
WARNING: [VRFC 10-3705] select index 55 into 'mem' is out of bounds [D:/Work_prj/Frodokem_2026/dual_ram.v:98]
WARNING: [VRFC 10-3705] select index 63 into 'mem' is out of bounds [D:/Work_prj/Frodokem_2026/dual_ram.v:99]
Completed static elaboration
Starting simulation data flow analysis
Completed simulation data flow analysis
Time Resolution for simulation is 1ps
Compiling module xil_defaultlib.SampleMatrixSet_default
Compiling module xil_defaultlib.bidirectional_fifo
Compiling module xil_defaultlib.theta
Compiling module xil_defaultlib.thopichiiota
Compiling module xil_defaultlib.SHAKE
Compiling module xil_defaultlib.PackSet
Compiling module xil_defaultlib.UnpackSet
Compiling module xil_defaultlib.roundmod_default
Compiling module xil_defaultlib.roundmod(B=3,Q=16)
Compiling module xil_defaultlib.roundmod(B=4,Q=16)
Compiling module xil_defaultlib.DecodeSet_default
Compiling module xil_defaultlib.EncodeSet
Compiling module xil_defaultlib.dram64_r(MEM_DEPTH=3000,HEX_FILE...
Compiling module xil_defaultlib.dram64_r(MEM_DEPTH=3000,HEX_FILE...
Compiling module xil_defaultlib.dram448_r(HEX_FILE="D:/Work_prj/...
Compiling module xil_defaultlib.MatrixAddSet_default
Compiling module xil_defaultlib.MatrixMACSet_default
Compiling module xil_defaultlib.MatrixMulAddSet_default
Compiling module xil_defaultlib.MatrixSubSet_default
Compiling module xil_defaultlib.dual_ram_asyn(ADDR_WIDTH=6,DATA_...
Compiling module xil_defaultlib.dual_ram(ADDR_WIDTH=10,DATA_WIDT...
Compiling module xil_defaultlib.instDecoder
Compiling module xil_defaultlib.RAM_Arbitration
Compiling module xil_defaultlib.AddrGenUnit
Compiling module xil_defaultlib.control
Compiling module xil_defaultlib.Frodo_top
Compiling module xil_defaultlib.tb_Frodo_top
Compiling module xil_defaultlib.glbl
Built simulation snapshot tb_Frodo_top_behav
run_program: Time (s): cpu = 00:00:00 ; elapsed = 00:00:07 . Memory (MB): peak = 2868.711 ; gain = 0.000
INFO: [USF-XSim-69] 'elaborate' step finished in '7' seconds
launch_simulation: Time (s): cpu = 00:00:01 ; elapsed = 00:00:07 . Memory (MB): peak = 2868.711 ; gain = 0.000
Time resolution is 1 ps
WARNING: Too many words specified in data file D:/Work_prj/Frodokem_2026/TB/RAM64a.hex
WARNING: Too many words specified in data file D:/Work_prj/Frodokem_2026/TB/RAM64b.hex
relaunch_sim: Time (s): cpu = 00:00:01 ; elapsed = 00:00:13 . Memory (MB): peak = 2868.711 ; gain = 0.000
run 120890 ns
Â≠òÂÇ®Âô®Êï∞ÊçÆÂ∑≤ËæìÂá∫Âà∞Êñá‰ª∂: mem_output.hex (Êó∂ÈíüÂë®Êúü:       1000)
Â≠òÂÇ®Âô®Êï∞ÊçÆÂ∑≤ËæìÂá∫Âà∞Êñá‰ª∂: mem_output.hex (Êó∂ÈíüÂë®Êúü:       1000)
relaunch_sim
Command: launch_simulation -step compile -simset sim_1 -mode behavioral
INFO: [Vivado 12-12493] Simulation top is 'tb_Frodo_top'
INFO: [Vivado 12-5682] Launching behavioral simulation in 'D:/Work_prj/Frodokem_2026/Viprj/FrodoKEM/FrodoKEM.sim/sim_1/behav/xsim'
INFO: [SIM-utils-51] Simulation object is 'sim_1'
INFO: [USF-XSim-2] XSim::Compile design
INFO: [USF-XSim-61] Executing 'COMPILE and ANALYZE' step in 'D:/Work_prj/Frodokem_2026/Viprj/FrodoKEM/FrodoKEM.sim/sim_1/behav/xsim'
"xvlog --incr --relax -prj tb_Frodo_top_vlog.prj"
INFO: [USF-XSim-69] 'compile' step finished in '1' seconds
Command: launch_simulation -step elaborate -simset sim_1 -mode behavioral
INFO: [Vivado 12-12493] Simulation top is 'tb_Frodo_top'
INFO: [Vivado 12-5682] Launching behavioral simulation in 'D:/Work_prj/Frodokem_2026/Viprj/FrodoKEM/FrodoKEM.sim/sim_1/behav/xsim'
INFO: [SIM-utils-51] Simulation object is 'sim_1'
INFO: [USF-XSim-3] XSim::Elaborate design
INFO: [USF-XSim-61] Executing 'ELABORATE' step in 'D:/Work_prj/Frodokem_2026/Viprj/FrodoKEM/FrodoKEM.sim/sim_1/behav/xsim'
"xelab --incr --debug typical --relax --mt 2 -L xil_defaultlib -L unisims_ver -L unimacro_ver -L secureip -L xpm --snapshot tb_Frodo_top_behav xil_defaultlib.tb_Frodo_top xil_defaultlib.glbl -log elaborate.log"
Vivado Simulator v2025.1.0
Copyright 1986-2022 Xilinx, Inc. All Rights Reserved.
Copyright 2022-2025 Advanced Micro Devices, Inc. All Rights Reserved.
Running: D:/Xlinx/2025.1/Vivado/bin/unwrapped/win64.o/xelab.exe --incr --debug typical --relax --mt 2 -L xil_defaultlib -L unisims_ver -L unimacro_ver -L secureip -L xpm --snapshot tb_Frodo_top_behav xil_defaultlib.tb_Frodo_top xil_defaultlib.glbl -log elaborate.log 
Using 2 slave threads.
Starting static elaboration
Pass Through NonSizing Optimizer
WARNING: [VRFC 10-3091] actual bit length 1 differs from formal bit length 9 for port 'sqz_cnt' [D:/Work_prj/Frodokem_2026/SRC/Frodo_top.v:836]
WARNING: [VRFC 10-3091] actual bit length 1 differs from formal bit length 4 for port 'prefixe_out' [D:/Work_prj/Frodokem_2026/SRC/Frodo_top.v:879]
WARNING: [VRFC 10-3705] select index 31 into 'mem' is out of bounds [D:/Work_prj/Frodokem_2026/dual_ram_asyn.v:63]
WARNING: [VRFC 10-3705] select index 63 into 'mem' is out of bounds [D:/Work_prj/Frodokem_2026/dual_ram_asyn.v:64]
WARNING: [VRFC 10-3705] select index 23 into 'mem' is out of bounds [D:/Work_prj/Frodokem_2026/dual_ram_asyn.v:69]
WARNING: [VRFC 10-3705] select index 31 into 'mem' is out of bounds [D:/Work_prj/Frodokem_2026/dual_ram_asyn.v:70]
WARNING: [VRFC 10-3705] select index 39 into 'mem' is out of bounds [D:/Work_prj/Frodokem_2026/dual_ram_asyn.v:71]
WARNING: [VRFC 10-3705] select index 47 into 'mem' is out of bounds [D:/Work_prj/Frodokem_2026/dual_ram_asyn.v:72]
WARNING: [VRFC 10-3705] select index 55 into 'mem' is out of bounds [D:/Work_prj/Frodokem_2026/dual_ram_asyn.v:73]
WARNING: [VRFC 10-3705] select index 63 into 'mem' is out of bounds [D:/Work_prj/Frodokem_2026/dual_ram_asyn.v:74]
WARNING: [VRFC 10-3705] select index 31 into 'mem' is out of bounds [D:/Work_prj/Frodokem_2026/dual_ram_asyn.v:91]
WARNING: [VRFC 10-3705] select index 63 into 'mem' is out of bounds [D:/Work_prj/Frodokem_2026/dual_ram_asyn.v:92]
WARNING: [VRFC 10-3705] select index 23 into 'mem' is out of bounds [D:/Work_prj/Frodokem_2026/dual_ram_asyn.v:97]
WARNING: [VRFC 10-3705] select index 31 into 'mem' is out of bounds [D:/Work_prj/Frodokem_2026/dual_ram_asyn.v:98]
WARNING: [VRFC 10-3705] select index 39 into 'mem' is out of bounds [D:/Work_prj/Frodokem_2026/dual_ram_asyn.v:99]
WARNING: [VRFC 10-3705] select index 47 into 'mem' is out of bounds [D:/Work_prj/Frodokem_2026/dual_ram_asyn.v:100]
WARNING: [VRFC 10-3705] select index 55 into 'mem' is out of bounds [D:/Work_prj/Frodokem_2026/dual_ram_asyn.v:101]
WARNING: [VRFC 10-3705] select index 63 into 'mem' is out of bounds [D:/Work_prj/Frodokem_2026/dual_ram_asyn.v:102]
WARNING: [VRFC 10-3705] select index 63 into 'mem' is out of bounds [D:/Work_prj/Frodokem_2026/dual_ram.v:61]
WARNING: [VRFC 10-3705] select index 39 into 'mem' is out of bounds [D:/Work_prj/Frodokem_2026/dual_ram.v:68]
WARNING: [VRFC 10-3705] select index 47 into 'mem' is out of bounds [D:/Work_prj/Frodokem_2026/dual_ram.v:69]
WARNING: [VRFC 10-3705] select index 55 into 'mem' is out of bounds [D:/Work_prj/Frodokem_2026/dual_ram.v:70]
WARNING: [VRFC 10-3705] select index 63 into 'mem' is out of bounds [D:/Work_prj/Frodokem_2026/dual_ram.v:71]
WARNING: [VRFC 10-3705] select index 63 into 'mem' is out of bounds [D:/Work_prj/Frodokem_2026/dual_ram.v:89]
WARNING: [VRFC 10-3705] select index 39 into 'mem' is out of bounds [D:/Work_prj/Frodokem_2026/dual_ram.v:96]
WARNING: [VRFC 10-3705] select index 47 into 'mem' is out of bounds [D:/Work_prj/Frodokem_2026/dual_ram.v:97]
WARNING: [VRFC 10-3705] select index 55 into 'mem' is out of bounds [D:/Work_prj/Frodokem_2026/dual_ram.v:98]
WARNING: [VRFC 10-3705] select index 63 into 'mem' is out of bounds [D:/Work_prj/Frodokem_2026/dual_ram.v:99]
Completed static elaboration
INFO: [XSIM 43-4323] No Change in HDL. Linking previously generated obj files to create kernel
INFO: [USF-XSim-69] 'elaborate' step finished in '2' seconds
Time resolution is 1 ps
WARNING: Too many words specified in data file D:/Work_prj/Frodokem_2026/TB/RAM64a.hex
WARNING: Too many words specified in data file D:/Work_prj/Frodokem_2026/TB/RAM64b.hex
relaunch_sim: Time (s): cpu = 00:00:01 ; elapsed = 00:00:06 . Memory (MB): peak = 3576.984 ; gain = 708.273
run 2 ms
Â≠òÂÇ®Âô®Êï∞ÊçÆÂ∑≤ËæìÂá∫Âà∞Êñá‰ª∂: mem_output.hex (Êó∂ÈíüÂë®Êúü:       1000)
Â≠òÂÇ®Âô®Êï∞ÊçÆÂ∑≤ËæìÂá∫Âà∞Êñá‰ª∂: mem_output.hex (Êó∂ÈíüÂë®Êúü:       1000)
run: Time (s): cpu = 00:01:49 ; elapsed = 00:01:48 . Memory (MB): peak = 3728.645 ; gain = 151.660
current_wave_config {tb_Frodo_top_behav.wcfg}
tb_Frodo_top_behav.wcfg
add_wave {{/tb_Frodo_top/dut/u_control/u_AddrGenUnit/loopi}} {{/tb_Frodo_top/dut/u_control/u_AddrGenUnit/loopj}} {{/tb_Frodo_top/dut/u_control/u_AddrGenUnit/loopk}} 
run 2 ms
run: Time (s): cpu = 00:00:07 ; elapsed = 00:00:08 . Memory (MB): peak = 3728.645 ; gain = 0.000
current_wave_config {tb_Frodo_top_behav.wcfg}
tb_Frodo_top_behav.wcfg
add_wave {{/tb_Frodo_top/dut/u_control/loopifullflag}} 
current_wave_config {tb_Frodo_top_behav.wcfg}
tb_Frodo_top_behav.wcfg
add_wave {{/tb_Frodo_top/dut/u_control/mac0backflag}} {{/tb_Frodo_top/dut/u_control/mac0backflagcnt}} 
current_wave_config {tb_Frodo_top_behav.wcfg}
tb_Frodo_top_behav.wcfg
add_wave {{/tb_Frodo_top/dut/u_control/macmode}} 
current_wave_config {tb_Frodo_top_behav.wcfg}
tb_Frodo_top_behav.wcfg
add_wave {{/tb_Frodo_top/dut/u_control/substate}} 
current_wave_config {tb_Frodo_top_behav.wcfg}
tb_Frodo_top_behav.wcfg
add_wave {{/tb_Frodo_top/dut/u_control/loopifullflag}} 
current_wave_config {tb_Frodo_top_behav.wcfg}
tb_Frodo_top_behav.wcfg
add_wave {{/tb_Frodo_top/dut/u_control/loopifullfalg}} 
WARNING: [filemgmt 56-199] Attempt to get parsing info during refresh. "On-the-fly" syntax checking information may be incorrect. [D:\Work_prj\Frodokem_2026\SRC\theta.v:]
WARNING: [filemgmt 56-199] Attempt to get parsing info during refresh. "On-the-fly" syntax checking information may be incorrect. [D:\Work_prj\Frodokem_2026\SRC\shake.v:]
WARNING: [filemgmt 56-199] Attempt to get parsing info during refresh. "On-the-fly" syntax checking information may be incorrect. [D:\Work_prj\Frodokem_2026\SRC\MatrixMACSet.v:]
WARNING: [filemgmt 56-199] Attempt to get parsing info during refresh. "On-the-fly" syntax checking information may be incorrect. [D:\Work_prj\Frodokem_2026\SRC\MatrixMACSet.v:]
WARNING: [filemgmt 56-199] Attempt to get parsing info during refresh. "On-the-fly" syntax checking information may be incorrect. [D:\Work_prj\Frodokem_2026\SRC\MatrixMACSet.v:]
WARNING: [filemgmt 56-199] Attempt to get parsing info during refresh. "On-the-fly" syntax checking information may be incorrect. [D:\Work_prj\Frodokem_2026\SRC\theta.v:]
WARNING: [filemgmt 56-199] Attempt to get parsing info during refresh. "On-the-fly" syntax checking information may be incorrect. [D:\Work_prj\Frodokem_2026\SRC\shake.v:]
WARNING: [filemgmt 56-199] Attempt to get parsing info during refresh. "On-the-fly" syntax checking information may be incorrect. [D:\Work_prj\Frodokem_2026\SRC\MatrixMACSet.v:]
WARNING: [filemgmt 56-199] Attempt to get parsing info during refresh. "On-the-fly" syntax checking information may be incorrect. [D:\Work_prj\Frodokem_2026\SRC\theta.v:]
WARNING: [filemgmt 56-199] Attempt to get parsing info during refresh. "On-the-fly" syntax checking information may be incorrect. [D:\Work_prj\Frodokem_2026\SRC\theta.v:]
WARNING: [filemgmt 56-199] Attempt to get parsing info during refresh. "On-the-fly" syntax checking information may be incorrect. [D:\Work_prj\Frodokem_2026\SRC\theta.v:]
WARNING: [filemgmt 56-199] Attempt to get parsing info during refresh. "On-the-fly" syntax checking information may be incorrect. [D:\Work_prj\Frodokem_2026\SRC\shake.v:]
WARNING: [filemgmt 56-199] Attempt to get parsing info during refresh. "On-the-fly" syntax checking information may be incorrect. [D:\Work_prj\Frodokem_2026\SRC\MatrixMACSet.v:]
WARNING: [filemgmt 56-199] Attempt to get parsing info during refresh. "On-the-fly" syntax checking information may be incorrect. [D:\Work_prj\Frodokem_2026\SRC\MatrixMACSet.v:]
WARNING: [filemgmt 56-199] Attempt to get parsing info during refresh. "On-the-fly" syntax checking information may be incorrect. [D:\Work_prj\Frodokem_2026\SRC\MatrixMACSet.v:]
WARNING: [filemgmt 56-199] Attempt to get parsing info during refresh. "On-the-fly" syntax checking information may be incorrect. [D:\Work_prj\Frodokem_2026\SRC\theta.v:]
WARNING: [filemgmt 56-199] Attempt to get parsing info during refresh. "On-the-fly" syntax checking information may be incorrect. [D:\Work_prj\Frodokem_2026\SRC\shake.v:]
WARNING: [filemgmt 56-199] Attempt to get parsing info during refresh. "On-the-fly" syntax checking information may be incorrect. [D:\Work_prj\Frodokem_2026\SRC\MatrixMACSet.v:]
WARNING: [filemgmt 56-199] Attempt to get parsing info during refresh. "On-the-fly" syntax checking information may be incorrect. [D:\Work_prj\Frodokem_2026\SRC\shake.v:]
WARNING: [filemgmt 56-199] Attempt to get parsing info during refresh. "On-the-fly" syntax checking information may be incorrect. [D:\Work_prj\Frodokem_2026\SRC\shake.v:]
WARNING: [filemgmt 56-199] Attempt to get parsing info during refresh. "On-the-fly" syntax checking information may be incorrect. [D:\Work_prj\Frodokem_2026\SRC\theta.v:]
WARNING: [filemgmt 56-199] Attempt to get parsing info during refresh. "On-the-fly" syntax checking information may be incorrect. [D:\Work_prj\Frodokem_2026\SRC\shake.v:]
WARNING: [filemgmt 56-199] Attempt to get parsing info during refresh. "On-the-fly" syntax checking information may be incorrect. [D:\Work_prj\Frodokem_2026\SRC\MatrixMACSet.v:]
WARNING: [filemgmt 56-199] Attempt to get parsing info during refresh. "On-the-fly" syntax checking information may be incorrect. [D:\Work_prj\Frodokem_2026\SRC\theta.v:]
WARNING: [filemgmt 56-199] Attempt to get parsing info during refresh. "On-the-fly" syntax checking information may be incorrect. [D:\Work_prj\Frodokem_2026\SRC\theta.v:]
WARNING: [filemgmt 56-199] Attempt to get parsing info during refresh. "On-the-fly" syntax checking information may be incorrect. [D:\Work_prj\Frodokem_2026\SRC\theta.v:]
WARNING: [filemgmt 56-199] Attempt to get parsing info during refresh. "On-the-fly" syntax checking information may be incorrect. [D:\Work_prj\Frodokem_2026\SRC\shake.v:]
WARNING: [filemgmt 56-199] Attempt to get parsing info during refresh. "On-the-fly" syntax checking information may be incorrect. [D:\Work_prj\Frodokem_2026\SRC\MatrixMACSet.v:]
WARNING: [filemgmt 56-199] Attempt to get parsing info during refresh. "On-the-fly" syntax checking information may be incorrect. [D:\Work_prj\Frodokem_2026\SRC\MatrixMACSet.v:]
WARNING: [filemgmt 56-199] Attempt to get parsing info during refresh. "On-the-fly" syntax checking information may be incorrect. [D:\Work_prj\Frodokem_2026\SRC\MatrixMACSet.v:]
relaunch_sim
Command: launch_simulation -step compile -simset sim_1 -mode behavioral
INFO: [Vivado 12-12493] Simulation top is 'tb_Frodo_top'
INFO: [Vivado 12-5682] Launching behavioral simulation in 'D:/Work_prj/Frodokem_2026/Viprj/FrodoKEM/FrodoKEM.sim/sim_1/behav/xsim'
INFO: [SIM-utils-51] Simulation object is 'sim_1'
INFO: [USF-XSim-2] XSim::Compile design
INFO: [USF-XSim-61] Executing 'COMPILE and ANALYZE' step in 'D:/Work_prj/Frodokem_2026/Viprj/FrodoKEM/FrodoKEM.sim/sim_1/behav/xsim'
"xvlog --incr --relax -prj tb_Frodo_top_vlog.prj"
INFO: [VRFC 10-2263] Analyzing Verilog file "D:/Work_prj/Frodokem_2026/SRC/AddrGenUnit.v" into library xil_defaultlib
INFO: [VRFC 10-311] analyzing module AddrGenUnit
INFO: [VRFC 10-2263] Analyzing Verilog file "D:/Work_prj/Frodokem_2026/SRC/DecodeSet.v" into library xil_defaultlib
INFO: [VRFC 10-311] analyzing module DecodeSet
INFO: [VRFC 10-2263] Analyzing Verilog file "D:/Work_prj/Frodokem_2026/SRC/EncodeSet.v" into library xil_defaultlib
INFO: [VRFC 10-311] analyzing module EncodeSet
INFO: [VRFC 10-2263] Analyzing Verilog file "D:/Work_prj/Frodokem_2026/SRC/Frodo_top.v" into library xil_defaultlib
INFO: [VRFC 10-311] analyzing module Frodo_top
INFO: [VRFC 10-2263] Analyzing Verilog file "D:/Work_prj/Frodokem_2026/SRC/InstDecoder.v" into library xil_defaultlib
INFO: [VRFC 10-311] analyzing module instDecoder
INFO: [VRFC 10-2263] Analyzing Verilog file "D:/Work_prj/Frodokem_2026/SRC/MatrixAddSet.v" into library xil_defaultlib
INFO: [VRFC 10-311] analyzing module MatrixAddSet
INFO: [VRFC 10-2263] Analyzing Verilog file "D:/Work_prj/Frodokem_2026/SRC/MatrixMACSet.v" into library xil_defaultlib
INFO: [VRFC 10-311] analyzing module MatrixMACSet
INFO: [VRFC 10-2263] Analyzing Verilog file "D:/Work_prj/Frodokem_2026/SRC/MatrixMulAddSet.v" into library xil_defaultlib
INFO: [VRFC 10-311] analyzing module MatrixMulAddSet
INFO: [VRFC 10-2263] Analyzing Verilog file "D:/Work_prj/Frodokem_2026/SRC/MatrixSubSet.v" into library xil_defaultlib
INFO: [VRFC 10-311] analyzing module MatrixSubSet
INFO: [VRFC 10-2263] Analyzing Verilog file "D:/Work_prj/Frodokem_2026/SRC/PackSet.v" into library xil_defaultlib
INFO: [VRFC 10-311] analyzing module PackSet
INFO: [VRFC 10-2263] Analyzing Verilog file "D:/Work_prj/Frodokem_2026/SRC/RAM _Arbitration.v" into library xil_defaultlib
INFO: [VRFC 10-311] analyzing module RAM_Arbitration
INFO: [VRFC 10-2263] Analyzing Verilog file "D:/Work_prj/Frodokem_2026/SRC/shake.v" into library xil_defaultlib
INFO: [VRFC 10-311] analyzing module SHAKE
WARNING: [VRFC 10-3380] identifier 'CS' is used before its declaration [D:/Work_prj/Frodokem_2026/SRC/shake.v:64]
INFO: [VRFC 10-2263] Analyzing Verilog file "D:/Work_prj/Frodokem_2026/SRC/SampleMatrixSet.v" into library xil_defaultlib
INFO: [VRFC 10-311] analyzing module SampleMatrixSet
INFO: [VRFC 10-2263] Analyzing Verilog file "D:/Work_prj/Frodokem_2026/SRC/UnpackSet.v" into library xil_defaultlib
INFO: [VRFC 10-311] analyzing module UnpackSet
INFO: [VRFC 10-2263] Analyzing Verilog file "D:/Work_prj/Frodokem_2026/SRC/bidirectional_fifo.v" into library xil_defaultlib
INFO: [VRFC 10-311] analyzing module bidirectional_fifo
INFO: [VRFC 10-2263] Analyzing Verilog file "D:/Work_prj/Frodokem_2026/SRC/control.v" into library xil_defaultlib
INFO: [VRFC 10-311] analyzing module control
WARNING: [VRFC 10-3248] data object 'maccnt0' is already declared [D:/Work_prj/Frodokem_2026/SRC/control.v:1003]
WARNING: [VRFC 10-9364] second declaration of 'maccnt0' is ignored [D:/Work_prj/Frodokem_2026/SRC/control.v:1003]
WARNING: [VRFC 10-3380] identifier 'sqzout64_en' is used before its declaration [D:/Work_prj/Frodokem_2026/SRC/control.v:118]
WARNING: [VRFC 10-3380] identifier 'fifo64outval' is used before its declaration [D:/Work_prj/Frodokem_2026/SRC/control.v:484]
WARNING: [VRFC 10-3380] identifier 'pingpangflag' is used before its declaration [D:/Work_prj/Frodokem_2026/SRC/control.v:943]
INFO: [VRFC 10-2263] Analyzing Verilog file "D:/Work_prj/Frodokem_2026/dram448_r.v" into library xil_defaultlib
INFO: [VRFC 10-311] analyzing module dram448_r
INFO: [VRFC 10-2263] Analyzing Verilog file "D:/Work_prj/Frodokem_2026/dram64_r.v" into library xil_defaultlib
INFO: [VRFC 10-311] analyzing module dram64_r
INFO: [VRFC 10-2263] Analyzing Verilog file "D:/Work_prj/Frodokem_2026/dual_ram.v" into library xil_defaultlib
INFO: [VRFC 10-311] analyzing module dual_ram
INFO: [VRFC 10-2263] Analyzing Verilog file "D:/Work_prj/Frodokem_2026/dual_ram_asyn.v" into library xil_defaultlib
INFO: [VRFC 10-311] analyzing module dual_ram_asyn
INFO: [VRFC 10-2263] Analyzing Verilog file "D:/Work_prj/Frodokem_2026/SRC/roundmod.v" into library xil_defaultlib
INFO: [VRFC 10-311] analyzing module roundmod
INFO: [VRFC 10-2263] Analyzing Verilog file "D:/Work_prj/Frodokem_2026/SRC/theta.v" into library xil_defaultlib
INFO: [VRFC 10-311] analyzing module theta
INFO: [VRFC 10-2263] Analyzing Verilog file "D:/Work_prj/Frodokem_2026/SRC/thopichiiota.v" into library xil_defaultlib
INFO: [VRFC 10-311] analyzing module thopichiiota
INFO: [VRFC 10-2263] Analyzing Verilog file "D:/Work_prj/Frodokem_2026/Viprj/FrodoKEM/FrodoKEM.srcs/sim_1/new/TB.v" into library xil_defaultlib
INFO: [VRFC 10-311] analyzing module tb_Frodo_top
INFO: [USF-XSim-69] 'compile' step finished in '3' seconds
Command: launch_simulation -step elaborate -simset sim_1 -mode behavioral
INFO: [Vivado 12-12493] Simulation top is 'tb_Frodo_top'
INFO: [Vivado 12-5682] Launching behavioral simulation in 'D:/Work_prj/Frodokem_2026/Viprj/FrodoKEM/FrodoKEM.sim/sim_1/behav/xsim'
INFO: [SIM-utils-51] Simulation object is 'sim_1'
INFO: [USF-XSim-3] XSim::Elaborate design
INFO: [USF-XSim-61] Executing 'ELABORATE' step in 'D:/Work_prj/Frodokem_2026/Viprj/FrodoKEM/FrodoKEM.sim/sim_1/behav/xsim'
"xelab --incr --debug typical --relax --mt 2 -L xil_defaultlib -L unisims_ver -L unimacro_ver -L secureip -L xpm --snapshot tb_Frodo_top_behav xil_defaultlib.tb_Frodo_top xil_defaultlib.glbl -log elaborate.log"
Vivado Simulator v2025.1.0
Copyright 1986-2022 Xilinx, Inc. All Rights Reserved.
Copyright 2022-2025 Advanced Micro Devices, Inc. All Rights Reserved.
Running: D:/Xlinx/2025.1/Vivado/bin/unwrapped/win64.o/xelab.exe --incr --debug typical --relax --mt 2 -L xil_defaultlib -L unisims_ver -L unimacro_ver -L secureip -L xpm --snapshot tb_Frodo_top_behav xil_defaultlib.tb_Frodo_top xil_defaultlib.glbl -log elaborate.log 
Using 2 slave threads.
Starting static elaboration
Pass Through NonSizing Optimizer
WARNING: [VRFC 10-3091] actual bit length 1 differs from formal bit length 9 for port 'sqz_cnt' [D:/Work_prj/Frodokem_2026/SRC/Frodo_top.v:836]
WARNING: [VRFC 10-3091] actual bit length 1 differs from formal bit length 4 for port 'prefixe_out' [D:/Work_prj/Frodokem_2026/SRC/Frodo_top.v:879]
WARNING: [VRFC 10-3705] select index 31 into 'mem' is out of bounds [D:/Work_prj/Frodokem_2026/dual_ram_asyn.v:63]
WARNING: [VRFC 10-3705] select index 63 into 'mem' is out of bounds [D:/Work_prj/Frodokem_2026/dual_ram_asyn.v:64]
WARNING: [VRFC 10-3705] select index 23 into 'mem' is out of bounds [D:/Work_prj/Frodokem_2026/dual_ram_asyn.v:69]
WARNING: [VRFC 10-3705] select index 31 into 'mem' is out of bounds [D:/Work_prj/Frodokem_2026/dual_ram_asyn.v:70]
WARNING: [VRFC 10-3705] select index 39 into 'mem' is out of bounds [D:/Work_prj/Frodokem_2026/dual_ram_asyn.v:71]
WARNING: [VRFC 10-3705] select index 47 into 'mem' is out of bounds [D:/Work_prj/Frodokem_2026/dual_ram_asyn.v:72]
WARNING: [VRFC 10-3705] select index 55 into 'mem' is out of bounds [D:/Work_prj/Frodokem_2026/dual_ram_asyn.v:73]
WARNING: [VRFC 10-3705] select index 63 into 'mem' is out of bounds [D:/Work_prj/Frodokem_2026/dual_ram_asyn.v:74]
WARNING: [VRFC 10-3705] select index 31 into 'mem' is out of bounds [D:/Work_prj/Frodokem_2026/dual_ram_asyn.v:91]
WARNING: [VRFC 10-3705] select index 63 into 'mem' is out of bounds [D:/Work_prj/Frodokem_2026/dual_ram_asyn.v:92]
WARNING: [VRFC 10-3705] select index 23 into 'mem' is out of bounds [D:/Work_prj/Frodokem_2026/dual_ram_asyn.v:97]
WARNING: [VRFC 10-3705] select index 31 into 'mem' is out of bounds [D:/Work_prj/Frodokem_2026/dual_ram_asyn.v:98]
WARNING: [VRFC 10-3705] select index 39 into 'mem' is out of bounds [D:/Work_prj/Frodokem_2026/dual_ram_asyn.v:99]
WARNING: [VRFC 10-3705] select index 47 into 'mem' is out of bounds [D:/Work_prj/Frodokem_2026/dual_ram_asyn.v:100]
WARNING: [VRFC 10-3705] select index 55 into 'mem' is out of bounds [D:/Work_prj/Frodokem_2026/dual_ram_asyn.v:101]
WARNING: [VRFC 10-3705] select index 63 into 'mem' is out of bounds [D:/Work_prj/Frodokem_2026/dual_ram_asyn.v:102]
WARNING: [VRFC 10-3705] select index 63 into 'mem' is out of bounds [D:/Work_prj/Frodokem_2026/dual_ram.v:61]
WARNING: [VRFC 10-3705] select index 39 into 'mem' is out of bounds [D:/Work_prj/Frodokem_2026/dual_ram.v:68]
WARNING: [VRFC 10-3705] select index 47 into 'mem' is out of bounds [D:/Work_prj/Frodokem_2026/dual_ram.v:69]
WARNING: [VRFC 10-3705] select index 55 into 'mem' is out of bounds [D:/Work_prj/Frodokem_2026/dual_ram.v:70]
WARNING: [VRFC 10-3705] select index 63 into 'mem' is out of bounds [D:/Work_prj/Frodokem_2026/dual_ram.v:71]
WARNING: [VRFC 10-3705] select index 63 into 'mem' is out of bounds [D:/Work_prj/Frodokem_2026/dual_ram.v:89]
WARNING: [VRFC 10-3705] select index 39 into 'mem' is out of bounds [D:/Work_prj/Frodokem_2026/dual_ram.v:96]
WARNING: [VRFC 10-3705] select index 47 into 'mem' is out of bounds [D:/Work_prj/Frodokem_2026/dual_ram.v:97]
WARNING: [VRFC 10-3705] select index 55 into 'mem' is out of bounds [D:/Work_prj/Frodokem_2026/dual_ram.v:98]
WARNING: [VRFC 10-3705] select index 63 into 'mem' is out of bounds [D:/Work_prj/Frodokem_2026/dual_ram.v:99]
Completed static elaboration
Starting simulation data flow analysis
Completed simulation data flow analysis
Time Resolution for simulation is 1ps
Compiling module xil_defaultlib.SampleMatrixSet_default
Compiling module xil_defaultlib.bidirectional_fifo
Compiling module xil_defaultlib.theta
Compiling module xil_defaultlib.thopichiiota
Compiling module xil_defaultlib.SHAKE
Compiling module xil_defaultlib.PackSet
Compiling module xil_defaultlib.UnpackSet
Compiling module xil_defaultlib.roundmod_default
Compiling module xil_defaultlib.roundmod(B=3,Q=16)
Compiling module xil_defaultlib.roundmod(B=4,Q=16)
Compiling module xil_defaultlib.DecodeSet_default
Compiling module xil_defaultlib.EncodeSet
Compiling module xil_defaultlib.dram64_r(MEM_DEPTH=3000,HEX_FILE...
Compiling module xil_defaultlib.dram64_r(MEM_DEPTH=3000,HEX_FILE...
Compiling module xil_defaultlib.dram448_r(HEX_FILE="D:/Work_prj/...
Compiling module xil_defaultlib.MatrixAddSet_default
Compiling module xil_defaultlib.MatrixMACSet_default
Compiling module xil_defaultlib.MatrixMulAddSet_default
Compiling module xil_defaultlib.MatrixSubSet_default
Compiling module xil_defaultlib.dual_ram_asyn(ADDR_WIDTH=6,DATA_...
Compiling module xil_defaultlib.dual_ram(ADDR_WIDTH=10,DATA_WIDT...
Compiling module xil_defaultlib.instDecoder
Compiling module xil_defaultlib.RAM_Arbitration
Compiling module xil_defaultlib.AddrGenUnit
Compiling module xil_defaultlib.control
Compiling module xil_defaultlib.Frodo_top
Compiling module xil_defaultlib.tb_Frodo_top
Compiling module xil_defaultlib.glbl
Built simulation snapshot tb_Frodo_top_behav
run_program: Time (s): cpu = 00:00:00 ; elapsed = 00:00:07 . Memory (MB): peak = 3740.859 ; gain = 0.000
INFO: [USF-XSim-69] 'elaborate' step finished in '7' seconds
launch_simulation: Time (s): cpu = 00:00:00 ; elapsed = 00:00:07 . Memory (MB): peak = 3740.859 ; gain = 0.000
Time resolution is 1 ps
WARNING: Too many words specified in data file D:/Work_prj/Frodokem_2026/TB/RAM64a.hex
WARNING: Too many words specified in data file D:/Work_prj/Frodokem_2026/TB/RAM64b.hex
relaunch_sim: Time (s): cpu = 00:00:01 ; elapsed = 00:00:13 . Memory (MB): peak = 3740.859 ; gain = 0.000
run 2 ms
Â≠òÂÇ®Âô®Êï∞ÊçÆÂ∑≤ËæìÂá∫Âà∞Êñá‰ª∂: mem_output.hex (Êó∂ÈíüÂë®Êúü:       1000)
Â≠òÂÇ®Âô®Êï∞ÊçÆÂ∑≤ËæìÂá∫Âà∞Êñá‰ª∂: mem_output.hex (Êó∂ÈíüÂë®Êúü:       1000)
oneinstdone detected at           1472255000
mem dumped to D:/Work_prj/Frodokem_2026/TB/RAM64aout.hex at time=1472275000
mem dumped to D:/Work_prj/Frodokem_2026/TB/RAM64bout.hex at time=1472275000
mem dumped to D:/Work_prj/Frodokem_2026/TB/RAM448out.hex at time=1472275000
$finish called at time : 1477255 ns : File "D:/Work_prj/Frodokem_2026/Viprj/FrodoKEM/FrodoKEM.srcs/sim_1/new/TB.v" Line 94
run: Time (s): cpu = 00:01:41 ; elapsed = 00:01:41 . Memory (MB): peak = 3740.859 ; gain = 0.000
WARNING: [filemgmt 56-199] Attempt to get parsing info during refresh. "On-the-fly" syntax checking information may be incorrect. [D:\Work_prj\Frodokem_2026\SRC\theta.v:]
WARNING: [filemgmt 56-199] Attempt to get parsing info during refresh. "On-the-fly" syntax checking information may be incorrect. [D:\Work_prj\Frodokem_2026\Viprj\FrodoKEM\FrodoKEM.srcs\sim_1\new\TB.v:]
WARNING: [filemgmt 56-199] Attempt to get parsing info during refresh. "On-the-fly" syntax checking information may be incorrect. [D:\Work_prj\Frodokem_2026\SRC\shake.v:]
WARNING: [filemgmt 56-199] Attempt to get parsing info during refresh. "On-the-fly" syntax checking information may be incorrect. [D:\Work_prj\Frodokem_2026\SRC\MatrixMACSet.v:]
WARNING: [filemgmt 56-199] Attempt to get parsing info during refresh. "On-the-fly" syntax checking information may be incorrect. [D:\Work_prj\Frodokem_2026\SRC\shake.v:]
WARNING: [filemgmt 56-199] Attempt to get parsing info during refresh. "On-the-fly" syntax checking information may be incorrect. [D:\Work_prj\Frodokem_2026\SRC\shake.v:]
WARNING: [filemgmt 56-199] Attempt to get parsing info during refresh. "On-the-fly" syntax checking information may be incorrect. [D:\Work_prj\Frodokem_2026\SRC\theta.v:]
WARNING: [filemgmt 56-199] Attempt to get parsing info during refresh. "On-the-fly" syntax checking information may be incorrect. [D:\Work_prj\Frodokem_2026\Viprj\FrodoKEM\FrodoKEM.srcs\sim_1\new\TB.v:]
WARNING: [filemgmt 56-199] Attempt to get parsing info during refresh. "On-the-fly" syntax checking information may be incorrect. [D:\Work_prj\Frodokem_2026\SRC\shake.v:]
WARNING: [filemgmt 56-199] Attempt to get parsing info during refresh. "On-the-fly" syntax checking information may be incorrect. [D:\Work_prj\Frodokem_2026\SRC\MatrixMACSet.v:]
WARNING: [filemgmt 56-199] Attempt to get parsing info during refresh. "On-the-fly" syntax checking information may be incorrect. [D:\Work_prj\Frodokem_2026\SRC\MatrixMACSet.v:]
WARNING: [filemgmt 56-199] Attempt to get parsing info during refresh. "On-the-fly" syntax checking information may be incorrect. [D:\Work_prj\Frodokem_2026\SRC\MatrixMACSet.v:]
WARNING: [filemgmt 56-199] Attempt to get parsing info during refresh. "On-the-fly" syntax checking information may be incorrect. [D:\Work_prj\Frodokem_2026\SRC\theta.v:]
WARNING: [filemgmt 56-199] Attempt to get parsing info during refresh. "On-the-fly" syntax checking information may be incorrect. [D:\Work_prj\Frodokem_2026\Viprj\FrodoKEM\FrodoKEM.srcs\sim_1\new\TB.v:]
WARNING: [filemgmt 56-199] Attempt to get parsing info during refresh. "On-the-fly" syntax checking information may be incorrect. [D:\Work_prj\Frodokem_2026\SRC\shake.v:]
WARNING: [filemgmt 56-199] Attempt to get parsing info during refresh. "On-the-fly" syntax checking information may be incorrect. [D:\Work_prj\Frodokem_2026\SRC\MatrixMACSet.v:]
WARNING: [filemgmt 56-199] Attempt to get parsing info during refresh. "On-the-fly" syntax checking information may be incorrect. [D:\Work_prj\Frodokem_2026\SRC\shake.v:]
WARNING: [filemgmt 56-199] Attempt to get parsing info during refresh. "On-the-fly" syntax checking information may be incorrect. [D:\Work_prj\Frodokem_2026\SRC\shake.v:]
WARNING: [filemgmt 56-199] Attempt to get parsing info during refresh. "On-the-fly" syntax checking information may be incorrect. [D:\Work_prj\Frodokem_2026\SRC\theta.v:]
WARNING: [filemgmt 56-199] Attempt to get parsing info during refresh. "On-the-fly" syntax checking information may be incorrect. [D:\Work_prj\Frodokem_2026\Viprj\FrodoKEM\FrodoKEM.srcs\sim_1\new\TB.v:]
WARNING: [filemgmt 56-199] Attempt to get parsing info during refresh. "On-the-fly" syntax checking information may be incorrect. [D:\Work_prj\Frodokem_2026\SRC\shake.v:]
WARNING: [filemgmt 56-199] Attempt to get parsing info during refresh. "On-the-fly" syntax checking information may be incorrect. [D:\Work_prj\Frodokem_2026\SRC\MatrixMACSet.v:]
WARNING: [filemgmt 56-199] Attempt to get parsing info during refresh. "On-the-fly" syntax checking information may be incorrect. [D:\Work_prj\Frodokem_2026\SRC\theta.v:]
WARNING: [filemgmt 56-199] Attempt to get parsing info during refresh. "On-the-fly" syntax checking information may be incorrect. [D:\Work_prj\Frodokem_2026\SRC\theta.v:]
WARNING: [filemgmt 56-199] Attempt to get parsing info during refresh. "On-the-fly" syntax checking information may be incorrect. [D:\Work_prj\Frodokem_2026\SRC\theta.v:]
WARNING: [filemgmt 56-199] Attempt to get parsing info during refresh. "On-the-fly" syntax checking information may be incorrect. [D:\Work_prj\Frodokem_2026\Viprj\FrodoKEM\FrodoKEM.srcs\sim_1\new\TB.v:]
WARNING: [filemgmt 56-199] Attempt to get parsing info during refresh. "On-the-fly" syntax checking information may be incorrect. [D:\Work_prj\Frodokem_2026\SRC\shake.v:]
WARNING: [filemgmt 56-199] Attempt to get parsing info during refresh. "On-the-fly" syntax checking information may be incorrect. [D:\Work_prj\Frodokem_2026\SRC\MatrixMACSet.v:]
WARNING: [filemgmt 56-199] Attempt to get parsing info during refresh. "On-the-fly" syntax checking information may be incorrect. [D:\Work_prj\Frodokem_2026\SRC\shake.v:]
WARNING: [filemgmt 56-199] Attempt to get parsing info during refresh. "On-the-fly" syntax checking information may be incorrect. [D:\Work_prj\Frodokem_2026\SRC\shake.v:]
WARNING: [filemgmt 56-199] Attempt to get parsing info during refresh. "On-the-fly" syntax checking information may be incorrect. [D:\Work_prj\Frodokem_2026\SRC\theta.v:]
WARNING: [filemgmt 56-199] Attempt to get parsing info during refresh. "On-the-fly" syntax checking information may be incorrect. [D:\Work_prj\Frodokem_2026\Viprj\FrodoKEM\FrodoKEM.srcs\sim_1\new\TB.v:]
WARNING: [filemgmt 56-199] Attempt to get parsing info during refresh. "On-the-fly" syntax checking information may be incorrect. [D:\Work_prj\Frodokem_2026\SRC\shake.v:]
WARNING: [filemgmt 56-199] Attempt to get parsing info during refresh. "On-the-fly" syntax checking information may be incorrect. [D:\Work_prj\Frodokem_2026\SRC\MatrixMACSet.v:]
WARNING: [filemgmt 56-199] Attempt to get parsing info during refresh. "On-the-fly" syntax checking information may be incorrect. [D:\Work_prj\Frodokem_2026\SRC\MatrixMACSet.v:]
WARNING: [filemgmt 56-199] Attempt to get parsing info during refresh. "On-the-fly" syntax checking information may be incorrect. [D:\Work_prj\Frodokem_2026\SRC\MatrixMACSet.v:]
WARNING: [filemgmt 56-199] Attempt to get parsing info during refresh. "On-the-fly" syntax checking information may be incorrect. [D:\Work_prj\Frodokem_2026\SRC\theta.v:]
WARNING: [filemgmt 56-199] Attempt to get parsing info during refresh. "On-the-fly" syntax checking information may be incorrect. [D:\Work_prj\Frodokem_2026\Viprj\FrodoKEM\FrodoKEM.srcs\sim_1\new\TB.v:]
WARNING: [filemgmt 56-199] Attempt to get parsing info during refresh. "On-the-fly" syntax checking information may be incorrect. [D:\Work_prj\Frodokem_2026\SRC\shake.v:]
WARNING: [filemgmt 56-199] Attempt to get parsing info during refresh. "On-the-fly" syntax checking information may be incorrect. [D:\Work_prj\Frodokem_2026\SRC\MatrixMACSet.v:]
WARNING: [filemgmt 56-199] Attempt to get parsing info during refresh. "On-the-fly" syntax checking information may be incorrect. [D:\Work_prj\Frodokem_2026\SRC\MatrixMACSet.v:]
WARNING: [filemgmt 56-199] Attempt to get parsing info during refresh. "On-the-fly" syntax checking information may be incorrect. [D:\Work_prj\Frodokem_2026\SRC\MatrixMACSet.v:]
ERROR: [Common 17-180] Spawn failed: ≤Ÿ◊˜≥…π¶ÕÍ≥…°£

WARNING: [filemgmt 56-199] Attempt to get parsing info during refresh. "On-the-fly" syntax checking information may be incorrect. [D:\Work_prj\Frodokem_2026\SRC\theta.v:]
WARNING: [filemgmt 56-199] Attempt to get parsing info during refresh. "On-the-fly" syntax checking information may be incorrect. [D:\Work_prj\Frodokem_2026\Viprj\FrodoKEM\FrodoKEM.srcs\sim_1\new\TB.v:]
WARNING: [filemgmt 56-199] Attempt to get parsing info during refresh. "On-the-fly" syntax checking information may be incorrect. [D:\Work_prj\Frodokem_2026\SRC\shake.v:]
WARNING: [filemgmt 56-199] Attempt to get parsing info during refresh. "On-the-fly" syntax checking information may be incorrect. [D:\Work_prj\Frodokem_2026\SRC\MatrixMACSet.v:]
WARNING: [filemgmt 56-199] Attempt to get parsing info during refresh. "On-the-fly" syntax checking information may be incorrect. [D:\Work_prj\Frodokem_2026\SRC\theta.v:]
WARNING: [filemgmt 56-199] Attempt to get parsing info during refresh. "On-the-fly" syntax checking information may be incorrect. [D:\Work_prj\Frodokem_2026\SRC\theta.v:]
WARNING: [filemgmt 56-199] Attempt to get parsing info during refresh. "On-the-fly" syntax checking information may be incorrect. [D:\Work_prj\Frodokem_2026\SRC\theta.v:]
WARNING: [filemgmt 56-199] Attempt to get parsing info during refresh. "On-the-fly" syntax checking information may be incorrect. [D:\Work_prj\Frodokem_2026\Viprj\FrodoKEM\FrodoKEM.srcs\sim_1\new\TB.v:]
WARNING: [filemgmt 56-199] Attempt to get parsing info during refresh. "On-the-fly" syntax checking information may be incorrect. [D:\Work_prj\Frodokem_2026\SRC\shake.v:]
WARNING: [filemgmt 56-199] Attempt to get parsing info during refresh. "On-the-fly" syntax checking information may be incorrect. [D:\Work_prj\Frodokem_2026\SRC\MatrixMACSet.v:]
WARNING: [filemgmt 56-199] Attempt to get parsing info during refresh. "On-the-fly" syntax checking information may be incorrect. [D:\Work_prj\Frodokem_2026\SRC\MatrixMACSet.v:]
WARNING: [filemgmt 56-199] Attempt to get parsing info during refresh. "On-the-fly" syntax checking information may be incorrect. [D:\Work_prj\Frodokem_2026\SRC\MatrixMACSet.v:]
WARNING: [filemgmt 56-199] Attempt to get parsing info during refresh. "On-the-fly" syntax checking information may be incorrect. [D:\Work_prj\Frodokem_2026\SRC\theta.v:]
WARNING: [filemgmt 56-199] Attempt to get parsing info during refresh. "On-the-fly" syntax checking information may be incorrect. [D:\Work_prj\Frodokem_2026\Viprj\FrodoKEM\FrodoKEM.srcs\sim_1\new\TB.v:]
WARNING: [filemgmt 56-199] Attempt to get parsing info during refresh. "On-the-fly" syntax checking information may be incorrect. [D:\Work_prj\Frodokem_2026\SRC\shake.v:]
WARNING: [filemgmt 56-199] Attempt to get parsing info during refresh. "On-the-fly" syntax checking information may be incorrect. [D:\Work_prj\Frodokem_2026\SRC\MatrixMACSet.v:]
WARNING: [filemgmt 56-199] Attempt to get parsing info during refresh. "On-the-fly" syntax checking information may be incorrect. [D:\Work_prj\Frodokem_2026\SRC\shake.v:]
WARNING: [filemgmt 56-199] Attempt to get parsing info during refresh. "On-the-fly" syntax checking information may be incorrect. [D:\Work_prj\Frodokem_2026\SRC\shake.v:]
ERROR: [Common 17-180] Spawn failed: ≤Ÿ◊˜≥…π¶ÕÍ≥…°£

WARNING: [filemgmt 56-199] Attempt to get parsing info during refresh. "On-the-fly" syntax checking information may be incorrect. [D:\Work_prj\Frodokem_2026\SRC\theta.v:]
WARNING: [filemgmt 56-199] Attempt to get parsing info during refresh. "On-the-fly" syntax checking information may be incorrect. [D:\Work_prj\Frodokem_2026\Viprj\FrodoKEM\FrodoKEM.srcs\sim_1\new\TB.v:]
WARNING: [filemgmt 56-199] Attempt to get parsing info during refresh. "On-the-fly" syntax checking information may be incorrect. [D:\Work_prj\Frodokem_2026\SRC\shake.v:]
WARNING: [filemgmt 56-199] Attempt to get parsing info during refresh. "On-the-fly" syntax checking information may be incorrect. [D:\Work_prj\Frodokem_2026\SRC\MatrixMACSet.v:]
WARNING: [filemgmt 56-199] Attempt to get parsing info during refresh. "On-the-fly" syntax checking information may be incorrect. [D:\Work_prj\Frodokem_2026\SRC\theta.v:]
WARNING: [filemgmt 56-199] Attempt to get parsing info during refresh. "On-the-fly" syntax checking information may be incorrect. [D:\Work_prj\Frodokem_2026\SRC\theta.v:]
WARNING: [filemgmt 56-199] Attempt to get parsing info during refresh. "On-the-fly" syntax checking information may be incorrect. [D:\Work_prj\Frodokem_2026\SRC\theta.v:]
WARNING: [filemgmt 56-199] Attempt to get parsing info during refresh. "On-the-fly" syntax checking information may be incorrect. [D:\Work_prj\Frodokem_2026\Viprj\FrodoKEM\FrodoKEM.srcs\sim_1\new\TB.v:]
WARNING: [filemgmt 56-199] Attempt to get parsing info during refresh. "On-the-fly" syntax checking information may be incorrect. [D:\Work_prj\Frodokem_2026\SRC\shake.v:]
WARNING: [filemgmt 56-199] Attempt to get parsing info during refresh. "On-the-fly" syntax checking information may be incorrect. [D:\Work_prj\Frodokem_2026\SRC\MatrixMACSet.v:]
WARNING: [filemgmt 56-199] Attempt to get parsing info during refresh. "On-the-fly" syntax checking information may be incorrect. [D:\Work_prj\Frodokem_2026\SRC\MatrixMACSet.v:]
WARNING: [filemgmt 56-199] Attempt to get parsing info during refresh. "On-the-fly" syntax checking information may be incorrect. [D:\Work_prj\Frodokem_2026\SRC\MatrixMACSet.v:]
WARNING: [filemgmt 56-199] Attempt to get parsing info during refresh. "On-the-fly" syntax checking information may be incorrect. [D:\Work_prj\Frodokem_2026\SRC\theta.v:]
WARNING: [filemgmt 56-199] Attempt to get parsing info during refresh. "On-the-fly" syntax checking information may be incorrect. [D:\Work_prj\Frodokem_2026\Viprj\FrodoKEM\FrodoKEM.srcs\sim_1\new\TB.v:]
WARNING: [filemgmt 56-199] Attempt to get parsing info during refresh. "On-the-fly" syntax checking information may be incorrect. [D:\Work_prj\Frodokem_2026\SRC\shake.v:]
WARNING: [filemgmt 56-199] Attempt to get parsing info during refresh. "On-the-fly" syntax checking information may be incorrect. [D:\Work_prj\Frodokem_2026\SRC\MatrixMACSet.v:]
WARNING: [filemgmt 56-199] Attempt to get parsing info during refresh. "On-the-fly" syntax checking information may be incorrect. [D:\Work_prj\Frodokem_2026\Viprj\FrodoKEM\FrodoKEM.srcs\sim_1\new\TB.v:]
WARNING: [filemgmt 56-199] Attempt to get parsing info during refresh. "On-the-fly" syntax checking information may be incorrect. [D:\Work_prj\Frodokem_2026\Viprj\FrodoKEM\FrodoKEM.srcs\sim_1\new\TB.v:]
WARNING: [filemgmt 56-199] Attempt to get parsing info during refresh. "On-the-fly" syntax checking information may be incorrect. [D:\Work_prj\Frodokem_2026\SRC\theta.v:]
WARNING: [filemgmt 56-199] Attempt to get parsing info during refresh. "On-the-fly" syntax checking information may be incorrect. [D:\Work_prj\Frodokem_2026\Viprj\FrodoKEM\FrodoKEM.srcs\sim_1\new\TB.v:]
WARNING: [filemgmt 56-199] Attempt to get parsing info during refresh. "On-the-fly" syntax checking information may be incorrect. [D:\Work_prj\Frodokem_2026\SRC\shake.v:]
WARNING: [filemgmt 56-199] Attempt to get parsing info during refresh. "On-the-fly" syntax checking information may be incorrect. [D:\Work_prj\Frodokem_2026\SRC\MatrixMACSet.v:]
WARNING: [filemgmt 56-199] Attempt to get parsing info during refresh. "On-the-fly" syntax checking information may be incorrect. [D:\Work_prj\Frodokem_2026\SRC\theta.v:]
WARNING: [filemgmt 56-199] Attempt to get parsing info during refresh. "On-the-fly" syntax checking information may be incorrect. [D:\Work_prj\Frodokem_2026\SRC\theta.v:]
WARNING: [filemgmt 56-199] Attempt to get parsing info during refresh. "On-the-fly" syntax checking information may be incorrect. [D:\Work_prj\Frodokem_2026\SRC\theta.v:]
WARNING: [filemgmt 56-199] Attempt to get parsing info during refresh. "On-the-fly" syntax checking information may be incorrect. [D:\Work_prj\Frodokem_2026\Viprj\FrodoKEM\FrodoKEM.srcs\sim_1\new\TB.v:]
WARNING: [filemgmt 56-199] Attempt to get parsing info during refresh. "On-the-fly" syntax checking information may be incorrect. [D:\Work_prj\Frodokem_2026\SRC\shake.v:]
WARNING: [filemgmt 56-199] Attempt to get parsing info during refresh. "On-the-fly" syntax checking information may be incorrect. [D:\Work_prj\Frodokem_2026\SRC\MatrixMACSet.v:]
WARNING: [filemgmt 56-199] Attempt to get parsing info during refresh. "On-the-fly" syntax checking information may be incorrect. [D:\Work_prj\Frodokem_2026\Viprj\FrodoKEM\FrodoKEM.srcs\sim_1\new\TB.v:]
WARNING: [filemgmt 56-199] Attempt to get parsing info during refresh. "On-the-fly" syntax checking information may be incorrect. [D:\Work_prj\Frodokem_2026\Viprj\FrodoKEM\FrodoKEM.srcs\sim_1\new\TB.v:]
WARNING: [filemgmt 56-199] Attempt to get parsing info during refresh. "On-the-fly" syntax checking information may be incorrect. [D:\Work_prj\Frodokem_2026\SRC\theta.v:]
WARNING: [filemgmt 56-199] Attempt to get parsing info during refresh. "On-the-fly" syntax checking information may be incorrect. [D:\Work_prj\Frodokem_2026\Viprj\FrodoKEM\FrodoKEM.srcs\sim_1\new\TB.v:]
WARNING: [filemgmt 56-199] Attempt to get parsing info during refresh. "On-the-fly" syntax checking information may be incorrect. [D:\Work_prj\Frodokem_2026\SRC\shake.v:]
WARNING: [filemgmt 56-199] Attempt to get parsing info during refresh. "On-the-fly" syntax checking information may be incorrect. [D:\Work_prj\Frodokem_2026\SRC\MatrixMACSet.v:]
WARNING: [filemgmt 56-199] Attempt to get parsing info during refresh. "On-the-fly" syntax checking information may be incorrect. [D:\Work_prj\Frodokem_2026\SRC\MatrixMACSet.v:]
WARNING: [filemgmt 56-199] Attempt to get parsing info during refresh. "On-the-fly" syntax checking information may be incorrect. [D:\Work_prj\Frodokem_2026\SRC\MatrixMACSet.v:]
WARNING: [filemgmt 56-199] Attempt to get parsing info during refresh. "On-the-fly" syntax checking information may be incorrect. [D:\Work_prj\Frodokem_2026\SRC\theta.v:]
WARNING: [filemgmt 56-199] Attempt to get parsing info during refresh. "On-the-fly" syntax checking information may be incorrect. [D:\Work_prj\Frodokem_2026\Viprj\FrodoKEM\FrodoKEM.srcs\sim_1\new\TB.v:]
WARNING: [filemgmt 56-199] Attempt to get parsing info during refresh. "On-the-fly" syntax checking information may be incorrect. [D:\Work_prj\Frodokem_2026\SRC\shake.v:]
WARNING: [filemgmt 56-199] Attempt to get parsing info during refresh. "On-the-fly" syntax checking information may be incorrect. [D:\Work_prj\Frodokem_2026\SRC\MatrixMACSet.v:]
WARNING: [filemgmt 56-199] Attempt to get parsing info during refresh. "On-the-fly" syntax checking information may be incorrect. [D:\Work_prj\Frodokem_2026\SRC\shake.v:]
WARNING: [filemgmt 56-199] Attempt to get parsing info during refresh. "On-the-fly" syntax checking information may be incorrect. [D:\Work_prj\Frodokem_2026\SRC\shake.v:]
WARNING: [filemgmt 56-199] Attempt to get parsing info during refresh. "On-the-fly" syntax checking information may be incorrect. [D:\Work_prj\Frodokem_2026\SRC\theta.v:]
WARNING: [filemgmt 56-199] Attempt to get parsing info during refresh. "On-the-fly" syntax checking information may be incorrect. [D:\Work_prj\Frodokem_2026\Viprj\FrodoKEM\FrodoKEM.srcs\sim_1\new\TB.v:]
WARNING: [filemgmt 56-199] Attempt to get parsing info during refresh. "On-the-fly" syntax checking information may be incorrect. [D:\Work_prj\Frodokem_2026\SRC\shake.v:]
WARNING: [filemgmt 56-199] Attempt to get parsing info during refresh. "On-the-fly" syntax checking information may be incorrect. [D:\Work_prj\Frodokem_2026\SRC\MatrixMACSet.v:]
WARNING: [filemgmt 56-199] Attempt to get parsing info during refresh. "On-the-fly" syntax checking information may be incorrect. [D:\Work_prj\Frodokem_2026\SRC\MatrixMACSet.v:]
WARNING: [filemgmt 56-199] Attempt to get parsing info during refresh. "On-the-fly" syntax checking information may be incorrect. [D:\Work_prj\Frodokem_2026\SRC\MatrixMACSet.v:]
WARNING: [filemgmt 56-199] Attempt to get parsing info during refresh. "On-the-fly" syntax checking information may be incorrect. [D:\Work_prj\Frodokem_2026\SRC\theta.v:]
WARNING: [filemgmt 56-199] Attempt to get parsing info during refresh. "On-the-fly" syntax checking information may be incorrect. [D:\Work_prj\Frodokem_2026\Viprj\FrodoKEM\FrodoKEM.srcs\sim_1\new\TB.v:]
WARNING: [filemgmt 56-199] Attempt to get parsing info during refresh. "On-the-fly" syntax checking information may be incorrect. [D:\Work_prj\Frodokem_2026\SRC\shake.v:]
WARNING: [filemgmt 56-199] Attempt to get parsing info during refresh. "On-the-fly" syntax checking information may be incorrect. [D:\Work_prj\Frodokem_2026\SRC\MatrixMACSet.v:]
WARNING: [filemgmt 56-199] Attempt to get parsing info during refresh. "On-the-fly" syntax checking information may be incorrect. [D:\Work_prj\Frodokem_2026\SRC\theta.v:]
WARNING: [filemgmt 56-199] Attempt to get parsing info during refresh. "On-the-fly" syntax checking information may be incorrect. [D:\Work_prj\Frodokem_2026\SRC\theta.v:]
WARNING: [filemgmt 56-199] Attempt to get parsing info during refresh. "On-the-fly" syntax checking information may be incorrect. [D:\Work_prj\Frodokem_2026\SRC\theta.v:]
WARNING: [filemgmt 56-199] Attempt to get parsing info during refresh. "On-the-fly" syntax checking information may be incorrect. [D:\Work_prj\Frodokem_2026\Viprj\FrodoKEM\FrodoKEM.srcs\sim_1\new\TB.v:]
WARNING: [filemgmt 56-199] Attempt to get parsing info during refresh. "On-the-fly" syntax checking information may be incorrect. [D:\Work_prj\Frodokem_2026\SRC\shake.v:]
WARNING: [filemgmt 56-199] Attempt to get parsing info during refresh. "On-the-fly" syntax checking information may be incorrect. [D:\Work_prj\Frodokem_2026\SRC\MatrixMACSet.v:]
WARNING: [filemgmt 56-199] Attempt to get parsing info during refresh. "On-the-fly" syntax checking information may be incorrect. [D:\Work_prj\Frodokem_2026\SRC\MatrixMACSet.v:]
WARNING: [filemgmt 56-199] Attempt to get parsing info during refresh. "On-the-fly" syntax checking information may be incorrect. [D:\Work_prj\Frodokem_2026\SRC\MatrixMACSet.v:]
WARNING: [filemgmt 56-199] Attempt to get parsing info during refresh. "On-the-fly" syntax checking information may be incorrect. [D:\Work_prj\Frodokem_2026\SRC\theta.v:]
WARNING: [filemgmt 56-199] Attempt to get parsing info during refresh. "On-the-fly" syntax checking information may be incorrect. [D:\Work_prj\Frodokem_2026\Viprj\FrodoKEM\FrodoKEM.srcs\sim_1\new\TB.v:]
WARNING: [filemgmt 56-199] Attempt to get parsing info during refresh. "On-the-fly" syntax checking information may be incorrect. [D:\Work_prj\Frodokem_2026\SRC\shake.v:]
WARNING: [filemgmt 56-199] Attempt to get parsing info during refresh. "On-the-fly" syntax checking information may be incorrect. [D:\Work_prj\Frodokem_2026\SRC\MatrixMACSet.v:]
WARNING: [filemgmt 56-199] Attempt to get parsing info during refresh. "On-the-fly" syntax checking information may be incorrect. [D:\Work_prj\Frodokem_2026\SRC\shake.v:]
WARNING: [filemgmt 56-199] Attempt to get parsing info during refresh. "On-the-fly" syntax checking information may be incorrect. [D:\Work_prj\Frodokem_2026\SRC\shake.v:]
ERROR: [Common 17-180] Spawn failed: ≤Ÿ◊˜≥…π¶ÕÍ≥…°£

WARNING: [filemgmt 56-199] Attempt to get parsing info during refresh. "On-the-fly" syntax checking information may be incorrect. [D:\Work_prj\Frodokem_2026\SRC\theta.v:]
WARNING: [filemgmt 56-199] Attempt to get parsing info during refresh. "On-the-fly" syntax checking information may be incorrect. [D:\Work_prj\Frodokem_2026\Viprj\FrodoKEM\FrodoKEM.srcs\sim_1\new\TB.v:]
WARNING: [filemgmt 56-199] Attempt to get parsing info during refresh. "On-the-fly" syntax checking information may be incorrect. [D:\Work_prj\Frodokem_2026\SRC\shake.v:]
WARNING: [filemgmt 56-199] Attempt to get parsing info during refresh. "On-the-fly" syntax checking information may be incorrect. [D:\Work_prj\Frodokem_2026\SRC\MatrixMACSet.v:]
WARNING: [filemgmt 56-199] Attempt to get parsing info during refresh. "On-the-fly" syntax checking information may be incorrect. [D:\Work_prj\Frodokem_2026\SRC\theta.v:]
WARNING: [filemgmt 56-199] Attempt to get parsing info during refresh. "On-the-fly" syntax checking information may be incorrect. [D:\Work_prj\Frodokem_2026\SRC\theta.v:]
WARNING: [filemgmt 56-199] Attempt to get parsing info during refresh. "On-the-fly" syntax checking information may be incorrect. [D:\Work_prj\Frodokem_2026\SRC\theta.v:]
WARNING: [filemgmt 56-199] Attempt to get parsing info during refresh. "On-the-fly" syntax checking information may be incorrect. [D:\Work_prj\Frodokem_2026\Viprj\FrodoKEM\FrodoKEM.srcs\sim_1\new\TB.v:]
WARNING: [filemgmt 56-199] Attempt to get parsing info during refresh. "On-the-fly" syntax checking information may be incorrect. [D:\Work_prj\Frodokem_2026\SRC\shake.v:]
WARNING: [filemgmt 56-199] Attempt to get parsing info during refresh. "On-the-fly" syntax checking information may be incorrect. [D:\Work_prj\Frodokem_2026\SRC\MatrixMACSet.v:]
WARNING: [filemgmt 56-199] Attempt to get parsing info during refresh. "On-the-fly" syntax checking information may be incorrect. [D:\Work_prj\Frodokem_2026\SRC\shake.v:]
WARNING: [filemgmt 56-199] Attempt to get parsing info during refresh. "On-the-fly" syntax checking information may be incorrect. [D:\Work_prj\Frodokem_2026\SRC\shake.v:]
WARNING: [filemgmt 56-199] Attempt to get parsing info during refresh. "On-the-fly" syntax checking information may be incorrect. [D:\Work_prj\Frodokem_2026\SRC\theta.v:]
WARNING: [filemgmt 56-199] Attempt to get parsing info during refresh. "On-the-fly" syntax checking information may be incorrect. [D:\Work_prj\Frodokem_2026\Viprj\FrodoKEM\FrodoKEM.srcs\sim_1\new\TB.v:]
WARNING: [filemgmt 56-199] Attempt to get parsing info during refresh. "On-the-fly" syntax checking information may be incorrect. [D:\Work_prj\Frodokem_2026\SRC\shake.v:]
WARNING: [filemgmt 56-199] Attempt to get parsing info during refresh. "On-the-fly" syntax checking information may be incorrect. [D:\Work_prj\Frodokem_2026\SRC\MatrixMACSet.v:]
WARNING: [filemgmt 56-199] Attempt to get parsing info during refresh. "On-the-fly" syntax checking information may be incorrect. [D:\Work_prj\Frodokem_2026\Viprj\FrodoKEM\FrodoKEM.srcs\sim_1\new\TB.v:]
WARNING: [filemgmt 56-199] Attempt to get parsing info during refresh. "On-the-fly" syntax checking information may be incorrect. [D:\Work_prj\Frodokem_2026\Viprj\FrodoKEM\FrodoKEM.srcs\sim_1\new\TB.v:]
WARNING: [filemgmt 56-199] Attempt to get parsing info during refresh. "On-the-fly" syntax checking information may be incorrect. [D:\Work_prj\Frodokem_2026\SRC\theta.v:]
WARNING: [filemgmt 56-199] Attempt to get parsing info during refresh. "On-the-fly" syntax checking information may be incorrect. [D:\Work_prj\Frodokem_2026\Viprj\FrodoKEM\FrodoKEM.srcs\sim_1\new\TB.v:]
WARNING: [filemgmt 56-199] Attempt to get parsing info during refresh. "On-the-fly" syntax checking information may be incorrect. [D:\Work_prj\Frodokem_2026\SRC\shake.v:]
WARNING: [filemgmt 56-199] Attempt to get parsing info during refresh. "On-the-fly" syntax checking information may be incorrect. [D:\Work_prj\Frodokem_2026\SRC\MatrixMACSet.v:]
WARNING: [filemgmt 56-199] Attempt to get parsing info during refresh. "On-the-fly" syntax checking information may be incorrect. [D:\Work_prj\Frodokem_2026\SRC\theta.v:]
WARNING: [filemgmt 56-199] Attempt to get parsing info during refresh. "On-the-fly" syntax checking information may be incorrect. [D:\Work_prj\Frodokem_2026\SRC\theta.v:]
WARNING: [filemgmt 56-199] Attempt to get parsing info during refresh. "On-the-fly" syntax checking information may be incorrect. [D:\Work_prj\Frodokem_2026\SRC\theta.v:]
WARNING: [filemgmt 56-199] Attempt to get parsing info during refresh. "On-the-fly" syntax checking information may be incorrect. [D:\Work_prj\Frodokem_2026\Viprj\FrodoKEM\FrodoKEM.srcs\sim_1\new\TB.v:]
WARNING: [filemgmt 56-199] Attempt to get parsing info during refresh. "On-the-fly" syntax checking information may be incorrect. [D:\Work_prj\Frodokem_2026\SRC\shake.v:]
WARNING: [filemgmt 56-199] Attempt to get parsing info during refresh. "On-the-fly" syntax checking information may be incorrect. [D:\Work_prj\Frodokem_2026\SRC\MatrixMACSet.v:]
WARNING: [filemgmt 56-199] Attempt to get parsing info during refresh. "On-the-fly" syntax checking information may be incorrect. [D:\Work_prj\Frodokem_2026\SRC\theta.v:]
WARNING: [filemgmt 56-199] Attempt to get parsing info during refresh. "On-the-fly" syntax checking information may be incorrect. [D:\Work_prj\Frodokem_2026\SRC\theta.v:]
WARNING: [filemgmt 56-199] Attempt to get parsing info during refresh. "On-the-fly" syntax checking information may be incorrect. [D:\Work_prj\Frodokem_2026\SRC\theta.v:]
WARNING: [filemgmt 56-199] Attempt to get parsing info during refresh. "On-the-fly" syntax checking information may be incorrect. [D:\Work_prj\Frodokem_2026\Viprj\FrodoKEM\FrodoKEM.srcs\sim_1\new\TB.v:]
WARNING: [filemgmt 56-199] Attempt to get parsing info during refresh. "On-the-fly" syntax checking information may be incorrect. [D:\Work_prj\Frodokem_2026\SRC\shake.v:]
WARNING: [filemgmt 56-199] Attempt to get parsing info during refresh. "On-the-fly" syntax checking information may be incorrect. [D:\Work_prj\Frodokem_2026\SRC\MatrixMACSet.v:]
WARNING: [filemgmt 56-199] Attempt to get parsing info during refresh. "On-the-fly" syntax checking information may be incorrect. [D:\Work_prj\Frodokem_2026\SRC\shake.v:]
WARNING: [filemgmt 56-199] Attempt to get parsing info during refresh. "On-the-fly" syntax checking information may be incorrect. [D:\Work_prj\Frodokem_2026\SRC\shake.v:]
WARNING: [filemgmt 56-199] Attempt to get parsing info during refresh. "On-the-fly" syntax checking information may be incorrect. [D:\Work_prj\Frodokem_2026\SRC\theta.v:]
WARNING: [filemgmt 56-199] Attempt to get parsing info during refresh. "On-the-fly" syntax checking information may be incorrect. [D:\Work_prj\Frodokem_2026\Viprj\FrodoKEM\FrodoKEM.srcs\sim_1\new\TB.v:]
WARNING: [filemgmt 56-199] Attempt to get parsing info during refresh. "On-the-fly" syntax checking information may be incorrect. [D:\Work_prj\Frodokem_2026\SRC\shake.v:]
WARNING: [filemgmt 56-199] Attempt to get parsing info during refresh. "On-the-fly" syntax checking information may be incorrect. [D:\Work_prj\Frodokem_2026\SRC\MatrixMACSet.v:]
WARNING: [filemgmt 56-199] Attempt to get parsing info during refresh. "On-the-fly" syntax checking information may be incorrect. [D:\Work_prj\Frodokem_2026\SRC\shake.v:]
WARNING: [filemgmt 56-199] Attempt to get parsing info during refresh. "On-the-fly" syntax checking information may be incorrect. [D:\Work_prj\Frodokem_2026\SRC\shake.v:]
ERROR: [Common 17-180] Spawn failed: ≤Ÿ◊˜≥…π¶ÕÍ≥…°£

WARNING: [filemgmt 56-199] Attempt to get parsing info during refresh. "On-the-fly" syntax checking information may be incorrect. [D:\Work_prj\Frodokem_2026\SRC\theta.v:]
WARNING: [filemgmt 56-199] Attempt to get parsing info during refresh. "On-the-fly" syntax checking information may be incorrect. [D:\Work_prj\Frodokem_2026\Viprj\FrodoKEM\FrodoKEM.srcs\sim_1\new\TB.v:]
WARNING: [filemgmt 56-199] Attempt to get parsing info during refresh. "On-the-fly" syntax checking information may be incorrect. [D:\Work_prj\Frodokem_2026\SRC\shake.v:]
WARNING: [filemgmt 56-199] Attempt to get parsing info during refresh. "On-the-fly" syntax checking information may be incorrect. [D:\Work_prj\Frodokem_2026\SRC\MatrixMACSet.v:]
WARNING: [filemgmt 56-199] Attempt to get parsing info during refresh. "On-the-fly" syntax checking information may be incorrect. [D:\Work_prj\Frodokem_2026\SRC\MatrixMACSet.v:]
WARNING: [filemgmt 56-199] Attempt to get parsing info during refresh. "On-the-fly" syntax checking information may be incorrect. [D:\Work_prj\Frodokem_2026\SRC\MatrixMACSet.v:]
WARNING: [filemgmt 56-199] Attempt to get parsing info during refresh. "On-the-fly" syntax checking information may be incorrect. [D:\Work_prj\Frodokem_2026\SRC\theta.v:]
WARNING: [filemgmt 56-199] Attempt to get parsing info during refresh. "On-the-fly" syntax checking information may be incorrect. [D:\Work_prj\Frodokem_2026\Viprj\FrodoKEM\FrodoKEM.srcs\sim_1\new\TB.v:]
WARNING: [filemgmt 56-199] Attempt to get parsing info during refresh. "On-the-fly" syntax checking information may be incorrect. [D:\Work_prj\Frodokem_2026\SRC\shake.v:]
WARNING: [filemgmt 56-199] Attempt to get parsing info during refresh. "On-the-fly" syntax checking information may be incorrect. [D:\Work_prj\Frodokem_2026\SRC\MatrixMACSet.v:]
WARNING: [filemgmt 56-199] Attempt to get parsing info during refresh. "On-the-fly" syntax checking information may be incorrect. [D:\Work_prj\Frodokem_2026\SRC\theta.v:]
WARNING: [filemgmt 56-199] Attempt to get parsing info during refresh. "On-the-fly" syntax checking information may be incorrect. [D:\Work_prj\Frodokem_2026\SRC\theta.v:]
WARNING: [filemgmt 56-199] Attempt to get parsing info during refresh. "On-the-fly" syntax checking information may be incorrect. [D:\Work_prj\Frodokem_2026\SRC\theta.v:]
WARNING: [filemgmt 56-199] Attempt to get parsing info during refresh. "On-the-fly" syntax checking information may be incorrect. [D:\Work_prj\Frodokem_2026\Viprj\FrodoKEM\FrodoKEM.srcs\sim_1\new\TB.v:]
WARNING: [filemgmt 56-199] Attempt to get parsing info during refresh. "On-the-fly" syntax checking information may be incorrect. [D:\Work_prj\Frodokem_2026\SRC\shake.v:]
WARNING: [filemgmt 56-199] Attempt to get parsing info during refresh. "On-the-fly" syntax checking information may be incorrect. [D:\Work_prj\Frodokem_2026\SRC\MatrixMACSet.v:]
WARNING: [filemgmt 56-199] Attempt to get parsing info during refresh. "On-the-fly" syntax checking information may be incorrect. [D:\Work_prj\Frodokem_2026\SRC\shake.v:]
WARNING: [filemgmt 56-199] Attempt to get parsing info during refresh. "On-the-fly" syntax checking information may be incorrect. [D:\Work_prj\Frodokem_2026\SRC\shake.v:]
WARNING: [filemgmt 56-199] Attempt to get parsing info during refresh. "On-the-fly" syntax checking information may be incorrect. [D:\Work_prj\Frodokem_2026\SRC\theta.v:]
WARNING: [filemgmt 56-199] Attempt to get parsing info during refresh. "On-the-fly" syntax checking information may be incorrect. [D:\Work_prj\Frodokem_2026\Viprj\FrodoKEM\FrodoKEM.srcs\sim_1\new\TB.v:]
WARNING: [filemgmt 56-199] Attempt to get parsing info during refresh. "On-the-fly" syntax checking information may be incorrect. [D:\Work_prj\Frodokem_2026\SRC\shake.v:]
WARNING: [filemgmt 56-199] Attempt to get parsing info during refresh. "On-the-fly" syntax checking information may be incorrect. [D:\Work_prj\Frodokem_2026\SRC\MatrixMACSet.v:]
WARNING: [filemgmt 56-199] Attempt to get parsing info during refresh. "On-the-fly" syntax checking information may be incorrect. [D:\Work_prj\Frodokem_2026\SRC\MatrixMACSet.v:]
WARNING: [filemgmt 56-199] Attempt to get parsing info during refresh. "On-the-fly" syntax checking information may be incorrect. [D:\Work_prj\Frodokem_2026\SRC\MatrixMACSet.v:]
WARNING: [filemgmt 56-199] Attempt to get parsing info during refresh. "On-the-fly" syntax checking information may be incorrect. [D:\Work_prj\Frodokem_2026\SRC\theta.v:]
WARNING: [filemgmt 56-199] Attempt to get parsing info during refresh. "On-the-fly" syntax checking information may be incorrect. [D:\Work_prj\Frodokem_2026\Viprj\FrodoKEM\FrodoKEM.srcs\sim_1\new\TB.v:]
WARNING: [filemgmt 56-199] Attempt to get parsing info during refresh. "On-the-fly" syntax checking information may be incorrect. [D:\Work_prj\Frodokem_2026\SRC\shake.v:]
WARNING: [filemgmt 56-199] Attempt to get parsing info during refresh. "On-the-fly" syntax checking information may be incorrect. [D:\Work_prj\Frodokem_2026\SRC\MatrixMACSet.v:]
WARNING: [filemgmt 56-199] Attempt to get parsing info during refresh. "On-the-fly" syntax checking information may be incorrect. [D:\Work_prj\Frodokem_2026\SRC\theta.v:]
WARNING: [filemgmt 56-199] Attempt to get parsing info during refresh. "On-the-fly" syntax checking information may be incorrect. [D:\Work_prj\Frodokem_2026\SRC\theta.v:]
WARNING: [filemgmt 56-199] Attempt to get parsing info during refresh. "On-the-fly" syntax checking information may be incorrect. [D:\Work_prj\Frodokem_2026\SRC\theta.v:]
WARNING: [filemgmt 56-199] Attempt to get parsing info during refresh. "On-the-fly" syntax checking information may be incorrect. [D:\Work_prj\Frodokem_2026\Viprj\FrodoKEM\FrodoKEM.srcs\sim_1\new\TB.v:]
WARNING: [filemgmt 56-199] Attempt to get parsing info during refresh. "On-the-fly" syntax checking information may be incorrect. [D:\Work_prj\Frodokem_2026\SRC\shake.v:]
WARNING: [filemgmt 56-199] Attempt to get parsing info during refresh. "On-the-fly" syntax checking information may be incorrect. [D:\Work_prj\Frodokem_2026\SRC\MatrixMACSet.v:]
WARNING: [filemgmt 56-199] Attempt to get parsing info during refresh. "On-the-fly" syntax checking information may be incorrect. [D:\Work_prj\Frodokem_2026\SRC\MatrixMACSet.v:]
WARNING: [filemgmt 56-199] Attempt to get parsing info during refresh. "On-the-fly" syntax checking information may be incorrect. [D:\Work_prj\Frodokem_2026\SRC\MatrixMACSet.v:]
WARNING: [filemgmt 56-199] Attempt to get parsing info during refresh. "On-the-fly" syntax checking information may be incorrect. [D:\Work_prj\Frodokem_2026\SRC\theta.v:]
WARNING: [filemgmt 56-199] Attempt to get parsing info during refresh. "On-the-fly" syntax checking information may be incorrect. [D:\Work_prj\Frodokem_2026\Viprj\FrodoKEM\FrodoKEM.srcs\sim_1\new\TB.v:]
WARNING: [filemgmt 56-199] Attempt to get parsing info during refresh. "On-the-fly" syntax checking information may be incorrect. [D:\Work_prj\Frodokem_2026\SRC\shake.v:]
WARNING: [filemgmt 56-199] Attempt to get parsing info during refresh. "On-the-fly" syntax checking information may be incorrect. [D:\Work_prj\Frodokem_2026\SRC\MatrixMACSet.v:]
WARNING: [filemgmt 56-199] Attempt to get parsing info during refresh. "On-the-fly" syntax checking information may be incorrect. [D:\Work_prj\Frodokem_2026\SRC\shake.v:]
WARNING: [filemgmt 56-199] Attempt to get parsing info during refresh. "On-the-fly" syntax checking information may be incorrect. [D:\Work_prj\Frodokem_2026\SRC\shake.v:]
ERROR: [Common 17-180] Spawn failed: ≤Ÿ◊˜≥…π¶ÕÍ≥…°£

update_compile_order -fileset sources_1
WARNING: [filemgmt 56-199] Attempt to get parsing info during refresh. "On-the-fly" syntax checking information may be incorrect. [D:\Work_prj\Frodokem_2026\SRC\theta.v:]
WARNING: [filemgmt 56-199] Attempt to get parsing info during refresh. "On-the-fly" syntax checking information may be incorrect. [D:\Work_prj\Frodokem_2026\Viprj\FrodoKEM\FrodoKEM.srcs\sim_1\new\TB.v:]
WARNING: [filemgmt 56-199] Attempt to get parsing info during refresh. "On-the-fly" syntax checking information may be incorrect. [D:\Work_prj\Frodokem_2026\SRC\shake.v:]
WARNING: [filemgmt 56-199] Attempt to get parsing info during refresh. "On-the-fly" syntax checking information may be incorrect. [D:\Work_prj\Frodokem_2026\SRC\MatrixMACSet.v:]
WARNING: [filemgmt 56-199] Attempt to get parsing info during refresh. "On-the-fly" syntax checking information may be incorrect. [D:\Work_prj\Frodokem_2026\SRC\theta.v:]
WARNING: [filemgmt 56-199] Attempt to get parsing info during refresh. "On-the-fly" syntax checking information may be incorrect. [D:\Work_prj\Frodokem_2026\SRC\theta.v:]
WARNING: [filemgmt 56-199] Attempt to get parsing info during refresh. "On-the-fly" syntax checking information may be incorrect. [D:\Work_prj\Frodokem_2026\SRC\theta.v:]
WARNING: [filemgmt 56-199] Attempt to get parsing info during refresh. "On-the-fly" syntax checking information may be incorrect. [D:\Work_prj\Frodokem_2026\Viprj\FrodoKEM\FrodoKEM.srcs\sim_1\new\TB.v:]
WARNING: [filemgmt 56-199] Attempt to get parsing info during refresh. "On-the-fly" syntax checking information may be incorrect. [D:\Work_prj\Frodokem_2026\SRC\shake.v:]
WARNING: [filemgmt 56-199] Attempt to get parsing info during refresh. "On-the-fly" syntax checking information may be incorrect. [D:\Work_prj\Frodokem_2026\SRC\MatrixMACSet.v:]
WARNING: [filemgmt 56-199] Attempt to get parsing info during refresh. "On-the-fly" syntax checking information may be incorrect. [D:\Work_prj\Frodokem_2026\SRC\MatrixMACSet.v:]
WARNING: [filemgmt 56-199] Attempt to get parsing info during refresh. "On-the-fly" syntax checking information may be incorrect. [D:\Work_prj\Frodokem_2026\SRC\MatrixMACSet.v:]
update_compile_order -fileset sources_1
WARNING: [filemgmt 56-199] Attempt to get parsing info during refresh. "On-the-fly" syntax checking information may be incorrect. [D:\Work_prj\Frodokem_2026\SRC\theta.v:]
WARNING: [filemgmt 56-199] Attempt to get parsing info during refresh. "On-the-fly" syntax checking information may be incorrect. [D:\Work_prj\Frodokem_2026\Viprj\FrodoKEM\FrodoKEM.srcs\sim_1\new\TB.v:]
WARNING: [filemgmt 56-199] Attempt to get parsing info during refresh. "On-the-fly" syntax checking information may be incorrect. [D:\Work_prj\Frodokem_2026\SRC\shake.v:]
WARNING: [filemgmt 56-199] Attempt to get parsing info during refresh. "On-the-fly" syntax checking information may be incorrect. [D:\Work_prj\Frodokem_2026\SRC\MatrixMACSet.v:]
WARNING: [filemgmt 56-199] Attempt to get parsing info during refresh. "On-the-fly" syntax checking information may be incorrect. [D:\Work_prj\Frodokem_2026\SRC\theta.v:]
WARNING: [filemgmt 56-199] Attempt to get parsing info during refresh. "On-the-fly" syntax checking information may be incorrect. [D:\Work_prj\Frodokem_2026\SRC\theta.v:]
WARNING: [filemgmt 56-199] Attempt to get parsing info during refresh. "On-the-fly" syntax checking information may be incorrect. [D:\Work_prj\Frodokem_2026\SRC\theta.v:]
WARNING: [filemgmt 56-199] Attempt to get parsing info during refresh. "On-the-fly" syntax checking information may be incorrect. [D:\Work_prj\Frodokem_2026\Viprj\FrodoKEM\FrodoKEM.srcs\sim_1\new\TB.v:]
WARNING: [filemgmt 56-199] Attempt to get parsing info during refresh. "On-the-fly" syntax checking information may be incorrect. [D:\Work_prj\Frodokem_2026\SRC\shake.v:]
WARNING: [filemgmt 56-199] Attempt to get parsing info during refresh. "On-the-fly" syntax checking information may be incorrect. [D:\Work_prj\Frodokem_2026\SRC\MatrixMACSet.v:]
WARNING: [filemgmt 56-199] Attempt to get parsing info during refresh. "On-the-fly" syntax checking information may be incorrect. [D:\Work_prj\Frodokem_2026\SRC\shake.v:]
WARNING: [filemgmt 56-199] Attempt to get parsing info during refresh. "On-the-fly" syntax checking information may be incorrect. [D:\Work_prj\Frodokem_2026\SRC\shake.v:]
WARNING: [filemgmt 56-199] Attempt to get parsing info during refresh. "On-the-fly" syntax checking information may be incorrect. [D:\Work_prj\Frodokem_2026\SRC\theta.v:]
WARNING: [filemgmt 56-199] Attempt to get parsing info during refresh. "On-the-fly" syntax checking information may be incorrect. [D:\Work_prj\Frodokem_2026\Viprj\FrodoKEM\FrodoKEM.srcs\sim_1\new\TB.v:]
WARNING: [filemgmt 56-199] Attempt to get parsing info during refresh. "On-the-fly" syntax checking information may be incorrect. [D:\Work_prj\Frodokem_2026\SRC\shake.v:]
WARNING: [filemgmt 56-199] Attempt to get parsing info during refresh. "On-the-fly" syntax checking information may be incorrect. [D:\Work_prj\Frodokem_2026\SRC\MatrixMACSet.v:]
WARNING: [filemgmt 56-199] Attempt to get parsing info during refresh. "On-the-fly" syntax checking information may be incorrect. [D:\Work_prj\Frodokem_2026\Viprj\FrodoKEM\FrodoKEM.srcs\sim_1\new\TB.v:]
WARNING: [filemgmt 56-199] Attempt to get parsing info during refresh. "On-the-fly" syntax checking information may be incorrect. [D:\Work_prj\Frodokem_2026\Viprj\FrodoKEM\FrodoKEM.srcs\sim_1\new\TB.v:]
WARNING: [filemgmt 56-199] Attempt to get parsing info during refresh. "On-the-fly" syntax checking information may be incorrect. [D:\Work_prj\Frodokem_2026\SRC\theta.v:]
WARNING: [filemgmt 56-199] Attempt to get parsing info during refresh. "On-the-fly" syntax checking information may be incorrect. [D:\Work_prj\Frodokem_2026\Viprj\FrodoKEM\FrodoKEM.srcs\sim_1\new\TB.v:]
WARNING: [filemgmt 56-199] Attempt to get parsing info during refresh. "On-the-fly" syntax checking information may be incorrect. [D:\Work_prj\Frodokem_2026\SRC\shake.v:]
WARNING: [filemgmt 56-199] Attempt to get parsing info during refresh. "On-the-fly" syntax checking information may be incorrect. [D:\Work_prj\Frodokem_2026\SRC\MatrixMACSet.v:]
WARNING: [filemgmt 56-199] Attempt to get parsing info during refresh. "On-the-fly" syntax checking information may be incorrect. [D:\Work_prj\Frodokem_2026\SRC\theta.v:]
WARNING: [filemgmt 56-199] Attempt to get parsing info during refresh. "On-the-fly" syntax checking information may be incorrect. [D:\Work_prj\Frodokem_2026\SRC\theta.v:]
WARNING: [filemgmt 56-199] Attempt to get parsing info during refresh. "On-the-fly" syntax checking information may be incorrect. [D:\Work_prj\Frodokem_2026\SRC\theta.v:]
WARNING: [filemgmt 56-199] Attempt to get parsing info during refresh. "On-the-fly" syntax checking information may be incorrect. [D:\Work_prj\Frodokem_2026\Viprj\FrodoKEM\FrodoKEM.srcs\sim_1\new\TB.v:]
WARNING: [filemgmt 56-199] Attempt to get parsing info during refresh. "On-the-fly" syntax checking information may be incorrect. [D:\Work_prj\Frodokem_2026\SRC\shake.v:]
WARNING: [filemgmt 56-199] Attempt to get parsing info during refresh. "On-the-fly" syntax checking information may be incorrect. [D:\Work_prj\Frodokem_2026\SRC\MatrixMACSet.v:]
WARNING: [filemgmt 56-199] Attempt to get parsing info during refresh. "On-the-fly" syntax checking information may be incorrect. [D:\Work_prj\Frodokem_2026\SRC\MatrixMACSet.v:]
WARNING: [filemgmt 56-199] Attempt to get parsing info during refresh. "On-the-fly" syntax checking information may be incorrect. [D:\Work_prj\Frodokem_2026\SRC\MatrixMACSet.v:]
WARNING: [filemgmt 56-199] Attempt to get parsing info during refresh. "On-the-fly" syntax checking information may be incorrect. [D:\Work_prj\Frodokem_2026\SRC\theta.v:]
WARNING: [filemgmt 56-199] Attempt to get parsing info during refresh. "On-the-fly" syntax checking information may be incorrect. [D:\Work_prj\Frodokem_2026\Viprj\FrodoKEM\FrodoKEM.srcs\sim_1\new\TB.v:]
WARNING: [filemgmt 56-199] Attempt to get parsing info during refresh. "On-the-fly" syntax checking information may be incorrect. [D:\Work_prj\Frodokem_2026\SRC\shake.v:]
WARNING: [filemgmt 56-199] Attempt to get parsing info during refresh. "On-the-fly" syntax checking information may be incorrect. [D:\Work_prj\Frodokem_2026\SRC\MatrixMACSet.v:]
WARNING: [filemgmt 56-199] Attempt to get parsing info during refresh. "On-the-fly" syntax checking information may be incorrect. [D:\Work_prj\Frodokem_2026\SRC\shake.v:]
WARNING: [filemgmt 56-199] Attempt to get parsing info during refresh. "On-the-fly" syntax checking information may be incorrect. [D:\Work_prj\Frodokem_2026\SRC\shake.v:]
ERROR: [Common 17-180] Spawn failed: ≤Ÿ◊˜≥…π¶ÕÍ≥…°£

WARNING: [filemgmt 56-199] Attempt to get parsing info during refresh. "On-the-fly" syntax checking information may be incorrect. [D:\Work_prj\Frodokem_2026\SRC\theta.v:]
WARNING: [filemgmt 56-199] Attempt to get parsing info during refresh. "On-the-fly" syntax checking information may be incorrect. [D:\Work_prj\Frodokem_2026\Viprj\FrodoKEM\FrodoKEM.srcs\sim_1\new\TB.v:]
WARNING: [filemgmt 56-199] Attempt to get parsing info during refresh. "On-the-fly" syntax checking information may be incorrect. [D:\Work_prj\Frodokem_2026\SRC\shake.v:]
WARNING: [filemgmt 56-199] Attempt to get parsing info during refresh. "On-the-fly" syntax checking information may be incorrect. [D:\Work_prj\Frodokem_2026\SRC\MatrixMACSet.v:]
WARNING: [filemgmt 56-199] Attempt to get parsing info during refresh. "On-the-fly" syntax checking information may be incorrect. [D:\Work_prj\Frodokem_2026\SRC\MatrixMACSet.v:]
WARNING: [filemgmt 56-199] Attempt to get parsing info during refresh. "On-the-fly" syntax checking information may be incorrect. [D:\Work_prj\Frodokem_2026\SRC\MatrixMACSet.v:]
WARNING: [filemgmt 56-199] Attempt to get parsing info during refresh. "On-the-fly" syntax checking information may be incorrect. [D:\Work_prj\Frodokem_2026\SRC\theta.v:]
WARNING: [filemgmt 56-199] Attempt to get parsing info during refresh. "On-the-fly" syntax checking information may be incorrect. [D:\Work_prj\Frodokem_2026\Viprj\FrodoKEM\FrodoKEM.srcs\sim_1\new\TB.v:]
WARNING: [filemgmt 56-199] Attempt to get parsing info during refresh. "On-the-fly" syntax checking information may be incorrect. [D:\Work_prj\Frodokem_2026\SRC\shake.v:]
WARNING: [filemgmt 56-199] Attempt to get parsing info during refresh. "On-the-fly" syntax checking information may be incorrect. [D:\Work_prj\Frodokem_2026\SRC\MatrixMACSet.v:]
WARNING: [filemgmt 56-199] Attempt to get parsing info during refresh. "On-the-fly" syntax checking information may be incorrect. [D:\Work_prj\Frodokem_2026\SRC\theta.v:]
WARNING: [filemgmt 56-199] Attempt to get parsing info during refresh. "On-the-fly" syntax checking information may be incorrect. [D:\Work_prj\Frodokem_2026\SRC\theta.v:]
WARNING: [filemgmt 56-199] Attempt to get parsing info during refresh. "On-the-fly" syntax checking information may be incorrect. [D:\Work_prj\Frodokem_2026\SRC\theta.v:]
WARNING: [filemgmt 56-199] Attempt to get parsing info during refresh. "On-the-fly" syntax checking information may be incorrect. [D:\Work_prj\Frodokem_2026\Viprj\FrodoKEM\FrodoKEM.srcs\sim_1\new\TB.v:]
WARNING: [filemgmt 56-199] Attempt to get parsing info during refresh. "On-the-fly" syntax checking information may be incorrect. [D:\Work_prj\Frodokem_2026\SRC\shake.v:]
WARNING: [filemgmt 56-199] Attempt to get parsing info during refresh. "On-the-fly" syntax checking information may be incorrect. [D:\Work_prj\Frodokem_2026\SRC\MatrixMACSet.v:]
WARNING: [filemgmt 56-199] Attempt to get parsing info during refresh. "On-the-fly" syntax checking information may be incorrect. [D:\Work_prj\Frodokem_2026\SRC\MatrixMACSet.v:]
WARNING: [filemgmt 56-199] Attempt to get parsing info during refresh. "On-the-fly" syntax checking information may be incorrect. [D:\Work_prj\Frodokem_2026\SRC\MatrixMACSet.v:]
WARNING: [filemgmt 56-199] Attempt to get parsing info during refresh. "On-the-fly" syntax checking information may be incorrect. [D:\Work_prj\Frodokem_2026\SRC\theta.v:]
WARNING: [filemgmt 56-199] Attempt to get parsing info during refresh. "On-the-fly" syntax checking information may be incorrect. [D:\Work_prj\Frodokem_2026\Viprj\FrodoKEM\FrodoKEM.srcs\sim_1\new\TB.v:]
WARNING: [filemgmt 56-199] Attempt to get parsing info during refresh. "On-the-fly" syntax checking information may be incorrect. [D:\Work_prj\Frodokem_2026\SRC\shake.v:]
WARNING: [filemgmt 56-199] Attempt to get parsing info during refresh. "On-the-fly" syntax checking information may be incorrect. [D:\Work_prj\Frodokem_2026\SRC\MatrixMACSet.v:]
WARNING: [filemgmt 56-199] Attempt to get parsing info during refresh. "On-the-fly" syntax checking information may be incorrect. [D:\Work_prj\Frodokem_2026\SRC\shake.v:]
WARNING: [filemgmt 56-199] Attempt to get parsing info during refresh. "On-the-fly" syntax checking information may be incorrect. [D:\Work_prj\Frodokem_2026\SRC\shake.v:]
WARNING: [filemgmt 56-199] Attempt to get parsing info during refresh. "On-the-fly" syntax checking information may be incorrect. [D:\Work_prj\Frodokem_2026\SRC\theta.v:]
WARNING: [filemgmt 56-199] Attempt to get parsing info during refresh. "On-the-fly" syntax checking information may be incorrect. [D:\Work_prj\Frodokem_2026\Viprj\FrodoKEM\FrodoKEM.srcs\sim_1\new\TB.v:]
WARNING: [filemgmt 56-199] Attempt to get parsing info during refresh. "On-the-fly" syntax checking information may be incorrect. [D:\Work_prj\Frodokem_2026\SRC\shake.v:]
WARNING: [filemgmt 56-199] Attempt to get parsing info during refresh. "On-the-fly" syntax checking information may be incorrect. [D:\Work_prj\Frodokem_2026\SRC\MatrixMACSet.v:]
WARNING: [filemgmt 56-199] Attempt to get parsing info during refresh. "On-the-fly" syntax checking information may be incorrect. [D:\Work_prj\Frodokem_2026\SRC\theta.v:]
WARNING: [filemgmt 56-199] Attempt to get parsing info during refresh. "On-the-fly" syntax checking information may be incorrect. [D:\Work_prj\Frodokem_2026\SRC\theta.v:]
WARNING: [filemgmt 56-199] Attempt to get parsing info during refresh. "On-the-fly" syntax checking information may be incorrect. [D:\Work_prj\Frodokem_2026\SRC\theta.v:]
WARNING: [filemgmt 56-199] Attempt to get parsing info during refresh. "On-the-fly" syntax checking information may be incorrect. [D:\Work_prj\Frodokem_2026\Viprj\FrodoKEM\FrodoKEM.srcs\sim_1\new\TB.v:]
WARNING: [filemgmt 56-199] Attempt to get parsing info during refresh. "On-the-fly" syntax checking information may be incorrect. [D:\Work_prj\Frodokem_2026\SRC\shake.v:]
WARNING: [filemgmt 56-199] Attempt to get parsing info during refresh. "On-the-fly" syntax checking information may be incorrect. [D:\Work_prj\Frodokem_2026\SRC\MatrixMACSet.v:]
WARNING: [filemgmt 56-199] Attempt to get parsing info during refresh. "On-the-fly" syntax checking information may be incorrect. [D:\Work_prj\Frodokem_2026\SRC\shake.v:]
WARNING: [filemgmt 56-199] Attempt to get parsing info during refresh. "On-the-fly" syntax checking information may be incorrect. [D:\Work_prj\Frodokem_2026\SRC\shake.v:]
WARNING: [filemgmt 56-199] Attempt to get parsing info during refresh. "On-the-fly" syntax checking information may be incorrect. [D:\Work_prj\Frodokem_2026\SRC\theta.v:]
WARNING: [filemgmt 56-199] Attempt to get parsing info during refresh. "On-the-fly" syntax checking information may be incorrect. [D:\Work_prj\Frodokem_2026\Viprj\FrodoKEM\FrodoKEM.srcs\sim_1\new\TB.v:]
WARNING: [filemgmt 56-199] Attempt to get parsing info during refresh. "On-the-fly" syntax checking information may be incorrect. [D:\Work_prj\Frodokem_2026\SRC\shake.v:]
WARNING: [filemgmt 56-199] Attempt to get parsing info during refresh. "On-the-fly" syntax checking information may be incorrect. [D:\Work_prj\Frodokem_2026\SRC\MatrixMACSet.v:]
WARNING: [filemgmt 56-199] Attempt to get parsing info during refresh. "On-the-fly" syntax checking information may be incorrect. [D:\Work_prj\Frodokem_2026\SRC\MatrixMACSet.v:]
WARNING: [filemgmt 56-199] Attempt to get parsing info during refresh. "On-the-fly" syntax checking information may be incorrect. [D:\Work_prj\Frodokem_2026\SRC\MatrixMACSet.v:]
WARNING: [filemgmt 56-199] Attempt to get parsing info during refresh. "On-the-fly" syntax checking information may be incorrect. [D:\Work_prj\Frodokem_2026\SRC\theta.v:]
WARNING: [filemgmt 56-199] Attempt to get parsing info during refresh. "On-the-fly" syntax checking information may be incorrect. [D:\Work_prj\Frodokem_2026\Viprj\FrodoKEM\FrodoKEM.srcs\sim_1\new\TB.v:]
WARNING: [filemgmt 56-199] Attempt to get parsing info during refresh. "On-the-fly" syntax checking information may be incorrect. [D:\Work_prj\Frodokem_2026\SRC\shake.v:]
WARNING: [filemgmt 56-199] Attempt to get parsing info during refresh. "On-the-fly" syntax checking information may be incorrect. [D:\Work_prj\Frodokem_2026\SRC\MatrixMACSet.v:]
WARNING: [filemgmt 56-199] Attempt to get parsing info during refresh. "On-the-fly" syntax checking information may be incorrect. [D:\Work_prj\Frodokem_2026\SRC\theta.v:]
WARNING: [filemgmt 56-199] Attempt to get parsing info during refresh. "On-the-fly" syntax checking information may be incorrect. [D:\Work_prj\Frodokem_2026\SRC\theta.v:]
WARNING: [filemgmt 56-199] Attempt to get parsing info during refresh. "On-the-fly" syntax checking information may be incorrect. [D:\Work_prj\Frodokem_2026\SRC\theta.v:]
WARNING: [filemgmt 56-199] Attempt to get parsing info during refresh. "On-the-fly" syntax checking information may be incorrect. [D:\Work_prj\Frodokem_2026\Viprj\FrodoKEM\FrodoKEM.srcs\sim_1\new\TB.v:]
WARNING: [filemgmt 56-199] Attempt to get parsing info during refresh. "On-the-fly" syntax checking information may be incorrect. [D:\Work_prj\Frodokem_2026\SRC\shake.v:]
WARNING: [filemgmt 56-199] Attempt to get parsing info during refresh. "On-the-fly" syntax checking information may be incorrect. [D:\Work_prj\Frodokem_2026\SRC\MatrixMACSet.v:]
WARNING: [filemgmt 56-199] Attempt to get parsing info during refresh. "On-the-fly" syntax checking information may be incorrect. [D:\Work_prj\Frodokem_2026\SRC\MatrixMACSet.v:]
WARNING: [filemgmt 56-199] Attempt to get parsing info during refresh. "On-the-fly" syntax checking information may be incorrect. [D:\Work_prj\Frodokem_2026\SRC\MatrixMACSet.v:]
WARNING: [filemgmt 56-199] Attempt to get parsing info during refresh. "On-the-fly" syntax checking information may be incorrect. [D:\Work_prj\Frodokem_2026\SRC\theta.v:]
WARNING: [filemgmt 56-199] Attempt to get parsing info during refresh. "On-the-fly" syntax checking information may be incorrect. [D:\Work_prj\Frodokem_2026\Viprj\FrodoKEM\FrodoKEM.srcs\sim_1\new\TB.v:]
WARNING: [filemgmt 56-199] Attempt to get parsing info during refresh. "On-the-fly" syntax checking information may be incorrect. [D:\Work_prj\Frodokem_2026\SRC\shake.v:]
WARNING: [filemgmt 56-199] Attempt to get parsing info during refresh. "On-the-fly" syntax checking information may be incorrect. [D:\Work_prj\Frodokem_2026\SRC\MatrixMACSet.v:]
WARNING: [filemgmt 56-199] Attempt to get parsing info during refresh. "On-the-fly" syntax checking information may be incorrect. [D:\Work_prj\Frodokem_2026\SRC\shake.v:]
WARNING: [filemgmt 56-199] Attempt to get parsing info during refresh. "On-the-fly" syntax checking information may be incorrect. [D:\Work_prj\Frodokem_2026\SRC\shake.v:]
ERROR: [Common 17-180] Spawn failed: ≤Ÿ◊˜≥…π¶ÕÍ≥…°£

WARNING: [filemgmt 56-199] Attempt to get parsing info during refresh. "On-the-fly" syntax checking information may be incorrect. [D:\Work_prj\Frodokem_2026\SRC\theta.v:]
WARNING: [filemgmt 56-199] Attempt to get parsing info during refresh. "On-the-fly" syntax checking information may be incorrect. [D:\Work_prj\Frodokem_2026\Viprj\FrodoKEM\FrodoKEM.srcs\sim_1\new\TB.v:]
WARNING: [filemgmt 56-199] Attempt to get parsing info during refresh. "On-the-fly" syntax checking information may be incorrect. [D:\Work_prj\Frodokem_2026\SRC\shake.v:]
WARNING: [filemgmt 56-199] Attempt to get parsing info during refresh. "On-the-fly" syntax checking information may be incorrect. [D:\Work_prj\Frodokem_2026\SRC\MatrixMACSet.v:]
WARNING: [filemgmt 56-199] Attempt to get parsing info during refresh. "On-the-fly" syntax checking information may be incorrect. [D:\Work_prj\Frodokem_2026\SRC\shake.v:]
WARNING: [filemgmt 56-199] Attempt to get parsing info during refresh. "On-the-fly" syntax checking information may be incorrect. [D:\Work_prj\Frodokem_2026\SRC\shake.v:]
WARNING: [filemgmt 56-199] Attempt to get parsing info during refresh. "On-the-fly" syntax checking information may be incorrect. [D:\Work_prj\Frodokem_2026\SRC\theta.v:]
WARNING: [filemgmt 56-199] Attempt to get parsing info during refresh. "On-the-fly" syntax checking information may be incorrect. [D:\Work_prj\Frodokem_2026\Viprj\FrodoKEM\FrodoKEM.srcs\sim_1\new\TB.v:]
WARNING: [filemgmt 56-199] Attempt to get parsing info during refresh. "On-the-fly" syntax checking information may be incorrect. [D:\Work_prj\Frodokem_2026\SRC\shake.v:]
WARNING: [filemgmt 56-199] Attempt to get parsing info during refresh. "On-the-fly" syntax checking information may be incorrect. [D:\Work_prj\Frodokem_2026\SRC\MatrixMACSet.v:]
WARNING: [filemgmt 56-199] Attempt to get parsing info during refresh. "On-the-fly" syntax checking information may be incorrect. [D:\Work_prj\Frodokem_2026\SRC\theta.v:]
WARNING: [filemgmt 56-199] Attempt to get parsing info during refresh. "On-the-fly" syntax checking information may be incorrect. [D:\Work_prj\Frodokem_2026\SRC\theta.v:]
WARNING: [filemgmt 56-199] Attempt to get parsing info during refresh. "On-the-fly" syntax checking information may be incorrect. [D:\Work_prj\Frodokem_2026\SRC\theta.v:]
WARNING: [filemgmt 56-199] Attempt to get parsing info during refresh. "On-the-fly" syntax checking information may be incorrect. [D:\Work_prj\Frodokem_2026\Viprj\FrodoKEM\FrodoKEM.srcs\sim_1\new\TB.v:]
WARNING: [filemgmt 56-199] Attempt to get parsing info during refresh. "On-the-fly" syntax checking information may be incorrect. [D:\Work_prj\Frodokem_2026\SRC\shake.v:]
WARNING: [filemgmt 56-199] Attempt to get parsing info during refresh. "On-the-fly" syntax checking information may be incorrect. [D:\Work_prj\Frodokem_2026\SRC\MatrixMACSet.v:]
WARNING: [filemgmt 56-199] Attempt to get parsing info during refresh. "On-the-fly" syntax checking information may be incorrect. [D:\Work_prj\Frodokem_2026\Viprj\FrodoKEM\FrodoKEM.srcs\sim_1\new\TB.v:]
WARNING: [filemgmt 56-199] Attempt to get parsing info during refresh. "On-the-fly" syntax checking information may be incorrect. [D:\Work_prj\Frodokem_2026\Viprj\FrodoKEM\FrodoKEM.srcs\sim_1\new\TB.v:]
WARNING: [filemgmt 56-199] Attempt to get parsing info during refresh. "On-the-fly" syntax checking information may be incorrect. [D:\Work_prj\Frodokem_2026\SRC\theta.v:]
WARNING: [filemgmt 56-199] Attempt to get parsing info during refresh. "On-the-fly" syntax checking information may be incorrect. [D:\Work_prj\Frodokem_2026\Viprj\FrodoKEM\FrodoKEM.srcs\sim_1\new\TB.v:]
WARNING: [filemgmt 56-199] Attempt to get parsing info during refresh. "On-the-fly" syntax checking information may be incorrect. [D:\Work_prj\Frodokem_2026\SRC\shake.v:]
WARNING: [filemgmt 56-199] Attempt to get parsing info during refresh. "On-the-fly" syntax checking information may be incorrect. [D:\Work_prj\Frodokem_2026\SRC\MatrixMACSet.v:]
WARNING: [filemgmt 56-199] Attempt to get parsing info during refresh. "On-the-fly" syntax checking information may be incorrect. [D:\Work_prj\Frodokem_2026\SRC\theta.v:]
WARNING: [filemgmt 56-199] Attempt to get parsing info during refresh. "On-the-fly" syntax checking information may be incorrect. [D:\Work_prj\Frodokem_2026\SRC\theta.v:]
WARNING: [filemgmt 56-199] Attempt to get parsing info during refresh. "On-the-fly" syntax checking information may be incorrect. [D:\Work_prj\Frodokem_2026\SRC\theta.v:]
WARNING: [filemgmt 56-199] Attempt to get parsing info during refresh. "On-the-fly" syntax checking information may be incorrect. [D:\Work_prj\Frodokem_2026\Viprj\FrodoKEM\FrodoKEM.srcs\sim_1\new\TB.v:]
WARNING: [filemgmt 56-199] Attempt to get parsing info during refresh. "On-the-fly" syntax checking information may be incorrect. [D:\Work_prj\Frodokem_2026\SRC\shake.v:]
WARNING: [filemgmt 56-199] Attempt to get parsing info during refresh. "On-the-fly" syntax checking information may be incorrect. [D:\Work_prj\Frodokem_2026\SRC\MatrixMACSet.v:]
WARNING: [filemgmt 56-199] Attempt to get parsing info during refresh. "On-the-fly" syntax checking information may be incorrect. [D:\Work_prj\Frodokem_2026\SRC\MatrixMACSet.v:]
WARNING: [filemgmt 56-199] Attempt to get parsing info during refresh. "On-the-fly" syntax checking information may be incorrect. [D:\Work_prj\Frodokem_2026\SRC\MatrixMACSet.v:]
WARNING: [filemgmt 56-199] Attempt to get parsing info during refresh. "On-the-fly" syntax checking information may be incorrect. [D:\Work_prj\Frodokem_2026\SRC\theta.v:]
WARNING: [filemgmt 56-199] Attempt to get parsing info during refresh. "On-the-fly" syntax checking information may be incorrect. [D:\Work_prj\Frodokem_2026\Viprj\FrodoKEM\FrodoKEM.srcs\sim_1\new\TB.v:]
WARNING: [filemgmt 56-199] Attempt to get parsing info during refresh. "On-the-fly" syntax checking information may be incorrect. [D:\Work_prj\Frodokem_2026\SRC\shake.v:]
WARNING: [filemgmt 56-199] Attempt to get parsing info during refresh. "On-the-fly" syntax checking information may be incorrect. [D:\Work_prj\Frodokem_2026\SRC\MatrixMACSet.v:]
WARNING: [filemgmt 56-199] Attempt to get parsing info during refresh. "On-the-fly" syntax checking information may be incorrect. [D:\Work_prj\Frodokem_2026\SRC\shake.v:]
WARNING: [filemgmt 56-199] Attempt to get parsing info during refresh. "On-the-fly" syntax checking information may be incorrect. [D:\Work_prj\Frodokem_2026\SRC\shake.v:]
ERROR: [Common 17-180] Spawn failed: ≤Ÿ◊˜≥…π¶ÕÍ≥…°£

WARNING: [filemgmt 56-199] Attempt to get parsing info during refresh. "On-the-fly" syntax checking information may be incorrect. [D:\Work_prj\Frodokem_2026\SRC\theta.v:]
WARNING: [filemgmt 56-199] Attempt to get parsing info during refresh. "On-the-fly" syntax checking information may be incorrect. [D:\Work_prj\Frodokem_2026\Viprj\FrodoKEM\FrodoKEM.srcs\sim_1\new\TB.v:]
WARNING: [filemgmt 56-199] Attempt to get parsing info during refresh. "On-the-fly" syntax checking information may be incorrect. [D:\Work_prj\Frodokem_2026\SRC\shake.v:]
WARNING: [filemgmt 56-199] Attempt to get parsing info during refresh. "On-the-fly" syntax checking information may be incorrect. [D:\Work_prj\Frodokem_2026\SRC\MatrixMACSet.v:]
WARNING: [filemgmt 56-199] Attempt to get parsing info during refresh. "On-the-fly" syntax checking information may be incorrect. [D:\Work_prj\Frodokem_2026\SRC\theta.v:]
WARNING: [filemgmt 56-199] Attempt to get parsing info during refresh. "On-the-fly" syntax checking information may be incorrect. [D:\Work_prj\Frodokem_2026\SRC\theta.v:]
WARNING: [filemgmt 56-199] Attempt to get parsing info during refresh. "On-the-fly" syntax checking information may be incorrect. [D:\Work_prj\Frodokem_2026\SRC\theta.v:]
WARNING: [filemgmt 56-199] Attempt to get parsing info during refresh. "On-the-fly" syntax checking information may be incorrect. [D:\Work_prj\Frodokem_2026\Viprj\FrodoKEM\FrodoKEM.srcs\sim_1\new\TB.v:]
WARNING: [filemgmt 56-199] Attempt to get parsing info during refresh. "On-the-fly" syntax checking information may be incorrect. [D:\Work_prj\Frodokem_2026\SRC\shake.v:]
WARNING: [filemgmt 56-199] Attempt to get parsing info during refresh. "On-the-fly" syntax checking information may be incorrect. [D:\Work_prj\Frodokem_2026\SRC\MatrixMACSet.v:]
WARNING: [filemgmt 56-199] Attempt to get parsing info during refresh. "On-the-fly" syntax checking information may be incorrect. [D:\Work_prj\Frodokem_2026\SRC\shake.v:]
WARNING: [filemgmt 56-199] Attempt to get parsing info during refresh. "On-the-fly" syntax checking information may be incorrect. [D:\Work_prj\Frodokem_2026\SRC\shake.v:]
WARNING: [filemgmt 56-199] Attempt to get parsing info during refresh. "On-the-fly" syntax checking information may be incorrect. [D:\Work_prj\Frodokem_2026\SRC\theta.v:]
WARNING: [filemgmt 56-199] Attempt to get parsing info during refresh. "On-the-fly" syntax checking information may be incorrect. [D:\Work_prj\Frodokem_2026\Viprj\FrodoKEM\FrodoKEM.srcs\sim_1\new\TB.v:]
WARNING: [filemgmt 56-199] Attempt to get parsing info during refresh. "On-the-fly" syntax checking information may be incorrect. [D:\Work_prj\Frodokem_2026\SRC\shake.v:]
WARNING: [filemgmt 56-199] Attempt to get parsing info during refresh. "On-the-fly" syntax checking information may be incorrect. [D:\Work_prj\Frodokem_2026\SRC\MatrixMACSet.v:]
WARNING: [filemgmt 56-199] Attempt to get parsing info during refresh. "On-the-fly" syntax checking information may be incorrect. [D:\Work_prj\Frodokem_2026\Viprj\FrodoKEM\FrodoKEM.srcs\sim_1\new\TB.v:]
WARNING: [filemgmt 56-199] Attempt to get parsing info during refresh. "On-the-fly" syntax checking information may be incorrect. [D:\Work_prj\Frodokem_2026\Viprj\FrodoKEM\FrodoKEM.srcs\sim_1\new\TB.v:]
WARNING: [filemgmt 56-199] Attempt to get parsing info during refresh. "On-the-fly" syntax checking information may be incorrect. [D:\Work_prj\Frodokem_2026\SRC\theta.v:]
WARNING: [filemgmt 56-199] Attempt to get parsing info during refresh. "On-the-fly" syntax checking information may be incorrect. [D:\Work_prj\Frodokem_2026\Viprj\FrodoKEM\FrodoKEM.srcs\sim_1\new\TB.v:]
WARNING: [filemgmt 56-199] Attempt to get parsing info during refresh. "On-the-fly" syntax checking information may be incorrect. [D:\Work_prj\Frodokem_2026\SRC\shake.v:]
WARNING: [filemgmt 56-199] Attempt to get parsing info during refresh. "On-the-fly" syntax checking information may be incorrect. [D:\Work_prj\Frodokem_2026\SRC\MatrixMACSet.v:]
WARNING: [filemgmt 56-199] Attempt to get parsing info during refresh. "On-the-fly" syntax checking information may be incorrect. [D:\Work_prj\Frodokem_2026\SRC\theta.v:]
WARNING: [filemgmt 56-199] Attempt to get parsing info during refresh. "On-the-fly" syntax checking information may be incorrect. [D:\Work_prj\Frodokem_2026\SRC\theta.v:]
WARNING: [filemgmt 56-199] Attempt to get parsing info during refresh. "On-the-fly" syntax checking information may be incorrect. [D:\Work_prj\Frodokem_2026\SRC\theta.v:]
WARNING: [filemgmt 56-199] Attempt to get parsing info during refresh. "On-the-fly" syntax checking information may be incorrect. [D:\Work_prj\Frodokem_2026\Viprj\FrodoKEM\FrodoKEM.srcs\sim_1\new\TB.v:]
WARNING: [filemgmt 56-199] Attempt to get parsing info during refresh. "On-the-fly" syntax checking information may be incorrect. [D:\Work_prj\Frodokem_2026\SRC\shake.v:]
WARNING: [filemgmt 56-199] Attempt to get parsing info during refresh. "On-the-fly" syntax checking information may be incorrect. [D:\Work_prj\Frodokem_2026\SRC\MatrixMACSet.v:]
WARNING: [filemgmt 56-199] Attempt to get parsing info during refresh. "On-the-fly" syntax checking information may be incorrect. [D:\Work_prj\Frodokem_2026\SRC\MatrixMACSet.v:]
WARNING: [filemgmt 56-199] Attempt to get parsing info during refresh. "On-the-fly" syntax checking information may be incorrect. [D:\Work_prj\Frodokem_2026\SRC\MatrixMACSet.v:]
WARNING: [filemgmt 56-199] Attempt to get parsing info during refresh. "On-the-fly" syntax checking information may be incorrect. [D:\Work_prj\Frodokem_2026\SRC\theta.v:]
WARNING: [filemgmt 56-199] Attempt to get parsing info during refresh. "On-the-fly" syntax checking information may be incorrect. [D:\Work_prj\Frodokem_2026\Viprj\FrodoKEM\FrodoKEM.srcs\sim_1\new\TB.v:]
WARNING: [filemgmt 56-199] Attempt to get parsing info during refresh. "On-the-fly" syntax checking information may be incorrect. [D:\Work_prj\Frodokem_2026\SRC\shake.v:]
WARNING: [filemgmt 56-199] Attempt to get parsing info during refresh. "On-the-fly" syntax checking information may be incorrect. [D:\Work_prj\Frodokem_2026\SRC\MatrixMACSet.v:]
WARNING: [filemgmt 56-199] Attempt to get parsing info during refresh. "On-the-fly" syntax checking information may be incorrect. [D:\Work_prj\Frodokem_2026\SRC\shake.v:]
WARNING: [filemgmt 56-199] Attempt to get parsing info during refresh. "On-the-fly" syntax checking information may be incorrect. [D:\Work_prj\Frodokem_2026\SRC\shake.v:]
ERROR: [Common 17-180] Spawn failed: ≤Ÿ◊˜≥…π¶ÕÍ≥…°£

WARNING: [filemgmt 56-199] Attempt to get parsing info during refresh. "On-the-fly" syntax checking information may be incorrect. [D:\Work_prj\Frodokem_2026\SRC\theta.v:]
WARNING: [filemgmt 56-199] Attempt to get parsing info during refresh. "On-the-fly" syntax checking information may be incorrect. [D:\Work_prj\Frodokem_2026\Viprj\FrodoKEM\FrodoKEM.srcs\sim_1\new\TB.v:]
WARNING: [filemgmt 56-199] Attempt to get parsing info during refresh. "On-the-fly" syntax checking information may be incorrect. [D:\Work_prj\Frodokem_2026\SRC\shake.v:]
WARNING: [filemgmt 56-199] Attempt to get parsing info during refresh. "On-the-fly" syntax checking information may be incorrect. [D:\Work_prj\Frodokem_2026\SRC\MatrixMACSet.v:]
WARNING: [filemgmt 56-199] Attempt to get parsing info during refresh. "On-the-fly" syntax checking information may be incorrect. [D:\Work_prj\Frodokem_2026\SRC\shake.v:]
WARNING: [filemgmt 56-199] Attempt to get parsing info during refresh. "On-the-fly" syntax checking information may be incorrect. [D:\Work_prj\Frodokem_2026\SRC\shake.v:]
WARNING: [filemgmt 56-199] Attempt to get parsing info during refresh. "On-the-fly" syntax checking information may be incorrect. [D:\Work_prj\Frodokem_2026\SRC\theta.v:]
WARNING: [filemgmt 56-199] Attempt to get parsing info during refresh. "On-the-fly" syntax checking information may be incorrect. [D:\Work_prj\Frodokem_2026\Viprj\FrodoKEM\FrodoKEM.srcs\sim_1\new\TB.v:]
WARNING: [filemgmt 56-199] Attempt to get parsing info during refresh. "On-the-fly" syntax checking information may be incorrect. [D:\Work_prj\Frodokem_2026\SRC\shake.v:]
WARNING: [filemgmt 56-199] Attempt to get parsing info during refresh. "On-the-fly" syntax checking information may be incorrect. [D:\Work_prj\Frodokem_2026\SRC\MatrixMACSet.v:]
WARNING: [filemgmt 56-199] Attempt to get parsing info during refresh. "On-the-fly" syntax checking information may be incorrect. [D:\Work_prj\Frodokem_2026\SRC\MatrixMACSet.v:]
WARNING: [filemgmt 56-199] Attempt to get parsing info during refresh. "On-the-fly" syntax checking information may be incorrect. [D:\Work_prj\Frodokem_2026\SRC\MatrixMACSet.v:]
WARNING: [filemgmt 56-199] Attempt to get parsing info during refresh. "On-the-fly" syntax checking information may be incorrect. [D:\Work_prj\Frodokem_2026\SRC\theta.v:]
WARNING: [filemgmt 56-199] Attempt to get parsing info during refresh. "On-the-fly" syntax checking information may be incorrect. [D:\Work_prj\Frodokem_2026\Viprj\FrodoKEM\FrodoKEM.srcs\sim_1\new\TB.v:]
WARNING: [filemgmt 56-199] Attempt to get parsing info during refresh. "On-the-fly" syntax checking information may be incorrect. [D:\Work_prj\Frodokem_2026\SRC\shake.v:]
WARNING: [filemgmt 56-199] Attempt to get parsing info during refresh. "On-the-fly" syntax checking information may be incorrect. [D:\Work_prj\Frodokem_2026\SRC\MatrixMACSet.v:]
WARNING: [filemgmt 56-199] Attempt to get parsing info during refresh. "On-the-fly" syntax checking information may be incorrect. [D:\Work_prj\Frodokem_2026\SRC\shake.v:]
WARNING: [filemgmt 56-199] Attempt to get parsing info during refresh. "On-the-fly" syntax checking information may be incorrect. [D:\Work_prj\Frodokem_2026\SRC\shake.v:]
WARNING: [filemgmt 56-199] Attempt to get parsing info during refresh. "On-the-fly" syntax checking information may be incorrect. [D:\Work_prj\Frodokem_2026\SRC\theta.v:]
WARNING: [filemgmt 56-199] Attempt to get parsing info during refresh. "On-the-fly" syntax checking information may be incorrect. [D:\Work_prj\Frodokem_2026\Viprj\FrodoKEM\FrodoKEM.srcs\sim_1\new\TB.v:]
WARNING: [filemgmt 56-199] Attempt to get parsing info during refresh. "On-the-fly" syntax checking information may be incorrect. [D:\Work_prj\Frodokem_2026\SRC\shake.v:]
WARNING: [filemgmt 56-199] Attempt to get parsing info during refresh. "On-the-fly" syntax checking information may be incorrect. [D:\Work_prj\Frodokem_2026\SRC\MatrixMACSet.v:]
WARNING: [filemgmt 56-199] Attempt to get parsing info during refresh. "On-the-fly" syntax checking information may be incorrect. [D:\Work_prj\Frodokem_2026\SRC\theta.v:]
WARNING: [filemgmt 56-199] Attempt to get parsing info during refresh. "On-the-fly" syntax checking information may be incorrect. [D:\Work_prj\Frodokem_2026\SRC\theta.v:]
WARNING: [filemgmt 56-199] Attempt to get parsing info during refresh. "On-the-fly" syntax checking information may be incorrect. [D:\Work_prj\Frodokem_2026\SRC\theta.v:]
WARNING: [filemgmt 56-199] Attempt to get parsing info during refresh. "On-the-fly" syntax checking information may be incorrect. [D:\Work_prj\Frodokem_2026\Viprj\FrodoKEM\FrodoKEM.srcs\sim_1\new\TB.v:]
WARNING: [filemgmt 56-199] Attempt to get parsing info during refresh. "On-the-fly" syntax checking information may be incorrect. [D:\Work_prj\Frodokem_2026\SRC\shake.v:]
WARNING: [filemgmt 56-199] Attempt to get parsing info during refresh. "On-the-fly" syntax checking information may be incorrect. [D:\Work_prj\Frodokem_2026\SRC\MatrixMACSet.v:]
WARNING: [filemgmt 56-199] Attempt to get parsing info during refresh. "On-the-fly" syntax checking information may be incorrect. [D:\Work_prj\Frodokem_2026\SRC\shake.v:]
WARNING: [filemgmt 56-199] Attempt to get parsing info during refresh. "On-the-fly" syntax checking information may be incorrect. [D:\Work_prj\Frodokem_2026\SRC\shake.v:]
WARNING: [filemgmt 56-199] Attempt to get parsing info during refresh. "On-the-fly" syntax checking information may be incorrect. [D:\Work_prj\Frodokem_2026\SRC\theta.v:]
WARNING: [filemgmt 56-199] Attempt to get parsing info during refresh. "On-the-fly" syntax checking information may be incorrect. [D:\Work_prj\Frodokem_2026\Viprj\FrodoKEM\FrodoKEM.srcs\sim_1\new\TB.v:]
WARNING: [filemgmt 56-199] Attempt to get parsing info during refresh. "On-the-fly" syntax checking information may be incorrect. [D:\Work_prj\Frodokem_2026\SRC\shake.v:]
WARNING: [filemgmt 56-199] Attempt to get parsing info during refresh. "On-the-fly" syntax checking information may be incorrect. [D:\Work_prj\Frodokem_2026\SRC\MatrixMACSet.v:]
WARNING: [filemgmt 56-199] Attempt to get parsing info during refresh. "On-the-fly" syntax checking information may be incorrect. [D:\Work_prj\Frodokem_2026\SRC\MatrixMACSet.v:]
WARNING: [filemgmt 56-199] Attempt to get parsing info during refresh. "On-the-fly" syntax checking information may be incorrect. [D:\Work_prj\Frodokem_2026\SRC\MatrixMACSet.v:]
WARNING: [filemgmt 56-199] Attempt to get parsing info during refresh. "On-the-fly" syntax checking information may be incorrect. [D:\Work_prj\Frodokem_2026\SRC\theta.v:]
WARNING: [filemgmt 56-199] Attempt to get parsing info during refresh. "On-the-fly" syntax checking information may be incorrect. [D:\Work_prj\Frodokem_2026\Viprj\FrodoKEM\FrodoKEM.srcs\sim_1\new\TB.v:]
WARNING: [filemgmt 56-199] Attempt to get parsing info during refresh. "On-the-fly" syntax checking information may be incorrect. [D:\Work_prj\Frodokem_2026\SRC\shake.v:]
WARNING: [filemgmt 56-199] Attempt to get parsing info during refresh. "On-the-fly" syntax checking information may be incorrect. [D:\Work_prj\Frodokem_2026\SRC\MatrixMACSet.v:]
WARNING: [filemgmt 56-199] Attempt to get parsing info during refresh. "On-the-fly" syntax checking information may be incorrect. [D:\Work_prj\Frodokem_2026\Viprj\FrodoKEM\FrodoKEM.srcs\sim_1\new\TB.v:]
WARNING: [filemgmt 56-199] Attempt to get parsing info during refresh. "On-the-fly" syntax checking information may be incorrect. [D:\Work_prj\Frodokem_2026\Viprj\FrodoKEM\FrodoKEM.srcs\sim_1\new\TB.v:]
WARNING: [filemgmt 56-199] Attempt to get parsing info during refresh. "On-the-fly" syntax checking information may be incorrect. [D:\Work_prj\Frodokem_2026\SRC\theta.v:]
WARNING: [filemgmt 56-199] Attempt to get parsing info during refresh. "On-the-fly" syntax checking information may be incorrect. [D:\Work_prj\Frodokem_2026\Viprj\FrodoKEM\FrodoKEM.srcs\sim_1\new\TB.v:]
WARNING: [filemgmt 56-199] Attempt to get parsing info during refresh. "On-the-fly" syntax checking information may be incorrect. [D:\Work_prj\Frodokem_2026\SRC\shake.v:]
WARNING: [filemgmt 56-199] Attempt to get parsing info during refresh. "On-the-fly" syntax checking information may be incorrect. [D:\Work_prj\Frodokem_2026\SRC\MatrixMACSet.v:]
WARNING: [filemgmt 56-199] Attempt to get parsing info during refresh. "On-the-fly" syntax checking information may be incorrect. [D:\Work_prj\Frodokem_2026\SRC\shake.v:]
WARNING: [filemgmt 56-199] Attempt to get parsing info during refresh. "On-the-fly" syntax checking information may be incorrect. [D:\Work_prj\Frodokem_2026\SRC\shake.v:]
WARNING: [filemgmt 56-199] Attempt to get parsing info during refresh. "On-the-fly" syntax checking information may be incorrect. [D:\Work_prj\Frodokem_2026\SRC\theta.v:]
WARNING: [filemgmt 56-199] Attempt to get parsing info during refresh. "On-the-fly" syntax checking information may be incorrect. [D:\Work_prj\Frodokem_2026\Viprj\FrodoKEM\FrodoKEM.srcs\sim_1\new\TB.v:]
WARNING: [filemgmt 56-199] Attempt to get parsing info during refresh. "On-the-fly" syntax checking information may be incorrect. [D:\Work_prj\Frodokem_2026\SRC\shake.v:]
WARNING: [filemgmt 56-199] Attempt to get parsing info during refresh. "On-the-fly" syntax checking information may be incorrect. [D:\Work_prj\Frodokem_2026\SRC\MatrixMACSet.v:]
WARNING: [filemgmt 56-199] Attempt to get parsing info during refresh. "On-the-fly" syntax checking information may be incorrect. [D:\Work_prj\Frodokem_2026\SRC\theta.v:]
WARNING: [filemgmt 56-199] Attempt to get parsing info during refresh. "On-the-fly" syntax checking information may be incorrect. [D:\Work_prj\Frodokem_2026\SRC\theta.v:]
WARNING: [filemgmt 56-199] Attempt to get parsing info during refresh. "On-the-fly" syntax checking information may be incorrect. [D:\Work_prj\Frodokem_2026\SRC\theta.v:]
WARNING: [filemgmt 56-199] Attempt to get parsing info during refresh. "On-the-fly" syntax checking information may be incorrect. [D:\Work_prj\Frodokem_2026\Viprj\FrodoKEM\FrodoKEM.srcs\sim_1\new\TB.v:]
WARNING: [filemgmt 56-199] Attempt to get parsing info during refresh. "On-the-fly" syntax checking information may be incorrect. [D:\Work_prj\Frodokem_2026\SRC\shake.v:]
WARNING: [filemgmt 56-199] Attempt to get parsing info during refresh. "On-the-fly" syntax checking information may be incorrect. [D:\Work_prj\Frodokem_2026\SRC\MatrixMACSet.v:]
WARNING: [filemgmt 56-199] Attempt to get parsing info during refresh. "On-the-fly" syntax checking information may be incorrect. [D:\Work_prj\Frodokem_2026\Viprj\FrodoKEM\FrodoKEM.srcs\sim_1\new\TB.v:]
WARNING: [filemgmt 56-199] Attempt to get parsing info during refresh. "On-the-fly" syntax checking information may be incorrect. [D:\Work_prj\Frodokem_2026\Viprj\FrodoKEM\FrodoKEM.srcs\sim_1\new\TB.v:]
WARNING: [filemgmt 56-199] Attempt to get parsing info during refresh. "On-the-fly" syntax checking information may be incorrect. [D:\Work_prj\Frodokem_2026\SRC\theta.v:]
WARNING: [filemgmt 56-199] Attempt to get parsing info during refresh. "On-the-fly" syntax checking information may be incorrect. [D:\Work_prj\Frodokem_2026\Viprj\FrodoKEM\FrodoKEM.srcs\sim_1\new\TB.v:]
WARNING: [filemgmt 56-199] Attempt to get parsing info during refresh. "On-the-fly" syntax checking information may be incorrect. [D:\Work_prj\Frodokem_2026\SRC\shake.v:]
WARNING: [filemgmt 56-199] Attempt to get parsing info during refresh. "On-the-fly" syntax checking information may be incorrect. [D:\Work_prj\Frodokem_2026\SRC\MatrixMACSet.v:]
WARNING: [filemgmt 56-199] Attempt to get parsing info during refresh. "On-the-fly" syntax checking information may be incorrect. [D:\Work_prj\Frodokem_2026\SRC\shake.v:]
WARNING: [filemgmt 56-199] Attempt to get parsing info during refresh. "On-the-fly" syntax checking information may be incorrect. [D:\Work_prj\Frodokem_2026\SRC\shake.v:]
WARNING: [filemgmt 56-199] Attempt to get parsing info during refresh. "On-the-fly" syntax checking information may be incorrect. [D:\Work_prj\Frodokem_2026\SRC\theta.v:]
WARNING: [filemgmt 56-199] Attempt to get parsing info during refresh. "On-the-fly" syntax checking information may be incorrect. [D:\Work_prj\Frodokem_2026\Viprj\FrodoKEM\FrodoKEM.srcs\sim_1\new\TB.v:]
WARNING: [filemgmt 56-199] Attempt to get parsing info during refresh. "On-the-fly" syntax checking information may be incorrect. [D:\Work_prj\Frodokem_2026\SRC\shake.v:]
WARNING: [filemgmt 56-199] Attempt to get parsing info during refresh. "On-the-fly" syntax checking information may be incorrect. [D:\Work_prj\Frodokem_2026\SRC\MatrixMACSet.v:]
WARNING: [filemgmt 56-199] Attempt to get parsing info during refresh. "On-the-fly" syntax checking information may be incorrect. [D:\Work_prj\Frodokem_2026\SRC\MatrixMACSet.v:]
WARNING: [filemgmt 56-199] Attempt to get parsing info during refresh. "On-the-fly" syntax checking information may be incorrect. [D:\Work_prj\Frodokem_2026\SRC\MatrixMACSet.v:]
WARNING: [filemgmt 56-199] Attempt to get parsing info during refresh. "On-the-fly" syntax checking information may be incorrect. [D:\Work_prj\Frodokem_2026\SRC\theta.v:]
WARNING: [filemgmt 56-199] Attempt to get parsing info during refresh. "On-the-fly" syntax checking information may be incorrect. [D:\Work_prj\Frodokem_2026\Viprj\FrodoKEM\FrodoKEM.srcs\sim_1\new\TB.v:]
WARNING: [filemgmt 56-199] Attempt to get parsing info during refresh. "On-the-fly" syntax checking information may be incorrect. [D:\Work_prj\Frodokem_2026\SRC\shake.v:]
WARNING: [filemgmt 56-199] Attempt to get parsing info during refresh. "On-the-fly" syntax checking information may be incorrect. [D:\Work_prj\Frodokem_2026\SRC\MatrixMACSet.v:]
WARNING: [filemgmt 56-199] Attempt to get parsing info during refresh. "On-the-fly" syntax checking information may be incorrect. [D:\Work_prj\Frodokem_2026\SRC\theta.v:]
WARNING: [filemgmt 56-199] Attempt to get parsing info during refresh. "On-the-fly" syntax checking information may be incorrect. [D:\Work_prj\Frodokem_2026\SRC\theta.v:]
WARNING: [filemgmt 56-199] Attempt to get parsing info during refresh. "On-the-fly" syntax checking information may be incorrect. [D:\Work_prj\Frodokem_2026\SRC\theta.v:]
WARNING: [filemgmt 56-199] Attempt to get parsing info during refresh. "On-the-fly" syntax checking information may be incorrect. [D:\Work_prj\Frodokem_2026\Viprj\FrodoKEM\FrodoKEM.srcs\sim_1\new\TB.v:]
WARNING: [filemgmt 56-199] Attempt to get parsing info during refresh. "On-the-fly" syntax checking information may be incorrect. [D:\Work_prj\Frodokem_2026\SRC\shake.v:]
WARNING: [filemgmt 56-199] Attempt to get parsing info during refresh. "On-the-fly" syntax checking information may be incorrect. [D:\Work_prj\Frodokem_2026\SRC\MatrixMACSet.v:]
WARNING: [filemgmt 56-199] Attempt to get parsing info during refresh. "On-the-fly" syntax checking information may be incorrect. [D:\Work_prj\Frodokem_2026\SRC\shake.v:]
WARNING: [filemgmt 56-199] Attempt to get parsing info during refresh. "On-the-fly" syntax checking information may be incorrect. [D:\Work_prj\Frodokem_2026\SRC\shake.v:]
WARNING: [filemgmt 56-199] Attempt to get parsing info during refresh. "On-the-fly" syntax checking information may be incorrect. [D:\Work_prj\Frodokem_2026\SRC\theta.v:]
WARNING: [filemgmt 56-199] Attempt to get parsing info during refresh. "On-the-fly" syntax checking information may be incorrect. [D:\Work_prj\Frodokem_2026\Viprj\FrodoKEM\FrodoKEM.srcs\sim_1\new\TB.v:]
WARNING: [filemgmt 56-199] Attempt to get parsing info during refresh. "On-the-fly" syntax checking information may be incorrect. [D:\Work_prj\Frodokem_2026\SRC\shake.v:]
WARNING: [filemgmt 56-199] Attempt to get parsing info during refresh. "On-the-fly" syntax checking information may be incorrect. [D:\Work_prj\Frodokem_2026\SRC\MatrixMACSet.v:]
WARNING: [filemgmt 56-199] Attempt to get parsing info during refresh. "On-the-fly" syntax checking information may be incorrect. [D:\Work_prj\Frodokem_2026\Viprj\FrodoKEM\FrodoKEM.srcs\sim_1\new\TB.v:]
WARNING: [filemgmt 56-199] Attempt to get parsing info during refresh. "On-the-fly" syntax checking information may be incorrect. [D:\Work_prj\Frodokem_2026\Viprj\FrodoKEM\FrodoKEM.srcs\sim_1\new\TB.v:]
ERROR: [Common 17-180] Spawn failed: ≤Ÿ◊˜≥…π¶ÕÍ≥…°£

WARNING: [filemgmt 56-199] Attempt to get parsing info during refresh. "On-the-fly" syntax checking information may be incorrect. [D:\Work_prj\Frodokem_2026\SRC\theta.v:]
WARNING: [filemgmt 56-199] Attempt to get parsing info during refresh. "On-the-fly" syntax checking information may be incorrect. [D:\Work_prj\Frodokem_2026\Viprj\FrodoKEM\FrodoKEM.srcs\sim_1\new\TB.v:]
WARNING: [filemgmt 56-199] Attempt to get parsing info during refresh. "On-the-fly" syntax checking information may be incorrect. [D:\Work_prj\Frodokem_2026\SRC\shake.v:]
WARNING: [filemgmt 56-199] Attempt to get parsing info during refresh. "On-the-fly" syntax checking information may be incorrect. [D:\Work_prj\Frodokem_2026\SRC\MatrixMACSet.v:]
WARNING: [filemgmt 56-199] Attempt to get parsing info during refresh. "On-the-fly" syntax checking information may be incorrect. [D:\Work_prj\Frodokem_2026\SRC\MatrixMACSet.v:]
WARNING: [filemgmt 56-199] Attempt to get parsing info during refresh. "On-the-fly" syntax checking information may be incorrect. [D:\Work_prj\Frodokem_2026\SRC\MatrixMACSet.v:]
WARNING: [filemgmt 56-199] Attempt to get parsing info during refresh. "On-the-fly" syntax checking information may be incorrect. [D:\Work_prj\Frodokem_2026\SRC\theta.v:]
WARNING: [filemgmt 56-199] Attempt to get parsing info during refresh. "On-the-fly" syntax checking information may be incorrect. [D:\Work_prj\Frodokem_2026\Viprj\FrodoKEM\FrodoKEM.srcs\sim_1\new\TB.v:]
WARNING: [filemgmt 56-199] Attempt to get parsing info during refresh. "On-the-fly" syntax checking information may be incorrect. [D:\Work_prj\Frodokem_2026\SRC\shake.v:]
WARNING: [filemgmt 56-199] Attempt to get parsing info during refresh. "On-the-fly" syntax checking information may be incorrect. [D:\Work_prj\Frodokem_2026\SRC\MatrixMACSet.v:]
WARNING: [filemgmt 56-199] Attempt to get parsing info during refresh. "On-the-fly" syntax checking information may be incorrect. [D:\Work_prj\Frodokem_2026\SRC\shake.v:]
WARNING: [filemgmt 56-199] Attempt to get parsing info during refresh. "On-the-fly" syntax checking information may be incorrect. [D:\Work_prj\Frodokem_2026\SRC\shake.v:]
WARNING: [filemgmt 56-199] Attempt to get parsing info during refresh. "On-the-fly" syntax checking information may be incorrect. [D:\Work_prj\Frodokem_2026\SRC\theta.v:]
WARNING: [filemgmt 56-199] Attempt to get parsing info during refresh. "On-the-fly" syntax checking information may be incorrect. [D:\Work_prj\Frodokem_2026\Viprj\FrodoKEM\FrodoKEM.srcs\sim_1\new\TB.v:]
WARNING: [filemgmt 56-199] Attempt to get parsing info during refresh. "On-the-fly" syntax checking information may be incorrect. [D:\Work_prj\Frodokem_2026\SRC\shake.v:]
WARNING: [filemgmt 56-199] Attempt to get parsing info during refresh. "On-the-fly" syntax checking information may be incorrect. [D:\Work_prj\Frodokem_2026\SRC\MatrixMACSet.v:]
WARNING: [filemgmt 56-199] Attempt to get parsing info during refresh. "On-the-fly" syntax checking information may be incorrect. [D:\Work_prj\Frodokem_2026\SRC\MatrixMACSet.v:]
WARNING: [filemgmt 56-199] Attempt to get parsing info during refresh. "On-the-fly" syntax checking information may be incorrect. [D:\Work_prj\Frodokem_2026\SRC\MatrixMACSet.v:]
WARNING: [filemgmt 56-199] Attempt to get parsing info during refresh. "On-the-fly" syntax checking information may be incorrect. [D:\Work_prj\Frodokem_2026\SRC\theta.v:]
WARNING: [filemgmt 56-199] Attempt to get parsing info during refresh. "On-the-fly" syntax checking information may be incorrect. [D:\Work_prj\Frodokem_2026\Viprj\FrodoKEM\FrodoKEM.srcs\sim_1\new\TB.v:]
WARNING: [filemgmt 56-199] Attempt to get parsing info during refresh. "On-the-fly" syntax checking information may be incorrect. [D:\Work_prj\Frodokem_2026\SRC\shake.v:]
WARNING: [filemgmt 56-199] Attempt to get parsing info during refresh. "On-the-fly" syntax checking information may be incorrect. [D:\Work_prj\Frodokem_2026\SRC\MatrixMACSet.v:]
WARNING: [filemgmt 56-199] Attempt to get parsing info during refresh. "On-the-fly" syntax checking information may be incorrect. [D:\Work_prj\Frodokem_2026\SRC\theta.v:]
WARNING: [filemgmt 56-199] Attempt to get parsing info during refresh. "On-the-fly" syntax checking information may be incorrect. [D:\Work_prj\Frodokem_2026\SRC\theta.v:]
WARNING: [filemgmt 56-199] Attempt to get parsing info during refresh. "On-the-fly" syntax checking information may be incorrect. [D:\Work_prj\Frodokem_2026\SRC\theta.v:]
WARNING: [filemgmt 56-199] Attempt to get parsing info during refresh. "On-the-fly" syntax checking information may be incorrect. [D:\Work_prj\Frodokem_2026\Viprj\FrodoKEM\FrodoKEM.srcs\sim_1\new\TB.v:]
WARNING: [filemgmt 56-199] Attempt to get parsing info during refresh. "On-the-fly" syntax checking information may be incorrect. [D:\Work_prj\Frodokem_2026\SRC\shake.v:]
WARNING: [filemgmt 56-199] Attempt to get parsing info during refresh. "On-the-fly" syntax checking information may be incorrect. [D:\Work_prj\Frodokem_2026\SRC\MatrixMACSet.v:]
WARNING: [filemgmt 56-199] Attempt to get parsing info during refresh. "On-the-fly" syntax checking information may be incorrect. [D:\Work_prj\Frodokem_2026\Viprj\FrodoKEM\FrodoKEM.srcs\sim_1\new\TB.v:]
WARNING: [filemgmt 56-199] Attempt to get parsing info during refresh. "On-the-fly" syntax checking information may be incorrect. [D:\Work_prj\Frodokem_2026\Viprj\FrodoKEM\FrodoKEM.srcs\sim_1\new\TB.v:]
ERROR: [Common 17-180] Spawn failed: ≤Ÿ◊˜≥…π¶ÕÍ≥…°£

WARNING: [filemgmt 56-199] Attempt to get parsing info during refresh. "On-the-fly" syntax checking information may be incorrect. [D:\Work_prj\Frodokem_2026\SRC\theta.v:]
WARNING: [filemgmt 56-199] Attempt to get parsing info during refresh. "On-the-fly" syntax checking information may be incorrect. [D:\Work_prj\Frodokem_2026\Viprj\FrodoKEM\FrodoKEM.srcs\sim_1\new\TB.v:]
WARNING: [filemgmt 56-199] Attempt to get parsing info during refresh. "On-the-fly" syntax checking information may be incorrect. [D:\Work_prj\Frodokem_2026\SRC\shake.v:]
WARNING: [filemgmt 56-199] Attempt to get parsing info during refresh. "On-the-fly" syntax checking information may be incorrect. [D:\Work_prj\Frodokem_2026\SRC\MatrixMACSet.v:]
WARNING: [filemgmt 56-199] Attempt to get parsing info during refresh. "On-the-fly" syntax checking information may be incorrect. [D:\Work_prj\Frodokem_2026\SRC\shake.v:]
WARNING: [filemgmt 56-199] Attempt to get parsing info during refresh. "On-the-fly" syntax checking information may be incorrect. [D:\Work_prj\Frodokem_2026\SRC\shake.v:]
WARNING: [filemgmt 56-199] Attempt to get parsing info during refresh. "On-the-fly" syntax checking information may be incorrect. [D:\Work_prj\Frodokem_2026\SRC\theta.v:]
WARNING: [filemgmt 56-199] Attempt to get parsing info during refresh. "On-the-fly" syntax checking information may be incorrect. [D:\Work_prj\Frodokem_2026\Viprj\FrodoKEM\FrodoKEM.srcs\sim_1\new\TB.v:]
WARNING: [filemgmt 56-199] Attempt to get parsing info during refresh. "On-the-fly" syntax checking information may be incorrect. [D:\Work_prj\Frodokem_2026\SRC\shake.v:]
WARNING: [filemgmt 56-199] Attempt to get parsing info during refresh. "On-the-fly" syntax checking information may be incorrect. [D:\Work_prj\Frodokem_2026\SRC\MatrixMACSet.v:]
WARNING: [filemgmt 56-199] Attempt to get parsing info during refresh. "On-the-fly" syntax checking information may be incorrect. [D:\Work_prj\Frodokem_2026\SRC\theta.v:]
WARNING: [filemgmt 56-199] Attempt to get parsing info during refresh. "On-the-fly" syntax checking information may be incorrect. [D:\Work_prj\Frodokem_2026\SRC\theta.v:]
WARNING: [filemgmt 56-199] Attempt to get parsing info during refresh. "On-the-fly" syntax checking information may be incorrect. [D:\Work_prj\Frodokem_2026\SRC\theta.v:]
WARNING: [filemgmt 56-199] Attempt to get parsing info during refresh. "On-the-fly" syntax checking information may be incorrect. [D:\Work_prj\Frodokem_2026\Viprj\FrodoKEM\FrodoKEM.srcs\sim_1\new\TB.v:]
WARNING: [filemgmt 56-199] Attempt to get parsing info during refresh. "On-the-fly" syntax checking information may be incorrect. [D:\Work_prj\Frodokem_2026\SRC\shake.v:]
WARNING: [filemgmt 56-199] Attempt to get parsing info during refresh. "On-the-fly" syntax checking information may be incorrect. [D:\Work_prj\Frodokem_2026\SRC\MatrixMACSet.v:]
WARNING: [filemgmt 56-199] Attempt to get parsing info during refresh. "On-the-fly" syntax checking information may be incorrect. [D:\Work_prj\Frodokem_2026\SRC\MatrixMACSet.v:]
WARNING: [filemgmt 56-199] Attempt to get parsing info during refresh. "On-the-fly" syntax checking information may be incorrect. [D:\Work_prj\Frodokem_2026\SRC\MatrixMACSet.v:]
WARNING: [filemgmt 56-199] Attempt to get parsing info during refresh. "On-the-fly" syntax checking information may be incorrect. [D:\Work_prj\Frodokem_2026\SRC\theta.v:]
WARNING: [filemgmt 56-199] Attempt to get parsing info during refresh. "On-the-fly" syntax checking information may be incorrect. [D:\Work_prj\Frodokem_2026\Viprj\FrodoKEM\FrodoKEM.srcs\sim_1\new\TB.v:]
WARNING: [filemgmt 56-199] Attempt to get parsing info during refresh. "On-the-fly" syntax checking information may be incorrect. [D:\Work_prj\Frodokem_2026\SRC\shake.v:]
WARNING: [filemgmt 56-199] Attempt to get parsing info during refresh. "On-the-fly" syntax checking information may be incorrect. [D:\Work_prj\Frodokem_2026\SRC\MatrixMACSet.v:]
WARNING: [filemgmt 56-199] Attempt to get parsing info during refresh. "On-the-fly" syntax checking information may be incorrect. [D:\Work_prj\Frodokem_2026\SRC\shake.v:]
WARNING: [filemgmt 56-199] Attempt to get parsing info during refresh. "On-the-fly" syntax checking information may be incorrect. [D:\Work_prj\Frodokem_2026\SRC\shake.v:]
ERROR: [Common 17-180] Spawn failed: ≤Ÿ◊˜≥…π¶ÕÍ≥…°£

WARNING: [filemgmt 56-199] Attempt to get parsing info during refresh. "On-the-fly" syntax checking information may be incorrect. [D:\Work_prj\Frodokem_2026\SRC\theta.v:]
WARNING: [filemgmt 56-199] Attempt to get parsing info during refresh. "On-the-fly" syntax checking information may be incorrect. [D:\Work_prj\Frodokem_2026\Viprj\FrodoKEM\FrodoKEM.srcs\sim_1\new\TB.v:]
WARNING: [filemgmt 56-199] Attempt to get parsing info during refresh. "On-the-fly" syntax checking information may be incorrect. [D:\Work_prj\Frodokem_2026\SRC\shake.v:]
WARNING: [filemgmt 56-199] Attempt to get parsing info during refresh. "On-the-fly" syntax checking information may be incorrect. [D:\Work_prj\Frodokem_2026\SRC\MatrixMACSet.v:]
WARNING: [filemgmt 56-199] Attempt to get parsing info during refresh. "On-the-fly" syntax checking information may be incorrect. [D:\Work_prj\Frodokem_2026\SRC\theta.v:]
WARNING: [filemgmt 56-199] Attempt to get parsing info during refresh. "On-the-fly" syntax checking information may be incorrect. [D:\Work_prj\Frodokem_2026\SRC\theta.v:]
WARNING: [filemgmt 56-199] Attempt to get parsing info during refresh. "On-the-fly" syntax checking information may be incorrect. [D:\Work_prj\Frodokem_2026\SRC\theta.v:]
WARNING: [filemgmt 56-199] Attempt to get parsing info during refresh. "On-the-fly" syntax checking information may be incorrect. [D:\Work_prj\Frodokem_2026\Viprj\FrodoKEM\FrodoKEM.srcs\sim_1\new\TB.v:]
WARNING: [filemgmt 56-199] Attempt to get parsing info during refresh. "On-the-fly" syntax checking information may be incorrect. [D:\Work_prj\Frodokem_2026\SRC\shake.v:]
WARNING: [filemgmt 56-199] Attempt to get parsing info during refresh. "On-the-fly" syntax checking information may be incorrect. [D:\Work_prj\Frodokem_2026\SRC\MatrixMACSet.v:]
WARNING: [filemgmt 56-199] Attempt to get parsing info during refresh. "On-the-fly" syntax checking information may be incorrect. [D:\Work_prj\Frodokem_2026\SRC\MatrixMACSet.v:]
WARNING: [filemgmt 56-199] Attempt to get parsing info during refresh. "On-the-fly" syntax checking information may be incorrect. [D:\Work_prj\Frodokem_2026\SRC\MatrixMACSet.v:]
WARNING: [filemgmt 56-199] Attempt to get parsing info during refresh. "On-the-fly" syntax checking information may be incorrect. [D:\Work_prj\Frodokem_2026\SRC\theta.v:]
WARNING: [filemgmt 56-199] Attempt to get parsing info during refresh. "On-the-fly" syntax checking information may be incorrect. [D:\Work_prj\Frodokem_2026\Viprj\FrodoKEM\FrodoKEM.srcs\sim_1\new\TB.v:]
WARNING: [filemgmt 56-199] Attempt to get parsing info during refresh. "On-the-fly" syntax checking information may be incorrect. [D:\Work_prj\Frodokem_2026\SRC\shake.v:]
WARNING: [filemgmt 56-199] Attempt to get parsing info during refresh. "On-the-fly" syntax checking information may be incorrect. [D:\Work_prj\Frodokem_2026\SRC\MatrixMACSet.v:]
WARNING: [filemgmt 56-199] Attempt to get parsing info during refresh. "On-the-fly" syntax checking information may be incorrect. [D:\Work_prj\Frodokem_2026\SRC\shake.v:]
WARNING: [filemgmt 56-199] Attempt to get parsing info during refresh. "On-the-fly" syntax checking information may be incorrect. [D:\Work_prj\Frodokem_2026\SRC\shake.v:]
ERROR: [Common 17-180] Spawn failed: ≤Ÿ◊˜≥…π¶ÕÍ≥…°£

WARNING: [filemgmt 56-199] Attempt to get parsing info during refresh. "On-the-fly" syntax checking information may be incorrect. [D:\Work_prj\Frodokem_2026\SRC\theta.v:]
WARNING: [filemgmt 56-199] Attempt to get parsing info during refresh. "On-the-fly" syntax checking information may be incorrect. [D:\Work_prj\Frodokem_2026\Viprj\FrodoKEM\FrodoKEM.srcs\sim_1\new\TB.v:]
WARNING: [filemgmt 56-199] Attempt to get parsing info during refresh. "On-the-fly" syntax checking information may be incorrect. [D:\Work_prj\Frodokem_2026\SRC\shake.v:]
WARNING: [filemgmt 56-199] Attempt to get parsing info during refresh. "On-the-fly" syntax checking information may be incorrect. [D:\Work_prj\Frodokem_2026\SRC\MatrixMACSet.v:]
WARNING: [filemgmt 56-199] Attempt to get parsing info during refresh. "On-the-fly" syntax checking information may be incorrect. [D:\Work_prj\Frodokem_2026\SRC\theta.v:]
WARNING: [filemgmt 56-199] Attempt to get parsing info during refresh. "On-the-fly" syntax checking information may be incorrect. [D:\Work_prj\Frodokem_2026\SRC\theta.v:]
WARNING: [filemgmt 56-199] Attempt to get parsing info during refresh. "On-the-fly" syntax checking information may be incorrect. [D:\Work_prj\Frodokem_2026\SRC\theta.v:]
WARNING: [filemgmt 56-199] Attempt to get parsing info during refresh. "On-the-fly" syntax checking information may be incorrect. [D:\Work_prj\Frodokem_2026\Viprj\FrodoKEM\FrodoKEM.srcs\sim_1\new\TB.v:]
WARNING: [filemgmt 56-199] Attempt to get parsing info during refresh. "On-the-fly" syntax checking information may be incorrect. [D:\Work_prj\Frodokem_2026\SRC\shake.v:]
WARNING: [filemgmt 56-199] Attempt to get parsing info during refresh. "On-the-fly" syntax checking information may be incorrect. [D:\Work_prj\Frodokem_2026\SRC\MatrixMACSet.v:]
WARNING: [filemgmt 56-199] Attempt to get parsing info during refresh. "On-the-fly" syntax checking information may be incorrect. [D:\Work_prj\Frodokem_2026\SRC\MatrixMACSet.v:]
WARNING: [filemgmt 56-199] Attempt to get parsing info during refresh. "On-the-fly" syntax checking information may be incorrect. [D:\Work_prj\Frodokem_2026\SRC\MatrixMACSet.v:]
WARNING: [filemgmt 56-199] Attempt to get parsing info during refresh. "On-the-fly" syntax checking information may be incorrect. [D:\Work_prj\Frodokem_2026\SRC\theta.v:]
WARNING: [filemgmt 56-199] Attempt to get parsing info during refresh. "On-the-fly" syntax checking information may be incorrect. [D:\Work_prj\Frodokem_2026\Viprj\FrodoKEM\FrodoKEM.srcs\sim_1\new\TB.v:]
WARNING: [filemgmt 56-199] Attempt to get parsing info during refresh. "On-the-fly" syntax checking information may be incorrect. [D:\Work_prj\Frodokem_2026\SRC\shake.v:]
WARNING: [filemgmt 56-199] Attempt to get parsing info during refresh. "On-the-fly" syntax checking information may be incorrect. [D:\Work_prj\Frodokem_2026\SRC\MatrixMACSet.v:]
WARNING: [filemgmt 56-199] Attempt to get parsing info during refresh. "On-the-fly" syntax checking information may be incorrect. [D:\Work_prj\Frodokem_2026\SRC\shake.v:]
WARNING: [filemgmt 56-199] Attempt to get parsing info during refresh. "On-the-fly" syntax checking information may be incorrect. [D:\Work_prj\Frodokem_2026\SRC\shake.v:]
WARNING: [filemgmt 56-199] Attempt to get parsing info during refresh. "On-the-fly" syntax checking information may be incorrect. [D:\Work_prj\Frodokem_2026\SRC\theta.v:]
WARNING: [filemgmt 56-199] Attempt to get parsing info during refresh. "On-the-fly" syntax checking information may be incorrect. [D:\Work_prj\Frodokem_2026\Viprj\FrodoKEM\FrodoKEM.srcs\sim_1\new\TB.v:]
WARNING: [filemgmt 56-199] Attempt to get parsing info during refresh. "On-the-fly" syntax checking information may be incorrect. [D:\Work_prj\Frodokem_2026\SRC\shake.v:]
WARNING: [filemgmt 56-199] Attempt to get parsing info during refresh. "On-the-fly" syntax checking information may be incorrect. [D:\Work_prj\Frodokem_2026\SRC\MatrixMACSet.v:]
WARNING: [filemgmt 56-199] Attempt to get parsing info during refresh. "On-the-fly" syntax checking information may be incorrect. [D:\Work_prj\Frodokem_2026\SRC\theta.v:]
WARNING: [filemgmt 56-199] Attempt to get parsing info during refresh. "On-the-fly" syntax checking information may be incorrect. [D:\Work_prj\Frodokem_2026\SRC\theta.v:]
WARNING: [filemgmt 56-199] Attempt to get parsing info during refresh. "On-the-fly" syntax checking information may be incorrect. [D:\Work_prj\Frodokem_2026\SRC\theta.v:]
WARNING: [filemgmt 56-199] Attempt to get parsing info during refresh. "On-the-fly" syntax checking information may be incorrect. [D:\Work_prj\Frodokem_2026\Viprj\FrodoKEM\FrodoKEM.srcs\sim_1\new\TB.v:]
WARNING: [filemgmt 56-199] Attempt to get parsing info during refresh. "On-the-fly" syntax checking information may be incorrect. [D:\Work_prj\Frodokem_2026\SRC\shake.v:]
WARNING: [filemgmt 56-199] Attempt to get parsing info during refresh. "On-the-fly" syntax checking information may be incorrect. [D:\Work_prj\Frodokem_2026\SRC\MatrixMACSet.v:]
WARNING: [filemgmt 56-199] Attempt to get parsing info during refresh. "On-the-fly" syntax checking information may be incorrect. [D:\Work_prj\Frodokem_2026\SRC\shake.v:]
WARNING: [filemgmt 56-199] Attempt to get parsing info during refresh. "On-the-fly" syntax checking information may be incorrect. [D:\Work_prj\Frodokem_2026\SRC\shake.v:]
WARNING: [filemgmt 56-199] Attempt to get parsing info during refresh. "On-the-fly" syntax checking information may be incorrect. [D:\Work_prj\Frodokem_2026\SRC\theta.v:]
WARNING: [filemgmt 56-199] Attempt to get parsing info during refresh. "On-the-fly" syntax checking information may be incorrect. [D:\Work_prj\Frodokem_2026\Viprj\FrodoKEM\FrodoKEM.srcs\sim_1\new\TB.v:]
WARNING: [filemgmt 56-199] Attempt to get parsing info during refresh. "On-the-fly" syntax checking information may be incorrect. [D:\Work_prj\Frodokem_2026\SRC\shake.v:]
WARNING: [filemgmt 56-199] Attempt to get parsing info during refresh. "On-the-fly" syntax checking information may be incorrect. [D:\Work_prj\Frodokem_2026\SRC\MatrixMACSet.v:]
WARNING: [filemgmt 56-199] Attempt to get parsing info during refresh. "On-the-fly" syntax checking information may be incorrect. [D:\Work_prj\Frodokem_2026\SRC\MatrixMACSet.v:]
WARNING: [filemgmt 56-199] Attempt to get parsing info during refresh. "On-the-fly" syntax checking information may be incorrect. [D:\Work_prj\Frodokem_2026\SRC\MatrixMACSet.v:]
WARNING: [filemgmt 56-199] Attempt to get parsing info during refresh. "On-the-fly" syntax checking information may be incorrect. [D:\Work_prj\Frodokem_2026\SRC\theta.v:]
WARNING: [filemgmt 56-199] Attempt to get parsing info during refresh. "On-the-fly" syntax checking information may be incorrect. [D:\Work_prj\Frodokem_2026\Viprj\FrodoKEM\FrodoKEM.srcs\sim_1\new\TB.v:]
WARNING: [filemgmt 56-199] Attempt to get parsing info during refresh. "On-the-fly" syntax checking information may be incorrect. [D:\Work_prj\Frodokem_2026\SRC\shake.v:]
WARNING: [filemgmt 56-199] Attempt to get parsing info during refresh. "On-the-fly" syntax checking information may be incorrect. [D:\Work_prj\Frodokem_2026\SRC\MatrixMACSet.v:]
WARNING: [filemgmt 56-199] Attempt to get parsing info during refresh. "On-the-fly" syntax checking information may be incorrect. [D:\Work_prj\Frodokem_2026\SRC\shake.v:]
WARNING: [filemgmt 56-199] Attempt to get parsing info during refresh. "On-the-fly" syntax checking information may be incorrect. [D:\Work_prj\Frodokem_2026\SRC\shake.v:]
WARNING: [filemgmt 56-199] Attempt to get parsing info during refresh. "On-the-fly" syntax checking information may be incorrect. [D:\Work_prj\Frodokem_2026\SRC\theta.v:]
WARNING: [filemgmt 56-199] Attempt to get parsing info during refresh. "On-the-fly" syntax checking information may be incorrect. [D:\Work_prj\Frodokem_2026\Viprj\FrodoKEM\FrodoKEM.srcs\sim_1\new\TB.v:]
WARNING: [filemgmt 56-199] Attempt to get parsing info during refresh. "On-the-fly" syntax checking information may be incorrect. [D:\Work_prj\Frodokem_2026\SRC\shake.v:]
WARNING: [filemgmt 56-199] Attempt to get parsing info during refresh. "On-the-fly" syntax checking information may be incorrect. [D:\Work_prj\Frodokem_2026\SRC\MatrixMACSet.v:]
WARNING: [filemgmt 56-199] Attempt to get parsing info during refresh. "On-the-fly" syntax checking information may be incorrect. [D:\Work_prj\Frodokem_2026\SRC\theta.v:]
WARNING: [filemgmt 56-199] Attempt to get parsing info during refresh. "On-the-fly" syntax checking information may be incorrect. [D:\Work_prj\Frodokem_2026\SRC\theta.v:]
WARNING: [filemgmt 56-199] Attempt to get parsing info during refresh. "On-the-fly" syntax checking information may be incorrect. [D:\Work_prj\Frodokem_2026\SRC\theta.v:]
WARNING: [filemgmt 56-199] Attempt to get parsing info during refresh. "On-the-fly" syntax checking information may be incorrect. [D:\Work_prj\Frodokem_2026\Viprj\FrodoKEM\FrodoKEM.srcs\sim_1\new\TB.v:]
WARNING: [filemgmt 56-199] Attempt to get parsing info during refresh. "On-the-fly" syntax checking information may be incorrect. [D:\Work_prj\Frodokem_2026\SRC\shake.v:]
WARNING: [filemgmt 56-199] Attempt to get parsing info during refresh. "On-the-fly" syntax checking information may be incorrect. [D:\Work_prj\Frodokem_2026\SRC\MatrixMACSet.v:]
WARNING: [filemgmt 56-199] Attempt to get parsing info during refresh. "On-the-fly" syntax checking information may be incorrect. [D:\Work_prj\Frodokem_2026\SRC\MatrixMACSet.v:]
WARNING: [filemgmt 56-199] Attempt to get parsing info during refresh. "On-the-fly" syntax checking information may be incorrect. [D:\Work_prj\Frodokem_2026\SRC\MatrixMACSet.v:]
WARNING: [filemgmt 56-199] Attempt to get parsing info during refresh. "On-the-fly" syntax checking information may be incorrect. [D:\Work_prj\Frodokem_2026\SRC\theta.v:]
WARNING: [filemgmt 56-199] Attempt to get parsing info during refresh. "On-the-fly" syntax checking information may be incorrect. [D:\Work_prj\Frodokem_2026\Viprj\FrodoKEM\FrodoKEM.srcs\sim_1\new\TB.v:]
WARNING: [filemgmt 56-199] Attempt to get parsing info during refresh. "On-the-fly" syntax checking information may be incorrect. [D:\Work_prj\Frodokem_2026\SRC\shake.v:]
WARNING: [filemgmt 56-199] Attempt to get parsing info during refresh. "On-the-fly" syntax checking information may be incorrect. [D:\Work_prj\Frodokem_2026\SRC\MatrixMACSet.v:]
WARNING: [filemgmt 56-199] Attempt to get parsing info during refresh. "On-the-fly" syntax checking information may be incorrect. [D:\Work_prj\Frodokem_2026\SRC\theta.v:]
WARNING: [filemgmt 56-199] Attempt to get parsing info during refresh. "On-the-fly" syntax checking information may be incorrect. [D:\Work_prj\Frodokem_2026\SRC\theta.v:]
WARNING: [filemgmt 56-199] Attempt to get parsing info during refresh. "On-the-fly" syntax checking information may be incorrect. [D:\Work_prj\Frodokem_2026\SRC\theta.v:]
WARNING: [filemgmt 56-199] Attempt to get parsing info during refresh. "On-the-fly" syntax checking information may be incorrect. [D:\Work_prj\Frodokem_2026\Viprj\FrodoKEM\FrodoKEM.srcs\sim_1\new\TB.v:]
WARNING: [filemgmt 56-199] Attempt to get parsing info during refresh. "On-the-fly" syntax checking information may be incorrect. [D:\Work_prj\Frodokem_2026\SRC\shake.v:]
WARNING: [filemgmt 56-199] Attempt to get parsing info during refresh. "On-the-fly" syntax checking information may be incorrect. [D:\Work_prj\Frodokem_2026\SRC\MatrixMACSet.v:]
WARNING: [filemgmt 56-199] Attempt to get parsing info during refresh. "On-the-fly" syntax checking information may be incorrect. [D:\Work_prj\Frodokem_2026\SRC\shake.v:]
WARNING: [filemgmt 56-199] Attempt to get parsing info during refresh. "On-the-fly" syntax checking information may be incorrect. [D:\Work_prj\Frodokem_2026\SRC\shake.v:]
WARNING: [filemgmt 56-199] Attempt to get parsing info during refresh. "On-the-fly" syntax checking information may be incorrect. [D:\Work_prj\Frodokem_2026\SRC\theta.v:]
WARNING: [filemgmt 56-199] Attempt to get parsing info during refresh. "On-the-fly" syntax checking information may be incorrect. [D:\Work_prj\Frodokem_2026\Viprj\FrodoKEM\FrodoKEM.srcs\sim_1\new\TB.v:]
WARNING: [filemgmt 56-199] Attempt to get parsing info during refresh. "On-the-fly" syntax checking information may be incorrect. [D:\Work_prj\Frodokem_2026\SRC\shake.v:]
WARNING: [filemgmt 56-199] Attempt to get parsing info during refresh. "On-the-fly" syntax checking information may be incorrect. [D:\Work_prj\Frodokem_2026\SRC\MatrixMACSet.v:]
WARNING: [filemgmt 56-199] Attempt to get parsing info during refresh. "On-the-fly" syntax checking information may be incorrect. [D:\Work_prj\Frodokem_2026\Viprj\FrodoKEM\FrodoKEM.srcs\sim_1\new\TB.v:]
WARNING: [filemgmt 56-199] Attempt to get parsing info during refresh. "On-the-fly" syntax checking information may be incorrect. [D:\Work_prj\Frodokem_2026\Viprj\FrodoKEM\FrodoKEM.srcs\sim_1\new\TB.v:]
relaunch_sim
Command: launch_simulation -step compile -simset sim_1 -mode behavioral
INFO: [Vivado 12-12493] Simulation top is 'tb_Frodo_top'
INFO: [Vivado 12-5682] Launching behavioral simulation in 'D:/Work_prj/Frodokem_2026/Viprj/FrodoKEM/FrodoKEM.sim/sim_1/behav/xsim'
INFO: [SIM-utils-51] Simulation object is 'sim_1'
INFO: [USF-XSim-2] XSim::Compile design
INFO: [USF-XSim-61] Executing 'COMPILE and ANALYZE' step in 'D:/Work_prj/Frodokem_2026/Viprj/FrodoKEM/FrodoKEM.sim/sim_1/behav/xsim'
"xvlog --incr --relax -prj tb_Frodo_top_vlog.prj"
INFO: [VRFC 10-2263] Analyzing Verilog file "D:/Work_prj/Frodokem_2026/SRC/AddrGenUnit.v" into library xil_defaultlib
INFO: [VRFC 10-311] analyzing module AddrGenUnit
INFO: [VRFC 10-2263] Analyzing Verilog file "D:/Work_prj/Frodokem_2026/SRC/DecodeSet.v" into library xil_defaultlib
INFO: [VRFC 10-311] analyzing module DecodeSet
INFO: [VRFC 10-2263] Analyzing Verilog file "D:/Work_prj/Frodokem_2026/SRC/EncodeSet.v" into library xil_defaultlib
INFO: [VRFC 10-311] analyzing module EncodeSet
INFO: [VRFC 10-2263] Analyzing Verilog file "D:/Work_prj/Frodokem_2026/SRC/Frodo_top.v" into library xil_defaultlib
INFO: [VRFC 10-311] analyzing module Frodo_top
INFO: [VRFC 10-2263] Analyzing Verilog file "D:/Work_prj/Frodokem_2026/SRC/InstDecoder.v" into library xil_defaultlib
INFO: [VRFC 10-311] analyzing module instDecoder
INFO: [VRFC 10-2263] Analyzing Verilog file "D:/Work_prj/Frodokem_2026/SRC/MatrixAddSet.v" into library xil_defaultlib
INFO: [VRFC 10-311] analyzing module MatrixAddSet
INFO: [VRFC 10-2263] Analyzing Verilog file "D:/Work_prj/Frodokem_2026/SRC/MatrixMACSet.v" into library xil_defaultlib
INFO: [VRFC 10-311] analyzing module MatrixMACSet
INFO: [VRFC 10-2263] Analyzing Verilog file "D:/Work_prj/Frodokem_2026/SRC/MatrixMulAddSet.v" into library xil_defaultlib
INFO: [VRFC 10-311] analyzing module MatrixMulAddSet
INFO: [VRFC 10-2263] Analyzing Verilog file "D:/Work_prj/Frodokem_2026/SRC/MatrixSubSet.v" into library xil_defaultlib
INFO: [VRFC 10-311] analyzing module MatrixSubSet
INFO: [VRFC 10-2263] Analyzing Verilog file "D:/Work_prj/Frodokem_2026/SRC/PackSet.v" into library xil_defaultlib
INFO: [VRFC 10-311] analyzing module PackSet
INFO: [VRFC 10-2263] Analyzing Verilog file "D:/Work_prj/Frodokem_2026/SRC/RAM _Arbitration.v" into library xil_defaultlib
INFO: [VRFC 10-311] analyzing module RAM_Arbitration
INFO: [VRFC 10-2263] Analyzing Verilog file "D:/Work_prj/Frodokem_2026/SRC/shake.v" into library xil_defaultlib
INFO: [VRFC 10-311] analyzing module SHAKE
WARNING: [VRFC 10-3380] identifier 'CS' is used before its declaration [D:/Work_prj/Frodokem_2026/SRC/shake.v:64]
INFO: [VRFC 10-2263] Analyzing Verilog file "D:/Work_prj/Frodokem_2026/SRC/SampleMatrixSet.v" into library xil_defaultlib
INFO: [VRFC 10-311] analyzing module SampleMatrixSet
INFO: [VRFC 10-2263] Analyzing Verilog file "D:/Work_prj/Frodokem_2026/SRC/UnpackSet.v" into library xil_defaultlib
INFO: [VRFC 10-311] analyzing module UnpackSet
INFO: [VRFC 10-2263] Analyzing Verilog file "D:/Work_prj/Frodokem_2026/SRC/bidirectional_fifo.v" into library xil_defaultlib
INFO: [VRFC 10-311] analyzing module bidirectional_fifo
INFO: [VRFC 10-2263] Analyzing Verilog file "D:/Work_prj/Frodokem_2026/SRC/control.v" into library xil_defaultlib
INFO: [VRFC 10-311] analyzing module control
WARNING: [VRFC 10-3248] data object 'maccnt0' is already declared [D:/Work_prj/Frodokem_2026/SRC/control.v:1003]
WARNING: [VRFC 10-9364] second declaration of 'maccnt0' is ignored [D:/Work_prj/Frodokem_2026/SRC/control.v:1003]
WARNING: [VRFC 10-3380] identifier 'sqzout64_en' is used before its declaration [D:/Work_prj/Frodokem_2026/SRC/control.v:118]
WARNING: [VRFC 10-3380] identifier 'fifo64outval' is used before its declaration [D:/Work_prj/Frodokem_2026/SRC/control.v:484]
WARNING: [VRFC 10-3380] identifier 'pingpangflag' is used before its declaration [D:/Work_prj/Frodokem_2026/SRC/control.v:943]
ERROR: [VRFC 10-2989] 'DO_vaild' is not declared [D:/Work_prj/Frodokem_2026/SRC/control.v:1061]
ERROR: [VRFC 10-2989] 'DO_vaild' is not declared [D:/Work_prj/Frodokem_2026/SRC/control.v:1063]
ERROR: [VRFC 10-8530] module 'control' is ignored due to previous errors [D:/Work_prj/Frodokem_2026/SRC/control.v:3]
INFO: [USF-XSim-69] 'compile' step finished in '2' seconds
INFO: [USF-XSim-99] Step results log file:'D:/Work_prj/Frodokem_2026/Viprj/FrodoKEM/FrodoKEM.sim/sim_1/behav/xsim/xvlog.log'
ERROR: [USF-XSim-62] 'compile' step failed with error(s). Please check the Tcl console output or 'D:/Work_prj/Frodokem_2026/Viprj/FrodoKEM/FrodoKEM.sim/sim_1/behav/xsim/xvlog.log' file for more information.
ERROR: [Vivado 12-4473] Detected error while running simulation. Please correct the issue and retry this operation.
ERROR: [Common 17-39] 'launch_simulation' failed due to earlier errors.
ERROR: [Common 17-69] Command failed: ERROR: [Common 17-39] 'launch_simulation' failed due to earlier errors.

relaunch_sim
Command: launch_simulation -step compile -simset sim_1 -mode behavioral
INFO: [Vivado 12-12493] Simulation top is 'tb_Frodo_top'
INFO: [Vivado 12-5682] Launching behavioral simulation in 'D:/Work_prj/Frodokem_2026/Viprj/FrodoKEM/FrodoKEM.sim/sim_1/behav/xsim'
INFO: [SIM-utils-51] Simulation object is 'sim_1'
INFO: [USF-XSim-2] XSim::Compile design
INFO: [USF-XSim-61] Executing 'COMPILE and ANALYZE' step in 'D:/Work_prj/Frodokem_2026/Viprj/FrodoKEM/FrodoKEM.sim/sim_1/behav/xsim'
"xvlog --incr --relax -prj tb_Frodo_top_vlog.prj"
INFO: [VRFC 10-2263] Analyzing Verilog file "D:/Work_prj/Frodokem_2026/SRC/AddrGenUnit.v" into library xil_defaultlib
INFO: [VRFC 10-311] analyzing module AddrGenUnit
INFO: [VRFC 10-2263] Analyzing Verilog file "D:/Work_prj/Frodokem_2026/SRC/DecodeSet.v" into library xil_defaultlib
INFO: [VRFC 10-311] analyzing module DecodeSet
INFO: [VRFC 10-2263] Analyzing Verilog file "D:/Work_prj/Frodokem_2026/SRC/EncodeSet.v" into library xil_defaultlib
INFO: [VRFC 10-311] analyzing module EncodeSet
INFO: [VRFC 10-2263] Analyzing Verilog file "D:/Work_prj/Frodokem_2026/SRC/Frodo_top.v" into library xil_defaultlib
INFO: [VRFC 10-311] analyzing module Frodo_top
INFO: [VRFC 10-2263] Analyzing Verilog file "D:/Work_prj/Frodokem_2026/SRC/InstDecoder.v" into library xil_defaultlib
INFO: [VRFC 10-311] analyzing module instDecoder
INFO: [VRFC 10-2263] Analyzing Verilog file "D:/Work_prj/Frodokem_2026/SRC/MatrixAddSet.v" into library xil_defaultlib
INFO: [VRFC 10-311] analyzing module MatrixAddSet
INFO: [VRFC 10-2263] Analyzing Verilog file "D:/Work_prj/Frodokem_2026/SRC/MatrixMACSet.v" into library xil_defaultlib
INFO: [VRFC 10-311] analyzing module MatrixMACSet
INFO: [VRFC 10-2263] Analyzing Verilog file "D:/Work_prj/Frodokem_2026/SRC/MatrixMulAddSet.v" into library xil_defaultlib
INFO: [VRFC 10-311] analyzing module MatrixMulAddSet
INFO: [VRFC 10-2263] Analyzing Verilog file "D:/Work_prj/Frodokem_2026/SRC/MatrixSubSet.v" into library xil_defaultlib
INFO: [VRFC 10-311] analyzing module MatrixSubSet
INFO: [VRFC 10-2263] Analyzing Verilog file "D:/Work_prj/Frodokem_2026/SRC/PackSet.v" into library xil_defaultlib
INFO: [VRFC 10-311] analyzing module PackSet
INFO: [VRFC 10-2263] Analyzing Verilog file "D:/Work_prj/Frodokem_2026/SRC/RAM _Arbitration.v" into library xil_defaultlib
INFO: [VRFC 10-311] analyzing module RAM_Arbitration
INFO: [VRFC 10-2263] Analyzing Verilog file "D:/Work_prj/Frodokem_2026/SRC/shake.v" into library xil_defaultlib
INFO: [VRFC 10-311] analyzing module SHAKE
WARNING: [VRFC 10-3380] identifier 'CS' is used before its declaration [D:/Work_prj/Frodokem_2026/SRC/shake.v:64]
INFO: [VRFC 10-2263] Analyzing Verilog file "D:/Work_prj/Frodokem_2026/SRC/SampleMatrixSet.v" into library xil_defaultlib
INFO: [VRFC 10-311] analyzing module SampleMatrixSet
INFO: [VRFC 10-2263] Analyzing Verilog file "D:/Work_prj/Frodokem_2026/SRC/UnpackSet.v" into library xil_defaultlib
INFO: [VRFC 10-311] analyzing module UnpackSet
INFO: [VRFC 10-2263] Analyzing Verilog file "D:/Work_prj/Frodokem_2026/SRC/bidirectional_fifo.v" into library xil_defaultlib
INFO: [VRFC 10-311] analyzing module bidirectional_fifo
INFO: [VRFC 10-2263] Analyzing Verilog file "D:/Work_prj/Frodokem_2026/SRC/control.v" into library xil_defaultlib
INFO: [VRFC 10-311] analyzing module control
WARNING: [VRFC 10-3248] data object 'maccnt0' is already declared [D:/Work_prj/Frodokem_2026/SRC/control.v:1003]
WARNING: [VRFC 10-9364] second declaration of 'maccnt0' is ignored [D:/Work_prj/Frodokem_2026/SRC/control.v:1003]
WARNING: [VRFC 10-3380] identifier 'sqzout64_en' is used before its declaration [D:/Work_prj/Frodokem_2026/SRC/control.v:118]
WARNING: [VRFC 10-3380] identifier 'fifo64outval' is used before its declaration [D:/Work_prj/Frodokem_2026/SRC/control.v:484]
WARNING: [VRFC 10-3380] identifier 'pingpangflag' is used before its declaration [D:/Work_prj/Frodokem_2026/SRC/control.v:943]
INFO: [VRFC 10-2263] Analyzing Verilog file "D:/Work_prj/Frodokem_2026/dram448_r.v" into library xil_defaultlib
INFO: [VRFC 10-311] analyzing module dram448_r
INFO: [VRFC 10-2263] Analyzing Verilog file "D:/Work_prj/Frodokem_2026/dram64_r.v" into library xil_defaultlib
INFO: [VRFC 10-311] analyzing module dram64_r
INFO: [VRFC 10-2263] Analyzing Verilog file "D:/Work_prj/Frodokem_2026/dual_ram.v" into library xil_defaultlib
INFO: [VRFC 10-311] analyzing module dual_ram
INFO: [VRFC 10-2263] Analyzing Verilog file "D:/Work_prj/Frodokem_2026/dual_ram_asyn.v" into library xil_defaultlib
INFO: [VRFC 10-311] analyzing module dual_ram_asyn
INFO: [VRFC 10-2263] Analyzing Verilog file "D:/Work_prj/Frodokem_2026/SRC/roundmod.v" into library xil_defaultlib
INFO: [VRFC 10-311] analyzing module roundmod
INFO: [VRFC 10-2263] Analyzing Verilog file "D:/Work_prj/Frodokem_2026/SRC/theta.v" into library xil_defaultlib
INFO: [VRFC 10-311] analyzing module theta
INFO: [VRFC 10-2263] Analyzing Verilog file "D:/Work_prj/Frodokem_2026/SRC/thopichiiota.v" into library xil_defaultlib
INFO: [VRFC 10-311] analyzing module thopichiiota
INFO: [VRFC 10-2263] Analyzing Verilog file "D:/Work_prj/Frodokem_2026/Viprj/FrodoKEM/FrodoKEM.srcs/sim_1/new/TB.v" into library xil_defaultlib
INFO: [VRFC 10-311] analyzing module tb_Frodo_top
INFO: [USF-XSim-69] 'compile' step finished in '3' seconds
Command: launch_simulation -step elaborate -simset sim_1 -mode behavioral
INFO: [Vivado 12-12493] Simulation top is 'tb_Frodo_top'
INFO: [Vivado 12-5682] Launching behavioral simulation in 'D:/Work_prj/Frodokem_2026/Viprj/FrodoKEM/FrodoKEM.sim/sim_1/behav/xsim'
INFO: [SIM-utils-51] Simulation object is 'sim_1'
INFO: [USF-XSim-3] XSim::Elaborate design
INFO: [USF-XSim-61] Executing 'ELABORATE' step in 'D:/Work_prj/Frodokem_2026/Viprj/FrodoKEM/FrodoKEM.sim/sim_1/behav/xsim'
"xelab --incr --debug typical --relax --mt 2 -L xil_defaultlib -L unisims_ver -L unimacro_ver -L secureip -L xpm --snapshot tb_Frodo_top_behav xil_defaultlib.tb_Frodo_top xil_defaultlib.glbl -log elaborate.log"
Vivado Simulator v2025.1.0
Copyright 1986-2022 Xilinx, Inc. All Rights Reserved.
Copyright 2022-2025 Advanced Micro Devices, Inc. All Rights Reserved.
Running: D:/Xlinx/2025.1/Vivado/bin/unwrapped/win64.o/xelab.exe --incr --debug typical --relax --mt 2 -L xil_defaultlib -L unisims_ver -L unimacro_ver -L secureip -L xpm --snapshot tb_Frodo_top_behav xil_defaultlib.tb_Frodo_top xil_defaultlib.glbl -log elaborate.log 
Using 2 slave threads.
Starting static elaboration
Pass Through NonSizing Optimizer
WARNING: [VRFC 10-3091] actual bit length 1 differs from formal bit length 9 for port 'sqz_cnt' [D:/Work_prj/Frodokem_2026/SRC/Frodo_top.v:843]
WARNING: [VRFC 10-3091] actual bit length 1 differs from formal bit length 4 for port 'prefixe_out' [D:/Work_prj/Frodokem_2026/SRC/Frodo_top.v:886]
WARNING: [VRFC 10-3705] select index 31 into 'mem' is out of bounds [D:/Work_prj/Frodokem_2026/dual_ram_asyn.v:63]
WARNING: [VRFC 10-3705] select index 63 into 'mem' is out of bounds [D:/Work_prj/Frodokem_2026/dual_ram_asyn.v:64]
WARNING: [VRFC 10-3705] select index 23 into 'mem' is out of bounds [D:/Work_prj/Frodokem_2026/dual_ram_asyn.v:69]
WARNING: [VRFC 10-3705] select index 31 into 'mem' is out of bounds [D:/Work_prj/Frodokem_2026/dual_ram_asyn.v:70]
WARNING: [VRFC 10-3705] select index 39 into 'mem' is out of bounds [D:/Work_prj/Frodokem_2026/dual_ram_asyn.v:71]
WARNING: [VRFC 10-3705] select index 47 into 'mem' is out of bounds [D:/Work_prj/Frodokem_2026/dual_ram_asyn.v:72]
WARNING: [VRFC 10-3705] select index 55 into 'mem' is out of bounds [D:/Work_prj/Frodokem_2026/dual_ram_asyn.v:73]
WARNING: [VRFC 10-3705] select index 63 into 'mem' is out of bounds [D:/Work_prj/Frodokem_2026/dual_ram_asyn.v:74]
WARNING: [VRFC 10-3705] select index 31 into 'mem' is out of bounds [D:/Work_prj/Frodokem_2026/dual_ram_asyn.v:91]
WARNING: [VRFC 10-3705] select index 63 into 'mem' is out of bounds [D:/Work_prj/Frodokem_2026/dual_ram_asyn.v:92]
WARNING: [VRFC 10-3705] select index 23 into 'mem' is out of bounds [D:/Work_prj/Frodokem_2026/dual_ram_asyn.v:97]
WARNING: [VRFC 10-3705] select index 31 into 'mem' is out of bounds [D:/Work_prj/Frodokem_2026/dual_ram_asyn.v:98]
WARNING: [VRFC 10-3705] select index 39 into 'mem' is out of bounds [D:/Work_prj/Frodokem_2026/dual_ram_asyn.v:99]
WARNING: [VRFC 10-3705] select index 47 into 'mem' is out of bounds [D:/Work_prj/Frodokem_2026/dual_ram_asyn.v:100]
WARNING: [VRFC 10-3705] select index 55 into 'mem' is out of bounds [D:/Work_prj/Frodokem_2026/dual_ram_asyn.v:101]
WARNING: [VRFC 10-3705] select index 63 into 'mem' is out of bounds [D:/Work_prj/Frodokem_2026/dual_ram_asyn.v:102]
WARNING: [VRFC 10-3705] select index 63 into 'mem' is out of bounds [D:/Work_prj/Frodokem_2026/dual_ram.v:61]
WARNING: [VRFC 10-3705] select index 39 into 'mem' is out of bounds [D:/Work_prj/Frodokem_2026/dual_ram.v:68]
WARNING: [VRFC 10-3705] select index 47 into 'mem' is out of bounds [D:/Work_prj/Frodokem_2026/dual_ram.v:69]
WARNING: [VRFC 10-3705] select index 55 into 'mem' is out of bounds [D:/Work_prj/Frodokem_2026/dual_ram.v:70]
WARNING: [VRFC 10-3705] select index 63 into 'mem' is out of bounds [D:/Work_prj/Frodokem_2026/dual_ram.v:71]
WARNING: [VRFC 10-3705] select index 63 into 'mem' is out of bounds [D:/Work_prj/Frodokem_2026/dual_ram.v:89]
WARNING: [VRFC 10-3705] select index 39 into 'mem' is out of bounds [D:/Work_prj/Frodokem_2026/dual_ram.v:96]
WARNING: [VRFC 10-3705] select index 47 into 'mem' is out of bounds [D:/Work_prj/Frodokem_2026/dual_ram.v:97]
WARNING: [VRFC 10-3705] select index 55 into 'mem' is out of bounds [D:/Work_prj/Frodokem_2026/dual_ram.v:98]
WARNING: [VRFC 10-3705] select index 63 into 'mem' is out of bounds [D:/Work_prj/Frodokem_2026/dual_ram.v:99]
Completed static elaboration
Starting simulation data flow analysis
Completed simulation data flow analysis
Time Resolution for simulation is 1ps
Compiling module xil_defaultlib.SampleMatrixSet_default
Compiling module xil_defaultlib.bidirectional_fifo
Compiling module xil_defaultlib.theta
Compiling module xil_defaultlib.thopichiiota
Compiling module xil_defaultlib.SHAKE
Compiling module xil_defaultlib.PackSet
Compiling module xil_defaultlib.UnpackSet
Compiling module xil_defaultlib.roundmod_default
Compiling module xil_defaultlib.roundmod(B=3,Q=16)
Compiling module xil_defaultlib.roundmod(B=4,Q=16)
Compiling module xil_defaultlib.DecodeSet_default
Compiling module xil_defaultlib.EncodeSet
Compiling module xil_defaultlib.dram64_r(MEM_DEPTH=3000,HEX_FILE...
Compiling module xil_defaultlib.dram64_r(MEM_DEPTH=3000,HEX_FILE...
Compiling module xil_defaultlib.dram448_r(HEX_FILE="D:/Work_prj/...
Compiling module xil_defaultlib.MatrixAddSet_default
Compiling module xil_defaultlib.MatrixMACSet_default
Compiling module xil_defaultlib.MatrixMulAddSet_default
Compiling module xil_defaultlib.MatrixSubSet_default
Compiling module xil_defaultlib.dual_ram_asyn(ADDR_WIDTH=6,DATA_...
Compiling module xil_defaultlib.dual_ram(ADDR_WIDTH=10,DATA_WIDT...
Compiling module xil_defaultlib.instDecoder
Compiling module xil_defaultlib.RAM_Arbitration
Compiling module xil_defaultlib.AddrGenUnit
Compiling module xil_defaultlib.control
Compiling module xil_defaultlib.Frodo_top
Compiling module xil_defaultlib.tb_Frodo_top
Compiling module xil_defaultlib.glbl
Built simulation snapshot tb_Frodo_top_behav
run_program: Time (s): cpu = 00:00:00 ; elapsed = 00:00:07 . Memory (MB): peak = 3740.859 ; gain = 0.000
INFO: [USF-XSim-69] 'elaborate' step finished in '7' seconds
launch_simulation: Time (s): cpu = 00:00:00 ; elapsed = 00:00:08 . Memory (MB): peak = 3740.859 ; gain = 0.000
Time resolution is 1 ps
WARNING: Too many words specified in data file D:/Work_prj/Frodokem_2026/TB/RAM64a.hex
WARNING: Too many words specified in data file D:/Work_prj/Frodokem_2026/TB/RAM64b.hex
oneinstdone detected at               235000
mem dumped to D:/Work_prj/Frodokem_2026/TB/RAM64aout.hex at time=255000
mem dumped to D:/Work_prj/Frodokem_2026/TB/RAM64bout.hex at time=255000
mem dumped to D:/Work_prj/Frodokem_2026/TB/RAM448out.hex at time=255000
relaunch_sim: Time (s): cpu = 00:00:00 ; elapsed = 00:00:12 . Memory (MB): peak = 3740.859 ; gain = 0.000
current_wave_config {tb_Frodo_top_behav.wcfg}
tb_Frodo_top_behav.wcfg
add_wave {{/tb_Frodo_top/dut/valid}} 
current_wave_config {tb_Frodo_top_behav.wcfg}
tb_Frodo_top_behav.wcfg
add_wave {{/tb_Frodo_top/dut/ram64b/dout_a}} 
current_wave_config {tb_Frodo_top_behav.wcfg}
tb_Frodo_top_behav.wcfg
add_wave {{/tb_Frodo_top/dut/u_control/u_instDecoder/prefixb}} 
current_wave_config {tb_Frodo_top_behav.wcfg}
tb_Frodo_top_behav.wcfg
add_wave {{/tb_Frodo_top/dut/u_control/u_instDecoder/prefixa}} 
current_wave_config {tb_Frodo_top_behav.wcfg}
tb_Frodo_top_behav.wcfg
add_wave {{/tb_Frodo_top/dut/u_control/DO_valid}} 
relaunch_sim
Command: launch_simulation -step compile -simset sim_1 -mode behavioral
INFO: [Vivado 12-12493] Simulation top is 'tb_Frodo_top'
INFO: [Vivado 12-5682] Launching behavioral simulation in 'D:/Work_prj/Frodokem_2026/Viprj/FrodoKEM/FrodoKEM.sim/sim_1/behav/xsim'
INFO: [SIM-utils-51] Simulation object is 'sim_1'
INFO: [USF-XSim-2] XSim::Compile design
INFO: [USF-XSim-61] Executing 'COMPILE and ANALYZE' step in 'D:/Work_prj/Frodokem_2026/Viprj/FrodoKEM/FrodoKEM.sim/sim_1/behav/xsim'
"xvlog --incr --relax -prj tb_Frodo_top_vlog.prj"
INFO: [VRFC 10-2263] Analyzing Verilog file "D:/Work_prj/Frodokem_2026/SRC/AddrGenUnit.v" into library xil_defaultlib
INFO: [VRFC 10-311] analyzing module AddrGenUnit
INFO: [VRFC 10-2263] Analyzing Verilog file "D:/Work_prj/Frodokem_2026/SRC/DecodeSet.v" into library xil_defaultlib
INFO: [VRFC 10-311] analyzing module DecodeSet
INFO: [VRFC 10-2263] Analyzing Verilog file "D:/Work_prj/Frodokem_2026/SRC/EncodeSet.v" into library xil_defaultlib
INFO: [VRFC 10-311] analyzing module EncodeSet
INFO: [VRFC 10-2263] Analyzing Verilog file "D:/Work_prj/Frodokem_2026/SRC/Frodo_top.v" into library xil_defaultlib
INFO: [VRFC 10-311] analyzing module Frodo_top
INFO: [VRFC 10-2263] Analyzing Verilog file "D:/Work_prj/Frodokem_2026/SRC/InstDecoder.v" into library xil_defaultlib
INFO: [VRFC 10-311] analyzing module instDecoder
INFO: [VRFC 10-2263] Analyzing Verilog file "D:/Work_prj/Frodokem_2026/SRC/MatrixAddSet.v" into library xil_defaultlib
INFO: [VRFC 10-311] analyzing module MatrixAddSet
INFO: [VRFC 10-2263] Analyzing Verilog file "D:/Work_prj/Frodokem_2026/SRC/MatrixMACSet.v" into library xil_defaultlib
INFO: [VRFC 10-311] analyzing module MatrixMACSet
INFO: [VRFC 10-2263] Analyzing Verilog file "D:/Work_prj/Frodokem_2026/SRC/MatrixMulAddSet.v" into library xil_defaultlib
INFO: [VRFC 10-311] analyzing module MatrixMulAddSet
INFO: [VRFC 10-2263] Analyzing Verilog file "D:/Work_prj/Frodokem_2026/SRC/MatrixSubSet.v" into library xil_defaultlib
INFO: [VRFC 10-311] analyzing module MatrixSubSet
INFO: [VRFC 10-2263] Analyzing Verilog file "D:/Work_prj/Frodokem_2026/SRC/PackSet.v" into library xil_defaultlib
INFO: [VRFC 10-311] analyzing module PackSet
INFO: [VRFC 10-2263] Analyzing Verilog file "D:/Work_prj/Frodokem_2026/SRC/RAM _Arbitration.v" into library xil_defaultlib
INFO: [VRFC 10-311] analyzing module RAM_Arbitration
INFO: [VRFC 10-2263] Analyzing Verilog file "D:/Work_prj/Frodokem_2026/SRC/shake.v" into library xil_defaultlib
INFO: [VRFC 10-311] analyzing module SHAKE
WARNING: [VRFC 10-3380] identifier 'CS' is used before its declaration [D:/Work_prj/Frodokem_2026/SRC/shake.v:64]
INFO: [VRFC 10-2263] Analyzing Verilog file "D:/Work_prj/Frodokem_2026/SRC/SampleMatrixSet.v" into library xil_defaultlib
INFO: [VRFC 10-311] analyzing module SampleMatrixSet
INFO: [VRFC 10-2263] Analyzing Verilog file "D:/Work_prj/Frodokem_2026/SRC/UnpackSet.v" into library xil_defaultlib
INFO: [VRFC 10-311] analyzing module UnpackSet
INFO: [VRFC 10-2263] Analyzing Verilog file "D:/Work_prj/Frodokem_2026/SRC/bidirectional_fifo.v" into library xil_defaultlib
INFO: [VRFC 10-311] analyzing module bidirectional_fifo
INFO: [VRFC 10-2263] Analyzing Verilog file "D:/Work_prj/Frodokem_2026/SRC/control.v" into library xil_defaultlib
INFO: [VRFC 10-311] analyzing module control
WARNING: [VRFC 10-3248] data object 'maccnt0' is already declared [D:/Work_prj/Frodokem_2026/SRC/control.v:1003]
WARNING: [VRFC 10-9364] second declaration of 'maccnt0' is ignored [D:/Work_prj/Frodokem_2026/SRC/control.v:1003]
WARNING: [VRFC 10-3380] identifier 'sqzout64_en' is used before its declaration [D:/Work_prj/Frodokem_2026/SRC/control.v:118]
WARNING: [VRFC 10-3380] identifier 'fifo64outval' is used before its declaration [D:/Work_prj/Frodokem_2026/SRC/control.v:484]
WARNING: [VRFC 10-3380] identifier 'pingpangflag' is used before its declaration [D:/Work_prj/Frodokem_2026/SRC/control.v:943]
INFO: [VRFC 10-2263] Analyzing Verilog file "D:/Work_prj/Frodokem_2026/dram448_r.v" into library xil_defaultlib
INFO: [VRFC 10-311] analyzing module dram448_r
INFO: [VRFC 10-2263] Analyzing Verilog file "D:/Work_prj/Frodokem_2026/dram64_r.v" into library xil_defaultlib
INFO: [VRFC 10-311] analyzing module dram64_r
INFO: [VRFC 10-2263] Analyzing Verilog file "D:/Work_prj/Frodokem_2026/dual_ram.v" into library xil_defaultlib
INFO: [VRFC 10-311] analyzing module dual_ram
INFO: [VRFC 10-2263] Analyzing Verilog file "D:/Work_prj/Frodokem_2026/dual_ram_asyn.v" into library xil_defaultlib
INFO: [VRFC 10-311] analyzing module dual_ram_asyn
INFO: [VRFC 10-2263] Analyzing Verilog file "D:/Work_prj/Frodokem_2026/SRC/roundmod.v" into library xil_defaultlib
INFO: [VRFC 10-311] analyzing module roundmod
INFO: [VRFC 10-2263] Analyzing Verilog file "D:/Work_prj/Frodokem_2026/SRC/theta.v" into library xil_defaultlib
INFO: [VRFC 10-311] analyzing module theta
INFO: [VRFC 10-2263] Analyzing Verilog file "D:/Work_prj/Frodokem_2026/SRC/thopichiiota.v" into library xil_defaultlib
INFO: [VRFC 10-311] analyzing module thopichiiota
INFO: [VRFC 10-2263] Analyzing Verilog file "D:/Work_prj/Frodokem_2026/Viprj/FrodoKEM/FrodoKEM.srcs/sim_1/new/TB.v" into library xil_defaultlib
INFO: [VRFC 10-311] analyzing module tb_Frodo_top
INFO: [USF-XSim-69] 'compile' step finished in '3' seconds
Command: launch_simulation -step elaborate -simset sim_1 -mode behavioral
INFO: [Vivado 12-12493] Simulation top is 'tb_Frodo_top'
INFO: [Vivado 12-5682] Launching behavioral simulation in 'D:/Work_prj/Frodokem_2026/Viprj/FrodoKEM/FrodoKEM.sim/sim_1/behav/xsim'
INFO: [SIM-utils-51] Simulation object is 'sim_1'
INFO: [USF-XSim-3] XSim::Elaborate design
INFO: [USF-XSim-61] Executing 'ELABORATE' step in 'D:/Work_prj/Frodokem_2026/Viprj/FrodoKEM/FrodoKEM.sim/sim_1/behav/xsim'
"xelab --incr --debug typical --relax --mt 2 -L xil_defaultlib -L unisims_ver -L unimacro_ver -L secureip -L xpm --snapshot tb_Frodo_top_behav xil_defaultlib.tb_Frodo_top xil_defaultlib.glbl -log elaborate.log"
Vivado Simulator v2025.1.0
Copyright 1986-2022 Xilinx, Inc. All Rights Reserved.
Copyright 2022-2025 Advanced Micro Devices, Inc. All Rights Reserved.
Running: D:/Xlinx/2025.1/Vivado/bin/unwrapped/win64.o/xelab.exe --incr --debug typical --relax --mt 2 -L xil_defaultlib -L unisims_ver -L unimacro_ver -L secureip -L xpm --snapshot tb_Frodo_top_behav xil_defaultlib.tb_Frodo_top xil_defaultlib.glbl -log elaborate.log 
Using 2 slave threads.
Starting static elaboration
Pass Through NonSizing Optimizer
WARNING: [VRFC 10-3091] actual bit length 1 differs from formal bit length 9 for port 'sqz_cnt' [D:/Work_prj/Frodokem_2026/SRC/Frodo_top.v:843]
WARNING: [VRFC 10-3091] actual bit length 1 differs from formal bit length 4 for port 'prefixe_out' [D:/Work_prj/Frodokem_2026/SRC/Frodo_top.v:886]
WARNING: [VRFC 10-3705] select index 31 into 'mem' is out of bounds [D:/Work_prj/Frodokem_2026/dual_ram_asyn.v:63]
WARNING: [VRFC 10-3705] select index 63 into 'mem' is out of bounds [D:/Work_prj/Frodokem_2026/dual_ram_asyn.v:64]
WARNING: [VRFC 10-3705] select index 23 into 'mem' is out of bounds [D:/Work_prj/Frodokem_2026/dual_ram_asyn.v:69]
WARNING: [VRFC 10-3705] select index 31 into 'mem' is out of bounds [D:/Work_prj/Frodokem_2026/dual_ram_asyn.v:70]
WARNING: [VRFC 10-3705] select index 39 into 'mem' is out of bounds [D:/Work_prj/Frodokem_2026/dual_ram_asyn.v:71]
WARNING: [VRFC 10-3705] select index 47 into 'mem' is out of bounds [D:/Work_prj/Frodokem_2026/dual_ram_asyn.v:72]
WARNING: [VRFC 10-3705] select index 55 into 'mem' is out of bounds [D:/Work_prj/Frodokem_2026/dual_ram_asyn.v:73]
WARNING: [VRFC 10-3705] select index 63 into 'mem' is out of bounds [D:/Work_prj/Frodokem_2026/dual_ram_asyn.v:74]
WARNING: [VRFC 10-3705] select index 31 into 'mem' is out of bounds [D:/Work_prj/Frodokem_2026/dual_ram_asyn.v:91]
WARNING: [VRFC 10-3705] select index 63 into 'mem' is out of bounds [D:/Work_prj/Frodokem_2026/dual_ram_asyn.v:92]
WARNING: [VRFC 10-3705] select index 23 into 'mem' is out of bounds [D:/Work_prj/Frodokem_2026/dual_ram_asyn.v:97]
WARNING: [VRFC 10-3705] select index 31 into 'mem' is out of bounds [D:/Work_prj/Frodokem_2026/dual_ram_asyn.v:98]
WARNING: [VRFC 10-3705] select index 39 into 'mem' is out of bounds [D:/Work_prj/Frodokem_2026/dual_ram_asyn.v:99]
WARNING: [VRFC 10-3705] select index 47 into 'mem' is out of bounds [D:/Work_prj/Frodokem_2026/dual_ram_asyn.v:100]
WARNING: [VRFC 10-3705] select index 55 into 'mem' is out of bounds [D:/Work_prj/Frodokem_2026/dual_ram_asyn.v:101]
WARNING: [VRFC 10-3705] select index 63 into 'mem' is out of bounds [D:/Work_prj/Frodokem_2026/dual_ram_asyn.v:102]
WARNING: [VRFC 10-3705] select index 63 into 'mem' is out of bounds [D:/Work_prj/Frodokem_2026/dual_ram.v:61]
WARNING: [VRFC 10-3705] select index 39 into 'mem' is out of bounds [D:/Work_prj/Frodokem_2026/dual_ram.v:68]
WARNING: [VRFC 10-3705] select index 47 into 'mem' is out of bounds [D:/Work_prj/Frodokem_2026/dual_ram.v:69]
WARNING: [VRFC 10-3705] select index 55 into 'mem' is out of bounds [D:/Work_prj/Frodokem_2026/dual_ram.v:70]
WARNING: [VRFC 10-3705] select index 63 into 'mem' is out of bounds [D:/Work_prj/Frodokem_2026/dual_ram.v:71]
WARNING: [VRFC 10-3705] select index 63 into 'mem' is out of bounds [D:/Work_prj/Frodokem_2026/dual_ram.v:89]
WARNING: [VRFC 10-3705] select index 39 into 'mem' is out of bounds [D:/Work_prj/Frodokem_2026/dual_ram.v:96]
WARNING: [VRFC 10-3705] select index 47 into 'mem' is out of bounds [D:/Work_prj/Frodokem_2026/dual_ram.v:97]
WARNING: [VRFC 10-3705] select index 55 into 'mem' is out of bounds [D:/Work_prj/Frodokem_2026/dual_ram.v:98]
WARNING: [VRFC 10-3705] select index 63 into 'mem' is out of bounds [D:/Work_prj/Frodokem_2026/dual_ram.v:99]
Completed static elaboration
Starting simulation data flow analysis
Completed simulation data flow analysis
Time Resolution for simulation is 1ps
Compiling module xil_defaultlib.SampleMatrixSet_default
Compiling module xil_defaultlib.bidirectional_fifo
Compiling module xil_defaultlib.theta
Compiling module xil_defaultlib.thopichiiota
Compiling module xil_defaultlib.SHAKE
Compiling module xil_defaultlib.PackSet
Compiling module xil_defaultlib.UnpackSet
Compiling module xil_defaultlib.roundmod_default
Compiling module xil_defaultlib.roundmod(B=3,Q=16)
Compiling module xil_defaultlib.roundmod(B=4,Q=16)
Compiling module xil_defaultlib.DecodeSet_default
Compiling module xil_defaultlib.EncodeSet
Compiling module xil_defaultlib.dram64_r(MEM_DEPTH=3000,HEX_FILE...
Compiling module xil_defaultlib.dram64_r(MEM_DEPTH=3000,HEX_FILE...
Compiling module xil_defaultlib.dram448_r(HEX_FILE="D:/Work_prj/...
Compiling module xil_defaultlib.MatrixAddSet_default
Compiling module xil_defaultlib.MatrixMACSet_default
Compiling module xil_defaultlib.MatrixMulAddSet_default
Compiling module xil_defaultlib.MatrixSubSet_default
Compiling module xil_defaultlib.dual_ram_asyn(ADDR_WIDTH=6,DATA_...
Compiling module xil_defaultlib.dual_ram(ADDR_WIDTH=10,DATA_WIDT...
Compiling module xil_defaultlib.instDecoder
Compiling module xil_defaultlib.RAM_Arbitration
Compiling module xil_defaultlib.AddrGenUnit
Compiling module xil_defaultlib.control
Compiling module xil_defaultlib.Frodo_top
Compiling module xil_defaultlib.tb_Frodo_top
Compiling module xil_defaultlib.glbl
Built simulation snapshot tb_Frodo_top_behav
run_program: Time (s): cpu = 00:00:01 ; elapsed = 00:00:07 . Memory (MB): peak = 3800.543 ; gain = 0.000
INFO: [USF-XSim-69] 'elaborate' step finished in '8' seconds
launch_simulation: Time (s): cpu = 00:00:02 ; elapsed = 00:00:09 . Memory (MB): peak = 3800.543 ; gain = 0.000
Time resolution is 1 ps
WARNING: Too many words specified in data file D:/Work_prj/Frodokem_2026/TB/RAM64a.hex
WARNING: Too many words specified in data file D:/Work_prj/Frodokem_2026/TB/RAM64b.hex
oneinstdone detected at               235000
mem dumped to D:/Work_prj/Frodokem_2026/TB/RAM64aout.hex at time=255000
mem dumped to D:/Work_prj/Frodokem_2026/TB/RAM64bout.hex at time=255000
mem dumped to D:/Work_prj/Frodokem_2026/TB/RAM448out.hex at time=255000
relaunch_sim: Time (s): cpu = 00:00:03 ; elapsed = 00:00:15 . Memory (MB): peak = 3800.543 ; gain = 0.000
relaunch_sim
Command: launch_simulation -step compile -simset sim_1 -mode behavioral
INFO: [Vivado 12-12493] Simulation top is 'tb_Frodo_top'
INFO: [Vivado 12-5682] Launching behavioral simulation in 'D:/Work_prj/Frodokem_2026/Viprj/FrodoKEM/FrodoKEM.sim/sim_1/behav/xsim'
INFO: [SIM-utils-51] Simulation object is 'sim_1'
INFO: [USF-XSim-2] XSim::Compile design
INFO: [USF-XSim-61] Executing 'COMPILE and ANALYZE' step in 'D:/Work_prj/Frodokem_2026/Viprj/FrodoKEM/FrodoKEM.sim/sim_1/behav/xsim'
"xvlog --incr --relax -prj tb_Frodo_top_vlog.prj"
INFO: [USF-XSim-69] 'compile' step finished in '2' seconds
Command: launch_simulation -step elaborate -simset sim_1 -mode behavioral
INFO: [Vivado 12-12493] Simulation top is 'tb_Frodo_top'
INFO: [Vivado 12-5682] Launching behavioral simulation in 'D:/Work_prj/Frodokem_2026/Viprj/FrodoKEM/FrodoKEM.sim/sim_1/behav/xsim'
INFO: [SIM-utils-51] Simulation object is 'sim_1'
INFO: [USF-XSim-3] XSim::Elaborate design
INFO: [USF-XSim-61] Executing 'ELABORATE' step in 'D:/Work_prj/Frodokem_2026/Viprj/FrodoKEM/FrodoKEM.sim/sim_1/behav/xsim'
"xelab --incr --debug typical --relax --mt 2 -L xil_defaultlib -L unisims_ver -L unimacro_ver -L secureip -L xpm --snapshot tb_Frodo_top_behav xil_defaultlib.tb_Frodo_top xil_defaultlib.glbl -log elaborate.log"
Vivado Simulator v2025.1.0
Copyright 1986-2022 Xilinx, Inc. All Rights Reserved.
Copyright 2022-2025 Advanced Micro Devices, Inc. All Rights Reserved.
Running: D:/Xlinx/2025.1/Vivado/bin/unwrapped/win64.o/xelab.exe --incr --debug typical --relax --mt 2 -L xil_defaultlib -L unisims_ver -L unimacro_ver -L secureip -L xpm --snapshot tb_Frodo_top_behav xil_defaultlib.tb_Frodo_top xil_defaultlib.glbl -log elaborate.log 
Using 2 slave threads.
Starting static elaboration
Pass Through NonSizing Optimizer
WARNING: [VRFC 10-3091] actual bit length 1 differs from formal bit length 9 for port 'sqz_cnt' [D:/Work_prj/Frodokem_2026/SRC/Frodo_top.v:843]
WARNING: [VRFC 10-3091] actual bit length 1 differs from formal bit length 4 for port 'prefixe_out' [D:/Work_prj/Frodokem_2026/SRC/Frodo_top.v:886]
WARNING: [VRFC 10-3705] select index 31 into 'mem' is out of bounds [D:/Work_prj/Frodokem_2026/dual_ram_asyn.v:63]
WARNING: [VRFC 10-3705] select index 63 into 'mem' is out of bounds [D:/Work_prj/Frodokem_2026/dual_ram_asyn.v:64]
WARNING: [VRFC 10-3705] select index 23 into 'mem' is out of bounds [D:/Work_prj/Frodokem_2026/dual_ram_asyn.v:69]
WARNING: [VRFC 10-3705] select index 31 into 'mem' is out of bounds [D:/Work_prj/Frodokem_2026/dual_ram_asyn.v:70]
WARNING: [VRFC 10-3705] select index 39 into 'mem' is out of bounds [D:/Work_prj/Frodokem_2026/dual_ram_asyn.v:71]
WARNING: [VRFC 10-3705] select index 47 into 'mem' is out of bounds [D:/Work_prj/Frodokem_2026/dual_ram_asyn.v:72]
WARNING: [VRFC 10-3705] select index 55 into 'mem' is out of bounds [D:/Work_prj/Frodokem_2026/dual_ram_asyn.v:73]
WARNING: [VRFC 10-3705] select index 63 into 'mem' is out of bounds [D:/Work_prj/Frodokem_2026/dual_ram_asyn.v:74]
WARNING: [VRFC 10-3705] select index 31 into 'mem' is out of bounds [D:/Work_prj/Frodokem_2026/dual_ram_asyn.v:91]
WARNING: [VRFC 10-3705] select index 63 into 'mem' is out of bounds [D:/Work_prj/Frodokem_2026/dual_ram_asyn.v:92]
WARNING: [VRFC 10-3705] select index 23 into 'mem' is out of bounds [D:/Work_prj/Frodokem_2026/dual_ram_asyn.v:97]
WARNING: [VRFC 10-3705] select index 31 into 'mem' is out of bounds [D:/Work_prj/Frodokem_2026/dual_ram_asyn.v:98]
WARNING: [VRFC 10-3705] select index 39 into 'mem' is out of bounds [D:/Work_prj/Frodokem_2026/dual_ram_asyn.v:99]
WARNING: [VRFC 10-3705] select index 47 into 'mem' is out of bounds [D:/Work_prj/Frodokem_2026/dual_ram_asyn.v:100]
WARNING: [VRFC 10-3705] select index 55 into 'mem' is out of bounds [D:/Work_prj/Frodokem_2026/dual_ram_asyn.v:101]
WARNING: [VRFC 10-3705] select index 63 into 'mem' is out of bounds [D:/Work_prj/Frodokem_2026/dual_ram_asyn.v:102]
WARNING: [VRFC 10-3705] select index 63 into 'mem' is out of bounds [D:/Work_prj/Frodokem_2026/dual_ram.v:61]
WARNING: [VRFC 10-3705] select index 39 into 'mem' is out of bounds [D:/Work_prj/Frodokem_2026/dual_ram.v:68]
WARNING: [VRFC 10-3705] select index 47 into 'mem' is out of bounds [D:/Work_prj/Frodokem_2026/dual_ram.v:69]
WARNING: [VRFC 10-3705] select index 55 into 'mem' is out of bounds [D:/Work_prj/Frodokem_2026/dual_ram.v:70]
WARNING: [VRFC 10-3705] select index 63 into 'mem' is out of bounds [D:/Work_prj/Frodokem_2026/dual_ram.v:71]
WARNING: [VRFC 10-3705] select index 63 into 'mem' is out of bounds [D:/Work_prj/Frodokem_2026/dual_ram.v:89]
WARNING: [VRFC 10-3705] select index 39 into 'mem' is out of bounds [D:/Work_prj/Frodokem_2026/dual_ram.v:96]
WARNING: [VRFC 10-3705] select index 47 into 'mem' is out of bounds [D:/Work_prj/Frodokem_2026/dual_ram.v:97]
WARNING: [VRFC 10-3705] select index 55 into 'mem' is out of bounds [D:/Work_prj/Frodokem_2026/dual_ram.v:98]
WARNING: [VRFC 10-3705] select index 63 into 'mem' is out of bounds [D:/Work_prj/Frodokem_2026/dual_ram.v:99]
Completed static elaboration
INFO: [XSIM 43-4323] No Change in HDL. Linking previously generated obj files to create kernel
INFO: [USF-XSim-69] 'elaborate' step finished in '2' seconds
Time resolution is 1 ps
WARNING: Too many words specified in data file D:/Work_prj/Frodokem_2026/TB/RAM64a.hex
WARNING: Too many words specified in data file D:/Work_prj/Frodokem_2026/TB/RAM64b.hex
oneinstdone detected at               205000
mem dumped to D:/Work_prj/Frodokem_2026/TB/RAM64aout.hex at time=225000
mem dumped to D:/Work_prj/Frodokem_2026/TB/RAM64bout.hex at time=225000
mem dumped to D:/Work_prj/Frodokem_2026/TB/RAM448out.hex at time=225000
mem dumped to D:/Work_prj/Frodokem_2026/TB/RAM64aout.hex at time=355000
mem dumped to D:/Work_prj/Frodokem_2026/TB/RAM64bout.hex at time=355000
mem dumped to D:/Work_prj/Frodokem_2026/TB/RAM448out.hex at time=355000
mem dumped to D:/Work_prj/Frodokem_2026/TB/RAM64aout.hex at time=505000
mem dumped to D:/Work_prj/Frodokem_2026/TB/RAM64bout.hex at time=505000
mem dumped to D:/Work_prj/Frodokem_2026/TB/RAM448out.hex at time=505000
relaunch_sim: Time (s): cpu = 00:00:02 ; elapsed = 00:00:06 . Memory (MB): peak = 3800.543 ; gain = 0.000
relaunch_sim
Command: launch_simulation -step compile -simset sim_1 -mode behavioral
INFO: [Vivado 12-12493] Simulation top is 'tb_Frodo_top'
INFO: [Vivado 12-5682] Launching behavioral simulation in 'D:/Work_prj/Frodokem_2026/Viprj/FrodoKEM/FrodoKEM.sim/sim_1/behav/xsim'
INFO: [SIM-utils-51] Simulation object is 'sim_1'
INFO: [USF-XSim-2] XSim::Compile design
INFO: [USF-XSim-61] Executing 'COMPILE and ANALYZE' step in 'D:/Work_prj/Frodokem_2026/Viprj/FrodoKEM/FrodoKEM.sim/sim_1/behav/xsim'
"xvlog --incr --relax -prj tb_Frodo_top_vlog.prj"
INFO: [USF-XSim-69] 'compile' step finished in '2' seconds
Command: launch_simulation -step elaborate -simset sim_1 -mode behavioral
INFO: [Vivado 12-12493] Simulation top is 'tb_Frodo_top'
INFO: [Vivado 12-5682] Launching behavioral simulation in 'D:/Work_prj/Frodokem_2026/Viprj/FrodoKEM/FrodoKEM.sim/sim_1/behav/xsim'
INFO: [SIM-utils-51] Simulation object is 'sim_1'
INFO: [USF-XSim-3] XSim::Elaborate design
INFO: [USF-XSim-61] Executing 'ELABORATE' step in 'D:/Work_prj/Frodokem_2026/Viprj/FrodoKEM/FrodoKEM.sim/sim_1/behav/xsim'
"xelab --incr --debug typical --relax --mt 2 -L xil_defaultlib -L unisims_ver -L unimacro_ver -L secureip -L xpm --snapshot tb_Frodo_top_behav xil_defaultlib.tb_Frodo_top xil_defaultlib.glbl -log elaborate.log"
Vivado Simulator v2025.1.0
Copyright 1986-2022 Xilinx, Inc. All Rights Reserved.
Copyright 2022-2025 Advanced Micro Devices, Inc. All Rights Reserved.
Running: D:/Xlinx/2025.1/Vivado/bin/unwrapped/win64.o/xelab.exe --incr --debug typical --relax --mt 2 -L xil_defaultlib -L unisims_ver -L unimacro_ver -L secureip -L xpm --snapshot tb_Frodo_top_behav xil_defaultlib.tb_Frodo_top xil_defaultlib.glbl -log elaborate.log 
Using 2 slave threads.
Starting static elaboration
Pass Through NonSizing Optimizer
WARNING: [VRFC 10-3091] actual bit length 1 differs from formal bit length 9 for port 'sqz_cnt' [D:/Work_prj/Frodokem_2026/SRC/Frodo_top.v:843]
WARNING: [VRFC 10-3091] actual bit length 1 differs from formal bit length 4 for port 'prefixe_out' [D:/Work_prj/Frodokem_2026/SRC/Frodo_top.v:886]
WARNING: [VRFC 10-3705] select index 31 into 'mem' is out of bounds [D:/Work_prj/Frodokem_2026/dual_ram_asyn.v:63]
WARNING: [VRFC 10-3705] select index 63 into 'mem' is out of bounds [D:/Work_prj/Frodokem_2026/dual_ram_asyn.v:64]
WARNING: [VRFC 10-3705] select index 23 into 'mem' is out of bounds [D:/Work_prj/Frodokem_2026/dual_ram_asyn.v:69]
WARNING: [VRFC 10-3705] select index 31 into 'mem' is out of bounds [D:/Work_prj/Frodokem_2026/dual_ram_asyn.v:70]
WARNING: [VRFC 10-3705] select index 39 into 'mem' is out of bounds [D:/Work_prj/Frodokem_2026/dual_ram_asyn.v:71]
WARNING: [VRFC 10-3705] select index 47 into 'mem' is out of bounds [D:/Work_prj/Frodokem_2026/dual_ram_asyn.v:72]
WARNING: [VRFC 10-3705] select index 55 into 'mem' is out of bounds [D:/Work_prj/Frodokem_2026/dual_ram_asyn.v:73]
WARNING: [VRFC 10-3705] select index 63 into 'mem' is out of bounds [D:/Work_prj/Frodokem_2026/dual_ram_asyn.v:74]
WARNING: [VRFC 10-3705] select index 31 into 'mem' is out of bounds [D:/Work_prj/Frodokem_2026/dual_ram_asyn.v:91]
WARNING: [VRFC 10-3705] select index 63 into 'mem' is out of bounds [D:/Work_prj/Frodokem_2026/dual_ram_asyn.v:92]
WARNING: [VRFC 10-3705] select index 23 into 'mem' is out of bounds [D:/Work_prj/Frodokem_2026/dual_ram_asyn.v:97]
WARNING: [VRFC 10-3705] select index 31 into 'mem' is out of bounds [D:/Work_prj/Frodokem_2026/dual_ram_asyn.v:98]
WARNING: [VRFC 10-3705] select index 39 into 'mem' is out of bounds [D:/Work_prj/Frodokem_2026/dual_ram_asyn.v:99]
WARNING: [VRFC 10-3705] select index 47 into 'mem' is out of bounds [D:/Work_prj/Frodokem_2026/dual_ram_asyn.v:100]
WARNING: [VRFC 10-3705] select index 55 into 'mem' is out of bounds [D:/Work_prj/Frodokem_2026/dual_ram_asyn.v:101]
WARNING: [VRFC 10-3705] select index 63 into 'mem' is out of bounds [D:/Work_prj/Frodokem_2026/dual_ram_asyn.v:102]
WARNING: [VRFC 10-3705] select index 63 into 'mem' is out of bounds [D:/Work_prj/Frodokem_2026/dual_ram.v:61]
WARNING: [VRFC 10-3705] select index 39 into 'mem' is out of bounds [D:/Work_prj/Frodokem_2026/dual_ram.v:68]
WARNING: [VRFC 10-3705] select index 47 into 'mem' is out of bounds [D:/Work_prj/Frodokem_2026/dual_ram.v:69]
WARNING: [VRFC 10-3705] select index 55 into 'mem' is out of bounds [D:/Work_prj/Frodokem_2026/dual_ram.v:70]
WARNING: [VRFC 10-3705] select index 63 into 'mem' is out of bounds [D:/Work_prj/Frodokem_2026/dual_ram.v:71]
WARNING: [VRFC 10-3705] select index 63 into 'mem' is out of bounds [D:/Work_prj/Frodokem_2026/dual_ram.v:89]
WARNING: [VRFC 10-3705] select index 39 into 'mem' is out of bounds [D:/Work_prj/Frodokem_2026/dual_ram.v:96]
WARNING: [VRFC 10-3705] select index 47 into 'mem' is out of bounds [D:/Work_prj/Frodokem_2026/dual_ram.v:97]
WARNING: [VRFC 10-3705] select index 55 into 'mem' is out of bounds [D:/Work_prj/Frodokem_2026/dual_ram.v:98]
WARNING: [VRFC 10-3705] select index 63 into 'mem' is out of bounds [D:/Work_prj/Frodokem_2026/dual_ram.v:99]
Completed static elaboration
INFO: [XSIM 43-4323] No Change in HDL. Linking previously generated obj files to create kernel
INFO: [USF-XSim-69] 'elaborate' step finished in '2' seconds
Time resolution is 1 ps
WARNING: Too many words specified in data file D:/Work_prj/Frodokem_2026/TB/RAM64a.hex
WARNING: Too many words specified in data file D:/Work_prj/Frodokem_2026/TB/RAM64b.hex
oneinstdone detected at               205000
mem dumped to D:/Work_prj/Frodokem_2026/TB/RAM64aout.hex at time=225000
mem dumped to D:/Work_prj/Frodokem_2026/TB/RAM64bout.hex at time=225000
mem dumped to D:/Work_prj/Frodokem_2026/TB/RAM448out.hex at time=225000
mem dumped to D:/Work_prj/Frodokem_2026/TB/RAM64aout.hex at time=355000
mem dumped to D:/Work_prj/Frodokem_2026/TB/RAM64bout.hex at time=355000
mem dumped to D:/Work_prj/Frodokem_2026/TB/RAM448out.hex at time=355000
mem dumped to D:/Work_prj/Frodokem_2026/TB/RAM64aout.hex at time=495000
mem dumped to D:/Work_prj/Frodokem_2026/TB/RAM64bout.hex at time=495000
mem dumped to D:/Work_prj/Frodokem_2026/TB/RAM448out.hex at time=495000
mem dumped to D:/Work_prj/Frodokem_2026/TB/RAM64aout.hex at time=615000
mem dumped to D:/Work_prj/Frodokem_2026/TB/RAM64bout.hex at time=615000
mem dumped to D:/Work_prj/Frodokem_2026/TB/RAM448out.hex at time=615000
relaunch_sim: Time (s): cpu = 00:00:01 ; elapsed = 00:00:06 . Memory (MB): peak = 3800.543 ; gain = 0.000
current_wave_config {tb_Frodo_top_behav.wcfg}
tb_Frodo_top_behav.wcfg
add_wave {{/tb_Frodo_top/dut/dout}} 
update_compile_order -fileset sources_1
update_compile_order -fileset sources_1
update_compile_order -fileset sources_1
update_compile_order -fileset sources_1
update_compile_order -fileset sources_1
relaunch_sim
Command: launch_simulation -step compile -simset sim_1 -mode behavioral
INFO: [Vivado 12-12493] Simulation top is 'tb_Frodo_top'
INFO: [Vivado 12-5682] Launching behavioral simulation in 'D:/Work_prj/Frodokem_2026/Viprj/FrodoKEM/FrodoKEM.sim/sim_1/behav/xsim'
INFO: [SIM-utils-51] Simulation object is 'sim_1'
INFO: [USF-XSim-2] XSim::Compile design
INFO: [USF-XSim-61] Executing 'COMPILE and ANALYZE' step in 'D:/Work_prj/Frodokem_2026/Viprj/FrodoKEM/FrodoKEM.sim/sim_1/behav/xsim'
"xvlog --incr --relax -prj tb_Frodo_top_vlog.prj"
INFO: [VRFC 10-2263] Analyzing Verilog file "D:/Work_prj/Frodokem_2026/SRC/AddrGenUnit.v" into library xil_defaultlib
INFO: [VRFC 10-311] analyzing module AddrGenUnit
INFO: [VRFC 10-2263] Analyzing Verilog file "D:/Work_prj/Frodokem_2026/SRC/DecodeSet.v" into library xil_defaultlib
INFO: [VRFC 10-311] analyzing module DecodeSet
INFO: [VRFC 10-2263] Analyzing Verilog file "D:/Work_prj/Frodokem_2026/SRC/EncodeSet.v" into library xil_defaultlib
INFO: [VRFC 10-311] analyzing module EncodeSet
INFO: [VRFC 10-2263] Analyzing Verilog file "D:/Work_prj/Frodokem_2026/SRC/Frodo_top.v" into library xil_defaultlib
INFO: [VRFC 10-311] analyzing module Frodo_top
INFO: [VRFC 10-2263] Analyzing Verilog file "D:/Work_prj/Frodokem_2026/SRC/InstDecoder.v" into library xil_defaultlib
INFO: [VRFC 10-311] analyzing module instDecoder
INFO: [VRFC 10-2263] Analyzing Verilog file "D:/Work_prj/Frodokem_2026/SRC/MatrixAddSet.v" into library xil_defaultlib
INFO: [VRFC 10-311] analyzing module MatrixAddSet
INFO: [VRFC 10-2263] Analyzing Verilog file "D:/Work_prj/Frodokem_2026/SRC/MatrixMACSet.v" into library xil_defaultlib
INFO: [VRFC 10-311] analyzing module MatrixMACSet
INFO: [VRFC 10-2263] Analyzing Verilog file "D:/Work_prj/Frodokem_2026/SRC/MatrixMulAddSet.v" into library xil_defaultlib
INFO: [VRFC 10-311] analyzing module MatrixMulAddSet
INFO: [VRFC 10-2263] Analyzing Verilog file "D:/Work_prj/Frodokem_2026/SRC/MatrixSubSet.v" into library xil_defaultlib
INFO: [VRFC 10-311] analyzing module MatrixSubSet
INFO: [VRFC 10-2263] Analyzing Verilog file "D:/Work_prj/Frodokem_2026/SRC/PackSet.v" into library xil_defaultlib
INFO: [VRFC 10-311] analyzing module PackSet
INFO: [VRFC 10-2263] Analyzing Verilog file "D:/Work_prj/Frodokem_2026/SRC/RAM _Arbitration.v" into library xil_defaultlib
INFO: [VRFC 10-311] analyzing module RAM_Arbitration
INFO: [VRFC 10-2263] Analyzing Verilog file "D:/Work_prj/Frodokem_2026/SRC/shake.v" into library xil_defaultlib
INFO: [VRFC 10-311] analyzing module SHAKE
WARNING: [VRFC 10-3380] identifier 'CS' is used before its declaration [D:/Work_prj/Frodokem_2026/SRC/shake.v:64]
INFO: [VRFC 10-2263] Analyzing Verilog file "D:/Work_prj/Frodokem_2026/SRC/SampleMatrixSet.v" into library xil_defaultlib
INFO: [VRFC 10-311] analyzing module SampleMatrixSet
INFO: [VRFC 10-2263] Analyzing Verilog file "D:/Work_prj/Frodokem_2026/SRC/UnpackSet.v" into library xil_defaultlib
INFO: [VRFC 10-311] analyzing module UnpackSet
INFO: [VRFC 10-2263] Analyzing Verilog file "D:/Work_prj/Frodokem_2026/SRC/bidirectional_fifo.v" into library xil_defaultlib
INFO: [VRFC 10-311] analyzing module bidirectional_fifo
INFO: [VRFC 10-2263] Analyzing Verilog file "D:/Work_prj/Frodokem_2026/SRC/control.v" into library xil_defaultlib
INFO: [VRFC 10-311] analyzing module control
WARNING: [VRFC 10-3248] data object 'maccnt0' is already declared [D:/Work_prj/Frodokem_2026/SRC/control.v:1010]
WARNING: [VRFC 10-9364] second declaration of 'maccnt0' is ignored [D:/Work_prj/Frodokem_2026/SRC/control.v:1010]
WARNING: [VRFC 10-3380] identifier 'sqzout64_en' is used before its declaration [D:/Work_prj/Frodokem_2026/SRC/control.v:118]
WARNING: [VRFC 10-3380] identifier 'fifo64outval' is used before its declaration [D:/Work_prj/Frodokem_2026/SRC/control.v:486]
WARNING: [VRFC 10-3380] identifier 'pingpangflag' is used before its declaration [D:/Work_prj/Frodokem_2026/SRC/control.v:946]
INFO: [VRFC 10-2263] Analyzing Verilog file "D:/Work_prj/Frodokem_2026/dram448_r.v" into library xil_defaultlib
INFO: [VRFC 10-311] analyzing module dram448_r
INFO: [VRFC 10-2263] Analyzing Verilog file "D:/Work_prj/Frodokem_2026/dram64_r.v" into library xil_defaultlib
INFO: [VRFC 10-311] analyzing module dram64_r
INFO: [VRFC 10-2263] Analyzing Verilog file "D:/Work_prj/Frodokem_2026/dual_ram.v" into library xil_defaultlib
INFO: [VRFC 10-311] analyzing module dual_ram
INFO: [VRFC 10-2263] Analyzing Verilog file "D:/Work_prj/Frodokem_2026/dual_ram_asyn.v" into library xil_defaultlib
INFO: [VRFC 10-311] analyzing module dual_ram_asyn
INFO: [VRFC 10-2263] Analyzing Verilog file "D:/Work_prj/Frodokem_2026/SRC/roundmod.v" into library xil_defaultlib
INFO: [VRFC 10-311] analyzing module roundmod
INFO: [VRFC 10-2263] Analyzing Verilog file "D:/Work_prj/Frodokem_2026/SRC/theta.v" into library xil_defaultlib
INFO: [VRFC 10-311] analyzing module theta
INFO: [VRFC 10-2263] Analyzing Verilog file "D:/Work_prj/Frodokem_2026/SRC/thopichiiota.v" into library xil_defaultlib
INFO: [VRFC 10-311] analyzing module thopichiiota
INFO: [VRFC 10-2263] Analyzing Verilog file "D:/Work_prj/Frodokem_2026/Viprj/FrodoKEM/FrodoKEM.srcs/sim_1/new/TB.v" into library xil_defaultlib
INFO: [VRFC 10-311] analyzing module tb_Frodo_top
INFO: [USF-XSim-69] 'compile' step finished in '3' seconds
Command: launch_simulation -step elaborate -simset sim_1 -mode behavioral
INFO: [Vivado 12-12493] Simulation top is 'tb_Frodo_top'
INFO: [Vivado 12-5682] Launching behavioral simulation in 'D:/Work_prj/Frodokem_2026/Viprj/FrodoKEM/FrodoKEM.sim/sim_1/behav/xsim'
INFO: [SIM-utils-51] Simulation object is 'sim_1'
INFO: [USF-XSim-3] XSim::Elaborate design
INFO: [USF-XSim-61] Executing 'ELABORATE' step in 'D:/Work_prj/Frodokem_2026/Viprj/FrodoKEM/FrodoKEM.sim/sim_1/behav/xsim'
"xelab --incr --debug typical --relax --mt 2 -L xil_defaultlib -L unisims_ver -L unimacro_ver -L secureip -L xpm --snapshot tb_Frodo_top_behav xil_defaultlib.tb_Frodo_top xil_defaultlib.glbl -log elaborate.log"
Vivado Simulator v2025.1.0
Copyright 1986-2022 Xilinx, Inc. All Rights Reserved.
Copyright 2022-2025 Advanced Micro Devices, Inc. All Rights Reserved.
Running: D:/Xlinx/2025.1/Vivado/bin/unwrapped/win64.o/xelab.exe --incr --debug typical --relax --mt 2 -L xil_defaultlib -L unisims_ver -L unimacro_ver -L secureip -L xpm --snapshot tb_Frodo_top_behav xil_defaultlib.tb_Frodo_top xil_defaultlib.glbl -log elaborate.log 
Using 2 slave threads.
Starting static elaboration
Pass Through NonSizing Optimizer
WARNING: [VRFC 10-3091] actual bit length 1 differs from formal bit length 9 for port 'sqz_cnt' [D:/Work_prj/Frodokem_2026/SRC/Frodo_top.v:846]
WARNING: [VRFC 10-3091] actual bit length 1 differs from formal bit length 4 for port 'prefixe_out' [D:/Work_prj/Frodokem_2026/SRC/Frodo_top.v:889]
WARNING: [VRFC 10-3705] select index 31 into 'mem' is out of bounds [D:/Work_prj/Frodokem_2026/dual_ram_asyn.v:63]
WARNING: [VRFC 10-3705] select index 63 into 'mem' is out of bounds [D:/Work_prj/Frodokem_2026/dual_ram_asyn.v:64]
WARNING: [VRFC 10-3705] select index 23 into 'mem' is out of bounds [D:/Work_prj/Frodokem_2026/dual_ram_asyn.v:69]
WARNING: [VRFC 10-3705] select index 31 into 'mem' is out of bounds [D:/Work_prj/Frodokem_2026/dual_ram_asyn.v:70]
WARNING: [VRFC 10-3705] select index 39 into 'mem' is out of bounds [D:/Work_prj/Frodokem_2026/dual_ram_asyn.v:71]
WARNING: [VRFC 10-3705] select index 47 into 'mem' is out of bounds [D:/Work_prj/Frodokem_2026/dual_ram_asyn.v:72]
WARNING: [VRFC 10-3705] select index 55 into 'mem' is out of bounds [D:/Work_prj/Frodokem_2026/dual_ram_asyn.v:73]
WARNING: [VRFC 10-3705] select index 63 into 'mem' is out of bounds [D:/Work_prj/Frodokem_2026/dual_ram_asyn.v:74]
WARNING: [VRFC 10-3705] select index 31 into 'mem' is out of bounds [D:/Work_prj/Frodokem_2026/dual_ram_asyn.v:91]
WARNING: [VRFC 10-3705] select index 63 into 'mem' is out of bounds [D:/Work_prj/Frodokem_2026/dual_ram_asyn.v:92]
WARNING: [VRFC 10-3705] select index 23 into 'mem' is out of bounds [D:/Work_prj/Frodokem_2026/dual_ram_asyn.v:97]
WARNING: [VRFC 10-3705] select index 31 into 'mem' is out of bounds [D:/Work_prj/Frodokem_2026/dual_ram_asyn.v:98]
WARNING: [VRFC 10-3705] select index 39 into 'mem' is out of bounds [D:/Work_prj/Frodokem_2026/dual_ram_asyn.v:99]
WARNING: [VRFC 10-3705] select index 47 into 'mem' is out of bounds [D:/Work_prj/Frodokem_2026/dual_ram_asyn.v:100]
WARNING: [VRFC 10-3705] select index 55 into 'mem' is out of bounds [D:/Work_prj/Frodokem_2026/dual_ram_asyn.v:101]
WARNING: [VRFC 10-3705] select index 63 into 'mem' is out of bounds [D:/Work_prj/Frodokem_2026/dual_ram_asyn.v:102]
WARNING: [VRFC 10-3705] select index 63 into 'mem' is out of bounds [D:/Work_prj/Frodokem_2026/dual_ram.v:61]
WARNING: [VRFC 10-3705] select index 39 into 'mem' is out of bounds [D:/Work_prj/Frodokem_2026/dual_ram.v:68]
WARNING: [VRFC 10-3705] select index 47 into 'mem' is out of bounds [D:/Work_prj/Frodokem_2026/dual_ram.v:69]
WARNING: [VRFC 10-3705] select index 55 into 'mem' is out of bounds [D:/Work_prj/Frodokem_2026/dual_ram.v:70]
WARNING: [VRFC 10-3705] select index 63 into 'mem' is out of bounds [D:/Work_prj/Frodokem_2026/dual_ram.v:71]
WARNING: [VRFC 10-3705] select index 63 into 'mem' is out of bounds [D:/Work_prj/Frodokem_2026/dual_ram.v:89]
WARNING: [VRFC 10-3705] select index 39 into 'mem' is out of bounds [D:/Work_prj/Frodokem_2026/dual_ram.v:96]
WARNING: [VRFC 10-3705] select index 47 into 'mem' is out of bounds [D:/Work_prj/Frodokem_2026/dual_ram.v:97]
WARNING: [VRFC 10-3705] select index 55 into 'mem' is out of bounds [D:/Work_prj/Frodokem_2026/dual_ram.v:98]
WARNING: [VRFC 10-3705] select index 63 into 'mem' is out of bounds [D:/Work_prj/Frodokem_2026/dual_ram.v:99]
Completed static elaboration
Starting simulation data flow analysis
Completed simulation data flow analysis
Time Resolution for simulation is 1ps
Compiling module xil_defaultlib.SampleMatrixSet_default
Compiling module xil_defaultlib.bidirectional_fifo
Compiling module xil_defaultlib.theta
Compiling module xil_defaultlib.thopichiiota
Compiling module xil_defaultlib.SHAKE
Compiling module xil_defaultlib.PackSet
Compiling module xil_defaultlib.UnpackSet
Compiling module xil_defaultlib.roundmod_default
Compiling module xil_defaultlib.roundmod(B=3,Q=16)
Compiling module xil_defaultlib.roundmod(B=4,Q=16)
Compiling module xil_defaultlib.DecodeSet_default
Compiling module xil_defaultlib.EncodeSet
Compiling module xil_defaultlib.dram64_r(MEM_DEPTH=3000,HEX_FILE...
Compiling module xil_defaultlib.dram64_r(MEM_DEPTH=3000,HEX_FILE...
Compiling module xil_defaultlib.dram448_r(HEX_FILE="D:/Work_prj/...
Compiling module xil_defaultlib.MatrixAddSet_default
Compiling module xil_defaultlib.MatrixMACSet_default
Compiling module xil_defaultlib.MatrixMulAddSet_default
Compiling module xil_defaultlib.MatrixSubSet_default
Compiling module xil_defaultlib.dual_ram_asyn(ADDR_WIDTH=6,DATA_...
Compiling module xil_defaultlib.dual_ram(ADDR_WIDTH=10,DATA_WIDT...
Compiling module xil_defaultlib.instDecoder
Compiling module xil_defaultlib.RAM_Arbitration
Compiling module xil_defaultlib.AddrGenUnit
Compiling module xil_defaultlib.control
Compiling module xil_defaultlib.Frodo_top
Compiling module xil_defaultlib.tb_Frodo_top
Compiling module xil_defaultlib.glbl
Built simulation snapshot tb_Frodo_top_behav
run_program: Time (s): cpu = 00:00:00 ; elapsed = 00:00:07 . Memory (MB): peak = 3800.543 ; gain = 0.000
INFO: [USF-XSim-69] 'elaborate' step finished in '7' seconds
launch_simulation: Time (s): cpu = 00:00:00 ; elapsed = 00:00:07 . Memory (MB): peak = 3800.543 ; gain = 0.000
Time resolution is 1 ps
WARNING: Too many words specified in data file D:/Work_prj/Frodokem_2026/TB/RAM64a.hex
WARNING: Too many words specified in data file D:/Work_prj/Frodokem_2026/TB/RAM64b.hex
relaunch_sim: Time (s): cpu = 00:00:01 ; elapsed = 00:00:13 . Memory (MB): peak = 3800.543 ; gain = 0.000
current_wave_config {tb_Frodo_top_behav.wcfg}
tb_Frodo_top_behav.wcfg
add_wave {{/tb_Frodo_top/dut/ram64a/addr_a}} 
current_wave_config {tb_Frodo_top_behav.wcfg}
tb_Frodo_top_behav.wcfg
add_wave {{/tb_Frodo_top/dut/ram64b/wr_mask_a}} 
current_wave_config {tb_Frodo_top_behav.wcfg}
tb_Frodo_top_behav.wcfg
add_wave {{/tb_Frodo_top/dut/ram64b/addr_b}} 
current_wave_config {tb_Frodo_top_behav.wcfg}
tb_Frodo_top_behav.wcfg
add_wave {{/tb_Frodo_top/dut/ram64b/addr_a}} 
current_wave_config {tb_Frodo_top_behav.wcfg}
tb_Frodo_top_behav.wcfg
add_wave {{/tb_Frodo_top/dut/u_control/substate}} 
current_wave_config {tb_Frodo_top_behav.wcfg}
tb_Frodo_top_behav.wcfg
add_wave {{/tb_Frodo_top/dut/u_control/encode_done}} 
relaunch_sim
Command: launch_simulation -step compile -simset sim_1 -mode behavioral
INFO: [Vivado 12-12493] Simulation top is 'tb_Frodo_top'
INFO: [Vivado 12-5682] Launching behavioral simulation in 'D:/Work_prj/Frodokem_2026/Viprj/FrodoKEM/FrodoKEM.sim/sim_1/behav/xsim'
INFO: [SIM-utils-51] Simulation object is 'sim_1'
INFO: [USF-XSim-2] XSim::Compile design
INFO: [USF-XSim-61] Executing 'COMPILE and ANALYZE' step in 'D:/Work_prj/Frodokem_2026/Viprj/FrodoKEM/FrodoKEM.sim/sim_1/behav/xsim'
"xvlog --incr --relax -prj tb_Frodo_top_vlog.prj"
INFO: [VRFC 10-2263] Analyzing Verilog file "D:/Work_prj/Frodokem_2026/SRC/AddrGenUnit.v" into library xil_defaultlib
INFO: [VRFC 10-311] analyzing module AddrGenUnit
INFO: [VRFC 10-2263] Analyzing Verilog file "D:/Work_prj/Frodokem_2026/SRC/DecodeSet.v" into library xil_defaultlib
INFO: [VRFC 10-311] analyzing module DecodeSet
INFO: [VRFC 10-2263] Analyzing Verilog file "D:/Work_prj/Frodokem_2026/SRC/EncodeSet.v" into library xil_defaultlib
INFO: [VRFC 10-311] analyzing module EncodeSet
INFO: [VRFC 10-2263] Analyzing Verilog file "D:/Work_prj/Frodokem_2026/SRC/Frodo_top.v" into library xil_defaultlib
INFO: [VRFC 10-311] analyzing module Frodo_top
INFO: [VRFC 10-2263] Analyzing Verilog file "D:/Work_prj/Frodokem_2026/SRC/InstDecoder.v" into library xil_defaultlib
INFO: [VRFC 10-311] analyzing module instDecoder
INFO: [VRFC 10-2263] Analyzing Verilog file "D:/Work_prj/Frodokem_2026/SRC/MatrixAddSet.v" into library xil_defaultlib
INFO: [VRFC 10-311] analyzing module MatrixAddSet
INFO: [VRFC 10-2263] Analyzing Verilog file "D:/Work_prj/Frodokem_2026/SRC/MatrixMACSet.v" into library xil_defaultlib
INFO: [VRFC 10-311] analyzing module MatrixMACSet
INFO: [VRFC 10-2263] Analyzing Verilog file "D:/Work_prj/Frodokem_2026/SRC/MatrixMulAddSet.v" into library xil_defaultlib
INFO: [VRFC 10-311] analyzing module MatrixMulAddSet
INFO: [VRFC 10-2263] Analyzing Verilog file "D:/Work_prj/Frodokem_2026/SRC/MatrixSubSet.v" into library xil_defaultlib
INFO: [VRFC 10-311] analyzing module MatrixSubSet
INFO: [VRFC 10-2263] Analyzing Verilog file "D:/Work_prj/Frodokem_2026/SRC/PackSet.v" into library xil_defaultlib
INFO: [VRFC 10-311] analyzing module PackSet
INFO: [VRFC 10-2263] Analyzing Verilog file "D:/Work_prj/Frodokem_2026/SRC/RAM _Arbitration.v" into library xil_defaultlib
INFO: [VRFC 10-311] analyzing module RAM_Arbitration
INFO: [VRFC 10-2263] Analyzing Verilog file "D:/Work_prj/Frodokem_2026/SRC/shake.v" into library xil_defaultlib
INFO: [VRFC 10-311] analyzing module SHAKE
WARNING: [VRFC 10-3380] identifier 'CS' is used before its declaration [D:/Work_prj/Frodokem_2026/SRC/shake.v:64]
INFO: [VRFC 10-2263] Analyzing Verilog file "D:/Work_prj/Frodokem_2026/SRC/SampleMatrixSet.v" into library xil_defaultlib
INFO: [VRFC 10-311] analyzing module SampleMatrixSet
INFO: [VRFC 10-2263] Analyzing Verilog file "D:/Work_prj/Frodokem_2026/SRC/UnpackSet.v" into library xil_defaultlib
INFO: [VRFC 10-311] analyzing module UnpackSet
INFO: [VRFC 10-2263] Analyzing Verilog file "D:/Work_prj/Frodokem_2026/SRC/bidirectional_fifo.v" into library xil_defaultlib
INFO: [VRFC 10-311] analyzing module bidirectional_fifo
INFO: [VRFC 10-2263] Analyzing Verilog file "D:/Work_prj/Frodokem_2026/SRC/control.v" into library xil_defaultlib
INFO: [VRFC 10-311] analyzing module control
WARNING: [VRFC 10-3248] data object 'maccnt0' is already declared [D:/Work_prj/Frodokem_2026/SRC/control.v:1026]
WARNING: [VRFC 10-9364] second declaration of 'maccnt0' is ignored [D:/Work_prj/Frodokem_2026/SRC/control.v:1026]
WARNING: [VRFC 10-3380] identifier 'sqzout64_en' is used before its declaration [D:/Work_prj/Frodokem_2026/SRC/control.v:118]
WARNING: [VRFC 10-3380] identifier 'fifo64outval' is used before its declaration [D:/Work_prj/Frodokem_2026/SRC/control.v:486]
WARNING: [VRFC 10-3380] identifier 'pingpangflag' is used before its declaration [D:/Work_prj/Frodokem_2026/SRC/control.v:946]
INFO: [VRFC 10-2263] Analyzing Verilog file "D:/Work_prj/Frodokem_2026/dram448_r.v" into library xil_defaultlib
INFO: [VRFC 10-311] analyzing module dram448_r
INFO: [VRFC 10-2263] Analyzing Verilog file "D:/Work_prj/Frodokem_2026/dram64_r.v" into library xil_defaultlib
INFO: [VRFC 10-311] analyzing module dram64_r
INFO: [VRFC 10-2263] Analyzing Verilog file "D:/Work_prj/Frodokem_2026/dual_ram.v" into library xil_defaultlib
INFO: [VRFC 10-311] analyzing module dual_ram
INFO: [VRFC 10-2263] Analyzing Verilog file "D:/Work_prj/Frodokem_2026/dual_ram_asyn.v" into library xil_defaultlib
INFO: [VRFC 10-311] analyzing module dual_ram_asyn
INFO: [VRFC 10-2263] Analyzing Verilog file "D:/Work_prj/Frodokem_2026/SRC/roundmod.v" into library xil_defaultlib
INFO: [VRFC 10-311] analyzing module roundmod
INFO: [VRFC 10-2263] Analyzing Verilog file "D:/Work_prj/Frodokem_2026/SRC/theta.v" into library xil_defaultlib
INFO: [VRFC 10-311] analyzing module theta
INFO: [VRFC 10-2263] Analyzing Verilog file "D:/Work_prj/Frodokem_2026/SRC/thopichiiota.v" into library xil_defaultlib
INFO: [VRFC 10-311] analyzing module thopichiiota
INFO: [VRFC 10-2263] Analyzing Verilog file "D:/Work_prj/Frodokem_2026/Viprj/FrodoKEM/FrodoKEM.srcs/sim_1/new/TB.v" into library xil_defaultlib
INFO: [VRFC 10-311] analyzing module tb_Frodo_top
INFO: [USF-XSim-69] 'compile' step finished in '3' seconds
Command: launch_simulation -step elaborate -simset sim_1 -mode behavioral
INFO: [Vivado 12-12493] Simulation top is 'tb_Frodo_top'
INFO: [Vivado 12-5682] Launching behavioral simulation in 'D:/Work_prj/Frodokem_2026/Viprj/FrodoKEM/FrodoKEM.sim/sim_1/behav/xsim'
INFO: [SIM-utils-51] Simulation object is 'sim_1'
INFO: [USF-XSim-3] XSim::Elaborate design
INFO: [USF-XSim-61] Executing 'ELABORATE' step in 'D:/Work_prj/Frodokem_2026/Viprj/FrodoKEM/FrodoKEM.sim/sim_1/behav/xsim'
"xelab --incr --debug typical --relax --mt 2 -L xil_defaultlib -L unisims_ver -L unimacro_ver -L secureip -L xpm --snapshot tb_Frodo_top_behav xil_defaultlib.tb_Frodo_top xil_defaultlib.glbl -log elaborate.log"
Vivado Simulator v2025.1.0
Copyright 1986-2022 Xilinx, Inc. All Rights Reserved.
Copyright 2022-2025 Advanced Micro Devices, Inc. All Rights Reserved.
Running: D:/Xlinx/2025.1/Vivado/bin/unwrapped/win64.o/xelab.exe --incr --debug typical --relax --mt 2 -L xil_defaultlib -L unisims_ver -L unimacro_ver -L secureip -L xpm --snapshot tb_Frodo_top_behav xil_defaultlib.tb_Frodo_top xil_defaultlib.glbl -log elaborate.log 
Using 2 slave threads.
Starting static elaboration
Pass Through NonSizing Optimizer
WARNING: [VRFC 10-3091] actual bit length 1 differs from formal bit length 9 for port 'sqz_cnt' [D:/Work_prj/Frodokem_2026/SRC/Frodo_top.v:846]
WARNING: [VRFC 10-3091] actual bit length 1 differs from formal bit length 4 for port 'prefixe_out' [D:/Work_prj/Frodokem_2026/SRC/Frodo_top.v:889]
WARNING: [VRFC 10-3705] select index 31 into 'mem' is out of bounds [D:/Work_prj/Frodokem_2026/dual_ram_asyn.v:63]
WARNING: [VRFC 10-3705] select index 63 into 'mem' is out of bounds [D:/Work_prj/Frodokem_2026/dual_ram_asyn.v:64]
WARNING: [VRFC 10-3705] select index 23 into 'mem' is out of bounds [D:/Work_prj/Frodokem_2026/dual_ram_asyn.v:69]
WARNING: [VRFC 10-3705] select index 31 into 'mem' is out of bounds [D:/Work_prj/Frodokem_2026/dual_ram_asyn.v:70]
WARNING: [VRFC 10-3705] select index 39 into 'mem' is out of bounds [D:/Work_prj/Frodokem_2026/dual_ram_asyn.v:71]
WARNING: [VRFC 10-3705] select index 47 into 'mem' is out of bounds [D:/Work_prj/Frodokem_2026/dual_ram_asyn.v:72]
WARNING: [VRFC 10-3705] select index 55 into 'mem' is out of bounds [D:/Work_prj/Frodokem_2026/dual_ram_asyn.v:73]
WARNING: [VRFC 10-3705] select index 63 into 'mem' is out of bounds [D:/Work_prj/Frodokem_2026/dual_ram_asyn.v:74]
WARNING: [VRFC 10-3705] select index 31 into 'mem' is out of bounds [D:/Work_prj/Frodokem_2026/dual_ram_asyn.v:91]
WARNING: [VRFC 10-3705] select index 63 into 'mem' is out of bounds [D:/Work_prj/Frodokem_2026/dual_ram_asyn.v:92]
WARNING: [VRFC 10-3705] select index 23 into 'mem' is out of bounds [D:/Work_prj/Frodokem_2026/dual_ram_asyn.v:97]
WARNING: [VRFC 10-3705] select index 31 into 'mem' is out of bounds [D:/Work_prj/Frodokem_2026/dual_ram_asyn.v:98]
WARNING: [VRFC 10-3705] select index 39 into 'mem' is out of bounds [D:/Work_prj/Frodokem_2026/dual_ram_asyn.v:99]
WARNING: [VRFC 10-3705] select index 47 into 'mem' is out of bounds [D:/Work_prj/Frodokem_2026/dual_ram_asyn.v:100]
WARNING: [VRFC 10-3705] select index 55 into 'mem' is out of bounds [D:/Work_prj/Frodokem_2026/dual_ram_asyn.v:101]
WARNING: [VRFC 10-3705] select index 63 into 'mem' is out of bounds [D:/Work_prj/Frodokem_2026/dual_ram_asyn.v:102]
WARNING: [VRFC 10-3705] select index 63 into 'mem' is out of bounds [D:/Work_prj/Frodokem_2026/dual_ram.v:61]
WARNING: [VRFC 10-3705] select index 39 into 'mem' is out of bounds [D:/Work_prj/Frodokem_2026/dual_ram.v:68]
WARNING: [VRFC 10-3705] select index 47 into 'mem' is out of bounds [D:/Work_prj/Frodokem_2026/dual_ram.v:69]
WARNING: [VRFC 10-3705] select index 55 into 'mem' is out of bounds [D:/Work_prj/Frodokem_2026/dual_ram.v:70]
WARNING: [VRFC 10-3705] select index 63 into 'mem' is out of bounds [D:/Work_prj/Frodokem_2026/dual_ram.v:71]
WARNING: [VRFC 10-3705] select index 63 into 'mem' is out of bounds [D:/Work_prj/Frodokem_2026/dual_ram.v:89]
WARNING: [VRFC 10-3705] select index 39 into 'mem' is out of bounds [D:/Work_prj/Frodokem_2026/dual_ram.v:96]
WARNING: [VRFC 10-3705] select index 47 into 'mem' is out of bounds [D:/Work_prj/Frodokem_2026/dual_ram.v:97]
WARNING: [VRFC 10-3705] select index 55 into 'mem' is out of bounds [D:/Work_prj/Frodokem_2026/dual_ram.v:98]
WARNING: [VRFC 10-3705] select index 63 into 'mem' is out of bounds [D:/Work_prj/Frodokem_2026/dual_ram.v:99]
Completed static elaboration
Starting simulation data flow analysis
Completed simulation data flow analysis
Time Resolution for simulation is 1ps
Compiling module xil_defaultlib.SampleMatrixSet_default
Compiling module xil_defaultlib.bidirectional_fifo
Compiling module xil_defaultlib.theta
Compiling module xil_defaultlib.thopichiiota
Compiling module xil_defaultlib.SHAKE
Compiling module xil_defaultlib.PackSet
Compiling module xil_defaultlib.UnpackSet
Compiling module xil_defaultlib.roundmod_default
Compiling module xil_defaultlib.roundmod(B=3,Q=16)
Compiling module xil_defaultlib.roundmod(B=4,Q=16)
Compiling module xil_defaultlib.DecodeSet_default
Compiling module xil_defaultlib.EncodeSet
Compiling module xil_defaultlib.dram64_r(MEM_DEPTH=3000,HEX_FILE...
Compiling module xil_defaultlib.dram64_r(MEM_DEPTH=3000,HEX_FILE...
Compiling module xil_defaultlib.dram448_r(HEX_FILE="D:/Work_prj/...
Compiling module xil_defaultlib.MatrixAddSet_default
Compiling module xil_defaultlib.MatrixMACSet_default
Compiling module xil_defaultlib.MatrixMulAddSet_default
Compiling module xil_defaultlib.MatrixSubSet_default
Compiling module xil_defaultlib.dual_ram_asyn(ADDR_WIDTH=6,DATA_...
Compiling module xil_defaultlib.dual_ram(ADDR_WIDTH=10,DATA_WIDT...
Compiling module xil_defaultlib.instDecoder
Compiling module xil_defaultlib.RAM_Arbitration
Compiling module xil_defaultlib.AddrGenUnit
Compiling module xil_defaultlib.control
Compiling module xil_defaultlib.Frodo_top
Compiling module xil_defaultlib.tb_Frodo_top
Compiling module xil_defaultlib.glbl
Built simulation snapshot tb_Frodo_top_behav
run_program: Time (s): cpu = 00:00:00 ; elapsed = 00:00:07 . Memory (MB): peak = 3800.543 ; gain = 0.000
INFO: [USF-XSim-69] 'elaborate' step finished in '8' seconds
launch_simulation: Time (s): cpu = 00:00:01 ; elapsed = 00:00:08 . Memory (MB): peak = 3800.543 ; gain = 0.000
Time resolution is 1 ps
WARNING: Too many words specified in data file D:/Work_prj/Frodokem_2026/TB/RAM64a.hex
WARNING: Too many words specified in data file D:/Work_prj/Frodokem_2026/TB/RAM64b.hex
oneinstdone detected at               425000
mem dumped to D:/Work_prj/Frodokem_2026/TB/RAM64aout.hex at time=445000
mem dumped to D:/Work_prj/Frodokem_2026/TB/RAM64bout.hex at time=445000
mem dumped to D:/Work_prj/Frodokem_2026/TB/RAM448out.hex at time=445000
mem dumped to D:/Work_prj/Frodokem_2026/TB/RAM64aout.hex at time=565000
mem dumped to D:/Work_prj/Frodokem_2026/TB/RAM64bout.hex at time=565000
mem dumped to D:/Work_prj/Frodokem_2026/TB/RAM448out.hex at time=565000
mem dumped to D:/Work_prj/Frodokem_2026/TB/RAM64aout.hex at time=695000
mem dumped to D:/Work_prj/Frodokem_2026/TB/RAM64bout.hex at time=695000
mem dumped to D:/Work_prj/Frodokem_2026/TB/RAM448out.hex at time=695000
mem dumped to D:/Work_prj/Frodokem_2026/TB/RAM64aout.hex at time=835000
mem dumped to D:/Work_prj/Frodokem_2026/TB/RAM64bout.hex at time=835000
mem dumped to D:/Work_prj/Frodokem_2026/TB/RAM448out.hex at time=835000
mem dumped to D:/Work_prj/Frodokem_2026/TB/RAM64aout.hex at time=955000
mem dumped to D:/Work_prj/Frodokem_2026/TB/RAM64bout.hex at time=955000
mem dumped to D:/Work_prj/Frodokem_2026/TB/RAM448out.hex at time=955000
relaunch_sim: Time (s): cpu = 00:00:01 ; elapsed = 00:00:13 . Memory (MB): peak = 3800.543 ; gain = 0.000
current_wave_config {tb_Frodo_top_behav.wcfg}
tb_Frodo_top_behav.wcfg
add_wave {{/tb_Frodo_top/dut/u_control/onestate}} 
current_wave_config {tb_Frodo_top_behav.wcfg}
tb_Frodo_top_behav.wcfg
add_wave {{/tb_Frodo_top/dut/u_control/mac_en}} 
relaunch_sim
Command: launch_simulation -step compile -simset sim_1 -mode behavioral
INFO: [Vivado 12-12493] Simulation top is 'tb_Frodo_top'
INFO: [Vivado 12-5682] Launching behavioral simulation in 'D:/Work_prj/Frodokem_2026/Viprj/FrodoKEM/FrodoKEM.sim/sim_1/behav/xsim'
INFO: [SIM-utils-51] Simulation object is 'sim_1'
INFO: [USF-XSim-2] XSim::Compile design
INFO: [USF-XSim-61] Executing 'COMPILE and ANALYZE' step in 'D:/Work_prj/Frodokem_2026/Viprj/FrodoKEM/FrodoKEM.sim/sim_1/behav/xsim'
"xvlog --incr --relax -prj tb_Frodo_top_vlog.prj"
INFO: [VRFC 10-2263] Analyzing Verilog file "D:/Work_prj/Frodokem_2026/SRC/AddrGenUnit.v" into library xil_defaultlib
INFO: [VRFC 10-311] analyzing module AddrGenUnit
INFO: [VRFC 10-2263] Analyzing Verilog file "D:/Work_prj/Frodokem_2026/SRC/DecodeSet.v" into library xil_defaultlib
INFO: [VRFC 10-311] analyzing module DecodeSet
INFO: [VRFC 10-2263] Analyzing Verilog file "D:/Work_prj/Frodokem_2026/SRC/EncodeSet.v" into library xil_defaultlib
INFO: [VRFC 10-311] analyzing module EncodeSet
INFO: [VRFC 10-2263] Analyzing Verilog file "D:/Work_prj/Frodokem_2026/SRC/Frodo_top.v" into library xil_defaultlib
INFO: [VRFC 10-311] analyzing module Frodo_top
INFO: [VRFC 10-2263] Analyzing Verilog file "D:/Work_prj/Frodokem_2026/SRC/InstDecoder.v" into library xil_defaultlib
INFO: [VRFC 10-311] analyzing module instDecoder
INFO: [VRFC 10-2263] Analyzing Verilog file "D:/Work_prj/Frodokem_2026/SRC/MatrixAddSet.v" into library xil_defaultlib
INFO: [VRFC 10-311] analyzing module MatrixAddSet
INFO: [VRFC 10-2263] Analyzing Verilog file "D:/Work_prj/Frodokem_2026/SRC/MatrixMACSet.v" into library xil_defaultlib
INFO: [VRFC 10-311] analyzing module MatrixMACSet
INFO: [VRFC 10-2263] Analyzing Verilog file "D:/Work_prj/Frodokem_2026/SRC/MatrixMulAddSet.v" into library xil_defaultlib
INFO: [VRFC 10-311] analyzing module MatrixMulAddSet
INFO: [VRFC 10-2263] Analyzing Verilog file "D:/Work_prj/Frodokem_2026/SRC/MatrixSubSet.v" into library xil_defaultlib
INFO: [VRFC 10-311] analyzing module MatrixSubSet
INFO: [VRFC 10-2263] Analyzing Verilog file "D:/Work_prj/Frodokem_2026/SRC/PackSet.v" into library xil_defaultlib
INFO: [VRFC 10-311] analyzing module PackSet
INFO: [VRFC 10-2263] Analyzing Verilog file "D:/Work_prj/Frodokem_2026/SRC/RAM _Arbitration.v" into library xil_defaultlib
INFO: [VRFC 10-311] analyzing module RAM_Arbitration
INFO: [VRFC 10-2263] Analyzing Verilog file "D:/Work_prj/Frodokem_2026/SRC/shake.v" into library xil_defaultlib
INFO: [VRFC 10-311] analyzing module SHAKE
WARNING: [VRFC 10-3380] identifier 'CS' is used before its declaration [D:/Work_prj/Frodokem_2026/SRC/shake.v:64]
INFO: [VRFC 10-2263] Analyzing Verilog file "D:/Work_prj/Frodokem_2026/SRC/SampleMatrixSet.v" into library xil_defaultlib
INFO: [VRFC 10-311] analyzing module SampleMatrixSet
INFO: [VRFC 10-2263] Analyzing Verilog file "D:/Work_prj/Frodokem_2026/SRC/UnpackSet.v" into library xil_defaultlib
INFO: [VRFC 10-311] analyzing module UnpackSet
INFO: [VRFC 10-2263] Analyzing Verilog file "D:/Work_prj/Frodokem_2026/SRC/bidirectional_fifo.v" into library xil_defaultlib
INFO: [VRFC 10-311] analyzing module bidirectional_fifo
INFO: [VRFC 10-2263] Analyzing Verilog file "D:/Work_prj/Frodokem_2026/SRC/control.v" into library xil_defaultlib
INFO: [VRFC 10-311] analyzing module control
WARNING: [VRFC 10-3248] data object 'maccnt0' is already declared [D:/Work_prj/Frodokem_2026/SRC/control.v:1026]
WARNING: [VRFC 10-9364] second declaration of 'maccnt0' is ignored [D:/Work_prj/Frodokem_2026/SRC/control.v:1026]
WARNING: [VRFC 10-3380] identifier 'sqzout64_en' is used before its declaration [D:/Work_prj/Frodokem_2026/SRC/control.v:118]
WARNING: [VRFC 10-3380] identifier 'fifo64outval' is used before its declaration [D:/Work_prj/Frodokem_2026/SRC/control.v:486]
WARNING: [VRFC 10-3380] identifier 'pingpangflag' is used before its declaration [D:/Work_prj/Frodokem_2026/SRC/control.v:946]
INFO: [VRFC 10-2263] Analyzing Verilog file "D:/Work_prj/Frodokem_2026/dram448_r.v" into library xil_defaultlib
INFO: [VRFC 10-311] analyzing module dram448_r
INFO: [VRFC 10-2263] Analyzing Verilog file "D:/Work_prj/Frodokem_2026/dram64_r.v" into library xil_defaultlib
INFO: [VRFC 10-311] analyzing module dram64_r
INFO: [VRFC 10-2263] Analyzing Verilog file "D:/Work_prj/Frodokem_2026/dual_ram.v" into library xil_defaultlib
INFO: [VRFC 10-311] analyzing module dual_ram
INFO: [VRFC 10-2263] Analyzing Verilog file "D:/Work_prj/Frodokem_2026/dual_ram_asyn.v" into library xil_defaultlib
INFO: [VRFC 10-311] analyzing module dual_ram_asyn
INFO: [VRFC 10-2263] Analyzing Verilog file "D:/Work_prj/Frodokem_2026/SRC/roundmod.v" into library xil_defaultlib
INFO: [VRFC 10-311] analyzing module roundmod
INFO: [VRFC 10-2263] Analyzing Verilog file "D:/Work_prj/Frodokem_2026/SRC/theta.v" into library xil_defaultlib
INFO: [VRFC 10-311] analyzing module theta
INFO: [VRFC 10-2263] Analyzing Verilog file "D:/Work_prj/Frodokem_2026/SRC/thopichiiota.v" into library xil_defaultlib
INFO: [VRFC 10-311] analyzing module thopichiiota
INFO: [VRFC 10-2263] Analyzing Verilog file "D:/Work_prj/Frodokem_2026/Viprj/FrodoKEM/FrodoKEM.srcs/sim_1/new/TB.v" into library xil_defaultlib
INFO: [VRFC 10-311] analyzing module tb_Frodo_top
INFO: [USF-XSim-69] 'compile' step finished in '3' seconds
Command: launch_simulation -step elaborate -simset sim_1 -mode behavioral
INFO: [Vivado 12-12493] Simulation top is 'tb_Frodo_top'
INFO: [Vivado 12-5682] Launching behavioral simulation in 'D:/Work_prj/Frodokem_2026/Viprj/FrodoKEM/FrodoKEM.sim/sim_1/behav/xsim'
INFO: [SIM-utils-51] Simulation object is 'sim_1'
INFO: [USF-XSim-3] XSim::Elaborate design
INFO: [USF-XSim-61] Executing 'ELABORATE' step in 'D:/Work_prj/Frodokem_2026/Viprj/FrodoKEM/FrodoKEM.sim/sim_1/behav/xsim'
"xelab --incr --debug typical --relax --mt 2 -L xil_defaultlib -L unisims_ver -L unimacro_ver -L secureip -L xpm --snapshot tb_Frodo_top_behav xil_defaultlib.tb_Frodo_top xil_defaultlib.glbl -log elaborate.log"
Vivado Simulator v2025.1.0
Copyright 1986-2022 Xilinx, Inc. All Rights Reserved.
Copyright 2022-2025 Advanced Micro Devices, Inc. All Rights Reserved.
Running: D:/Xlinx/2025.1/Vivado/bin/unwrapped/win64.o/xelab.exe --incr --debug typical --relax --mt 2 -L xil_defaultlib -L unisims_ver -L unimacro_ver -L secureip -L xpm --snapshot tb_Frodo_top_behav xil_defaultlib.tb_Frodo_top xil_defaultlib.glbl -log elaborate.log 
Using 2 slave threads.
Starting static elaboration
Pass Through NonSizing Optimizer
WARNING: [VRFC 10-3091] actual bit length 1 differs from formal bit length 9 for port 'sqz_cnt' [D:/Work_prj/Frodokem_2026/SRC/Frodo_top.v:846]
WARNING: [VRFC 10-3091] actual bit length 1 differs from formal bit length 4 for port 'prefixe_out' [D:/Work_prj/Frodokem_2026/SRC/Frodo_top.v:889]
WARNING: [VRFC 10-3705] select index 31 into 'mem' is out of bounds [D:/Work_prj/Frodokem_2026/dual_ram_asyn.v:63]
WARNING: [VRFC 10-3705] select index 63 into 'mem' is out of bounds [D:/Work_prj/Frodokem_2026/dual_ram_asyn.v:64]
WARNING: [VRFC 10-3705] select index 23 into 'mem' is out of bounds [D:/Work_prj/Frodokem_2026/dual_ram_asyn.v:69]
WARNING: [VRFC 10-3705] select index 31 into 'mem' is out of bounds [D:/Work_prj/Frodokem_2026/dual_ram_asyn.v:70]
WARNING: [VRFC 10-3705] select index 39 into 'mem' is out of bounds [D:/Work_prj/Frodokem_2026/dual_ram_asyn.v:71]
WARNING: [VRFC 10-3705] select index 47 into 'mem' is out of bounds [D:/Work_prj/Frodokem_2026/dual_ram_asyn.v:72]
WARNING: [VRFC 10-3705] select index 55 into 'mem' is out of bounds [D:/Work_prj/Frodokem_2026/dual_ram_asyn.v:73]
WARNING: [VRFC 10-3705] select index 63 into 'mem' is out of bounds [D:/Work_prj/Frodokem_2026/dual_ram_asyn.v:74]
WARNING: [VRFC 10-3705] select index 31 into 'mem' is out of bounds [D:/Work_prj/Frodokem_2026/dual_ram_asyn.v:91]
WARNING: [VRFC 10-3705] select index 63 into 'mem' is out of bounds [D:/Work_prj/Frodokem_2026/dual_ram_asyn.v:92]
WARNING: [VRFC 10-3705] select index 23 into 'mem' is out of bounds [D:/Work_prj/Frodokem_2026/dual_ram_asyn.v:97]
WARNING: [VRFC 10-3705] select index 31 into 'mem' is out of bounds [D:/Work_prj/Frodokem_2026/dual_ram_asyn.v:98]
WARNING: [VRFC 10-3705] select index 39 into 'mem' is out of bounds [D:/Work_prj/Frodokem_2026/dual_ram_asyn.v:99]
WARNING: [VRFC 10-3705] select index 47 into 'mem' is out of bounds [D:/Work_prj/Frodokem_2026/dual_ram_asyn.v:100]
WARNING: [VRFC 10-3705] select index 55 into 'mem' is out of bounds [D:/Work_prj/Frodokem_2026/dual_ram_asyn.v:101]
WARNING: [VRFC 10-3705] select index 63 into 'mem' is out of bounds [D:/Work_prj/Frodokem_2026/dual_ram_asyn.v:102]
WARNING: [VRFC 10-3705] select index 63 into 'mem' is out of bounds [D:/Work_prj/Frodokem_2026/dual_ram.v:61]
WARNING: [VRFC 10-3705] select index 39 into 'mem' is out of bounds [D:/Work_prj/Frodokem_2026/dual_ram.v:68]
WARNING: [VRFC 10-3705] select index 47 into 'mem' is out of bounds [D:/Work_prj/Frodokem_2026/dual_ram.v:69]
WARNING: [VRFC 10-3705] select index 55 into 'mem' is out of bounds [D:/Work_prj/Frodokem_2026/dual_ram.v:70]
WARNING: [VRFC 10-3705] select index 63 into 'mem' is out of bounds [D:/Work_prj/Frodokem_2026/dual_ram.v:71]
WARNING: [VRFC 10-3705] select index 63 into 'mem' is out of bounds [D:/Work_prj/Frodokem_2026/dual_ram.v:89]
WARNING: [VRFC 10-3705] select index 39 into 'mem' is out of bounds [D:/Work_prj/Frodokem_2026/dual_ram.v:96]
WARNING: [VRFC 10-3705] select index 47 into 'mem' is out of bounds [D:/Work_prj/Frodokem_2026/dual_ram.v:97]
WARNING: [VRFC 10-3705] select index 55 into 'mem' is out of bounds [D:/Work_prj/Frodokem_2026/dual_ram.v:98]
WARNING: [VRFC 10-3705] select index 63 into 'mem' is out of bounds [D:/Work_prj/Frodokem_2026/dual_ram.v:99]
Completed static elaboration
Starting simulation data flow analysis
Completed simulation data flow analysis
Time Resolution for simulation is 1ps
Compiling module xil_defaultlib.SampleMatrixSet_default
Compiling module xil_defaultlib.bidirectional_fifo
Compiling module xil_defaultlib.theta
Compiling module xil_defaultlib.thopichiiota
Compiling module xil_defaultlib.SHAKE
Compiling module xil_defaultlib.PackSet
Compiling module xil_defaultlib.UnpackSet
Compiling module xil_defaultlib.roundmod_default
Compiling module xil_defaultlib.roundmod(B=3,Q=16)
Compiling module xil_defaultlib.roundmod(B=4,Q=16)
Compiling module xil_defaultlib.DecodeSet_default
Compiling module xil_defaultlib.EncodeSet
Compiling module xil_defaultlib.dram64_r(MEM_DEPTH=3000,HEX_FILE...
Compiling module xil_defaultlib.dram64_r(MEM_DEPTH=3000,HEX_FILE...
Compiling module xil_defaultlib.dram448_r(HEX_FILE="D:/Work_prj/...
Compiling module xil_defaultlib.MatrixAddSet_default
Compiling module xil_defaultlib.MatrixMACSet_default
Compiling module xil_defaultlib.MatrixMulAddSet_default
Compiling module xil_defaultlib.MatrixSubSet_default
Compiling module xil_defaultlib.dual_ram_asyn(ADDR_WIDTH=6,DATA_...
Compiling module xil_defaultlib.dual_ram(ADDR_WIDTH=10,DATA_WIDT...
Compiling module xil_defaultlib.instDecoder
Compiling module xil_defaultlib.RAM_Arbitration
Compiling module xil_defaultlib.AddrGenUnit
Compiling module xil_defaultlib.control
Compiling module xil_defaultlib.Frodo_top
Compiling module xil_defaultlib.tb_Frodo_top
Compiling module xil_defaultlib.glbl
Built simulation snapshot tb_Frodo_top_behav
run_program: Time (s): cpu = 00:00:01 ; elapsed = 00:00:07 . Memory (MB): peak = 3830.289 ; gain = 0.000
INFO: [USF-XSim-69] 'elaborate' step finished in '7' seconds
launch_simulation: Time (s): cpu = 00:00:01 ; elapsed = 00:00:07 . Memory (MB): peak = 3830.289 ; gain = 0.000
Time resolution is 1 ps
WARNING: Too many words specified in data file D:/Work_prj/Frodokem_2026/TB/RAM64a.hex
WARNING: Too many words specified in data file D:/Work_prj/Frodokem_2026/TB/RAM64b.hex
oneinstdone detected at               415000
mem dumped to D:/Work_prj/Frodokem_2026/TB/RAM64aout.hex at time=435000
mem dumped to D:/Work_prj/Frodokem_2026/TB/RAM64bout.hex at time=435000
mem dumped to D:/Work_prj/Frodokem_2026/TB/RAM448out.hex at time=435000
mem dumped to D:/Work_prj/Frodokem_2026/TB/RAM64aout.hex at time=555000
mem dumped to D:/Work_prj/Frodokem_2026/TB/RAM64bout.hex at time=555000
mem dumped to D:/Work_prj/Frodokem_2026/TB/RAM448out.hex at time=555000
mem dumped to D:/Work_prj/Frodokem_2026/TB/RAM64aout.hex at time=685000
mem dumped to D:/Work_prj/Frodokem_2026/TB/RAM64bout.hex at time=685000
mem dumped to D:/Work_prj/Frodokem_2026/TB/RAM448out.hex at time=685000
mem dumped to D:/Work_prj/Frodokem_2026/TB/RAM64aout.hex at time=825000
mem dumped to D:/Work_prj/Frodokem_2026/TB/RAM64bout.hex at time=825000
mem dumped to D:/Work_prj/Frodokem_2026/TB/RAM448out.hex at time=825000
mem dumped to D:/Work_prj/Frodokem_2026/TB/RAM64aout.hex at time=945000
mem dumped to D:/Work_prj/Frodokem_2026/TB/RAM64bout.hex at time=945000
mem dumped to D:/Work_prj/Frodokem_2026/TB/RAM448out.hex at time=945000
relaunch_sim: Time (s): cpu = 00:00:03 ; elapsed = 00:00:13 . Memory (MB): peak = 3830.289 ; gain = 0.000
current_wave_config {tb_Frodo_top_behav.wcfg}
tb_Frodo_top_behav.wcfg
add_wave {{/tb_Frodo_top/dut/u_control/addra_add}} 
current_wave_config {tb_Frodo_top_behav.wcfg}
tb_Frodo_top_behav.wcfg
add_wave {{/tb_Frodo_top/dut/u_control/loopifullfalg}} 
current_wave_config {tb_Frodo_top_behav.wcfg}
tb_Frodo_top_behav.wcfg
add_wave {{/tb_Frodo_top/dut/u_control/u_AddrGenUnit/loopi}} {{/tb_Frodo_top/dut/u_control/u_AddrGenUnit/loopj}} {{/tb_Frodo_top/dut/u_control/u_AddrGenUnit/loopk}} 
current_wave_config {tb_Frodo_top_behav.wcfg}
tb_Frodo_top_behav.wcfg
add_wave {{/tb_Frodo_top/dut/u_control/u_AddrGenUnit/loopifull}} 
update_compile_order -fileset sources_1
update_compile_order -fileset sources_1
relaunch_sim
Command: launch_simulation -step compile -simset sim_1 -mode behavioral
INFO: [Vivado 12-12493] Simulation top is 'tb_Frodo_top'
INFO: [Vivado 12-5682] Launching behavioral simulation in 'D:/Work_prj/Frodokem_2026/Viprj/FrodoKEM/FrodoKEM.sim/sim_1/behav/xsim'
INFO: [SIM-utils-51] Simulation object is 'sim_1'
INFO: [USF-XSim-2] XSim::Compile design
INFO: [USF-XSim-61] Executing 'COMPILE and ANALYZE' step in 'D:/Work_prj/Frodokem_2026/Viprj/FrodoKEM/FrodoKEM.sim/sim_1/behav/xsim'
"xvlog --incr --relax -prj tb_Frodo_top_vlog.prj"
INFO: [VRFC 10-2263] Analyzing Verilog file "D:/Work_prj/Frodokem_2026/SRC/AddrGenUnit.v" into library xil_defaultlib
INFO: [VRFC 10-311] analyzing module AddrGenUnit
INFO: [VRFC 10-2263] Analyzing Verilog file "D:/Work_prj/Frodokem_2026/SRC/DecodeSet.v" into library xil_defaultlib
INFO: [VRFC 10-311] analyzing module DecodeSet
INFO: [VRFC 10-2263] Analyzing Verilog file "D:/Work_prj/Frodokem_2026/SRC/EncodeSet.v" into library xil_defaultlib
INFO: [VRFC 10-311] analyzing module EncodeSet
INFO: [VRFC 10-2263] Analyzing Verilog file "D:/Work_prj/Frodokem_2026/SRC/Frodo_top.v" into library xil_defaultlib
INFO: [VRFC 10-311] analyzing module Frodo_top
INFO: [VRFC 10-2263] Analyzing Verilog file "D:/Work_prj/Frodokem_2026/SRC/InstDecoder.v" into library xil_defaultlib
INFO: [VRFC 10-311] analyzing module instDecoder
INFO: [VRFC 10-2263] Analyzing Verilog file "D:/Work_prj/Frodokem_2026/SRC/MatrixAddSet.v" into library xil_defaultlib
INFO: [VRFC 10-311] analyzing module MatrixAddSet
INFO: [VRFC 10-2263] Analyzing Verilog file "D:/Work_prj/Frodokem_2026/SRC/MatrixMACSet.v" into library xil_defaultlib
INFO: [VRFC 10-311] analyzing module MatrixMACSet
INFO: [VRFC 10-2263] Analyzing Verilog file "D:/Work_prj/Frodokem_2026/SRC/MatrixMulAddSet.v" into library xil_defaultlib
INFO: [VRFC 10-311] analyzing module MatrixMulAddSet
INFO: [VRFC 10-2263] Analyzing Verilog file "D:/Work_prj/Frodokem_2026/SRC/MatrixSubSet.v" into library xil_defaultlib
INFO: [VRFC 10-311] analyzing module MatrixSubSet
INFO: [VRFC 10-2263] Analyzing Verilog file "D:/Work_prj/Frodokem_2026/SRC/PackSet.v" into library xil_defaultlib
INFO: [VRFC 10-311] analyzing module PackSet
INFO: [VRFC 10-2263] Analyzing Verilog file "D:/Work_prj/Frodokem_2026/SRC/RAM _Arbitration.v" into library xil_defaultlib
INFO: [VRFC 10-311] analyzing module RAM_Arbitration
INFO: [VRFC 10-2263] Analyzing Verilog file "D:/Work_prj/Frodokem_2026/SRC/shake.v" into library xil_defaultlib
INFO: [VRFC 10-311] analyzing module SHAKE
WARNING: [VRFC 10-3380] identifier 'CS' is used before its declaration [D:/Work_prj/Frodokem_2026/SRC/shake.v:64]
INFO: [VRFC 10-2263] Analyzing Verilog file "D:/Work_prj/Frodokem_2026/SRC/SampleMatrixSet.v" into library xil_defaultlib
INFO: [VRFC 10-311] analyzing module SampleMatrixSet
INFO: [VRFC 10-2263] Analyzing Verilog file "D:/Work_prj/Frodokem_2026/SRC/UnpackSet.v" into library xil_defaultlib
INFO: [VRFC 10-311] analyzing module UnpackSet
INFO: [VRFC 10-2263] Analyzing Verilog file "D:/Work_prj/Frodokem_2026/SRC/bidirectional_fifo.v" into library xil_defaultlib
INFO: [VRFC 10-311] analyzing module bidirectional_fifo
INFO: [VRFC 10-2263] Analyzing Verilog file "D:/Work_prj/Frodokem_2026/SRC/control.v" into library xil_defaultlib
INFO: [VRFC 10-311] analyzing module control
ERROR: [VRFC 10-4982] syntax error near ')' [D:/Work_prj/Frodokem_2026/SRC/control.v:930]
WARNING: [VRFC 10-2096] empty statement in always construct [D:/Work_prj/Frodokem_2026/SRC/control.v:930]
ERROR: [VRFC 10-4982] syntax error near '<=' [D:/Work_prj/Frodokem_2026/SRC/control.v:932]
ERROR: [VRFC 10-4982] syntax error near '<=' [D:/Work_prj/Frodokem_2026/SRC/control.v:934]
ERROR: [VRFC 10-4982] syntax error near '<=' [D:/Work_prj/Frodokem_2026/SRC/control.v:936]
ERROR: [VRFC 10-4982] syntax error near '<=' [D:/Work_prj/Frodokem_2026/SRC/control.v:938]
WARNING: [VRFC 10-3248] data object 'maccnt0' is already declared [D:/Work_prj/Frodokem_2026/SRC/control.v:1039]
WARNING: [VRFC 10-9364] second declaration of 'maccnt0' is ignored [D:/Work_prj/Frodokem_2026/SRC/control.v:1039]
WARNING: [VRFC 10-1771] potential always loop found [D:/Work_prj/Frodokem_2026/SRC/control.v:930]
ERROR: [VRFC 10-2951] 'rstn' is not a constant [D:/Work_prj/Frodokem_2026/SRC/control.v:931]
ERROR: [VRFC 10-8530] module 'control' is ignored due to previous errors [D:/Work_prj/Frodokem_2026/SRC/control.v:3]
INFO: [USF-XSim-69] 'compile' step finished in '2' seconds
INFO: [USF-XSim-99] Step results log file:'D:/Work_prj/Frodokem_2026/Viprj/FrodoKEM/FrodoKEM.sim/sim_1/behav/xsim/xvlog.log'
ERROR: [USF-XSim-62] 'compile' step failed with error(s). Please check the Tcl console output or 'D:/Work_prj/Frodokem_2026/Viprj/FrodoKEM/FrodoKEM.sim/sim_1/behav/xsim/xvlog.log' file for more information.
ERROR: [Vivado 12-4473] Detected error while running simulation. Please correct the issue and retry this operation.
ERROR: [Common 17-39] 'launch_simulation' failed due to earlier errors.
ERROR: [Common 17-69] Command failed: ERROR: [Common 17-39] 'launch_simulation' failed due to earlier errors.

relaunch_sim
Command: launch_simulation -step compile -simset sim_1 -mode behavioral
INFO: [Vivado 12-12493] Simulation top is 'tb_Frodo_top'
INFO: [Vivado 12-5682] Launching behavioral simulation in 'D:/Work_prj/Frodokem_2026/Viprj/FrodoKEM/FrodoKEM.sim/sim_1/behav/xsim'
INFO: [SIM-utils-51] Simulation object is 'sim_1'
INFO: [USF-XSim-2] XSim::Compile design
INFO: [USF-XSim-61] Executing 'COMPILE and ANALYZE' step in 'D:/Work_prj/Frodokem_2026/Viprj/FrodoKEM/FrodoKEM.sim/sim_1/behav/xsim'
"xvlog --incr --relax -prj tb_Frodo_top_vlog.prj"
INFO: [VRFC 10-2263] Analyzing Verilog file "D:/Work_prj/Frodokem_2026/SRC/AddrGenUnit.v" into library xil_defaultlib
INFO: [VRFC 10-311] analyzing module AddrGenUnit
INFO: [VRFC 10-2263] Analyzing Verilog file "D:/Work_prj/Frodokem_2026/SRC/DecodeSet.v" into library xil_defaultlib
INFO: [VRFC 10-311] analyzing module DecodeSet
INFO: [VRFC 10-2263] Analyzing Verilog file "D:/Work_prj/Frodokem_2026/SRC/EncodeSet.v" into library xil_defaultlib
INFO: [VRFC 10-311] analyzing module EncodeSet
INFO: [VRFC 10-2263] Analyzing Verilog file "D:/Work_prj/Frodokem_2026/SRC/Frodo_top.v" into library xil_defaultlib
INFO: [VRFC 10-311] analyzing module Frodo_top
INFO: [VRFC 10-2263] Analyzing Verilog file "D:/Work_prj/Frodokem_2026/SRC/InstDecoder.v" into library xil_defaultlib
INFO: [VRFC 10-311] analyzing module instDecoder
INFO: [VRFC 10-2263] Analyzing Verilog file "D:/Work_prj/Frodokem_2026/SRC/MatrixAddSet.v" into library xil_defaultlib
INFO: [VRFC 10-311] analyzing module MatrixAddSet
INFO: [VRFC 10-2263] Analyzing Verilog file "D:/Work_prj/Frodokem_2026/SRC/MatrixMACSet.v" into library xil_defaultlib
INFO: [VRFC 10-311] analyzing module MatrixMACSet
INFO: [VRFC 10-2263] Analyzing Verilog file "D:/Work_prj/Frodokem_2026/SRC/MatrixMulAddSet.v" into library xil_defaultlib
INFO: [VRFC 10-311] analyzing module MatrixMulAddSet
INFO: [VRFC 10-2263] Analyzing Verilog file "D:/Work_prj/Frodokem_2026/SRC/MatrixSubSet.v" into library xil_defaultlib
INFO: [VRFC 10-311] analyzing module MatrixSubSet
INFO: [VRFC 10-2263] Analyzing Verilog file "D:/Work_prj/Frodokem_2026/SRC/PackSet.v" into library xil_defaultlib
INFO: [VRFC 10-311] analyzing module PackSet
INFO: [VRFC 10-2263] Analyzing Verilog file "D:/Work_prj/Frodokem_2026/SRC/RAM _Arbitration.v" into library xil_defaultlib
INFO: [VRFC 10-311] analyzing module RAM_Arbitration
INFO: [VRFC 10-2263] Analyzing Verilog file "D:/Work_prj/Frodokem_2026/SRC/shake.v" into library xil_defaultlib
INFO: [VRFC 10-311] analyzing module SHAKE
WARNING: [VRFC 10-3380] identifier 'CS' is used before its declaration [D:/Work_prj/Frodokem_2026/SRC/shake.v:64]
INFO: [VRFC 10-2263] Analyzing Verilog file "D:/Work_prj/Frodokem_2026/SRC/SampleMatrixSet.v" into library xil_defaultlib
INFO: [VRFC 10-311] analyzing module SampleMatrixSet
INFO: [VRFC 10-2263] Analyzing Verilog file "D:/Work_prj/Frodokem_2026/SRC/UnpackSet.v" into library xil_defaultlib
INFO: [VRFC 10-311] analyzing module UnpackSet
INFO: [VRFC 10-2263] Analyzing Verilog file "D:/Work_prj/Frodokem_2026/SRC/bidirectional_fifo.v" into library xil_defaultlib
INFO: [VRFC 10-311] analyzing module bidirectional_fifo
INFO: [VRFC 10-2263] Analyzing Verilog file "D:/Work_prj/Frodokem_2026/SRC/control.v" into library xil_defaultlib
INFO: [VRFC 10-311] analyzing module control
ERROR: [VRFC 10-4982] syntax error near ')' [D:/Work_prj/Frodokem_2026/SRC/control.v:930]
WARNING: [VRFC 10-2096] empty statement in always construct [D:/Work_prj/Frodokem_2026/SRC/control.v:930]
ERROR: [VRFC 10-4982] syntax error near '<=' [D:/Work_prj/Frodokem_2026/SRC/control.v:932]
ERROR: [VRFC 10-4982] syntax error near '<=' [D:/Work_prj/Frodokem_2026/SRC/control.v:934]
ERROR: [VRFC 10-4982] syntax error near '<=' [D:/Work_prj/Frodokem_2026/SRC/control.v:936]
ERROR: [VRFC 10-4982] syntax error near '<=' [D:/Work_prj/Frodokem_2026/SRC/control.v:938]
WARNING: [VRFC 10-3248] data object 'maccnt0' is already declared [D:/Work_prj/Frodokem_2026/SRC/control.v:1039]
WARNING: [VRFC 10-9364] second declaration of 'maccnt0' is ignored [D:/Work_prj/Frodokem_2026/SRC/control.v:1039]
WARNING: [VRFC 10-1771] potential always loop found [D:/Work_prj/Frodokem_2026/SRC/control.v:930]
ERROR: [VRFC 10-2951] 'rstn' is not a constant [D:/Work_prj/Frodokem_2026/SRC/control.v:931]
ERROR: [VRFC 10-8530] module 'control' is ignored due to previous errors [D:/Work_prj/Frodokem_2026/SRC/control.v:3]
INFO: [USF-XSim-69] 'compile' step finished in '2' seconds
INFO: [USF-XSim-99] Step results log file:'D:/Work_prj/Frodokem_2026/Viprj/FrodoKEM/FrodoKEM.sim/sim_1/behav/xsim/xvlog.log'
ERROR: [USF-XSim-62] 'compile' step failed with error(s). Please check the Tcl console output or 'D:/Work_prj/Frodokem_2026/Viprj/FrodoKEM/FrodoKEM.sim/sim_1/behav/xsim/xvlog.log' file for more information.
ERROR: [Vivado 12-4473] Detected error while running simulation. Please correct the issue and retry this operation.
ERROR: [Common 17-39] 'launch_simulation' failed due to earlier errors.
ERROR: [Common 17-69] Command failed: ERROR: [Common 17-39] 'launch_simulation' failed due to earlier errors.

relaunch_sim
Command: launch_simulation -step compile -simset sim_1 -mode behavioral
INFO: [Vivado 12-12493] Simulation top is 'tb_Frodo_top'
INFO: [Vivado 12-5682] Launching behavioral simulation in 'D:/Work_prj/Frodokem_2026/Viprj/FrodoKEM/FrodoKEM.sim/sim_1/behav/xsim'
INFO: [SIM-utils-51] Simulation object is 'sim_1'
INFO: [USF-XSim-2] XSim::Compile design
INFO: [USF-XSim-61] Executing 'COMPILE and ANALYZE' step in 'D:/Work_prj/Frodokem_2026/Viprj/FrodoKEM/FrodoKEM.sim/sim_1/behav/xsim'
"xvlog --incr --relax -prj tb_Frodo_top_vlog.prj"
INFO: [VRFC 10-2263] Analyzing Verilog file "D:/Work_prj/Frodokem_2026/SRC/AddrGenUnit.v" into library xil_defaultlib
INFO: [VRFC 10-311] analyzing module AddrGenUnit
INFO: [VRFC 10-2263] Analyzing Verilog file "D:/Work_prj/Frodokem_2026/SRC/DecodeSet.v" into library xil_defaultlib
INFO: [VRFC 10-311] analyzing module DecodeSet
INFO: [VRFC 10-2263] Analyzing Verilog file "D:/Work_prj/Frodokem_2026/SRC/EncodeSet.v" into library xil_defaultlib
INFO: [VRFC 10-311] analyzing module EncodeSet
INFO: [VRFC 10-2263] Analyzing Verilog file "D:/Work_prj/Frodokem_2026/SRC/Frodo_top.v" into library xil_defaultlib
INFO: [VRFC 10-311] analyzing module Frodo_top
INFO: [VRFC 10-2263] Analyzing Verilog file "D:/Work_prj/Frodokem_2026/SRC/InstDecoder.v" into library xil_defaultlib
INFO: [VRFC 10-311] analyzing module instDecoder
INFO: [VRFC 10-2263] Analyzing Verilog file "D:/Work_prj/Frodokem_2026/SRC/MatrixAddSet.v" into library xil_defaultlib
INFO: [VRFC 10-311] analyzing module MatrixAddSet
INFO: [VRFC 10-2263] Analyzing Verilog file "D:/Work_prj/Frodokem_2026/SRC/MatrixMACSet.v" into library xil_defaultlib
INFO: [VRFC 10-311] analyzing module MatrixMACSet
INFO: [VRFC 10-2263] Analyzing Verilog file "D:/Work_prj/Frodokem_2026/SRC/MatrixMulAddSet.v" into library xil_defaultlib
INFO: [VRFC 10-311] analyzing module MatrixMulAddSet
INFO: [VRFC 10-2263] Analyzing Verilog file "D:/Work_prj/Frodokem_2026/SRC/MatrixSubSet.v" into library xil_defaultlib
INFO: [VRFC 10-311] analyzing module MatrixSubSet
INFO: [VRFC 10-2263] Analyzing Verilog file "D:/Work_prj/Frodokem_2026/SRC/PackSet.v" into library xil_defaultlib
INFO: [VRFC 10-311] analyzing module PackSet
INFO: [VRFC 10-2263] Analyzing Verilog file "D:/Work_prj/Frodokem_2026/SRC/RAM _Arbitration.v" into library xil_defaultlib
INFO: [VRFC 10-311] analyzing module RAM_Arbitration
INFO: [VRFC 10-2263] Analyzing Verilog file "D:/Work_prj/Frodokem_2026/SRC/shake.v" into library xil_defaultlib
INFO: [VRFC 10-311] analyzing module SHAKE
WARNING: [VRFC 10-3380] identifier 'CS' is used before its declaration [D:/Work_prj/Frodokem_2026/SRC/shake.v:64]
INFO: [VRFC 10-2263] Analyzing Verilog file "D:/Work_prj/Frodokem_2026/SRC/SampleMatrixSet.v" into library xil_defaultlib
INFO: [VRFC 10-311] analyzing module SampleMatrixSet
INFO: [VRFC 10-2263] Analyzing Verilog file "D:/Work_prj/Frodokem_2026/SRC/UnpackSet.v" into library xil_defaultlib
INFO: [VRFC 10-311] analyzing module UnpackSet
INFO: [VRFC 10-2263] Analyzing Verilog file "D:/Work_prj/Frodokem_2026/SRC/bidirectional_fifo.v" into library xil_defaultlib
INFO: [VRFC 10-311] analyzing module bidirectional_fifo
INFO: [VRFC 10-2263] Analyzing Verilog file "D:/Work_prj/Frodokem_2026/SRC/control.v" into library xil_defaultlib
INFO: [VRFC 10-311] analyzing module control
WARNING: [VRFC 10-3248] data object 'maccnt0' is already declared [D:/Work_prj/Frodokem_2026/SRC/control.v:1039]
WARNING: [VRFC 10-9364] second declaration of 'maccnt0' is ignored [D:/Work_prj/Frodokem_2026/SRC/control.v:1039]
WARNING: [VRFC 10-3380] identifier 'sqzout64_en' is used before its declaration [D:/Work_prj/Frodokem_2026/SRC/control.v:118]
WARNING: [VRFC 10-3380] identifier 'fifo64outval' is used before its declaration [D:/Work_prj/Frodokem_2026/SRC/control.v:486]
WARNING: [VRFC 10-3380] identifier 'pingpangflag' is used before its declaration [D:/Work_prj/Frodokem_2026/SRC/control.v:959]
INFO: [VRFC 10-2263] Analyzing Verilog file "D:/Work_prj/Frodokem_2026/dram448_r.v" into library xil_defaultlib
INFO: [VRFC 10-311] analyzing module dram448_r
INFO: [VRFC 10-2263] Analyzing Verilog file "D:/Work_prj/Frodokem_2026/dram64_r.v" into library xil_defaultlib
INFO: [VRFC 10-311] analyzing module dram64_r
INFO: [VRFC 10-2263] Analyzing Verilog file "D:/Work_prj/Frodokem_2026/dual_ram.v" into library xil_defaultlib
INFO: [VRFC 10-311] analyzing module dual_ram
INFO: [VRFC 10-2263] Analyzing Verilog file "D:/Work_prj/Frodokem_2026/dual_ram_asyn.v" into library xil_defaultlib
INFO: [VRFC 10-311] analyzing module dual_ram_asyn
INFO: [VRFC 10-2263] Analyzing Verilog file "D:/Work_prj/Frodokem_2026/SRC/roundmod.v" into library xil_defaultlib
INFO: [VRFC 10-311] analyzing module roundmod
INFO: [VRFC 10-2263] Analyzing Verilog file "D:/Work_prj/Frodokem_2026/SRC/theta.v" into library xil_defaultlib
INFO: [VRFC 10-311] analyzing module theta
INFO: [VRFC 10-2263] Analyzing Verilog file "D:/Work_prj/Frodokem_2026/SRC/thopichiiota.v" into library xil_defaultlib
INFO: [VRFC 10-311] analyzing module thopichiiota
INFO: [VRFC 10-2263] Analyzing Verilog file "D:/Work_prj/Frodokem_2026/Viprj/FrodoKEM/FrodoKEM.srcs/sim_1/new/TB.v" into library xil_defaultlib
INFO: [VRFC 10-311] analyzing module tb_Frodo_top
INFO: [USF-XSim-69] 'compile' step finished in '3' seconds
Command: launch_simulation -step elaborate -simset sim_1 -mode behavioral
INFO: [Vivado 12-12493] Simulation top is 'tb_Frodo_top'
INFO: [Vivado 12-5682] Launching behavioral simulation in 'D:/Work_prj/Frodokem_2026/Viprj/FrodoKEM/FrodoKEM.sim/sim_1/behav/xsim'
INFO: [SIM-utils-51] Simulation object is 'sim_1'
INFO: [USF-XSim-3] XSim::Elaborate design
INFO: [USF-XSim-61] Executing 'ELABORATE' step in 'D:/Work_prj/Frodokem_2026/Viprj/FrodoKEM/FrodoKEM.sim/sim_1/behav/xsim'
"xelab --incr --debug typical --relax --mt 2 -L xil_defaultlib -L unisims_ver -L unimacro_ver -L secureip -L xpm --snapshot tb_Frodo_top_behav xil_defaultlib.tb_Frodo_top xil_defaultlib.glbl -log elaborate.log"
Vivado Simulator v2025.1.0
Copyright 1986-2022 Xilinx, Inc. All Rights Reserved.
Copyright 2022-2025 Advanced Micro Devices, Inc. All Rights Reserved.
Running: D:/Xlinx/2025.1/Vivado/bin/unwrapped/win64.o/xelab.exe --incr --debug typical --relax --mt 2 -L xil_defaultlib -L unisims_ver -L unimacro_ver -L secureip -L xpm --snapshot tb_Frodo_top_behav xil_defaultlib.tb_Frodo_top xil_defaultlib.glbl -log elaborate.log 
Using 2 slave threads.
Starting static elaboration
Pass Through NonSizing Optimizer
WARNING: [VRFC 10-3091] actual bit length 1 differs from formal bit length 9 for port 'sqz_cnt' [D:/Work_prj/Frodokem_2026/SRC/Frodo_top.v:846]
WARNING: [VRFC 10-3091] actual bit length 1 differs from formal bit length 4 for port 'prefixe_out' [D:/Work_prj/Frodokem_2026/SRC/Frodo_top.v:889]
WARNING: [VRFC 10-3705] select index 31 into 'mem' is out of bounds [D:/Work_prj/Frodokem_2026/dual_ram_asyn.v:63]
WARNING: [VRFC 10-3705] select index 63 into 'mem' is out of bounds [D:/Work_prj/Frodokem_2026/dual_ram_asyn.v:64]
WARNING: [VRFC 10-3705] select index 23 into 'mem' is out of bounds [D:/Work_prj/Frodokem_2026/dual_ram_asyn.v:69]
WARNING: [VRFC 10-3705] select index 31 into 'mem' is out of bounds [D:/Work_prj/Frodokem_2026/dual_ram_asyn.v:70]
WARNING: [VRFC 10-3705] select index 39 into 'mem' is out of bounds [D:/Work_prj/Frodokem_2026/dual_ram_asyn.v:71]
WARNING: [VRFC 10-3705] select index 47 into 'mem' is out of bounds [D:/Work_prj/Frodokem_2026/dual_ram_asyn.v:72]
WARNING: [VRFC 10-3705] select index 55 into 'mem' is out of bounds [D:/Work_prj/Frodokem_2026/dual_ram_asyn.v:73]
WARNING: [VRFC 10-3705] select index 63 into 'mem' is out of bounds [D:/Work_prj/Frodokem_2026/dual_ram_asyn.v:74]
WARNING: [VRFC 10-3705] select index 31 into 'mem' is out of bounds [D:/Work_prj/Frodokem_2026/dual_ram_asyn.v:91]
WARNING: [VRFC 10-3705] select index 63 into 'mem' is out of bounds [D:/Work_prj/Frodokem_2026/dual_ram_asyn.v:92]
WARNING: [VRFC 10-3705] select index 23 into 'mem' is out of bounds [D:/Work_prj/Frodokem_2026/dual_ram_asyn.v:97]
WARNING: [VRFC 10-3705] select index 31 into 'mem' is out of bounds [D:/Work_prj/Frodokem_2026/dual_ram_asyn.v:98]
WARNING: [VRFC 10-3705] select index 39 into 'mem' is out of bounds [D:/Work_prj/Frodokem_2026/dual_ram_asyn.v:99]
WARNING: [VRFC 10-3705] select index 47 into 'mem' is out of bounds [D:/Work_prj/Frodokem_2026/dual_ram_asyn.v:100]
WARNING: [VRFC 10-3705] select index 55 into 'mem' is out of bounds [D:/Work_prj/Frodokem_2026/dual_ram_asyn.v:101]
WARNING: [VRFC 10-3705] select index 63 into 'mem' is out of bounds [D:/Work_prj/Frodokem_2026/dual_ram_asyn.v:102]
WARNING: [VRFC 10-3705] select index 63 into 'mem' is out of bounds [D:/Work_prj/Frodokem_2026/dual_ram.v:61]
WARNING: [VRFC 10-3705] select index 39 into 'mem' is out of bounds [D:/Work_prj/Frodokem_2026/dual_ram.v:68]
WARNING: [VRFC 10-3705] select index 47 into 'mem' is out of bounds [D:/Work_prj/Frodokem_2026/dual_ram.v:69]
WARNING: [VRFC 10-3705] select index 55 into 'mem' is out of bounds [D:/Work_prj/Frodokem_2026/dual_ram.v:70]
WARNING: [VRFC 10-3705] select index 63 into 'mem' is out of bounds [D:/Work_prj/Frodokem_2026/dual_ram.v:71]
WARNING: [VRFC 10-3705] select index 63 into 'mem' is out of bounds [D:/Work_prj/Frodokem_2026/dual_ram.v:89]
WARNING: [VRFC 10-3705] select index 39 into 'mem' is out of bounds [D:/Work_prj/Frodokem_2026/dual_ram.v:96]
WARNING: [VRFC 10-3705] select index 47 into 'mem' is out of bounds [D:/Work_prj/Frodokem_2026/dual_ram.v:97]
WARNING: [VRFC 10-3705] select index 55 into 'mem' is out of bounds [D:/Work_prj/Frodokem_2026/dual_ram.v:98]
WARNING: [VRFC 10-3705] select index 63 into 'mem' is out of bounds [D:/Work_prj/Frodokem_2026/dual_ram.v:99]
Completed static elaboration
Starting simulation data flow analysis
Completed simulation data flow analysis
Time Resolution for simulation is 1ps
Compiling module xil_defaultlib.SampleMatrixSet_default
Compiling module xil_defaultlib.bidirectional_fifo
Compiling module xil_defaultlib.theta
Compiling module xil_defaultlib.thopichiiota
Compiling module xil_defaultlib.SHAKE
Compiling module xil_defaultlib.PackSet
Compiling module xil_defaultlib.UnpackSet
Compiling module xil_defaultlib.roundmod_default
Compiling module xil_defaultlib.roundmod(B=3,Q=16)
Compiling module xil_defaultlib.roundmod(B=4,Q=16)
Compiling module xil_defaultlib.DecodeSet_default
Compiling module xil_defaultlib.EncodeSet
Compiling module xil_defaultlib.dram64_r(MEM_DEPTH=3000,HEX_FILE...
Compiling module xil_defaultlib.dram64_r(MEM_DEPTH=3000,HEX_FILE...
Compiling module xil_defaultlib.dram448_r(HEX_FILE="D:/Work_prj/...
Compiling module xil_defaultlib.MatrixAddSet_default
Compiling module xil_defaultlib.MatrixMACSet_default
Compiling module xil_defaultlib.MatrixMulAddSet_default
Compiling module xil_defaultlib.MatrixSubSet_default
Compiling module xil_defaultlib.dual_ram_asyn(ADDR_WIDTH=6,DATA_...
Compiling module xil_defaultlib.dual_ram(ADDR_WIDTH=10,DATA_WIDT...
Compiling module xil_defaultlib.instDecoder
Compiling module xil_defaultlib.RAM_Arbitration
Compiling module xil_defaultlib.AddrGenUnit
Compiling module xil_defaultlib.control
Compiling module xil_defaultlib.Frodo_top
Compiling module xil_defaultlib.tb_Frodo_top
Compiling module xil_defaultlib.glbl
Built simulation snapshot tb_Frodo_top_behav
run_program: Time (s): cpu = 00:00:00 ; elapsed = 00:00:07 . Memory (MB): peak = 3830.289 ; gain = 0.000
INFO: [USF-XSim-69] 'elaborate' step finished in '7' seconds
launch_simulation: Time (s): cpu = 00:00:00 ; elapsed = 00:00:08 . Memory (MB): peak = 3830.289 ; gain = 0.000
Time resolution is 1 ps
WARNING: Too many words specified in data file D:/Work_prj/Frodokem_2026/TB/RAM64a.hex
WARNING: Too many words specified in data file D:/Work_prj/Frodokem_2026/TB/RAM64b.hex
relaunch_sim: Time (s): cpu = 00:00:00 ; elapsed = 00:00:12 . Memory (MB): peak = 3830.289 ; gain = 0.000
relaunch_sim
Command: launch_simulation -step compile -simset sim_1 -mode behavioral
INFO: [Vivado 12-12493] Simulation top is 'tb_Frodo_top'
INFO: [Vivado 12-5682] Launching behavioral simulation in 'D:/Work_prj/Frodokem_2026/Viprj/FrodoKEM/FrodoKEM.sim/sim_1/behav/xsim'
INFO: [SIM-utils-51] Simulation object is 'sim_1'
INFO: [USF-XSim-2] XSim::Compile design
INFO: [USF-XSim-61] Executing 'COMPILE and ANALYZE' step in 'D:/Work_prj/Frodokem_2026/Viprj/FrodoKEM/FrodoKEM.sim/sim_1/behav/xsim'
"xvlog --incr --relax -prj tb_Frodo_top_vlog.prj"
INFO: [VRFC 10-2263] Analyzing Verilog file "D:/Work_prj/Frodokem_2026/SRC/AddrGenUnit.v" into library xil_defaultlib
INFO: [VRFC 10-311] analyzing module AddrGenUnit
INFO: [VRFC 10-2263] Analyzing Verilog file "D:/Work_prj/Frodokem_2026/SRC/DecodeSet.v" into library xil_defaultlib
INFO: [VRFC 10-311] analyzing module DecodeSet
INFO: [VRFC 10-2263] Analyzing Verilog file "D:/Work_prj/Frodokem_2026/SRC/EncodeSet.v" into library xil_defaultlib
INFO: [VRFC 10-311] analyzing module EncodeSet
INFO: [VRFC 10-2263] Analyzing Verilog file "D:/Work_prj/Frodokem_2026/SRC/Frodo_top.v" into library xil_defaultlib
INFO: [VRFC 10-311] analyzing module Frodo_top
INFO: [VRFC 10-2263] Analyzing Verilog file "D:/Work_prj/Frodokem_2026/SRC/InstDecoder.v" into library xil_defaultlib
INFO: [VRFC 10-311] analyzing module instDecoder
INFO: [VRFC 10-2263] Analyzing Verilog file "D:/Work_prj/Frodokem_2026/SRC/MatrixAddSet.v" into library xil_defaultlib
INFO: [VRFC 10-311] analyzing module MatrixAddSet
INFO: [VRFC 10-2263] Analyzing Verilog file "D:/Work_prj/Frodokem_2026/SRC/MatrixMACSet.v" into library xil_defaultlib
INFO: [VRFC 10-311] analyzing module MatrixMACSet
INFO: [VRFC 10-2263] Analyzing Verilog file "D:/Work_prj/Frodokem_2026/SRC/MatrixMulAddSet.v" into library xil_defaultlib
INFO: [VRFC 10-311] analyzing module MatrixMulAddSet
INFO: [VRFC 10-2263] Analyzing Verilog file "D:/Work_prj/Frodokem_2026/SRC/MatrixSubSet.v" into library xil_defaultlib
INFO: [VRFC 10-311] analyzing module MatrixSubSet
INFO: [VRFC 10-2263] Analyzing Verilog file "D:/Work_prj/Frodokem_2026/SRC/PackSet.v" into library xil_defaultlib
INFO: [VRFC 10-311] analyzing module PackSet
INFO: [VRFC 10-2263] Analyzing Verilog file "D:/Work_prj/Frodokem_2026/SRC/RAM _Arbitration.v" into library xil_defaultlib
INFO: [VRFC 10-311] analyzing module RAM_Arbitration
INFO: [VRFC 10-2263] Analyzing Verilog file "D:/Work_prj/Frodokem_2026/SRC/shake.v" into library xil_defaultlib
INFO: [VRFC 10-311] analyzing module SHAKE
WARNING: [VRFC 10-3380] identifier 'CS' is used before its declaration [D:/Work_prj/Frodokem_2026/SRC/shake.v:64]
INFO: [VRFC 10-2263] Analyzing Verilog file "D:/Work_prj/Frodokem_2026/SRC/SampleMatrixSet.v" into library xil_defaultlib
INFO: [VRFC 10-311] analyzing module SampleMatrixSet
INFO: [VRFC 10-2263] Analyzing Verilog file "D:/Work_prj/Frodokem_2026/SRC/UnpackSet.v" into library xil_defaultlib
INFO: [VRFC 10-311] analyzing module UnpackSet
INFO: [VRFC 10-2263] Analyzing Verilog file "D:/Work_prj/Frodokem_2026/SRC/bidirectional_fifo.v" into library xil_defaultlib
INFO: [VRFC 10-311] analyzing module bidirectional_fifo
INFO: [VRFC 10-2263] Analyzing Verilog file "D:/Work_prj/Frodokem_2026/SRC/control.v" into library xil_defaultlib
INFO: [VRFC 10-311] analyzing module control
WARNING: [VRFC 10-3248] data object 'maccnt0' is already declared [D:/Work_prj/Frodokem_2026/SRC/control.v:1039]
WARNING: [VRFC 10-9364] second declaration of 'maccnt0' is ignored [D:/Work_prj/Frodokem_2026/SRC/control.v:1039]
WARNING: [VRFC 10-3380] identifier 'sqzout64_en' is used before its declaration [D:/Work_prj/Frodokem_2026/SRC/control.v:118]
WARNING: [VRFC 10-3380] identifier 'fifo64outval' is used before its declaration [D:/Work_prj/Frodokem_2026/SRC/control.v:486]
WARNING: [VRFC 10-3380] identifier 'pingpangflag' is used before its declaration [D:/Work_prj/Frodokem_2026/SRC/control.v:959]
INFO: [VRFC 10-2263] Analyzing Verilog file "D:/Work_prj/Frodokem_2026/dram448_r.v" into library xil_defaultlib
INFO: [VRFC 10-311] analyzing module dram448_r
INFO: [VRFC 10-2263] Analyzing Verilog file "D:/Work_prj/Frodokem_2026/dram64_r.v" into library xil_defaultlib
INFO: [VRFC 10-311] analyzing module dram64_r
INFO: [VRFC 10-2263] Analyzing Verilog file "D:/Work_prj/Frodokem_2026/dual_ram.v" into library xil_defaultlib
INFO: [VRFC 10-311] analyzing module dual_ram
INFO: [VRFC 10-2263] Analyzing Verilog file "D:/Work_prj/Frodokem_2026/dual_ram_asyn.v" into library xil_defaultlib
INFO: [VRFC 10-311] analyzing module dual_ram_asyn
INFO: [VRFC 10-2263] Analyzing Verilog file "D:/Work_prj/Frodokem_2026/SRC/roundmod.v" into library xil_defaultlib
INFO: [VRFC 10-311] analyzing module roundmod
INFO: [VRFC 10-2263] Analyzing Verilog file "D:/Work_prj/Frodokem_2026/SRC/theta.v" into library xil_defaultlib
INFO: [VRFC 10-311] analyzing module theta
INFO: [VRFC 10-2263] Analyzing Verilog file "D:/Work_prj/Frodokem_2026/SRC/thopichiiota.v" into library xil_defaultlib
INFO: [VRFC 10-311] analyzing module thopichiiota
INFO: [VRFC 10-2263] Analyzing Verilog file "D:/Work_prj/Frodokem_2026/Viprj/FrodoKEM/FrodoKEM.srcs/sim_1/new/TB.v" into library xil_defaultlib
INFO: [VRFC 10-311] analyzing module tb_Frodo_top
INFO: [USF-XSim-69] 'compile' step finished in '3' seconds
Command: launch_simulation -step elaborate -simset sim_1 -mode behavioral
INFO: [Vivado 12-12493] Simulation top is 'tb_Frodo_top'
INFO: [Vivado 12-5682] Launching behavioral simulation in 'D:/Work_prj/Frodokem_2026/Viprj/FrodoKEM/FrodoKEM.sim/sim_1/behav/xsim'
INFO: [SIM-utils-51] Simulation object is 'sim_1'
INFO: [USF-XSim-3] XSim::Elaborate design
INFO: [USF-XSim-61] Executing 'ELABORATE' step in 'D:/Work_prj/Frodokem_2026/Viprj/FrodoKEM/FrodoKEM.sim/sim_1/behav/xsim'
"xelab --incr --debug typical --relax --mt 2 -L xil_defaultlib -L unisims_ver -L unimacro_ver -L secureip -L xpm --snapshot tb_Frodo_top_behav xil_defaultlib.tb_Frodo_top xil_defaultlib.glbl -log elaborate.log"
Vivado Simulator v2025.1.0
Copyright 1986-2022 Xilinx, Inc. All Rights Reserved.
Copyright 2022-2025 Advanced Micro Devices, Inc. All Rights Reserved.
Running: D:/Xlinx/2025.1/Vivado/bin/unwrapped/win64.o/xelab.exe --incr --debug typical --relax --mt 2 -L xil_defaultlib -L unisims_ver -L unimacro_ver -L secureip -L xpm --snapshot tb_Frodo_top_behav xil_defaultlib.tb_Frodo_top xil_defaultlib.glbl -log elaborate.log 
Using 2 slave threads.
Starting static elaboration
Pass Through NonSizing Optimizer
WARNING: [VRFC 10-3091] actual bit length 1 differs from formal bit length 9 for port 'sqz_cnt' [D:/Work_prj/Frodokem_2026/SRC/Frodo_top.v:846]
WARNING: [VRFC 10-3091] actual bit length 1 differs from formal bit length 4 for port 'prefixe_out' [D:/Work_prj/Frodokem_2026/SRC/Frodo_top.v:889]
WARNING: [VRFC 10-3705] select index 31 into 'mem' is out of bounds [D:/Work_prj/Frodokem_2026/dual_ram_asyn.v:63]
WARNING: [VRFC 10-3705] select index 63 into 'mem' is out of bounds [D:/Work_prj/Frodokem_2026/dual_ram_asyn.v:64]
WARNING: [VRFC 10-3705] select index 23 into 'mem' is out of bounds [D:/Work_prj/Frodokem_2026/dual_ram_asyn.v:69]
WARNING: [VRFC 10-3705] select index 31 into 'mem' is out of bounds [D:/Work_prj/Frodokem_2026/dual_ram_asyn.v:70]
WARNING: [VRFC 10-3705] select index 39 into 'mem' is out of bounds [D:/Work_prj/Frodokem_2026/dual_ram_asyn.v:71]
WARNING: [VRFC 10-3705] select index 47 into 'mem' is out of bounds [D:/Work_prj/Frodokem_2026/dual_ram_asyn.v:72]
WARNING: [VRFC 10-3705] select index 55 into 'mem' is out of bounds [D:/Work_prj/Frodokem_2026/dual_ram_asyn.v:73]
WARNING: [VRFC 10-3705] select index 63 into 'mem' is out of bounds [D:/Work_prj/Frodokem_2026/dual_ram_asyn.v:74]
WARNING: [VRFC 10-3705] select index 31 into 'mem' is out of bounds [D:/Work_prj/Frodokem_2026/dual_ram_asyn.v:91]
WARNING: [VRFC 10-3705] select index 63 into 'mem' is out of bounds [D:/Work_prj/Frodokem_2026/dual_ram_asyn.v:92]
WARNING: [VRFC 10-3705] select index 23 into 'mem' is out of bounds [D:/Work_prj/Frodokem_2026/dual_ram_asyn.v:97]
WARNING: [VRFC 10-3705] select index 31 into 'mem' is out of bounds [D:/Work_prj/Frodokem_2026/dual_ram_asyn.v:98]
WARNING: [VRFC 10-3705] select index 39 into 'mem' is out of bounds [D:/Work_prj/Frodokem_2026/dual_ram_asyn.v:99]
WARNING: [VRFC 10-3705] select index 47 into 'mem' is out of bounds [D:/Work_prj/Frodokem_2026/dual_ram_asyn.v:100]
WARNING: [VRFC 10-3705] select index 55 into 'mem' is out of bounds [D:/Work_prj/Frodokem_2026/dual_ram_asyn.v:101]
WARNING: [VRFC 10-3705] select index 63 into 'mem' is out of bounds [D:/Work_prj/Frodokem_2026/dual_ram_asyn.v:102]
WARNING: [VRFC 10-3705] select index 63 into 'mem' is out of bounds [D:/Work_prj/Frodokem_2026/dual_ram.v:61]
WARNING: [VRFC 10-3705] select index 39 into 'mem' is out of bounds [D:/Work_prj/Frodokem_2026/dual_ram.v:68]
WARNING: [VRFC 10-3705] select index 47 into 'mem' is out of bounds [D:/Work_prj/Frodokem_2026/dual_ram.v:69]
WARNING: [VRFC 10-3705] select index 55 into 'mem' is out of bounds [D:/Work_prj/Frodokem_2026/dual_ram.v:70]
WARNING: [VRFC 10-3705] select index 63 into 'mem' is out of bounds [D:/Work_prj/Frodokem_2026/dual_ram.v:71]
WARNING: [VRFC 10-3705] select index 63 into 'mem' is out of bounds [D:/Work_prj/Frodokem_2026/dual_ram.v:89]
WARNING: [VRFC 10-3705] select index 39 into 'mem' is out of bounds [D:/Work_prj/Frodokem_2026/dual_ram.v:96]
WARNING: [VRFC 10-3705] select index 47 into 'mem' is out of bounds [D:/Work_prj/Frodokem_2026/dual_ram.v:97]
WARNING: [VRFC 10-3705] select index 55 into 'mem' is out of bounds [D:/Work_prj/Frodokem_2026/dual_ram.v:98]
WARNING: [VRFC 10-3705] select index 63 into 'mem' is out of bounds [D:/Work_prj/Frodokem_2026/dual_ram.v:99]
Completed static elaboration
Starting simulation data flow analysis
Completed simulation data flow analysis
Time Resolution for simulation is 1ps
Compiling module xil_defaultlib.SampleMatrixSet_default
Compiling module xil_defaultlib.bidirectional_fifo
Compiling module xil_defaultlib.theta
Compiling module xil_defaultlib.thopichiiota
Compiling module xil_defaultlib.SHAKE
Compiling module xil_defaultlib.PackSet
Compiling module xil_defaultlib.UnpackSet
Compiling module xil_defaultlib.roundmod_default
Compiling module xil_defaultlib.roundmod(B=3,Q=16)
Compiling module xil_defaultlib.roundmod(B=4,Q=16)
Compiling module xil_defaultlib.DecodeSet_default
Compiling module xil_defaultlib.EncodeSet
Compiling module xil_defaultlib.dram64_r(MEM_DEPTH=3000,HEX_FILE...
Compiling module xil_defaultlib.dram64_r(MEM_DEPTH=3000,HEX_FILE...
Compiling module xil_defaultlib.dram448_r(HEX_FILE="D:/Work_prj/...
Compiling module xil_defaultlib.MatrixAddSet_default
Compiling module xil_defaultlib.MatrixMACSet_default
Compiling module xil_defaultlib.MatrixMulAddSet_default
Compiling module xil_defaultlib.MatrixSubSet_default
Compiling module xil_defaultlib.dual_ram_asyn(ADDR_WIDTH=6,DATA_...
Compiling module xil_defaultlib.dual_ram(ADDR_WIDTH=10,DATA_WIDT...
Compiling module xil_defaultlib.instDecoder
Compiling module xil_defaultlib.RAM_Arbitration
Compiling module xil_defaultlib.AddrGenUnit
Compiling module xil_defaultlib.control
Compiling module xil_defaultlib.Frodo_top
Compiling module xil_defaultlib.tb_Frodo_top
Compiling module xil_defaultlib.glbl
Built simulation snapshot tb_Frodo_top_behav
run_program: Time (s): cpu = 00:00:00 ; elapsed = 00:00:07 . Memory (MB): peak = 3830.289 ; gain = 0.000
INFO: [USF-XSim-69] 'elaborate' step finished in '7' seconds
launch_simulation: Time (s): cpu = 00:00:00 ; elapsed = 00:00:09 . Memory (MB): peak = 3830.289 ; gain = 0.000
Time resolution is 1 ps
WARNING: Too many words specified in data file D:/Work_prj/Frodokem_2026/TB/RAM64a.hex
WARNING: Too many words specified in data file D:/Work_prj/Frodokem_2026/TB/RAM64b.hex
oneinstdone detected at               415000
mem dumped to D:/Work_prj/Frodokem_2026/TB/RAM64aout.hex at time=435000
mem dumped to D:/Work_prj/Frodokem_2026/TB/RAM64bout.hex at time=435000
mem dumped to D:/Work_prj/Frodokem_2026/TB/RAM448out.hex at time=435000
mem dumped to D:/Work_prj/Frodokem_2026/TB/RAM64aout.hex at time=555000
mem dumped to D:/Work_prj/Frodokem_2026/TB/RAM64bout.hex at time=555000
mem dumped to D:/Work_prj/Frodokem_2026/TB/RAM448out.hex at time=555000
mem dumped to D:/Work_prj/Frodokem_2026/TB/RAM64aout.hex at time=685000
mem dumped to D:/Work_prj/Frodokem_2026/TB/RAM64bout.hex at time=685000
mem dumped to D:/Work_prj/Frodokem_2026/TB/RAM448out.hex at time=685000
mem dumped to D:/Work_prj/Frodokem_2026/TB/RAM64aout.hex at time=825000
mem dumped to D:/Work_prj/Frodokem_2026/TB/RAM64bout.hex at time=825000
mem dumped to D:/Work_prj/Frodokem_2026/TB/RAM448out.hex at time=825000
mem dumped to D:/Work_prj/Frodokem_2026/TB/RAM64aout.hex at time=945000
mem dumped to D:/Work_prj/Frodokem_2026/TB/RAM64bout.hex at time=945000
mem dumped to D:/Work_prj/Frodokem_2026/TB/RAM448out.hex at time=945000
relaunch_sim: Time (s): cpu = 00:00:01 ; elapsed = 00:00:15 . Memory (MB): peak = 3830.289 ; gain = 0.000
current_wave_config {tb_Frodo_top_behav.wcfg}
tb_Frodo_top_behav.wcfg
add_wave {{/tb_Frodo_top/dut/ram64b/addr_a}} 
current_wave_config {tb_Frodo_top_behav.wcfg}
tb_Frodo_top_behav.wcfg
add_wave {{/tb_Frodo_top/dut/ram64b/wr_mask_a}} 
current_wave_config {tb_Frodo_top_behav.wcfg}
tb_Frodo_top_behav.wcfg
add_wave {{/tb_Frodo_top/dut/ram64b/din_a}} 
relaunch_sim
Command: launch_simulation -step compile -simset sim_1 -mode behavioral
INFO: [Vivado 12-12493] Simulation top is 'tb_Frodo_top'
INFO: [Vivado 12-5682] Launching behavioral simulation in 'D:/Work_prj/Frodokem_2026/Viprj/FrodoKEM/FrodoKEM.sim/sim_1/behav/xsim'
INFO: [SIM-utils-51] Simulation object is 'sim_1'
INFO: [USF-XSim-2] XSim::Compile design
INFO: [USF-XSim-61] Executing 'COMPILE and ANALYZE' step in 'D:/Work_prj/Frodokem_2026/Viprj/FrodoKEM/FrodoKEM.sim/sim_1/behav/xsim'
"xvlog --incr --relax -prj tb_Frodo_top_vlog.prj"
INFO: [VRFC 10-2263] Analyzing Verilog file "D:/Work_prj/Frodokem_2026/SRC/AddrGenUnit.v" into library xil_defaultlib
INFO: [VRFC 10-311] analyzing module AddrGenUnit
INFO: [VRFC 10-2263] Analyzing Verilog file "D:/Work_prj/Frodokem_2026/SRC/DecodeSet.v" into library xil_defaultlib
INFO: [VRFC 10-311] analyzing module DecodeSet
INFO: [VRFC 10-2263] Analyzing Verilog file "D:/Work_prj/Frodokem_2026/SRC/EncodeSet.v" into library xil_defaultlib
INFO: [VRFC 10-311] analyzing module EncodeSet
INFO: [VRFC 10-2263] Analyzing Verilog file "D:/Work_prj/Frodokem_2026/SRC/Frodo_top.v" into library xil_defaultlib
INFO: [VRFC 10-311] analyzing module Frodo_top
INFO: [VRFC 10-2263] Analyzing Verilog file "D:/Work_prj/Frodokem_2026/SRC/InstDecoder.v" into library xil_defaultlib
INFO: [VRFC 10-311] analyzing module instDecoder
INFO: [VRFC 10-2263] Analyzing Verilog file "D:/Work_prj/Frodokem_2026/SRC/MatrixAddSet.v" into library xil_defaultlib
INFO: [VRFC 10-311] analyzing module MatrixAddSet
INFO: [VRFC 10-2263] Analyzing Verilog file "D:/Work_prj/Frodokem_2026/SRC/MatrixMACSet.v" into library xil_defaultlib
INFO: [VRFC 10-311] analyzing module MatrixMACSet
INFO: [VRFC 10-2263] Analyzing Verilog file "D:/Work_prj/Frodokem_2026/SRC/MatrixMulAddSet.v" into library xil_defaultlib
INFO: [VRFC 10-311] analyzing module MatrixMulAddSet
INFO: [VRFC 10-2263] Analyzing Verilog file "D:/Work_prj/Frodokem_2026/SRC/MatrixSubSet.v" into library xil_defaultlib
INFO: [VRFC 10-311] analyzing module MatrixSubSet
INFO: [VRFC 10-2263] Analyzing Verilog file "D:/Work_prj/Frodokem_2026/SRC/PackSet.v" into library xil_defaultlib
INFO: [VRFC 10-311] analyzing module PackSet
INFO: [VRFC 10-2263] Analyzing Verilog file "D:/Work_prj/Frodokem_2026/SRC/RAM _Arbitration.v" into library xil_defaultlib
INFO: [VRFC 10-311] analyzing module RAM_Arbitration
INFO: [VRFC 10-2263] Analyzing Verilog file "D:/Work_prj/Frodokem_2026/SRC/shake.v" into library xil_defaultlib
INFO: [VRFC 10-311] analyzing module SHAKE
WARNING: [VRFC 10-3380] identifier 'CS' is used before its declaration [D:/Work_prj/Frodokem_2026/SRC/shake.v:64]
INFO: [VRFC 10-2263] Analyzing Verilog file "D:/Work_prj/Frodokem_2026/SRC/SampleMatrixSet.v" into library xil_defaultlib
INFO: [VRFC 10-311] analyzing module SampleMatrixSet
INFO: [VRFC 10-2263] Analyzing Verilog file "D:/Work_prj/Frodokem_2026/SRC/UnpackSet.v" into library xil_defaultlib
INFO: [VRFC 10-311] analyzing module UnpackSet
INFO: [VRFC 10-2263] Analyzing Verilog file "D:/Work_prj/Frodokem_2026/SRC/bidirectional_fifo.v" into library xil_defaultlib
INFO: [VRFC 10-311] analyzing module bidirectional_fifo
INFO: [VRFC 10-2263] Analyzing Verilog file "D:/Work_prj/Frodokem_2026/SRC/control.v" into library xil_defaultlib
INFO: [VRFC 10-311] analyzing module control
WARNING: [VRFC 10-3248] data object 'maccnt0' is already declared [D:/Work_prj/Frodokem_2026/SRC/control.v:1039]
WARNING: [VRFC 10-9364] second declaration of 'maccnt0' is ignored [D:/Work_prj/Frodokem_2026/SRC/control.v:1039]
WARNING: [VRFC 10-3380] identifier 'sqzout64_en' is used before its declaration [D:/Work_prj/Frodokem_2026/SRC/control.v:118]
WARNING: [VRFC 10-3380] identifier 'fifo64outval' is used before its declaration [D:/Work_prj/Frodokem_2026/SRC/control.v:486]
WARNING: [VRFC 10-3380] identifier 'pingpangflag' is used before its declaration [D:/Work_prj/Frodokem_2026/SRC/control.v:959]
INFO: [VRFC 10-2263] Analyzing Verilog file "D:/Work_prj/Frodokem_2026/dram448_r.v" into library xil_defaultlib
INFO: [VRFC 10-311] analyzing module dram448_r
INFO: [VRFC 10-2263] Analyzing Verilog file "D:/Work_prj/Frodokem_2026/dram64_r.v" into library xil_defaultlib
INFO: [VRFC 10-311] analyzing module dram64_r
INFO: [VRFC 10-2263] Analyzing Verilog file "D:/Work_prj/Frodokem_2026/dual_ram.v" into library xil_defaultlib
INFO: [VRFC 10-311] analyzing module dual_ram
INFO: [VRFC 10-2263] Analyzing Verilog file "D:/Work_prj/Frodokem_2026/dual_ram_asyn.v" into library xil_defaultlib
INFO: [VRFC 10-311] analyzing module dual_ram_asyn
INFO: [VRFC 10-2263] Analyzing Verilog file "D:/Work_prj/Frodokem_2026/SRC/roundmod.v" into library xil_defaultlib
INFO: [VRFC 10-311] analyzing module roundmod
INFO: [VRFC 10-2263] Analyzing Verilog file "D:/Work_prj/Frodokem_2026/SRC/theta.v" into library xil_defaultlib
INFO: [VRFC 10-311] analyzing module theta
INFO: [VRFC 10-2263] Analyzing Verilog file "D:/Work_prj/Frodokem_2026/SRC/thopichiiota.v" into library xil_defaultlib
INFO: [VRFC 10-311] analyzing module thopichiiota
INFO: [VRFC 10-2263] Analyzing Verilog file "D:/Work_prj/Frodokem_2026/Viprj/FrodoKEM/FrodoKEM.srcs/sim_1/new/TB.v" into library xil_defaultlib
INFO: [VRFC 10-311] analyzing module tb_Frodo_top
INFO: [USF-XSim-69] 'compile' step finished in '3' seconds
Command: launch_simulation -step elaborate -simset sim_1 -mode behavioral
INFO: [Vivado 12-12493] Simulation top is 'tb_Frodo_top'
INFO: [Vivado 12-5682] Launching behavioral simulation in 'D:/Work_prj/Frodokem_2026/Viprj/FrodoKEM/FrodoKEM.sim/sim_1/behav/xsim'
INFO: [SIM-utils-51] Simulation object is 'sim_1'
INFO: [USF-XSim-3] XSim::Elaborate design
INFO: [USF-XSim-61] Executing 'ELABORATE' step in 'D:/Work_prj/Frodokem_2026/Viprj/FrodoKEM/FrodoKEM.sim/sim_1/behav/xsim'
"xelab --incr --debug typical --relax --mt 2 -L xil_defaultlib -L unisims_ver -L unimacro_ver -L secureip -L xpm --snapshot tb_Frodo_top_behav xil_defaultlib.tb_Frodo_top xil_defaultlib.glbl -log elaborate.log"
Vivado Simulator v2025.1.0
Copyright 1986-2022 Xilinx, Inc. All Rights Reserved.
Copyright 2022-2025 Advanced Micro Devices, Inc. All Rights Reserved.
Running: D:/Xlinx/2025.1/Vivado/bin/unwrapped/win64.o/xelab.exe --incr --debug typical --relax --mt 2 -L xil_defaultlib -L unisims_ver -L unimacro_ver -L secureip -L xpm --snapshot tb_Frodo_top_behav xil_defaultlib.tb_Frodo_top xil_defaultlib.glbl -log elaborate.log 
Using 2 slave threads.
Starting static elaboration
Pass Through NonSizing Optimizer
WARNING: [VRFC 10-3091] actual bit length 1 differs from formal bit length 9 for port 'sqz_cnt' [D:/Work_prj/Frodokem_2026/SRC/Frodo_top.v:846]
WARNING: [VRFC 10-3091] actual bit length 1 differs from formal bit length 4 for port 'prefixe_out' [D:/Work_prj/Frodokem_2026/SRC/Frodo_top.v:889]
WARNING: [VRFC 10-3705] select index 31 into 'mem' is out of bounds [D:/Work_prj/Frodokem_2026/dual_ram_asyn.v:63]
WARNING: [VRFC 10-3705] select index 63 into 'mem' is out of bounds [D:/Work_prj/Frodokem_2026/dual_ram_asyn.v:64]
WARNING: [VRFC 10-3705] select index 23 into 'mem' is out of bounds [D:/Work_prj/Frodokem_2026/dual_ram_asyn.v:69]
WARNING: [VRFC 10-3705] select index 31 into 'mem' is out of bounds [D:/Work_prj/Frodokem_2026/dual_ram_asyn.v:70]
WARNING: [VRFC 10-3705] select index 39 into 'mem' is out of bounds [D:/Work_prj/Frodokem_2026/dual_ram_asyn.v:71]
WARNING: [VRFC 10-3705] select index 47 into 'mem' is out of bounds [D:/Work_prj/Frodokem_2026/dual_ram_asyn.v:72]
WARNING: [VRFC 10-3705] select index 55 into 'mem' is out of bounds [D:/Work_prj/Frodokem_2026/dual_ram_asyn.v:73]
WARNING: [VRFC 10-3705] select index 63 into 'mem' is out of bounds [D:/Work_prj/Frodokem_2026/dual_ram_asyn.v:74]
WARNING: [VRFC 10-3705] select index 31 into 'mem' is out of bounds [D:/Work_prj/Frodokem_2026/dual_ram_asyn.v:91]
WARNING: [VRFC 10-3705] select index 63 into 'mem' is out of bounds [D:/Work_prj/Frodokem_2026/dual_ram_asyn.v:92]
WARNING: [VRFC 10-3705] select index 23 into 'mem' is out of bounds [D:/Work_prj/Frodokem_2026/dual_ram_asyn.v:97]
WARNING: [VRFC 10-3705] select index 31 into 'mem' is out of bounds [D:/Work_prj/Frodokem_2026/dual_ram_asyn.v:98]
WARNING: [VRFC 10-3705] select index 39 into 'mem' is out of bounds [D:/Work_prj/Frodokem_2026/dual_ram_asyn.v:99]
WARNING: [VRFC 10-3705] select index 47 into 'mem' is out of bounds [D:/Work_prj/Frodokem_2026/dual_ram_asyn.v:100]
WARNING: [VRFC 10-3705] select index 55 into 'mem' is out of bounds [D:/Work_prj/Frodokem_2026/dual_ram_asyn.v:101]
WARNING: [VRFC 10-3705] select index 63 into 'mem' is out of bounds [D:/Work_prj/Frodokem_2026/dual_ram_asyn.v:102]
WARNING: [VRFC 10-3705] select index 63 into 'mem' is out of bounds [D:/Work_prj/Frodokem_2026/dual_ram.v:61]
WARNING: [VRFC 10-3705] select index 39 into 'mem' is out of bounds [D:/Work_prj/Frodokem_2026/dual_ram.v:68]
WARNING: [VRFC 10-3705] select index 47 into 'mem' is out of bounds [D:/Work_prj/Frodokem_2026/dual_ram.v:69]
WARNING: [VRFC 10-3705] select index 55 into 'mem' is out of bounds [D:/Work_prj/Frodokem_2026/dual_ram.v:70]
WARNING: [VRFC 10-3705] select index 63 into 'mem' is out of bounds [D:/Work_prj/Frodokem_2026/dual_ram.v:71]
WARNING: [VRFC 10-3705] select index 63 into 'mem' is out of bounds [D:/Work_prj/Frodokem_2026/dual_ram.v:89]
WARNING: [VRFC 10-3705] select index 39 into 'mem' is out of bounds [D:/Work_prj/Frodokem_2026/dual_ram.v:96]
WARNING: [VRFC 10-3705] select index 47 into 'mem' is out of bounds [D:/Work_prj/Frodokem_2026/dual_ram.v:97]
WARNING: [VRFC 10-3705] select index 55 into 'mem' is out of bounds [D:/Work_prj/Frodokem_2026/dual_ram.v:98]
WARNING: [VRFC 10-3705] select index 63 into 'mem' is out of bounds [D:/Work_prj/Frodokem_2026/dual_ram.v:99]
Completed static elaboration
Starting simulation data flow analysis
Completed simulation data flow analysis
Time Resolution for simulation is 1ps
Compiling module xil_defaultlib.SampleMatrixSet_default
Compiling module xil_defaultlib.bidirectional_fifo
Compiling module xil_defaultlib.theta
Compiling module xil_defaultlib.thopichiiota
Compiling module xil_defaultlib.SHAKE
Compiling module xil_defaultlib.PackSet
Compiling module xil_defaultlib.UnpackSet
Compiling module xil_defaultlib.roundmod_default
Compiling module xil_defaultlib.roundmod(B=3,Q=16)
Compiling module xil_defaultlib.roundmod(B=4,Q=16)
Compiling module xil_defaultlib.DecodeSet_default
Compiling module xil_defaultlib.EncodeSet
Compiling module xil_defaultlib.dram64_r(MEM_DEPTH=3000,HEX_FILE...
Compiling module xil_defaultlib.dram64_r(MEM_DEPTH=3000,HEX_FILE...
Compiling module xil_defaultlib.dram448_r(HEX_FILE="D:/Work_prj/...
Compiling module xil_defaultlib.MatrixAddSet_default
Compiling module xil_defaultlib.MatrixMACSet_default
Compiling module xil_defaultlib.MatrixMulAddSet_default
Compiling module xil_defaultlib.MatrixSubSet_default
Compiling module xil_defaultlib.dual_ram_asyn(ADDR_WIDTH=6,DATA_...
Compiling module xil_defaultlib.dual_ram(ADDR_WIDTH=10,DATA_WIDT...
Compiling module xil_defaultlib.instDecoder
Compiling module xil_defaultlib.RAM_Arbitration
Compiling module xil_defaultlib.AddrGenUnit
Compiling module xil_defaultlib.control
Compiling module xil_defaultlib.Frodo_top
Compiling module xil_defaultlib.tb_Frodo_top
Compiling module xil_defaultlib.glbl
Built simulation snapshot tb_Frodo_top_behav
run_program: Time (s): cpu = 00:00:00 ; elapsed = 00:00:07 . Memory (MB): peak = 3830.289 ; gain = 0.000
INFO: [USF-XSim-69] 'elaborate' step finished in '7' seconds
launch_simulation: Time (s): cpu = 00:00:00 ; elapsed = 00:00:07 . Memory (MB): peak = 3830.289 ; gain = 0.000
Time resolution is 1 ps
WARNING: Too many words specified in data file D:/Work_prj/Frodokem_2026/TB/RAM64a.hex
WARNING: Too many words specified in data file D:/Work_prj/Frodokem_2026/TB/RAM64b.hex
oneinstdone detected at               415000
mem dumped to D:/Work_prj/Frodokem_2026/TB/RAM64aout.hex at time=435000
mem dumped to D:/Work_prj/Frodokem_2026/TB/RAM64bout.hex at time=435000
mem dumped to D:/Work_prj/Frodokem_2026/TB/RAM448out.hex at time=435000
mem dumped to D:/Work_prj/Frodokem_2026/TB/RAM64aout.hex at time=555000
mem dumped to D:/Work_prj/Frodokem_2026/TB/RAM64bout.hex at time=555000
mem dumped to D:/Work_prj/Frodokem_2026/TB/RAM448out.hex at time=555000
mem dumped to D:/Work_prj/Frodokem_2026/TB/RAM64aout.hex at time=685000
mem dumped to D:/Work_prj/Frodokem_2026/TB/RAM64bout.hex at time=685000
mem dumped to D:/Work_prj/Frodokem_2026/TB/RAM448out.hex at time=685000
mem dumped to D:/Work_prj/Frodokem_2026/TB/RAM64aout.hex at time=825000
mem dumped to D:/Work_prj/Frodokem_2026/TB/RAM64bout.hex at time=825000
mem dumped to D:/Work_prj/Frodokem_2026/TB/RAM448out.hex at time=825000
mem dumped to D:/Work_prj/Frodokem_2026/TB/RAM64aout.hex at time=945000
mem dumped to D:/Work_prj/Frodokem_2026/TB/RAM64bout.hex at time=945000
mem dumped to D:/Work_prj/Frodokem_2026/TB/RAM448out.hex at time=945000
relaunch_sim: Time (s): cpu = 00:00:01 ; elapsed = 00:00:13 . Memory (MB): peak = 3830.289 ; gain = 0.000
relaunch_sim
Command: launch_simulation -step compile -simset sim_1 -mode behavioral
INFO: [Vivado 12-12493] Simulation top is 'tb_Frodo_top'
INFO: [Vivado 12-5682] Launching behavioral simulation in 'D:/Work_prj/Frodokem_2026/Viprj/FrodoKEM/FrodoKEM.sim/sim_1/behav/xsim'
INFO: [SIM-utils-51] Simulation object is 'sim_1'
INFO: [USF-XSim-2] XSim::Compile design
INFO: [USF-XSim-61] Executing 'COMPILE and ANALYZE' step in 'D:/Work_prj/Frodokem_2026/Viprj/FrodoKEM/FrodoKEM.sim/sim_1/behav/xsim'
"xvlog --incr --relax -prj tb_Frodo_top_vlog.prj"
INFO: [VRFC 10-2263] Analyzing Verilog file "D:/Work_prj/Frodokem_2026/SRC/AddrGenUnit.v" into library xil_defaultlib
INFO: [VRFC 10-311] analyzing module AddrGenUnit
INFO: [VRFC 10-2263] Analyzing Verilog file "D:/Work_prj/Frodokem_2026/SRC/DecodeSet.v" into library xil_defaultlib
INFO: [VRFC 10-311] analyzing module DecodeSet
INFO: [VRFC 10-2263] Analyzing Verilog file "D:/Work_prj/Frodokem_2026/SRC/EncodeSet.v" into library xil_defaultlib
INFO: [VRFC 10-311] analyzing module EncodeSet
INFO: [VRFC 10-2263] Analyzing Verilog file "D:/Work_prj/Frodokem_2026/SRC/Frodo_top.v" into library xil_defaultlib
INFO: [VRFC 10-311] analyzing module Frodo_top
INFO: [VRFC 10-2263] Analyzing Verilog file "D:/Work_prj/Frodokem_2026/SRC/InstDecoder.v" into library xil_defaultlib
INFO: [VRFC 10-311] analyzing module instDecoder
INFO: [VRFC 10-2263] Analyzing Verilog file "D:/Work_prj/Frodokem_2026/SRC/MatrixAddSet.v" into library xil_defaultlib
INFO: [VRFC 10-311] analyzing module MatrixAddSet
INFO: [VRFC 10-2263] Analyzing Verilog file "D:/Work_prj/Frodokem_2026/SRC/MatrixMACSet.v" into library xil_defaultlib
INFO: [VRFC 10-311] analyzing module MatrixMACSet
INFO: [VRFC 10-2263] Analyzing Verilog file "D:/Work_prj/Frodokem_2026/SRC/MatrixMulAddSet.v" into library xil_defaultlib
INFO: [VRFC 10-311] analyzing module MatrixMulAddSet
INFO: [VRFC 10-2263] Analyzing Verilog file "D:/Work_prj/Frodokem_2026/SRC/MatrixSubSet.v" into library xil_defaultlib
INFO: [VRFC 10-311] analyzing module MatrixSubSet
INFO: [VRFC 10-2263] Analyzing Verilog file "D:/Work_prj/Frodokem_2026/SRC/PackSet.v" into library xil_defaultlib
INFO: [VRFC 10-311] analyzing module PackSet
INFO: [VRFC 10-2263] Analyzing Verilog file "D:/Work_prj/Frodokem_2026/SRC/RAM _Arbitration.v" into library xil_defaultlib
INFO: [VRFC 10-311] analyzing module RAM_Arbitration
INFO: [VRFC 10-2263] Analyzing Verilog file "D:/Work_prj/Frodokem_2026/SRC/shake.v" into library xil_defaultlib
INFO: [VRFC 10-311] analyzing module SHAKE
WARNING: [VRFC 10-3380] identifier 'CS' is used before its declaration [D:/Work_prj/Frodokem_2026/SRC/shake.v:64]
INFO: [VRFC 10-2263] Analyzing Verilog file "D:/Work_prj/Frodokem_2026/SRC/SampleMatrixSet.v" into library xil_defaultlib
INFO: [VRFC 10-311] analyzing module SampleMatrixSet
INFO: [VRFC 10-2263] Analyzing Verilog file "D:/Work_prj/Frodokem_2026/SRC/UnpackSet.v" into library xil_defaultlib
INFO: [VRFC 10-311] analyzing module UnpackSet
INFO: [VRFC 10-2263] Analyzing Verilog file "D:/Work_prj/Frodokem_2026/SRC/bidirectional_fifo.v" into library xil_defaultlib
INFO: [VRFC 10-311] analyzing module bidirectional_fifo
INFO: [VRFC 10-2263] Analyzing Verilog file "D:/Work_prj/Frodokem_2026/SRC/control.v" into library xil_defaultlib
INFO: [VRFC 10-311] analyzing module control
WARNING: [VRFC 10-3248] data object 'maccnt0' is already declared [D:/Work_prj/Frodokem_2026/SRC/control.v:1039]
WARNING: [VRFC 10-9364] second declaration of 'maccnt0' is ignored [D:/Work_prj/Frodokem_2026/SRC/control.v:1039]
WARNING: [VRFC 10-3380] identifier 'sqzout64_en' is used before its declaration [D:/Work_prj/Frodokem_2026/SRC/control.v:118]
WARNING: [VRFC 10-3380] identifier 'fifo64outval' is used before its declaration [D:/Work_prj/Frodokem_2026/SRC/control.v:486]
WARNING: [VRFC 10-3380] identifier 'pingpangflag' is used before its declaration [D:/Work_prj/Frodokem_2026/SRC/control.v:959]
INFO: [VRFC 10-2263] Analyzing Verilog file "D:/Work_prj/Frodokem_2026/dram448_r.v" into library xil_defaultlib
INFO: [VRFC 10-311] analyzing module dram448_r
INFO: [VRFC 10-2263] Analyzing Verilog file "D:/Work_prj/Frodokem_2026/dram64_r.v" into library xil_defaultlib
INFO: [VRFC 10-311] analyzing module dram64_r
INFO: [VRFC 10-2263] Analyzing Verilog file "D:/Work_prj/Frodokem_2026/dual_ram.v" into library xil_defaultlib
INFO: [VRFC 10-311] analyzing module dual_ram
INFO: [VRFC 10-2263] Analyzing Verilog file "D:/Work_prj/Frodokem_2026/dual_ram_asyn.v" into library xil_defaultlib
INFO: [VRFC 10-311] analyzing module dual_ram_asyn
INFO: [VRFC 10-2263] Analyzing Verilog file "D:/Work_prj/Frodokem_2026/SRC/roundmod.v" into library xil_defaultlib
INFO: [VRFC 10-311] analyzing module roundmod
INFO: [VRFC 10-2263] Analyzing Verilog file "D:/Work_prj/Frodokem_2026/SRC/theta.v" into library xil_defaultlib
INFO: [VRFC 10-311] analyzing module theta
INFO: [VRFC 10-2263] Analyzing Verilog file "D:/Work_prj/Frodokem_2026/SRC/thopichiiota.v" into library xil_defaultlib
INFO: [VRFC 10-311] analyzing module thopichiiota
INFO: [VRFC 10-2263] Analyzing Verilog file "D:/Work_prj/Frodokem_2026/Viprj/FrodoKEM/FrodoKEM.srcs/sim_1/new/TB.v" into library xil_defaultlib
INFO: [VRFC 10-311] analyzing module tb_Frodo_top
INFO: [USF-XSim-69] 'compile' step finished in '4' seconds
Command: launch_simulation -step elaborate -simset sim_1 -mode behavioral
INFO: [Vivado 12-12493] Simulation top is 'tb_Frodo_top'
INFO: [Vivado 12-5682] Launching behavioral simulation in 'D:/Work_prj/Frodokem_2026/Viprj/FrodoKEM/FrodoKEM.sim/sim_1/behav/xsim'
INFO: [SIM-utils-51] Simulation object is 'sim_1'
INFO: [USF-XSim-3] XSim::Elaborate design
INFO: [USF-XSim-61] Executing 'ELABORATE' step in 'D:/Work_prj/Frodokem_2026/Viprj/FrodoKEM/FrodoKEM.sim/sim_1/behav/xsim'
"xelab --incr --debug typical --relax --mt 2 -L xil_defaultlib -L unisims_ver -L unimacro_ver -L secureip -L xpm --snapshot tb_Frodo_top_behav xil_defaultlib.tb_Frodo_top xil_defaultlib.glbl -log elaborate.log"
Vivado Simulator v2025.1.0
Copyright 1986-2022 Xilinx, Inc. All Rights Reserved.
Copyright 2022-2025 Advanced Micro Devices, Inc. All Rights Reserved.
Running: D:/Xlinx/2025.1/Vivado/bin/unwrapped/win64.o/xelab.exe --incr --debug typical --relax --mt 2 -L xil_defaultlib -L unisims_ver -L unimacro_ver -L secureip -L xpm --snapshot tb_Frodo_top_behav xil_defaultlib.tb_Frodo_top xil_defaultlib.glbl -log elaborate.log 
Using 2 slave threads.
Starting static elaboration
Pass Through NonSizing Optimizer
WARNING: [VRFC 10-3091] actual bit length 1 differs from formal bit length 9 for port 'sqz_cnt' [D:/Work_prj/Frodokem_2026/SRC/Frodo_top.v:846]
WARNING: [VRFC 10-3091] actual bit length 1 differs from formal bit length 4 for port 'prefixe_out' [D:/Work_prj/Frodokem_2026/SRC/Frodo_top.v:889]
WARNING: [VRFC 10-3705] select index 31 into 'mem' is out of bounds [D:/Work_prj/Frodokem_2026/dual_ram_asyn.v:63]
WARNING: [VRFC 10-3705] select index 63 into 'mem' is out of bounds [D:/Work_prj/Frodokem_2026/dual_ram_asyn.v:64]
WARNING: [VRFC 10-3705] select index 23 into 'mem' is out of bounds [D:/Work_prj/Frodokem_2026/dual_ram_asyn.v:69]
WARNING: [VRFC 10-3705] select index 31 into 'mem' is out of bounds [D:/Work_prj/Frodokem_2026/dual_ram_asyn.v:70]
WARNING: [VRFC 10-3705] select index 39 into 'mem' is out of bounds [D:/Work_prj/Frodokem_2026/dual_ram_asyn.v:71]
WARNING: [VRFC 10-3705] select index 47 into 'mem' is out of bounds [D:/Work_prj/Frodokem_2026/dual_ram_asyn.v:72]
WARNING: [VRFC 10-3705] select index 55 into 'mem' is out of bounds [D:/Work_prj/Frodokem_2026/dual_ram_asyn.v:73]
WARNING: [VRFC 10-3705] select index 63 into 'mem' is out of bounds [D:/Work_prj/Frodokem_2026/dual_ram_asyn.v:74]
WARNING: [VRFC 10-3705] select index 31 into 'mem' is out of bounds [D:/Work_prj/Frodokem_2026/dual_ram_asyn.v:91]
WARNING: [VRFC 10-3705] select index 63 into 'mem' is out of bounds [D:/Work_prj/Frodokem_2026/dual_ram_asyn.v:92]
WARNING: [VRFC 10-3705] select index 23 into 'mem' is out of bounds [D:/Work_prj/Frodokem_2026/dual_ram_asyn.v:97]
WARNING: [VRFC 10-3705] select index 31 into 'mem' is out of bounds [D:/Work_prj/Frodokem_2026/dual_ram_asyn.v:98]
WARNING: [VRFC 10-3705] select index 39 into 'mem' is out of bounds [D:/Work_prj/Frodokem_2026/dual_ram_asyn.v:99]
WARNING: [VRFC 10-3705] select index 47 into 'mem' is out of bounds [D:/Work_prj/Frodokem_2026/dual_ram_asyn.v:100]
WARNING: [VRFC 10-3705] select index 55 into 'mem' is out of bounds [D:/Work_prj/Frodokem_2026/dual_ram_asyn.v:101]
WARNING: [VRFC 10-3705] select index 63 into 'mem' is out of bounds [D:/Work_prj/Frodokem_2026/dual_ram_asyn.v:102]
WARNING: [VRFC 10-3705] select index 63 into 'mem' is out of bounds [D:/Work_prj/Frodokem_2026/dual_ram.v:61]
WARNING: [VRFC 10-3705] select index 39 into 'mem' is out of bounds [D:/Work_prj/Frodokem_2026/dual_ram.v:68]
WARNING: [VRFC 10-3705] select index 47 into 'mem' is out of bounds [D:/Work_prj/Frodokem_2026/dual_ram.v:69]
WARNING: [VRFC 10-3705] select index 55 into 'mem' is out of bounds [D:/Work_prj/Frodokem_2026/dual_ram.v:70]
WARNING: [VRFC 10-3705] select index 63 into 'mem' is out of bounds [D:/Work_prj/Frodokem_2026/dual_ram.v:71]
WARNING: [VRFC 10-3705] select index 63 into 'mem' is out of bounds [D:/Work_prj/Frodokem_2026/dual_ram.v:89]
WARNING: [VRFC 10-3705] select index 39 into 'mem' is out of bounds [D:/Work_prj/Frodokem_2026/dual_ram.v:96]
WARNING: [VRFC 10-3705] select index 47 into 'mem' is out of bounds [D:/Work_prj/Frodokem_2026/dual_ram.v:97]
WARNING: [VRFC 10-3705] select index 55 into 'mem' is out of bounds [D:/Work_prj/Frodokem_2026/dual_ram.v:98]
WARNING: [VRFC 10-3705] select index 63 into 'mem' is out of bounds [D:/Work_prj/Frodokem_2026/dual_ram.v:99]
Completed static elaboration
Starting simulation data flow analysis
Completed simulation data flow analysis
Time Resolution for simulation is 1ps
Compiling module xil_defaultlib.SampleMatrixSet_default
Compiling module xil_defaultlib.bidirectional_fifo
Compiling module xil_defaultlib.theta
Compiling module xil_defaultlib.thopichiiota
Compiling module xil_defaultlib.SHAKE
Compiling module xil_defaultlib.PackSet
Compiling module xil_defaultlib.UnpackSet
Compiling module xil_defaultlib.roundmod_default
Compiling module xil_defaultlib.roundmod(B=3,Q=16)
Compiling module xil_defaultlib.roundmod(B=4,Q=16)
Compiling module xil_defaultlib.DecodeSet_default
Compiling module xil_defaultlib.EncodeSet
Compiling module xil_defaultlib.dram64_r(MEM_DEPTH=3000,HEX_FILE...
Compiling module xil_defaultlib.dram64_r(MEM_DEPTH=3000,HEX_FILE...
Compiling module xil_defaultlib.dram448_r(HEX_FILE="D:/Work_prj/...
Compiling module xil_defaultlib.MatrixAddSet_default
Compiling module xil_defaultlib.MatrixMACSet_default
Compiling module xil_defaultlib.MatrixMulAddSet_default
Compiling module xil_defaultlib.MatrixSubSet_default
Compiling module xil_defaultlib.dual_ram_asyn(ADDR_WIDTH=6,DATA_...
Compiling module xil_defaultlib.dual_ram(ADDR_WIDTH=10,DATA_WIDT...
Compiling module xil_defaultlib.instDecoder
Compiling module xil_defaultlib.RAM_Arbitration
Compiling module xil_defaultlib.AddrGenUnit
Compiling module xil_defaultlib.control
Compiling module xil_defaultlib.Frodo_top
Compiling module xil_defaultlib.tb_Frodo_top
Compiling module xil_defaultlib.glbl
Built simulation snapshot tb_Frodo_top_behav
run_program: Time (s): cpu = 00:00:01 ; elapsed = 00:00:07 . Memory (MB): peak = 3830.289 ; gain = 0.000
INFO: [USF-XSim-69] 'elaborate' step finished in '7' seconds
launch_simulation: Time (s): cpu = 00:00:01 ; elapsed = 00:00:08 . Memory (MB): peak = 3830.289 ; gain = 0.000
Time resolution is 1 ps
WARNING: Too many words specified in data file D:/Work_prj/Frodokem_2026/TB/RAM64a.hex
WARNING: Too many words specified in data file D:/Work_prj/Frodokem_2026/TB/RAM64b.hex
oneinstdone detected at               545000
mem dumped to D:/Work_prj/Frodokem_2026/TB/RAM64aout.hex at time=565000
mem dumped to D:/Work_prj/Frodokem_2026/TB/RAM64bout.hex at time=565000
mem dumped to D:/Work_prj/Frodokem_2026/TB/RAM448out.hex at time=565000
relaunch_sim: Time (s): cpu = 00:00:06 ; elapsed = 00:00:14 . Memory (MB): peak = 3830.289 ; gain = 0.000
