Copyright 1986-2022 Xilinx, Inc. All Rights Reserved. Copyright 2022-2025 Advanced Micro Devices, Inc. All Rights Reserved.
---------------------------------------------------------------------------------------------------------------------------------------------
| Tool Version : Vivado v.2025.1 (win64) Build 6140274 Thu May 22 00:12:29 MDT 2025
| Date         : Tue May  5 01:48:50 2026
| Host         : DESKTOP-KKLUIKL running 64-bit major release  (build 9200)
| Command      : report_timing -delay_type max -sort_by slack -max_paths 50 -path_type full -file worst_setup_paths_50.rpt
| Design       : TOP
| Device       : 7a35t-fgg484
| Speed File   : -2  PRODUCTION 1.23 2018-06-13
| Design State : Routed
---------------------------------------------------------------------------------------------------------------------------------------------

Timing Report

Slack (MET) :             7.892ns  (required time - arrival time)
  Source:                 u_Frodo_top/u_SHAKE/o_buf_rd_ptr_reg[3]_rep/C
                            (rising edge-triggered cell FDCE clocked by clk_i  {rise@0.000ns fall@10.000ns period=20.000ns})
  Destination:            u_Frodo_top/u_SHAKE/g_sqzout448[1].sqzout448_reg[84]/D
                            (rising edge-triggered cell FDCE clocked by clk_i  {rise@0.000ns fall@10.000ns period=20.000ns})
  Path Group:             clk_i
  Path Type:              Setup (Max at Slow Process Corner)
  Requirement:            20.000ns  (clk_i rise@20.000ns - clk_i rise@0.000ns)
  Data Path Delay:        12.153ns  (logic 0.738ns (6.073%)  route 11.415ns (93.927%))
  Logic Levels:           2  (LUT6=2)
  Clock Path Skew:        0.051ns (DCD - SCD + CPR)
    Destination Clock Delay (DCD):    4.439ns = ( 24.439 - 20.000 ) 
    Source Clock Delay      (SCD):    4.555ns
    Clock Pessimism Removal (CPR):    0.166ns
  Clock Uncertainty:      0.035ns  ((TSJ^2 + TIJ^2)^1/2 + DJ) / 2 + PE
    Total System Jitter     (TSJ):    0.071ns
    Total Input Jitter      (TIJ):    0.000ns
    Discrete Jitter          (DJ):    0.000ns
    Phase Error              (PE):    0.000ns

    Location             Delay type                Incr(ns)  Path(ns)    Netlist Resource(s)
  -------------------------------------------------------------------    -------------------
                         (clock clk_i rise edge)      0.000     0.000 r  
                         propagated clock network latency
                                                      4.555     4.555    
    SLICE_X54Y86         FDCE                         0.000     4.555 r  u_Frodo_top/u_SHAKE/o_buf_rd_ptr_reg[3]_rep/C
    SLICE_X54Y86         FDCE (Prop_fdce_C_Q)         0.398     4.953 r  u_Frodo_top/u_SHAKE/o_buf_rd_ptr_reg[3]_rep/Q
                         net (fo=261, routed)        10.901    15.854    u_Frodo_top/u_SHAKE/o_buf_rd_ptr_reg[3]_rep_n_0
    SLICE_X54Y109        LUT6 (Prop_lut6_I2_O)        0.235    16.089 r  u_Frodo_top/u_SHAKE/g_sqzout448[1].sqzout448[84]_i_3/O
                         net (fo=1, routed)           0.514    16.603    u_Frodo_top/u_SHAKE/g_sqzout448[1].sqzout448[84]_i_3_n_0
    SLICE_X55Y108        LUT6 (Prop_lut6_I5_O)        0.105    16.708 r  u_Frodo_top/u_SHAKE/g_sqzout448[1].sqzout448[84]_i_1/O
                         net (fo=1, routed)           0.000    16.708    u_Frodo_top/u_SHAKE/g_sqzout448[1].sqzout448[84]_i_1_n_0
    SLICE_X55Y108        FDCE                                         r  u_Frodo_top/u_SHAKE/g_sqzout448[1].sqzout448_reg[84]/D
  -------------------------------------------------------------------    -------------------

                         (clock clk_i rise edge)     20.000    20.000 r  
                         propagated clock network latency
                                                      4.439    24.439    
                         clock pessimism              0.166    24.605    
                         clock uncertainty           -0.035    24.570    
    SLICE_X55Y108        FDCE (Setup_fdce_C_D)        0.030    24.600    u_Frodo_top/u_SHAKE/g_sqzout448[1].sqzout448_reg[84]
  -------------------------------------------------------------------
                         required time                         24.600    
                         arrival time                         -16.708    
  -------------------------------------------------------------------
                         slack                                  7.892    

Slack (MET) :             8.105ns  (required time - arrival time)
  Source:                 u_Frodo_top/u_SHAKE/o_buf_rd_ptr_reg[3]_rep/C
                            (rising edge-triggered cell FDCE clocked by clk_i  {rise@0.000ns fall@10.000ns period=20.000ns})
  Destination:            u_Frodo_top/u_SHAKE/g_sqzout448[3].sqzout448_reg[212]/D
                            (rising edge-triggered cell FDCE clocked by clk_i  {rise@0.000ns fall@10.000ns period=20.000ns})
  Path Group:             clk_i
  Path Type:              Setup (Max at Slow Process Corner)
  Requirement:            20.000ns  (clk_i rise@20.000ns - clk_i rise@0.000ns)
  Data Path Delay:        11.941ns  (logic 0.738ns (6.180%)  route 11.203ns (93.820%))
  Logic Levels:           2  (LUT5=1 LUT6=1)
  Clock Path Skew:        0.052ns (DCD - SCD + CPR)
    Destination Clock Delay (DCD):    4.440ns = ( 24.440 - 20.000 ) 
    Source Clock Delay      (SCD):    4.555ns
    Clock Pessimism Removal (CPR):    0.166ns
  Clock Uncertainty:      0.035ns  ((TSJ^2 + TIJ^2)^1/2 + DJ) / 2 + PE
    Total System Jitter     (TSJ):    0.071ns
    Total Input Jitter      (TIJ):    0.000ns
    Discrete Jitter          (DJ):    0.000ns
    Phase Error              (PE):    0.000ns

    Location             Delay type                Incr(ns)  Path(ns)    Netlist Resource(s)
  -------------------------------------------------------------------    -------------------
                         (clock clk_i rise edge)      0.000     0.000 r  
                         propagated clock network latency
                                                      4.555     4.555    
    SLICE_X54Y86         FDCE                         0.000     4.555 r  u_Frodo_top/u_SHAKE/o_buf_rd_ptr_reg[3]_rep/C
    SLICE_X54Y86         FDCE (Prop_fdce_C_Q)         0.398     4.953 r  u_Frodo_top/u_SHAKE/o_buf_rd_ptr_reg[3]_rep/Q
                         net (fo=261, routed)        10.832    15.785    u_Frodo_top/u_SHAKE/o_buf_rd_ptr_reg[3]_rep_n_0
    SLICE_X56Y109        LUT6 (Prop_lut6_I1_O)        0.235    16.020 r  u_Frodo_top/u_SHAKE/g_sqzout448[3].sqzout448[212]_i_2/O
                         net (fo=1, routed)           0.371    16.391    u_Frodo_top/u_SHAKE/g_sqzout448[3].sqzout448[212]_i_2_n_0
    SLICE_X55Y107        LUT5 (Prop_lut5_I2_O)        0.105    16.496 r  u_Frodo_top/u_SHAKE/g_sqzout448[3].sqzout448[212]_i_1/O
                         net (fo=1, routed)           0.000    16.496    u_Frodo_top/u_SHAKE/g_sqzout448[3].sqzout448[212]_i_1_n_0
    SLICE_X55Y107        FDCE                                         r  u_Frodo_top/u_SHAKE/g_sqzout448[3].sqzout448_reg[212]/D
  -------------------------------------------------------------------    -------------------

                         (clock clk_i rise edge)     20.000    20.000 r  
                         propagated clock network latency
                                                      4.440    24.440    
                         clock pessimism              0.166    24.606    
                         clock uncertainty           -0.035    24.571    
    SLICE_X55Y107        FDCE (Setup_fdce_C_D)        0.030    24.601    u_Frodo_top/u_SHAKE/g_sqzout448[3].sqzout448_reg[212]
  -------------------------------------------------------------------
                         required time                         24.601    
                         arrival time                         -16.496    
  -------------------------------------------------------------------
                         slack                                  8.105    

Slack (MET) :             8.263ns  (required time - arrival time)
  Source:                 u_Frodo_top/u_SHAKE/o_buf_rd_ptr_reg[3]_rep/C
                            (rising edge-triggered cell FDCE clocked by clk_i  {rise@0.000ns fall@10.000ns period=20.000ns})
  Destination:            u_Frodo_top/u_SHAKE/g_sqzout448[5].sqzout448_reg[340]/D
                            (rising edge-triggered cell FDCE clocked by clk_i  {rise@0.000ns fall@10.000ns period=20.000ns})
  Path Group:             clk_i
  Path Type:              Setup (Max at Slow Process Corner)
  Requirement:            20.000ns  (clk_i rise@20.000ns - clk_i rise@0.000ns)
  Data Path Delay:        11.781ns  (logic 0.738ns (6.264%)  route 11.043ns (93.736%))
  Logic Levels:           2  (LUT5=1 LUT6=1)
  Clock Path Skew:        0.050ns (DCD - SCD + CPR)
    Destination Clock Delay (DCD):    4.438ns = ( 24.438 - 20.000 ) 
    Source Clock Delay      (SCD):    4.555ns
    Clock Pessimism Removal (CPR):    0.166ns
  Clock Uncertainty:      0.035ns  ((TSJ^2 + TIJ^2)^1/2 + DJ) / 2 + PE
    Total System Jitter     (TSJ):    0.071ns
    Total Input Jitter      (TIJ):    0.000ns
    Discrete Jitter          (DJ):    0.000ns
    Phase Error              (PE):    0.000ns

    Location             Delay type                Incr(ns)  Path(ns)    Netlist Resource(s)
  -------------------------------------------------------------------    -------------------
                         (clock clk_i rise edge)      0.000     0.000 r  
                         propagated clock network latency
                                                      4.555     4.555    
    SLICE_X54Y86         FDCE                         0.000     4.555 r  u_Frodo_top/u_SHAKE/o_buf_rd_ptr_reg[3]_rep/C
    SLICE_X54Y86         FDCE (Prop_fdce_C_Q)         0.398     4.953 r  u_Frodo_top/u_SHAKE/o_buf_rd_ptr_reg[3]_rep/Q
                         net (fo=261, routed)        10.730    15.683    u_Frodo_top/u_SHAKE/o_buf_rd_ptr_reg[3]_rep_n_0
    SLICE_X55Y109        LUT6 (Prop_lut6_I2_O)        0.235    15.918 r  u_Frodo_top/u_SHAKE/g_sqzout448[5].sqzout448[340]_i_3/O
                         net (fo=1, routed)           0.313    16.231    u_Frodo_top/u_SHAKE/g_sqzout448[5].sqzout448[340]_i_3_n_0
    SLICE_X55Y110        LUT5 (Prop_lut5_I4_O)        0.105    16.336 r  u_Frodo_top/u_SHAKE/g_sqzout448[5].sqzout448[340]_i_1/O
                         net (fo=1, routed)           0.000    16.336    u_Frodo_top/u_SHAKE/g_sqzout448[5].sqzout448[340]_i_1_n_0
    SLICE_X55Y110        FDCE                                         r  u_Frodo_top/u_SHAKE/g_sqzout448[5].sqzout448_reg[340]/D
  -------------------------------------------------------------------    -------------------

                         (clock clk_i rise edge)     20.000    20.000 r  
                         propagated clock network latency
                                                      4.438    24.438    
                         clock pessimism              0.166    24.604    
                         clock uncertainty           -0.035    24.569    
    SLICE_X55Y110        FDCE (Setup_fdce_C_D)        0.030    24.599    u_Frodo_top/u_SHAKE/g_sqzout448[5].sqzout448_reg[340]
  -------------------------------------------------------------------
                         required time                         24.599    
                         arrival time                         -16.336    
  -------------------------------------------------------------------
                         slack                                  8.263    

Slack (MET) :             8.383ns  (required time - arrival time)
  Source:                 u_Frodo_top/u_SHAKE/o_buf_rd_ptr_reg[3]_rep/C
                            (rising edge-triggered cell FDCE clocked by clk_i  {rise@0.000ns fall@10.000ns period=20.000ns})
  Destination:            u_Frodo_top/u_SHAKE/g_sqzout448[5].sqzout448_reg[357]/D
                            (rising edge-triggered cell FDCE clocked by clk_i  {rise@0.000ns fall@10.000ns period=20.000ns})
  Path Group:             clk_i
  Path Type:              Setup (Max at Slow Process Corner)
  Requirement:            20.000ns  (clk_i rise@20.000ns - clk_i rise@0.000ns)
  Data Path Delay:        11.704ns  (logic 0.738ns (6.306%)  route 10.966ns (93.694%))
  Logic Levels:           2  (LUT4=1 LUT5=1)
  Clock Path Skew:        0.051ns (DCD - SCD + CPR)
    Destination Clock Delay (DCD):    4.439ns = ( 24.439 - 20.000 ) 
    Source Clock Delay      (SCD):    4.555ns
    Clock Pessimism Removal (CPR):    0.166ns
  Clock Uncertainty:      0.035ns  ((TSJ^2 + TIJ^2)^1/2 + DJ) / 2 + PE
    Total System Jitter     (TSJ):    0.071ns
    Total Input Jitter      (TIJ):    0.000ns
    Discrete Jitter          (DJ):    0.000ns
    Phase Error              (PE):    0.000ns

    Location             Delay type                Incr(ns)  Path(ns)    Netlist Resource(s)
  -------------------------------------------------------------------    -------------------
                         (clock clk_i rise edge)      0.000     0.000 r  
                         propagated clock network latency
                                                      4.555     4.555    
    SLICE_X54Y86         FDCE                         0.000     4.555 r  u_Frodo_top/u_SHAKE/o_buf_rd_ptr_reg[3]_rep/C
    SLICE_X54Y86         FDCE (Prop_fdce_C_Q)         0.398     4.953 r  u_Frodo_top/u_SHAKE/o_buf_rd_ptr_reg[3]_rep/Q
                         net (fo=261, routed)        10.295    15.247    u_Frodo_top/u_SHAKE/o_buf_rd_ptr_reg[3]_rep_n_0
    SLICE_X55Y109        LUT4 (Prop_lut4_I1_O)        0.235    15.482 r  u_Frodo_top/u_SHAKE/g_sqzout448[5].sqzout448[357]_i_2/O
                         net (fo=1, routed)           0.671    16.154    u_Frodo_top/u_SHAKE/g_sqzout448[5].sqzout448[357]_i_2_n_0
    SLICE_X56Y109        LUT5 (Prop_lut5_I2_O)        0.105    16.259 r  u_Frodo_top/u_SHAKE/g_sqzout448[5].sqzout448[357]_i_1/O
                         net (fo=1, routed)           0.000    16.259    u_Frodo_top/u_SHAKE/g_sqzout448[5].sqzout448[357]_i_1_n_0
    SLICE_X56Y109        FDCE                                         r  u_Frodo_top/u_SHAKE/g_sqzout448[5].sqzout448_reg[357]/D
  -------------------------------------------------------------------    -------------------

                         (clock clk_i rise edge)     20.000    20.000 r  
                         propagated clock network latency
                                                      4.439    24.439    
                         clock pessimism              0.166    24.605    
                         clock uncertainty           -0.035    24.570    
    SLICE_X56Y109        FDCE (Setup_fdce_C_D)        0.072    24.642    u_Frodo_top/u_SHAKE/g_sqzout448[5].sqzout448_reg[357]
  -------------------------------------------------------------------
                         required time                         24.642    
                         arrival time                         -16.259    
  -------------------------------------------------------------------
                         slack                                  8.383    

Slack (MET) :             8.397ns  (required time - arrival time)
  Source:                 u_Frodo_top/u_SHAKE/o_buf_rd_ptr_reg[3]_rep/C
                            (rising edge-triggered cell FDCE clocked by clk_i  {rise@0.000ns fall@10.000ns period=20.000ns})
  Destination:            u_Frodo_top/u_SHAKE/g_sqzout448[1].sqzout448_reg[83]/D
                            (rising edge-triggered cell FDCE clocked by clk_i  {rise@0.000ns fall@10.000ns period=20.000ns})
  Path Group:             clk_i
  Path Type:              Setup (Max at Slow Process Corner)
  Requirement:            20.000ns  (clk_i rise@20.000ns - clk_i rise@0.000ns)
  Data Path Delay:        11.646ns  (logic 0.738ns (6.337%)  route 10.908ns (93.663%))
  Logic Levels:           2  (LUT6=2)
  Clock Path Skew:        0.047ns (DCD - SCD + CPR)
    Destination Clock Delay (DCD):    4.435ns = ( 24.435 - 20.000 ) 
    Source Clock Delay      (SCD):    4.555ns
    Clock Pessimism Removal (CPR):    0.166ns
  Clock Uncertainty:      0.035ns  ((TSJ^2 + TIJ^2)^1/2 + DJ) / 2 + PE
    Total System Jitter     (TSJ):    0.071ns
    Total Input Jitter      (TIJ):    0.000ns
    Discrete Jitter          (DJ):    0.000ns
    Phase Error              (PE):    0.000ns

    Location             Delay type                Incr(ns)  Path(ns)    Netlist Resource(s)
  -------------------------------------------------------------------    -------------------
                         (clock clk_i rise edge)      0.000     0.000 r  
                         propagated clock network latency
                                                      4.555     4.555    
    SLICE_X54Y86         FDCE                         0.000     4.555 r  u_Frodo_top/u_SHAKE/o_buf_rd_ptr_reg[3]_rep/C
    SLICE_X54Y86         FDCE (Prop_fdce_C_Q)         0.398     4.953 r  u_Frodo_top/u_SHAKE/o_buf_rd_ptr_reg[3]_rep/Q
                         net (fo=261, routed)        10.407    15.360    u_Frodo_top/u_SHAKE/o_buf_rd_ptr_reg[3]_rep_n_0
    SLICE_X55Y115        LUT6 (Prop_lut6_I2_O)        0.235    15.595 r  u_Frodo_top/u_SHAKE/g_sqzout448[1].sqzout448[83]_i_3/O
                         net (fo=1, routed)           0.501    16.095    u_Frodo_top/u_SHAKE/g_sqzout448[1].sqzout448[83]_i_3_n_0
    SLICE_X48Y113        LUT6 (Prop_lut6_I5_O)        0.105    16.200 r  u_Frodo_top/u_SHAKE/g_sqzout448[1].sqzout448[83]_i_1/O
                         net (fo=1, routed)           0.000    16.200    u_Frodo_top/u_SHAKE/g_sqzout448[1].sqzout448[83]_i_1_n_0
    SLICE_X48Y113        FDCE                                         r  u_Frodo_top/u_SHAKE/g_sqzout448[1].sqzout448_reg[83]/D
  -------------------------------------------------------------------    -------------------

                         (clock clk_i rise edge)     20.000    20.000 r  
                         propagated clock network latency
                                                      4.435    24.435    
                         clock pessimism              0.166    24.601    
                         clock uncertainty           -0.035    24.566    
    SLICE_X48Y113        FDCE (Setup_fdce_C_D)        0.032    24.598    u_Frodo_top/u_SHAKE/g_sqzout448[1].sqzout448_reg[83]
  -------------------------------------------------------------------
                         required time                         24.598    
                         arrival time                         -16.200    
  -------------------------------------------------------------------
                         slack                                  8.397    

Slack (MET) :             8.404ns  (required time - arrival time)
  Source:                 u_Frodo_top/u_SHAKE/o_buf_rd_ptr_reg[3]_rep/C
                            (rising edge-triggered cell FDCE clocked by clk_i  {rise@0.000ns fall@10.000ns period=20.000ns})
  Destination:            u_Frodo_top/u_SHAKE/g_sqzout448[5].sqzout448_reg[339]/D
                            (rising edge-triggered cell FDCE clocked by clk_i  {rise@0.000ns fall@10.000ns period=20.000ns})
  Path Group:             clk_i
  Path Type:              Setup (Max at Slow Process Corner)
  Requirement:            20.000ns  (clk_i rise@20.000ns - clk_i rise@0.000ns)
  Data Path Delay:        11.638ns  (logic 0.738ns (6.341%)  route 10.900ns (93.659%))
  Logic Levels:           2  (LUT5=1 LUT6=1)
  Clock Path Skew:        0.048ns (DCD - SCD + CPR)
    Destination Clock Delay (DCD):    4.436ns = ( 24.436 - 20.000 ) 
    Source Clock Delay      (SCD):    4.555ns
    Clock Pessimism Removal (CPR):    0.166ns
  Clock Uncertainty:      0.035ns  ((TSJ^2 + TIJ^2)^1/2 + DJ) / 2 + PE
    Total System Jitter     (TSJ):    0.071ns
    Total Input Jitter      (TIJ):    0.000ns
    Discrete Jitter          (DJ):    0.000ns
    Phase Error              (PE):    0.000ns

    Location             Delay type                Incr(ns)  Path(ns)    Netlist Resource(s)
  -------------------------------------------------------------------    -------------------
                         (clock clk_i rise edge)      0.000     0.000 r  
                         propagated clock network latency
                                                      4.555     4.555    
    SLICE_X54Y86         FDCE                         0.000     4.555 r  u_Frodo_top/u_SHAKE/o_buf_rd_ptr_reg[3]_rep/C
    SLICE_X54Y86         FDCE (Prop_fdce_C_Q)         0.398     4.953 r  u_Frodo_top/u_SHAKE/o_buf_rd_ptr_reg[3]_rep/Q
                         net (fo=261, routed)        10.064    15.017    u_Frodo_top/u_SHAKE/o_buf_rd_ptr_reg[3]_rep_n_0
    SLICE_X55Y115        LUT6 (Prop_lut6_I2_O)        0.235    15.252 r  u_Frodo_top/u_SHAKE/g_sqzout448[5].sqzout448[339]_i_3/O
                         net (fo=1, routed)           0.836    16.088    u_Frodo_top/u_SHAKE/g_sqzout448[5].sqzout448[339]_i_3_n_0
    SLICE_X55Y113        LUT5 (Prop_lut5_I4_O)        0.105    16.193 r  u_Frodo_top/u_SHAKE/g_sqzout448[5].sqzout448[339]_i_1/O
                         net (fo=1, routed)           0.000    16.193    u_Frodo_top/u_SHAKE/g_sqzout448[5].sqzout448[339]_i_1_n_0
    SLICE_X55Y113        FDCE                                         r  u_Frodo_top/u_SHAKE/g_sqzout448[5].sqzout448_reg[339]/D
  -------------------------------------------------------------------    -------------------

                         (clock clk_i rise edge)     20.000    20.000 r  
                         propagated clock network latency
                                                      4.436    24.436    
                         clock pessimism              0.166    24.602    
                         clock uncertainty           -0.035    24.567    
    SLICE_X55Y113        FDCE (Setup_fdce_C_D)        0.030    24.597    u_Frodo_top/u_SHAKE/g_sqzout448[5].sqzout448_reg[339]
  -------------------------------------------------------------------
                         required time                         24.597    
                         arrival time                         -16.193    
  -------------------------------------------------------------------
                         slack                                  8.404    

Slack (MET) :             8.409ns  (required time - arrival time)
  Source:                 u_Frodo_top/u_SHAKE/o_buf_rd_ptr_reg[3]_rep/C
                            (rising edge-triggered cell FDCE clocked by clk_i  {rise@0.000ns fall@10.000ns period=20.000ns})
  Destination:            u_Frodo_top/u_SHAKE/g_sqzout448[3].sqzout448_reg[211]/D
                            (rising edge-triggered cell FDCE clocked by clk_i  {rise@0.000ns fall@10.000ns period=20.000ns})
  Path Group:             clk_i
  Path Type:              Setup (Max at Slow Process Corner)
  Requirement:            20.000ns  (clk_i rise@20.000ns - clk_i rise@0.000ns)
  Data Path Delay:        11.674ns  (logic 1.016ns (8.703%)  route 10.658ns (91.297%))
  Logic Levels:           2  (LUT5=1 MUXF8=1)
  Clock Path Skew:        0.047ns (DCD - SCD + CPR)
    Destination Clock Delay (DCD):    4.435ns = ( 24.435 - 20.000 ) 
    Source Clock Delay      (SCD):    4.555ns
    Clock Pessimism Removal (CPR):    0.166ns
  Clock Uncertainty:      0.035ns  ((TSJ^2 + TIJ^2)^1/2 + DJ) / 2 + PE
    Total System Jitter     (TSJ):    0.071ns
    Total Input Jitter      (TIJ):    0.000ns
    Discrete Jitter          (DJ):    0.000ns
    Phase Error              (PE):    0.000ns

    Location             Delay type                Incr(ns)  Path(ns)    Netlist Resource(s)
  -------------------------------------------------------------------    -------------------
                         (clock clk_i rise edge)      0.000     0.000 r  
                         propagated clock network latency
                                                      4.555     4.555    
    SLICE_X54Y86         FDCE                         0.000     4.555 r  u_Frodo_top/u_SHAKE/o_buf_rd_ptr_reg[3]_rep/C
    SLICE_X54Y86         FDCE (Prop_fdce_C_Q)         0.398     4.953 r  u_Frodo_top/u_SHAKE/o_buf_rd_ptr_reg[3]_rep/Q
                         net (fo=261, routed)         9.834    14.787    u_Frodo_top/u_SHAKE/o_buf_rd_ptr_reg[3]_rep_n_0
    SLICE_X53Y115        MUXF8 (Prop_muxf8_S_O)       0.354    15.141 r  u_Frodo_top/u_SHAKE/g_sqzout448[3].sqzout448_reg[211]_i_3/O
                         net (fo=1, routed)           0.824    15.965    u_Frodo_top/u_SHAKE/g_sqzout448[3].sqzout448_reg[211]_i_3_n_0
    SLICE_X56Y114        LUT5 (Prop_lut5_I4_O)        0.264    16.229 r  u_Frodo_top/u_SHAKE/g_sqzout448[3].sqzout448[211]_i_1/O
                         net (fo=1, routed)           0.000    16.229    u_Frodo_top/u_SHAKE/g_sqzout448[3].sqzout448[211]_i_1_n_0
    SLICE_X56Y114        FDCE                                         r  u_Frodo_top/u_SHAKE/g_sqzout448[3].sqzout448_reg[211]/D
  -------------------------------------------------------------------    -------------------

                         (clock clk_i rise edge)     20.000    20.000 r  
                         propagated clock network latency
                                                      4.435    24.435    
                         clock pessimism              0.166    24.601    
                         clock uncertainty           -0.035    24.566    
    SLICE_X56Y114        FDCE (Setup_fdce_C_D)        0.072    24.638    u_Frodo_top/u_SHAKE/g_sqzout448[3].sqzout448_reg[211]
  -------------------------------------------------------------------
                         required time                         24.638    
                         arrival time                         -16.229    
  -------------------------------------------------------------------
                         slack                                  8.409    

Slack (MET) :             8.557ns  (required time - arrival time)
  Source:                 <hidden>
                            (rising edge-triggered cell RAMB36E1 clocked by clk_i  {rise@0.000ns fall@10.000ns period=20.000ns})
  Destination:            u_Frodo_top/u_MatrixMulAddSet/amulbaddc[20]/A[13]
                            (rising edge-triggered cell DSP48E1 clocked by clk_i  {rise@0.000ns fall@10.000ns period=20.000ns})
  Path Group:             clk_i
  Path Type:              Setup (Max at Slow Process Corner)
  Requirement:            20.000ns  (clk_i rise@20.000ns - clk_i rise@0.000ns)
  Data Path Delay:        8.240ns  (logic 0.944ns (11.457%)  route 7.296ns (88.543%))
  Logic Levels:           2  (LUT4=1 LUT6=1)
  Clock Path Skew:        -0.037ns (DCD - SCD + CPR)
    Destination Clock Delay (DCD):    4.382ns = ( 24.382 - 20.000 ) 
    Source Clock Delay      (SCD):    4.577ns
    Clock Pessimism Removal (CPR):    0.159ns
  Clock Uncertainty:      0.035ns  ((TSJ^2 + TIJ^2)^1/2 + DJ) / 2 + PE
    Total System Jitter     (TSJ):    0.071ns
    Total Input Jitter      (TIJ):    0.000ns
    Discrete Jitter          (DJ):    0.000ns
    Phase Error              (PE):    0.000ns

    Location             Delay type                Incr(ns)  Path(ns)    Netlist Resource(s)
  -------------------------------------------------------------------    -------------------
                         (clock clk_i rise edge)      0.000     0.000 r  
                         propagated clock network latency
                                                      4.577     4.577    
    RAMB36_X0Y14         RAMB36E1                     0.000     4.577 r  <hidden>
    RAMB36_X0Y14         RAMB36E1 (Prop_ramb36e1_CLKARDCLK_DOADO[8])
                                                      0.734     5.311 r  <hidden>
                         net (fo=1, routed)           1.098     6.409    <hidden>
    SLICE_X11Y75         LUT4 (Prop_lut4_I1_O)        0.105     6.514 r  <hidden>
                         net (fo=7, routed)           1.244     7.758    u_Frodo_top/u_MatrixMulAddSet/douta[45]
    SLICE_X33Y66         LUT6 (Prop_lut6_I1_O)        0.105     7.863 r  u_Frodo_top/u_MatrixMulAddSet/amulbaddc[0]_i_19/O
                         net (fo=28, routed)          4.953    12.817    u_Frodo_top/u_MatrixMulAddSet/mul_mulina[13]
    DSP48_X0Y1           DSP48E1                                      r  u_Frodo_top/u_MatrixMulAddSet/amulbaddc[20]/A[13]
  -------------------------------------------------------------------    -------------------

                         (clock clk_i rise edge)     20.000    20.000 r  
                         propagated clock network latency
                                                      4.382    24.382    
                         clock pessimism              0.159    24.541    
                         clock uncertainty           -0.035    24.505    
    DSP48_X0Y1           DSP48E1 (Setup_dsp48e1_CLK_A[13])
                                                     -3.132    21.373    u_Frodo_top/u_MatrixMulAddSet/amulbaddc[20]
  -------------------------------------------------------------------
                         required time                         21.373    
                         arrival time                         -12.817    
  -------------------------------------------------------------------
                         slack                                  8.557    

Slack (MET) :             8.696ns  (required time - arrival time)
  Source:                 u_Frodo_top/u_SHAKE/o_buf_rd_ptr_reg[3]_rep/C
                            (rising edge-triggered cell FDCE clocked by clk_i  {rise@0.000ns fall@10.000ns period=20.000ns})
  Destination:            u_Frodo_top/u_SHAKE/g_sqzout448[5].sqzout448_reg[353]/D
                            (rising edge-triggered cell FDCE clocked by clk_i  {rise@0.000ns fall@10.000ns period=20.000ns})
  Path Group:             clk_i
  Path Type:              Setup (Max at Slow Process Corner)
  Requirement:            20.000ns  (clk_i rise@20.000ns - clk_i rise@0.000ns)
  Data Path Delay:        11.347ns  (logic 0.738ns (6.504%)  route 10.609ns (93.496%))
  Logic Levels:           2  (LUT5=1 LUT6=1)
  Clock Path Skew:        0.048ns (DCD - SCD + CPR)
    Destination Clock Delay (DCD):    4.436ns = ( 24.436 - 20.000 ) 
    Source Clock Delay      (SCD):    4.555ns
    Clock Pessimism Removal (CPR):    0.166ns
  Clock Uncertainty:      0.035ns  ((TSJ^2 + TIJ^2)^1/2 + DJ) / 2 + PE
    Total System Jitter     (TSJ):    0.071ns
    Total Input Jitter      (TIJ):    0.000ns
    Discrete Jitter          (DJ):    0.000ns
    Phase Error              (PE):    0.000ns

    Location             Delay type                Incr(ns)  Path(ns)    Netlist Resource(s)
  -------------------------------------------------------------------    -------------------
                         (clock clk_i rise edge)      0.000     0.000 r  
                         propagated clock network latency
                                                      4.555     4.555    
    SLICE_X54Y86         FDCE                         0.000     4.555 r  u_Frodo_top/u_SHAKE/o_buf_rd_ptr_reg[3]_rep/C
    SLICE_X54Y86         FDCE (Prop_fdce_C_Q)         0.398     4.953 r  u_Frodo_top/u_SHAKE/o_buf_rd_ptr_reg[3]_rep/Q
                         net (fo=261, routed)         9.773    14.725    u_Frodo_top/u_SHAKE/o_buf_rd_ptr_reg[3]_rep_n_0
    SLICE_X49Y113        LUT6 (Prop_lut6_I2_O)        0.235    14.960 r  u_Frodo_top/u_SHAKE/g_sqzout448[5].sqzout448[353]_i_3/O
                         net (fo=1, routed)           0.836    15.796    u_Frodo_top/u_SHAKE/g_sqzout448[5].sqzout448[353]_i_3_n_0
    SLICE_X49Y111        LUT5 (Prop_lut5_I4_O)        0.105    15.901 r  u_Frodo_top/u_SHAKE/g_sqzout448[5].sqzout448[353]_i_1/O
                         net (fo=1, routed)           0.000    15.901    u_Frodo_top/u_SHAKE/g_sqzout448[5].sqzout448[353]_i_1_n_0
    SLICE_X49Y111        FDCE                                         r  u_Frodo_top/u_SHAKE/g_sqzout448[5].sqzout448_reg[353]/D
  -------------------------------------------------------------------    -------------------

                         (clock clk_i rise edge)     20.000    20.000 r  
                         propagated clock network latency
                                                      4.436    24.436    
                         clock pessimism              0.166    24.602    
                         clock uncertainty           -0.035    24.567    
    SLICE_X49Y111        FDCE (Setup_fdce_C_D)        0.030    24.597    u_Frodo_top/u_SHAKE/g_sqzout448[5].sqzout448_reg[353]
  -------------------------------------------------------------------
                         required time                         24.597    
                         arrival time                         -15.901    
  -------------------------------------------------------------------
                         slack                                  8.696    

Slack (MET) :             8.713ns  (required time - arrival time)
  Source:                 u_Frodo_top/u_SHAKE/o_buf_rd_ptr_reg[3]_rep/C
                            (rising edge-triggered cell FDCE clocked by clk_i  {rise@0.000ns fall@10.000ns period=20.000ns})
  Destination:            u_Frodo_top/u_SHAKE/g_sqzout448[3].sqzout448_reg[209]/D
                            (rising edge-triggered cell FDCE clocked by clk_i  {rise@0.000ns fall@10.000ns period=20.000ns})
  Path Group:             clk_i
  Path Type:              Setup (Max at Slow Process Corner)
  Requirement:            20.000ns  (clk_i rise@20.000ns - clk_i rise@0.000ns)
  Data Path Delay:        11.330ns  (logic 1.016ns (8.968%)  route 10.314ns (91.032%))
  Logic Levels:           2  (LUT5=1 MUXF8=1)
  Clock Path Skew:        0.046ns (DCD - SCD + CPR)
    Destination Clock Delay (DCD):    4.434ns = ( 24.434 - 20.000 ) 
    Source Clock Delay      (SCD):    4.555ns
    Clock Pessimism Removal (CPR):    0.166ns
  Clock Uncertainty:      0.035ns  ((TSJ^2 + TIJ^2)^1/2 + DJ) / 2 + PE
    Total System Jitter     (TSJ):    0.071ns
    Total Input Jitter      (TIJ):    0.000ns
    Discrete Jitter          (DJ):    0.000ns
    Phase Error              (PE):    0.000ns

    Location             Delay type                Incr(ns)  Path(ns)    Netlist Resource(s)
  -------------------------------------------------------------------    -------------------
                         (clock clk_i rise edge)      0.000     0.000 r  
                         propagated clock network latency
                                                      4.555     4.555    
    SLICE_X54Y86         FDCE                         0.000     4.555 r  u_Frodo_top/u_SHAKE/o_buf_rd_ptr_reg[3]_rep/C
    SLICE_X54Y86         FDCE (Prop_fdce_C_Q)         0.398     4.953 r  u_Frodo_top/u_SHAKE/o_buf_rd_ptr_reg[3]_rep/Q
                         net (fo=261, routed)         9.007    13.959    u_Frodo_top/u_SHAKE/o_buf_rd_ptr_reg[3]_rep_n_0
    SLICE_X35Y116        MUXF8 (Prop_muxf8_S_O)       0.354    14.313 r  u_Frodo_top/u_SHAKE/g_sqzout448[3].sqzout448_reg[209]_i_3/O
                         net (fo=1, routed)           1.307    15.620    u_Frodo_top/u_SHAKE/g_sqzout448[3].sqzout448_reg[209]_i_3_n_0
    SLICE_X49Y114        LUT5 (Prop_lut5_I4_O)        0.264    15.884 r  u_Frodo_top/u_SHAKE/g_sqzout448[3].sqzout448[209]_i_1/O
                         net (fo=1, routed)           0.000    15.884    u_Frodo_top/u_SHAKE/g_sqzout448[3].sqzout448[209]_i_1_n_0
    SLICE_X49Y114        FDCE                                         r  u_Frodo_top/u_SHAKE/g_sqzout448[3].sqzout448_reg[209]/D
  -------------------------------------------------------------------    -------------------

                         (clock clk_i rise edge)     20.000    20.000 r  
                         propagated clock network latency
                                                      4.434    24.434    
                         clock pessimism              0.166    24.600    
                         clock uncertainty           -0.035    24.565    
    SLICE_X49Y114        FDCE (Setup_fdce_C_D)        0.032    24.597    u_Frodo_top/u_SHAKE/g_sqzout448[3].sqzout448_reg[209]
  -------------------------------------------------------------------
                         required time                         24.597    
                         arrival time                         -15.884    
  -------------------------------------------------------------------
                         slack                                  8.713    

Slack (MET) :             8.743ns  (required time - arrival time)
  Source:                 u_Frodo_top/u_SHAKE/o_buf_rd_ptr_reg[3]_rep/C
                            (rising edge-triggered cell FDCE clocked by clk_i  {rise@0.000ns fall@10.000ns period=20.000ns})
  Destination:            u_Frodo_top/u_SHAKE/g_sqzout448[5].sqzout448_reg[352]/D
                            (rising edge-triggered cell FDCE clocked by clk_i  {rise@0.000ns fall@10.000ns period=20.000ns})
  Path Group:             clk_i
  Path Type:              Setup (Max at Slow Process Corner)
  Requirement:            20.000ns  (clk_i rise@20.000ns - clk_i rise@0.000ns)
  Data Path Delay:        11.297ns  (logic 0.738ns (6.533%)  route 10.559ns (93.467%))
  Logic Levels:           2  (LUT5=1 LUT6=1)
  Clock Path Skew:        0.046ns (DCD - SCD + CPR)
    Destination Clock Delay (DCD):    4.434ns = ( 24.434 - 20.000 ) 
    Source Clock Delay      (SCD):    4.555ns
    Clock Pessimism Removal (CPR):    0.166ns
  Clock Uncertainty:      0.035ns  ((TSJ^2 + TIJ^2)^1/2 + DJ) / 2 + PE
    Total System Jitter     (TSJ):    0.071ns
    Total Input Jitter      (TIJ):    0.000ns
    Discrete Jitter          (DJ):    0.000ns
    Phase Error              (PE):    0.000ns

    Location             Delay type                Incr(ns)  Path(ns)    Netlist Resource(s)
  -------------------------------------------------------------------    -------------------
                         (clock clk_i rise edge)      0.000     0.000 r  
                         propagated clock network latency
                                                      4.555     4.555    
    SLICE_X54Y86         FDCE                         0.000     4.555 r  u_Frodo_top/u_SHAKE/o_buf_rd_ptr_reg[3]_rep/C
    SLICE_X54Y86         FDCE (Prop_fdce_C_Q)         0.398     4.953 r  u_Frodo_top/u_SHAKE/o_buf_rd_ptr_reg[3]_rep/Q
                         net (fo=261, routed)        10.246    15.198    u_Frodo_top/u_SHAKE/o_buf_rd_ptr_reg[3]_rep_n_0
    SLICE_X50Y116        LUT6 (Prop_lut6_I2_O)        0.235    15.433 r  u_Frodo_top/u_SHAKE/g_sqzout448[5].sqzout448[352]_i_3/O
                         net (fo=1, routed)           0.314    15.747    u_Frodo_top/u_SHAKE/g_sqzout448[5].sqzout448[352]_i_3_n_0
    SLICE_X51Y116        LUT5 (Prop_lut5_I4_O)        0.105    15.852 r  u_Frodo_top/u_SHAKE/g_sqzout448[5].sqzout448[352]_i_1/O
                         net (fo=1, routed)           0.000    15.852    u_Frodo_top/u_SHAKE/g_sqzout448[5].sqzout448[352]_i_1_n_0
    SLICE_X51Y116        FDCE                                         r  u_Frodo_top/u_SHAKE/g_sqzout448[5].sqzout448_reg[352]/D
  -------------------------------------------------------------------    -------------------

                         (clock clk_i rise edge)     20.000    20.000 r  
                         propagated clock network latency
                                                      4.434    24.434    
                         clock pessimism              0.166    24.600    
                         clock uncertainty           -0.035    24.565    
    SLICE_X51Y116        FDCE (Setup_fdce_C_D)        0.030    24.595    u_Frodo_top/u_SHAKE/g_sqzout448[5].sqzout448_reg[352]
  -------------------------------------------------------------------
                         required time                         24.595    
                         arrival time                         -15.852    
  -------------------------------------------------------------------
                         slack                                  8.743    

Slack (MET) :             8.761ns  (required time - arrival time)
  Source:                 <hidden>
                            (rising edge-triggered cell RAMB36E1 clocked by clk_i  {rise@0.000ns fall@10.000ns period=20.000ns})
  Destination:            u_Frodo_top/u_MatrixMulAddSet/amulbaddc[21]/A[13]
                            (rising edge-triggered cell DSP48E1 clocked by clk_i  {rise@0.000ns fall@10.000ns period=20.000ns})
  Path Group:             clk_i
  Path Type:              Setup (Max at Slow Process Corner)
  Requirement:            20.000ns  (clk_i rise@20.000ns - clk_i rise@0.000ns)
  Data Path Delay:        8.034ns  (logic 0.944ns (11.749%)  route 7.090ns (88.251%))
  Logic Levels:           2  (LUT4=1 LUT6=1)
  Clock Path Skew:        -0.038ns (DCD - SCD + CPR)
    Destination Clock Delay (DCD):    4.381ns = ( 24.381 - 20.000 ) 
    Source Clock Delay      (SCD):    4.577ns
    Clock Pessimism Removal (CPR):    0.159ns
  Clock Uncertainty:      0.035ns  ((TSJ^2 + TIJ^2)^1/2 + DJ) / 2 + PE
    Total System Jitter     (TSJ):    0.071ns
    Total Input Jitter      (TIJ):    0.000ns
    Discrete Jitter          (DJ):    0.000ns
    Phase Error              (PE):    0.000ns

    Location             Delay type                Incr(ns)  Path(ns)    Netlist Resource(s)
  -------------------------------------------------------------------    -------------------
                         (clock clk_i rise edge)      0.000     0.000 r  
                         propagated clock network latency
                                                      4.577     4.577    
    RAMB36_X0Y14         RAMB36E1                     0.000     4.577 r  <hidden>
    RAMB36_X0Y14         RAMB36E1 (Prop_ramb36e1_CLKARDCLK_DOADO[8])
                                                      0.734     5.311 r  <hidden>
                         net (fo=1, routed)           1.098     6.409    <hidden>
    SLICE_X11Y75         LUT4 (Prop_lut4_I1_O)        0.105     6.514 r  <hidden>
                         net (fo=7, routed)           1.244     7.758    u_Frodo_top/u_MatrixMulAddSet/douta[45]
    SLICE_X33Y66         LUT6 (Prop_lut6_I1_O)        0.105     7.863 r  u_Frodo_top/u_MatrixMulAddSet/amulbaddc[0]_i_19/O
                         net (fo=28, routed)          4.748    12.612    u_Frodo_top/u_MatrixMulAddSet/mul_mulina[13]
    DSP48_X0Y3           DSP48E1                                      r  u_Frodo_top/u_MatrixMulAddSet/amulbaddc[21]/A[13]
  -------------------------------------------------------------------    -------------------

                         (clock clk_i rise edge)     20.000    20.000 r  
                         propagated clock network latency
                                                      4.381    24.381    
                         clock pessimism              0.159    24.540    
                         clock uncertainty           -0.035    24.504    
    DSP48_X0Y3           DSP48E1 (Setup_dsp48e1_CLK_A[13])
                                                     -3.132    21.372    u_Frodo_top/u_MatrixMulAddSet/amulbaddc[21]
  -------------------------------------------------------------------
                         required time                         21.372    
                         arrival time                         -12.612    
  -------------------------------------------------------------------
                         slack                                  8.761    

Slack (MET) :             8.911ns  (required time - arrival time)
  Source:                 u_Frodo_top/u_SHAKE/o_buf_rd_ptr_reg[3]_rep/C
                            (rising edge-triggered cell FDCE clocked by clk_i  {rise@0.000ns fall@10.000ns period=20.000ns})
  Destination:            u_Frodo_top/u_SHAKE/g_sqzout448[5].sqzout448_reg[341]/D
                            (rising edge-triggered cell FDCE clocked by clk_i  {rise@0.000ns fall@10.000ns period=20.000ns})
  Path Group:             clk_i
  Path Type:              Setup (Max at Slow Process Corner)
  Requirement:            20.000ns  (clk_i rise@20.000ns - clk_i rise@0.000ns)
  Data Path Delay:        11.130ns  (logic 0.738ns (6.631%)  route 10.392ns (93.369%))
  Logic Levels:           2  (LUT5=1 LUT6=1)
  Clock Path Skew:        0.047ns (DCD - SCD + CPR)
    Destination Clock Delay (DCD):    4.435ns = ( 24.435 - 20.000 ) 
    Source Clock Delay      (SCD):    4.555ns
    Clock Pessimism Removal (CPR):    0.166ns
  Clock Uncertainty:      0.035ns  ((TSJ^2 + TIJ^2)^1/2 + DJ) / 2 + PE
    Total System Jitter     (TSJ):    0.071ns
    Total Input Jitter      (TIJ):    0.000ns
    Discrete Jitter          (DJ):    0.000ns
    Phase Error              (PE):    0.000ns

    Location             Delay type                Incr(ns)  Path(ns)    Netlist Resource(s)
  -------------------------------------------------------------------    -------------------
                         (clock clk_i rise edge)      0.000     0.000 r  
                         propagated clock network latency
                                                      4.555     4.555    
    SLICE_X54Y86         FDCE                         0.000     4.555 r  u_Frodo_top/u_SHAKE/o_buf_rd_ptr_reg[3]_rep/C
    SLICE_X54Y86         FDCE (Prop_fdce_C_Q)         0.398     4.953 r  u_Frodo_top/u_SHAKE/o_buf_rd_ptr_reg[3]_rep/Q
                         net (fo=261, routed)         9.676    14.629    u_Frodo_top/u_SHAKE/o_buf_rd_ptr_reg[3]_rep_n_0
    SLICE_X25Y116        LUT6 (Prop_lut6_I2_O)        0.235    14.864 r  u_Frodo_top/u_SHAKE/g_sqzout448[5].sqzout448[341]_i_3/O
                         net (fo=1, routed)           0.715    15.579    u_Frodo_top/u_SHAKE/g_sqzout448[5].sqzout448[341]_i_3_n_0
    SLICE_X19Y115        LUT5 (Prop_lut5_I4_O)        0.105    15.684 r  u_Frodo_top/u_SHAKE/g_sqzout448[5].sqzout448[341]_i_1/O
                         net (fo=1, routed)           0.000    15.684    u_Frodo_top/u_SHAKE/g_sqzout448[5].sqzout448[341]_i_1_n_0
    SLICE_X19Y115        FDCE                                         r  u_Frodo_top/u_SHAKE/g_sqzout448[5].sqzout448_reg[341]/D
  -------------------------------------------------------------------    -------------------

                         (clock clk_i rise edge)     20.000    20.000 r  
                         propagated clock network latency
                                                      4.435    24.435    
                         clock pessimism              0.166    24.601    
                         clock uncertainty           -0.035    24.566    
    SLICE_X19Y115        FDCE (Setup_fdce_C_D)        0.030    24.596    u_Frodo_top/u_SHAKE/g_sqzout448[5].sqzout448_reg[341]
  -------------------------------------------------------------------
                         required time                         24.596    
                         arrival time                         -15.684    
  -------------------------------------------------------------------
                         slack                                  8.911    

Slack (MET) :             9.035ns  (required time - arrival time)
  Source:                 u_Frodo_top/u_SHAKE/o_buf_rd_ptr_reg[3]_rep/C
                            (rising edge-triggered cell FDCE clocked by clk_i  {rise@0.000ns fall@10.000ns period=20.000ns})
  Destination:            u_Frodo_top/u_SHAKE/g_sqzout448[3].sqzout448_reg[210]/D
                            (rising edge-triggered cell FDCE clocked by clk_i  {rise@0.000ns fall@10.000ns period=20.000ns})
  Path Group:             clk_i
  Path Type:              Setup (Max at Slow Process Corner)
  Requirement:            20.000ns  (clk_i rise@20.000ns - clk_i rise@0.000ns)
  Data Path Delay:        11.038ns  (logic 1.016ns (9.205%)  route 10.022ns (90.795%))
  Logic Levels:           2  (LUT5=1 MUXF8=1)
  Clock Path Skew:        0.037ns (DCD - SCD + CPR)
    Destination Clock Delay (DCD):    4.425ns = ( 24.425 - 20.000 ) 
    Source Clock Delay      (SCD):    4.555ns
    Clock Pessimism Removal (CPR):    0.166ns
  Clock Uncertainty:      0.035ns  ((TSJ^2 + TIJ^2)^1/2 + DJ) / 2 + PE
    Total System Jitter     (TSJ):    0.071ns
    Total Input Jitter      (TIJ):    0.000ns
    Discrete Jitter          (DJ):    0.000ns
    Phase Error              (PE):    0.000ns

    Location             Delay type                Incr(ns)  Path(ns)    Netlist Resource(s)
  -------------------------------------------------------------------    -------------------
                         (clock clk_i rise edge)      0.000     0.000 r  
                         propagated clock network latency
                                                      4.555     4.555    
    SLICE_X54Y86         FDCE                         0.000     4.555 r  u_Frodo_top/u_SHAKE/o_buf_rd_ptr_reg[3]_rep/C
    SLICE_X54Y86         FDCE (Prop_fdce_C_Q)         0.398     4.953 r  u_Frodo_top/u_SHAKE/o_buf_rd_ptr_reg[3]_rep/Q
                         net (fo=261, routed)         9.120    14.073    u_Frodo_top/u_SHAKE/o_buf_rd_ptr_reg[3]_rep_n_0
    SLICE_X35Y117        MUXF8 (Prop_muxf8_S_O)       0.354    14.427 r  u_Frodo_top/u_SHAKE/g_sqzout448[3].sqzout448_reg[210]_i_3/O
                         net (fo=1, routed)           0.902    15.328    u_Frodo_top/u_SHAKE/g_sqzout448[3].sqzout448_reg[210]_i_3_n_0
    SLICE_X38Y119        LUT5 (Prop_lut5_I4_O)        0.264    15.592 r  u_Frodo_top/u_SHAKE/g_sqzout448[3].sqzout448[210]_i_1/O
                         net (fo=1, routed)           0.000    15.592    u_Frodo_top/u_SHAKE/g_sqzout448[3].sqzout448[210]_i_1_n_0
    SLICE_X38Y119        FDCE                                         r  u_Frodo_top/u_SHAKE/g_sqzout448[3].sqzout448_reg[210]/D
  -------------------------------------------------------------------    -------------------

                         (clock clk_i rise edge)     20.000    20.000 r  
                         propagated clock network latency
                                                      4.425    24.425    
                         clock pessimism              0.166    24.591    
                         clock uncertainty           -0.035    24.556    
    SLICE_X38Y119        FDCE (Setup_fdce_C_D)        0.072    24.628    u_Frodo_top/u_SHAKE/g_sqzout448[3].sqzout448_reg[210]
  -------------------------------------------------------------------
                         required time                         24.628    
                         arrival time                         -15.592    
  -------------------------------------------------------------------
                         slack                                  9.035    

Slack (MET) :             9.137ns  (required time - arrival time)
  Source:                 <hidden>
                            (rising edge-triggered cell RAMB36E1 clocked by clk_i  {rise@0.000ns fall@10.000ns period=20.000ns})
  Destination:            u_Frodo_top/u_MatrixMulAddSet/amulbaddc[20]/A[5]
                            (rising edge-triggered cell DSP48E1 clocked by clk_i  {rise@0.000ns fall@10.000ns period=20.000ns})
  Path Group:             clk_i
  Path Type:              Setup (Max at Slow Process Corner)
  Requirement:            20.000ns  (clk_i rise@20.000ns - clk_i rise@0.000ns)
  Data Path Delay:        7.656ns  (logic 0.944ns (12.330%)  route 6.712ns (87.670%))
  Logic Levels:           2  (LUT4=1 LUT6=1)
  Clock Path Skew:        -0.040ns (DCD - SCD + CPR)
    Destination Clock Delay (DCD):    4.382ns = ( 24.382 - 20.000 ) 
    Source Clock Delay      (SCD):    4.580ns
    Clock Pessimism Removal (CPR):    0.159ns
  Clock Uncertainty:      0.035ns  ((TSJ^2 + TIJ^2)^1/2 + DJ) / 2 + PE
    Total System Jitter     (TSJ):    0.071ns
    Total Input Jitter      (TIJ):    0.000ns
    Discrete Jitter          (DJ):    0.000ns
    Phase Error              (PE):    0.000ns

    Location             Delay type                Incr(ns)  Path(ns)    Netlist Resource(s)
  -------------------------------------------------------------------    -------------------
                         (clock clk_i rise edge)      0.000     0.000 r  
                         propagated clock network latency
                                                      4.580     4.580    
    RAMB36_X0Y15         RAMB36E1                     0.000     4.580 r  <hidden>
    RAMB36_X0Y15         RAMB36E1 (Prop_ramb36e1_CLKARDCLK_DOADO[19])
                                                      0.734     5.314 r  <hidden>
                         net (fo=1, routed)           1.108     6.422    <hidden>
    SLICE_X11Y74         LUT4 (Prop_lut4_I0_O)        0.105     6.527 r  <hidden>
                         net (fo=7, routed)           1.554     8.081    u_Frodo_top/u_MatrixMulAddSet/douta[53]
    SLICE_X33Y66         LUT6 (Prop_lut6_I0_O)        0.105     8.186 r  u_Frodo_top/u_MatrixMulAddSet/amulbaddc[0]_i_27/O
                         net (fo=28, routed)          4.050    12.236    u_Frodo_top/u_MatrixMulAddSet/mul_mulina[5]
    DSP48_X0Y1           DSP48E1                                      r  u_Frodo_top/u_MatrixMulAddSet/amulbaddc[20]/A[5]
  -------------------------------------------------------------------    -------------------

                         (clock clk_i rise edge)     20.000    20.000 r  
                         propagated clock network latency
                                                      4.382    24.382    
                         clock pessimism              0.159    24.541    
                         clock uncertainty           -0.035    24.505    
    DSP48_X0Y1           DSP48E1 (Setup_dsp48e1_CLK_A[5])
                                                     -3.132    21.373    u_Frodo_top/u_MatrixMulAddSet/amulbaddc[20]
  -------------------------------------------------------------------
                         required time                         21.373    
                         arrival time                         -12.236    
  -------------------------------------------------------------------
                         slack                                  9.137    

Slack (MET) :             9.139ns  (required time - arrival time)
  Source:                 u_Frodo_top/u_SHAKE/FSM_sequential_CS_reg[1]/C
                            (rising edge-triggered cell FDCE clocked by clk_i  {rise@0.000ns fall@10.000ns period=20.000ns})
  Destination:            u_Frodo_top/u_SHAKE/sqz_cnt_reg[3]/CE
                            (rising edge-triggered cell FDCE clocked by clk_i  {rise@0.000ns fall@10.000ns period=20.000ns})
  Path Group:             clk_i
  Path Type:              Setup (Max at Slow Process Corner)
  Requirement:            20.000ns  (clk_i rise@20.000ns - clk_i rise@0.000ns)
  Data Path Delay:        10.387ns  (logic 0.654ns (6.297%)  route 9.733ns (93.703%))
  Logic Levels:           2  (LUT3=1 LUT5=1)
  Clock Path Skew:        -0.093ns (DCD - SCD + CPR)
    Destination Clock Delay (DCD):    4.368ns = ( 24.368 - 20.000 ) 
    Source Clock Delay      (SCD):    4.620ns
    Clock Pessimism Removal (CPR):    0.159ns
  Clock Uncertainty:      0.035ns  ((TSJ^2 + TIJ^2)^1/2 + DJ) / 2 + PE
    Total System Jitter     (TSJ):    0.071ns
    Total Input Jitter      (TIJ):    0.000ns
    Discrete Jitter          (DJ):    0.000ns
    Phase Error              (PE):    0.000ns

    Location             Delay type                Incr(ns)  Path(ns)    Netlist Resource(s)
  -------------------------------------------------------------------    -------------------
                         (clock clk_i rise edge)      0.000     0.000 r  
                         propagated clock network latency
                                                      4.620     4.620    
    SLICE_X2Y61          FDCE                         0.000     4.620 r  u_Frodo_top/u_SHAKE/FSM_sequential_CS_reg[1]/C
    SLICE_X2Y61          FDCE (Prop_fdce_C_Q)         0.433     5.053 f  u_Frodo_top/u_SHAKE/FSM_sequential_CS_reg[1]/Q
                         net (fo=49, routed)          2.949     8.002    u_Frodo_top/u_SHAKE/CS[1]
    SLICE_X5Y112         LUT3 (Prop_lut3_I2_O)        0.105     8.107 r  u_Frodo_top/u_SHAKE/kec_cnt[4]_i_3/O
                         net (fo=125, routed)         6.011    14.118    u_Frodo_top/u_SHAKE/kec_cnt[4]_i_3_n_0
    SLICE_X2Y61          LUT5 (Prop_lut5_I0_O)        0.116    14.234 r  u_Frodo_top/u_SHAKE/sqz_cnt[8]_i_1/O
                         net (fo=9, routed)           0.772    15.006    u_Frodo_top/u_SHAKE/sqz_cnt[8]_i_1_n_0
    SLICE_X0Y48          FDCE                                         r  u_Frodo_top/u_SHAKE/sqz_cnt_reg[3]/CE
  -------------------------------------------------------------------    -------------------

                         (clock clk_i rise edge)     20.000    20.000 r  
                         propagated clock network latency
                                                      4.368    24.368    
                         clock pessimism              0.159    24.527    
                         clock uncertainty           -0.035    24.492    
    SLICE_X0Y48          FDCE (Setup_fdce_C_CE)      -0.346    24.146    u_Frodo_top/u_SHAKE/sqz_cnt_reg[3]
  -------------------------------------------------------------------
                         required time                         24.146    
                         arrival time                         -15.006    
  -------------------------------------------------------------------
                         slack                                  9.139    

Slack (MET) :             9.139ns  (required time - arrival time)
  Source:                 u_Frodo_top/u_SHAKE/FSM_sequential_CS_reg[1]/C
                            (rising edge-triggered cell FDCE clocked by clk_i  {rise@0.000ns fall@10.000ns period=20.000ns})
  Destination:            u_Frodo_top/u_SHAKE/sqz_cnt_reg[6]/CE
                            (rising edge-triggered cell FDCE clocked by clk_i  {rise@0.000ns fall@10.000ns period=20.000ns})
  Path Group:             clk_i
  Path Type:              Setup (Max at Slow Process Corner)
  Requirement:            20.000ns  (clk_i rise@20.000ns - clk_i rise@0.000ns)
  Data Path Delay:        10.387ns  (logic 0.654ns (6.297%)  route 9.733ns (93.703%))
  Logic Levels:           2  (LUT3=1 LUT5=1)
  Clock Path Skew:        -0.093ns (DCD - SCD + CPR)
    Destination Clock Delay (DCD):    4.368ns = ( 24.368 - 20.000 ) 
    Source Clock Delay      (SCD):    4.620ns
    Clock Pessimism Removal (CPR):    0.159ns
  Clock Uncertainty:      0.035ns  ((TSJ^2 + TIJ^2)^1/2 + DJ) / 2 + PE
    Total System Jitter     (TSJ):    0.071ns
    Total Input Jitter      (TIJ):    0.000ns
    Discrete Jitter          (DJ):    0.000ns
    Phase Error              (PE):    0.000ns

    Location             Delay type                Incr(ns)  Path(ns)    Netlist Resource(s)
  -------------------------------------------------------------------    -------------------
                         (clock clk_i rise edge)      0.000     0.000 r  
                         propagated clock network latency
                                                      4.620     4.620    
    SLICE_X2Y61          FDCE                         0.000     4.620 r  u_Frodo_top/u_SHAKE/FSM_sequential_CS_reg[1]/C
    SLICE_X2Y61          FDCE (Prop_fdce_C_Q)         0.433     5.053 f  u_Frodo_top/u_SHAKE/FSM_sequential_CS_reg[1]/Q
                         net (fo=49, routed)          2.949     8.002    u_Frodo_top/u_SHAKE/CS[1]
    SLICE_X5Y112         LUT3 (Prop_lut3_I2_O)        0.105     8.107 r  u_Frodo_top/u_SHAKE/kec_cnt[4]_i_3/O
                         net (fo=125, routed)         6.011    14.118    u_Frodo_top/u_SHAKE/kec_cnt[4]_i_3_n_0
    SLICE_X2Y61          LUT5 (Prop_lut5_I0_O)        0.116    14.234 r  u_Frodo_top/u_SHAKE/sqz_cnt[8]_i_1/O
                         net (fo=9, routed)           0.772    15.006    u_Frodo_top/u_SHAKE/sqz_cnt[8]_i_1_n_0
    SLICE_X0Y48          FDCE                                         r  u_Frodo_top/u_SHAKE/sqz_cnt_reg[6]/CE
  -------------------------------------------------------------------    -------------------

                         (clock clk_i rise edge)     20.000    20.000 r  
                         propagated clock network latency
                                                      4.368    24.368    
                         clock pessimism              0.159    24.527    
                         clock uncertainty           -0.035    24.492    
    SLICE_X0Y48          FDCE (Setup_fdce_C_CE)      -0.346    24.146    u_Frodo_top/u_SHAKE/sqz_cnt_reg[6]
  -------------------------------------------------------------------
                         required time                         24.146    
                         arrival time                         -15.006    
  -------------------------------------------------------------------
                         slack                                  9.139    

Slack (MET) :             9.139ns  (required time - arrival time)
  Source:                 u_Frodo_top/u_SHAKE/FSM_sequential_CS_reg[1]/C
                            (rising edge-triggered cell FDCE clocked by clk_i  {rise@0.000ns fall@10.000ns period=20.000ns})
  Destination:            u_Frodo_top/u_SHAKE/sqz_cnt_reg[7]/CE
                            (rising edge-triggered cell FDCE clocked by clk_i  {rise@0.000ns fall@10.000ns period=20.000ns})
  Path Group:             clk_i
  Path Type:              Setup (Max at Slow Process Corner)
  Requirement:            20.000ns  (clk_i rise@20.000ns - clk_i rise@0.000ns)
  Data Path Delay:        10.387ns  (logic 0.654ns (6.297%)  route 9.733ns (93.703%))
  Logic Levels:           2  (LUT3=1 LUT5=1)
  Clock Path Skew:        -0.093ns (DCD - SCD + CPR)
    Destination Clock Delay (DCD):    4.368ns = ( 24.368 - 20.000 ) 
    Source Clock Delay      (SCD):    4.620ns
    Clock Pessimism Removal (CPR):    0.159ns
  Clock Uncertainty:      0.035ns  ((TSJ^2 + TIJ^2)^1/2 + DJ) / 2 + PE
    Total System Jitter     (TSJ):    0.071ns
    Total Input Jitter      (TIJ):    0.000ns
    Discrete Jitter          (DJ):    0.000ns
    Phase Error              (PE):    0.000ns

    Location             Delay type                Incr(ns)  Path(ns)    Netlist Resource(s)
  -------------------------------------------------------------------    -------------------
                         (clock clk_i rise edge)      0.000     0.000 r  
                         propagated clock network latency
                                                      4.620     4.620    
    SLICE_X2Y61          FDCE                         0.000     4.620 r  u_Frodo_top/u_SHAKE/FSM_sequential_CS_reg[1]/C
    SLICE_X2Y61          FDCE (Prop_fdce_C_Q)         0.433     5.053 f  u_Frodo_top/u_SHAKE/FSM_sequential_CS_reg[1]/Q
                         net (fo=49, routed)          2.949     8.002    u_Frodo_top/u_SHAKE/CS[1]
    SLICE_X5Y112         LUT3 (Prop_lut3_I2_O)        0.105     8.107 r  u_Frodo_top/u_SHAKE/kec_cnt[4]_i_3/O
                         net (fo=125, routed)         6.011    14.118    u_Frodo_top/u_SHAKE/kec_cnt[4]_i_3_n_0
    SLICE_X2Y61          LUT5 (Prop_lut5_I0_O)        0.116    14.234 r  u_Frodo_top/u_SHAKE/sqz_cnt[8]_i_1/O
                         net (fo=9, routed)           0.772    15.006    u_Frodo_top/u_SHAKE/sqz_cnt[8]_i_1_n_0
    SLICE_X0Y48          FDCE                                         r  u_Frodo_top/u_SHAKE/sqz_cnt_reg[7]/CE
  -------------------------------------------------------------------    -------------------

                         (clock clk_i rise edge)     20.000    20.000 r  
                         propagated clock network latency
                                                      4.368    24.368    
                         clock pessimism              0.159    24.527    
                         clock uncertainty           -0.035    24.492    
    SLICE_X0Y48          FDCE (Setup_fdce_C_CE)      -0.346    24.146    u_Frodo_top/u_SHAKE/sqz_cnt_reg[7]
  -------------------------------------------------------------------
                         required time                         24.146    
                         arrival time                         -15.006    
  -------------------------------------------------------------------
                         slack                                  9.139    

Slack (MET) :             9.139ns  (required time - arrival time)
  Source:                 u_Frodo_top/u_SHAKE/FSM_sequential_CS_reg[1]/C
                            (rising edge-triggered cell FDCE clocked by clk_i  {rise@0.000ns fall@10.000ns period=20.000ns})
  Destination:            u_Frodo_top/u_SHAKE/sqz_cnt_reg[8]/CE
                            (rising edge-triggered cell FDCE clocked by clk_i  {rise@0.000ns fall@10.000ns period=20.000ns})
  Path Group:             clk_i
  Path Type:              Setup (Max at Slow Process Corner)
  Requirement:            20.000ns  (clk_i rise@20.000ns - clk_i rise@0.000ns)
  Data Path Delay:        10.387ns  (logic 0.654ns (6.297%)  route 9.733ns (93.703%))
  Logic Levels:           2  (LUT3=1 LUT5=1)
  Clock Path Skew:        -0.093ns (DCD - SCD + CPR)
    Destination Clock Delay (DCD):    4.368ns = ( 24.368 - 20.000 ) 
    Source Clock Delay      (SCD):    4.620ns
    Clock Pessimism Removal (CPR):    0.159ns
  Clock Uncertainty:      0.035ns  ((TSJ^2 + TIJ^2)^1/2 + DJ) / 2 + PE
    Total System Jitter     (TSJ):    0.071ns
    Total Input Jitter      (TIJ):    0.000ns
    Discrete Jitter          (DJ):    0.000ns
    Phase Error              (PE):    0.000ns

    Location             Delay type                Incr(ns)  Path(ns)    Netlist Resource(s)
  -------------------------------------------------------------------    -------------------
                         (clock clk_i rise edge)      0.000     0.000 r  
                         propagated clock network latency
                                                      4.620     4.620    
    SLICE_X2Y61          FDCE                         0.000     4.620 r  u_Frodo_top/u_SHAKE/FSM_sequential_CS_reg[1]/C
    SLICE_X2Y61          FDCE (Prop_fdce_C_Q)         0.433     5.053 f  u_Frodo_top/u_SHAKE/FSM_sequential_CS_reg[1]/Q
                         net (fo=49, routed)          2.949     8.002    u_Frodo_top/u_SHAKE/CS[1]
    SLICE_X5Y112         LUT3 (Prop_lut3_I2_O)        0.105     8.107 r  u_Frodo_top/u_SHAKE/kec_cnt[4]_i_3/O
                         net (fo=125, routed)         6.011    14.118    u_Frodo_top/u_SHAKE/kec_cnt[4]_i_3_n_0
    SLICE_X2Y61          LUT5 (Prop_lut5_I0_O)        0.116    14.234 r  u_Frodo_top/u_SHAKE/sqz_cnt[8]_i_1/O
                         net (fo=9, routed)           0.772    15.006    u_Frodo_top/u_SHAKE/sqz_cnt[8]_i_1_n_0
    SLICE_X0Y48          FDCE                                         r  u_Frodo_top/u_SHAKE/sqz_cnt_reg[8]/CE
  -------------------------------------------------------------------    -------------------

                         (clock clk_i rise edge)     20.000    20.000 r  
                         propagated clock network latency
                                                      4.368    24.368    
                         clock pessimism              0.159    24.527    
                         clock uncertainty           -0.035    24.492    
    SLICE_X0Y48          FDCE (Setup_fdce_C_CE)      -0.346    24.146    u_Frodo_top/u_SHAKE/sqz_cnt_reg[8]
  -------------------------------------------------------------------
                         required time                         24.146    
                         arrival time                         -15.006    
  -------------------------------------------------------------------
                         slack                                  9.139    

Slack (MET) :             9.140ns  (required time - arrival time)
  Source:                 u_Frodo_top/u_SHAKE/sqzout64_reg[58]/C
                            (rising edge-triggered cell FDCE clocked by clk_i  {rise@0.000ns fall@10.000ns period=20.000ns})
  Destination:            <hidden>
                            (rising edge-triggered cell RAMB36E1 clocked by clk_i  {rise@0.000ns fall@10.000ns period=20.000ns})
  Path Group:             clk_i
  Path Type:              Setup (Max at Slow Process Corner)
  Requirement:            20.000ns  (clk_i rise@20.000ns - clk_i rise@0.000ns)
  Data Path Delay:        10.116ns  (logic 3.293ns (32.553%)  route 6.823ns (67.447%))
  Logic Levels:           13  (CARRY4=6 LUT2=1 LUT3=1 LUT4=1 LUT5=2 LUT6=2)
  Clock Path Skew:        -0.068ns (DCD - SCD + CPR)
    Destination Clock Delay (DCD):    4.305ns = ( 24.305 - 20.000 ) 
    Source Clock Delay      (SCD):    4.539ns
    Clock Pessimism Removal (CPR):    0.166ns
  Clock Uncertainty:      0.035ns  ((TSJ^2 + TIJ^2)^1/2 + DJ) / 2 + PE
    Total System Jitter     (TSJ):    0.071ns
    Total Input Jitter      (TIJ):    0.000ns
    Discrete Jitter          (DJ):    0.000ns
    Phase Error              (PE):    0.000ns

    Location             Delay type                Incr(ns)  Path(ns)    Netlist Resource(s)
  -------------------------------------------------------------------    -------------------
                         (clock clk_i rise edge)      0.000     0.000 r  
                         propagated clock network latency
                                                      4.539     4.539    
    SLICE_X38Y79         FDCE                         0.000     4.539 r  u_Frodo_top/u_SHAKE/sqzout64_reg[58]/C
    SLICE_X38Y79         FDCE (Prop_fdce_C_Q)         0.433     4.972 f  u_Frodo_top/u_SHAKE/sqzout64_reg[58]/Q
                         net (fo=14, routed)          0.824     5.796    u_Frodo_top/u_SHAKE/smInSet[58]
    SLICE_X44Y75         LUT2 (Prop_lut2_I1_O)        0.105     5.901 r  u_Frodo_top/u_SHAKE/ram64b_i_836/O
                         net (fo=1, routed)           0.000     5.901    u_Frodo_top/u_SHAKE/ram64b_i_836_n_0
    SLICE_X44Y75         CARRY4 (Prop_carry4_S[0]_CO[3])
                                                      0.440     6.341 r  u_Frodo_top/u_SHAKE/ram64b_i_573/CO[3]
                         net (fo=1, routed)           0.000     6.341    u_Frodo_top/u_SHAKE/ram64b_i_573_n_0
    SLICE_X44Y76         CARRY4 (Prop_carry4_CI_CO[3])
                                                      0.098     6.439 r  u_Frodo_top/u_SHAKE/ram64b_i_447/CO[3]
                         net (fo=2, routed)           0.923     7.362    u_Frodo_top/u_SHAKE/u_SampleMatrixSet/cmp_result[3]_7
    SLICE_X41Y76         LUT3 (Prop_lut3_I2_O)        0.115     7.477 r  u_Frodo_top/u_SHAKE/ram64b_i_341/O
                         net (fo=4, routed)           0.761     8.238    u_Frodo_top/u_SHAKE/ram64b_i_341_n_0
    SLICE_X45Y74         LUT5 (Prop_lut5_I3_O)        0.288     8.526 r  u_Frodo_top/u_SHAKE/ram64b_i_315/O
                         net (fo=6, routed)           0.718     9.244    u_Frodo_top/u_SHAKE/ram64b_i_315_n_0
    SLICE_X43Y74         LUT4 (Prop_lut4_I3_O)        0.289     9.533 f  u_Frodo_top/u_SHAKE/ram64b_i_174/O
                         net (fo=5, routed)           1.152    10.686    u_Frodo_top/u_MatrixAddSet/u_MatrixAddSet/ram64b_i_172
    SLICE_X45Y59         LUT5 (Prop_lut5_I1_O)        0.267    10.953 r  u_Frodo_top/u_MatrixAddSet/ram64b_i_338/O
                         net (fo=1, routed)           0.000    10.953    u_Frodo_top_n_88
    SLICE_X45Y59         CARRY4 (Prop_carry4_S[0]_CO[3])
                                                      0.440    11.393 r  u_MatrixAddSet/ram64b_i_172/CO[3]
                         net (fo=1, routed)           0.000    11.393    u_MatrixAddSet/ram64b_i_172_n_0
    SLICE_X45Y60         CARRY4 (Prop_carry4_CI_CO[3])
                                                      0.098    11.491 r  u_MatrixAddSet/ram64a_i_138/CO[3]
                         net (fo=1, routed)           0.000    11.491    u_MatrixAddSet/ram64a_i_138_n_0
    SLICE_X45Y61         CARRY4 (Prop_carry4_CI_CO[3])
                                                      0.098    11.589 r  u_MatrixAddSet/ram64b_i_160/CO[3]
                         net (fo=1, routed)           0.000    11.589    u_Frodo_top/u_MatrixAddSet/ram64a_i_68[0]
    SLICE_X45Y62         CARRY4 (Prop_carry4_CI_O[3])
                                                      0.260    11.849 r  u_Frodo_top/u_MatrixAddSet/ram64a_i_132/O[3]
                         net (fo=2, routed)           0.623    12.471    u_Frodo_top/u_control/u_instDecoder/add_out[15]
    SLICE_X34Y63         LUT6 (Prop_lut6_I5_O)        0.257    12.728 r  u_Frodo_top/u_control/u_instDecoder/ram64b_i_153/O
                         net (fo=1, routed)           0.920    13.648    u_Frodo_top/u_SHAKE/ram64b_14
    SLICE_X34Y75         LUT6 (Prop_lut6_I5_O)        0.105    13.753 r  u_Frodo_top/u_SHAKE/ram64b_i_65/O
                         net (fo=2, routed)           0.902    14.654    <hidden>
    RAMB36_X0Y15         RAMB36E1                                     r  <hidden>
  -------------------------------------------------------------------    -------------------

                         (clock clk_i rise edge)     20.000    20.000 r  
                         propagated clock network latency
                                                      4.305    24.305    
                         clock pessimism              0.166    24.470    
                         clock uncertainty           -0.035    24.435    
    RAMB36_X0Y15         RAMB36E1 (Setup_ramb36e1_CLKBWRCLK_DIBDI[30])
                                                     -0.641    23.794    <hidden>
  -------------------------------------------------------------------
                         required time                         23.794    
                         arrival time                         -14.654    
  -------------------------------------------------------------------
                         slack                                  9.140    

Slack (MET) :             9.143ns  (required time - arrival time)
  Source:                 u_Frodo_top/u_SHAKE/FSM_sequential_CS_reg[1]/C
                            (rising edge-triggered cell FDCE clocked by clk_i  {rise@0.000ns fall@10.000ns period=20.000ns})
  Destination:            u_Frodo_top/u_SHAKE/sqz_cnt_reg[0]/CE
                            (rising edge-triggered cell FDCE clocked by clk_i  {rise@0.000ns fall@10.000ns period=20.000ns})
  Path Group:             clk_i
  Path Type:              Setup (Max at Slow Process Corner)
  Requirement:            20.000ns  (clk_i rise@20.000ns - clk_i rise@0.000ns)
  Data Path Delay:        10.383ns  (logic 0.654ns (6.299%)  route 9.729ns (93.701%))
  Logic Levels:           2  (LUT3=1 LUT5=1)
  Clock Path Skew:        -0.093ns (DCD - SCD + CPR)
    Destination Clock Delay (DCD):    4.368ns = ( 24.368 - 20.000 ) 
    Source Clock Delay      (SCD):    4.620ns
    Clock Pessimism Removal (CPR):    0.159ns
  Clock Uncertainty:      0.035ns  ((TSJ^2 + TIJ^2)^1/2 + DJ) / 2 + PE
    Total System Jitter     (TSJ):    0.071ns
    Total Input Jitter      (TIJ):    0.000ns
    Discrete Jitter          (DJ):    0.000ns
    Phase Error              (PE):    0.000ns

    Location             Delay type                Incr(ns)  Path(ns)    Netlist Resource(s)
  -------------------------------------------------------------------    -------------------
                         (clock clk_i rise edge)      0.000     0.000 r  
                         propagated clock network latency
                                                      4.620     4.620    
    SLICE_X2Y61          FDCE                         0.000     4.620 r  u_Frodo_top/u_SHAKE/FSM_sequential_CS_reg[1]/C
    SLICE_X2Y61          FDCE (Prop_fdce_C_Q)         0.433     5.053 f  u_Frodo_top/u_SHAKE/FSM_sequential_CS_reg[1]/Q
                         net (fo=49, routed)          2.949     8.002    u_Frodo_top/u_SHAKE/CS[1]
    SLICE_X5Y112         LUT3 (Prop_lut3_I2_O)        0.105     8.107 r  u_Frodo_top/u_SHAKE/kec_cnt[4]_i_3/O
                         net (fo=125, routed)         6.011    14.118    u_Frodo_top/u_SHAKE/kec_cnt[4]_i_3_n_0
    SLICE_X2Y61          LUT5 (Prop_lut5_I0_O)        0.116    14.234 r  u_Frodo_top/u_SHAKE/sqz_cnt[8]_i_1/O
                         net (fo=9, routed)           0.769    15.003    u_Frodo_top/u_SHAKE/sqz_cnt[8]_i_1_n_0
    SLICE_X1Y49          FDCE                                         r  u_Frodo_top/u_SHAKE/sqz_cnt_reg[0]/CE
  -------------------------------------------------------------------    -------------------

                         (clock clk_i rise edge)     20.000    20.000 r  
                         propagated clock network latency
                                                      4.368    24.368    
                         clock pessimism              0.159    24.527    
                         clock uncertainty           -0.035    24.492    
    SLICE_X1Y49          FDCE (Setup_fdce_C_CE)      -0.346    24.146    u_Frodo_top/u_SHAKE/sqz_cnt_reg[0]
  -------------------------------------------------------------------
                         required time                         24.146    
                         arrival time                         -15.003    
  -------------------------------------------------------------------
                         slack                                  9.143    

Slack (MET) :             9.143ns  (required time - arrival time)
  Source:                 u_Frodo_top/u_SHAKE/FSM_sequential_CS_reg[1]/C
                            (rising edge-triggered cell FDCE clocked by clk_i  {rise@0.000ns fall@10.000ns period=20.000ns})
  Destination:            u_Frodo_top/u_SHAKE/sqz_cnt_reg[1]/CE
                            (rising edge-triggered cell FDCE clocked by clk_i  {rise@0.000ns fall@10.000ns period=20.000ns})
  Path Group:             clk_i
  Path Type:              Setup (Max at Slow Process Corner)
  Requirement:            20.000ns  (clk_i rise@20.000ns - clk_i rise@0.000ns)
  Data Path Delay:        10.383ns  (logic 0.654ns (6.299%)  route 9.729ns (93.701%))
  Logic Levels:           2  (LUT3=1 LUT5=1)
  Clock Path Skew:        -0.093ns (DCD - SCD + CPR)
    Destination Clock Delay (DCD):    4.368ns = ( 24.368 - 20.000 ) 
    Source Clock Delay      (SCD):    4.620ns
    Clock Pessimism Removal (CPR):    0.159ns
  Clock Uncertainty:      0.035ns  ((TSJ^2 + TIJ^2)^1/2 + DJ) / 2 + PE
    Total System Jitter     (TSJ):    0.071ns
    Total Input Jitter      (TIJ):    0.000ns
    Discrete Jitter          (DJ):    0.000ns
    Phase Error              (PE):    0.000ns

    Location             Delay type                Incr(ns)  Path(ns)    Netlist Resource(s)
  -------------------------------------------------------------------    -------------------
                         (clock clk_i rise edge)      0.000     0.000 r  
                         propagated clock network latency
                                                      4.620     4.620    
    SLICE_X2Y61          FDCE                         0.000     4.620 r  u_Frodo_top/u_SHAKE/FSM_sequential_CS_reg[1]/C
    SLICE_X2Y61          FDCE (Prop_fdce_C_Q)         0.433     5.053 f  u_Frodo_top/u_SHAKE/FSM_sequential_CS_reg[1]/Q
                         net (fo=49, routed)          2.949     8.002    u_Frodo_top/u_SHAKE/CS[1]
    SLICE_X5Y112         LUT3 (Prop_lut3_I2_O)        0.105     8.107 r  u_Frodo_top/u_SHAKE/kec_cnt[4]_i_3/O
                         net (fo=125, routed)         6.011    14.118    u_Frodo_top/u_SHAKE/kec_cnt[4]_i_3_n_0
    SLICE_X2Y61          LUT5 (Prop_lut5_I0_O)        0.116    14.234 r  u_Frodo_top/u_SHAKE/sqz_cnt[8]_i_1/O
                         net (fo=9, routed)           0.769    15.003    u_Frodo_top/u_SHAKE/sqz_cnt[8]_i_1_n_0
    SLICE_X1Y49          FDCE                                         r  u_Frodo_top/u_SHAKE/sqz_cnt_reg[1]/CE
  -------------------------------------------------------------------    -------------------

                         (clock clk_i rise edge)     20.000    20.000 r  
                         propagated clock network latency
                                                      4.368    24.368    
                         clock pessimism              0.159    24.527    
                         clock uncertainty           -0.035    24.492    
    SLICE_X1Y49          FDCE (Setup_fdce_C_CE)      -0.346    24.146    u_Frodo_top/u_SHAKE/sqz_cnt_reg[1]
  -------------------------------------------------------------------
                         required time                         24.146    
                         arrival time                         -15.003    
  -------------------------------------------------------------------
                         slack                                  9.143    

Slack (MET) :             9.143ns  (required time - arrival time)
  Source:                 u_Frodo_top/u_SHAKE/FSM_sequential_CS_reg[1]/C
                            (rising edge-triggered cell FDCE clocked by clk_i  {rise@0.000ns fall@10.000ns period=20.000ns})
  Destination:            u_Frodo_top/u_SHAKE/sqz_cnt_reg[2]/CE
                            (rising edge-triggered cell FDCE clocked by clk_i  {rise@0.000ns fall@10.000ns period=20.000ns})
  Path Group:             clk_i
  Path Type:              Setup (Max at Slow Process Corner)
  Requirement:            20.000ns  (clk_i rise@20.000ns - clk_i rise@0.000ns)
  Data Path Delay:        10.383ns  (logic 0.654ns (6.299%)  route 9.729ns (93.701%))
  Logic Levels:           2  (LUT3=1 LUT5=1)
  Clock Path Skew:        -0.093ns (DCD - SCD + CPR)
    Destination Clock Delay (DCD):    4.368ns = ( 24.368 - 20.000 ) 
    Source Clock Delay      (SCD):    4.620ns
    Clock Pessimism Removal (CPR):    0.159ns
  Clock Uncertainty:      0.035ns  ((TSJ^2 + TIJ^2)^1/2 + DJ) / 2 + PE
    Total System Jitter     (TSJ):    0.071ns
    Total Input Jitter      (TIJ):    0.000ns
    Discrete Jitter          (DJ):    0.000ns
    Phase Error              (PE):    0.000ns

    Location             Delay type                Incr(ns)  Path(ns)    Netlist Resource(s)
  -------------------------------------------------------------------    -------------------
                         (clock clk_i rise edge)      0.000     0.000 r  
                         propagated clock network latency
                                                      4.620     4.620    
    SLICE_X2Y61          FDCE                         0.000     4.620 r  u_Frodo_top/u_SHAKE/FSM_sequential_CS_reg[1]/C
    SLICE_X2Y61          FDCE (Prop_fdce_C_Q)         0.433     5.053 f  u_Frodo_top/u_SHAKE/FSM_sequential_CS_reg[1]/Q
                         net (fo=49, routed)          2.949     8.002    u_Frodo_top/u_SHAKE/CS[1]
    SLICE_X5Y112         LUT3 (Prop_lut3_I2_O)        0.105     8.107 r  u_Frodo_top/u_SHAKE/kec_cnt[4]_i_3/O
                         net (fo=125, routed)         6.011    14.118    u_Frodo_top/u_SHAKE/kec_cnt[4]_i_3_n_0
    SLICE_X2Y61          LUT5 (Prop_lut5_I0_O)        0.116    14.234 r  u_Frodo_top/u_SHAKE/sqz_cnt[8]_i_1/O
                         net (fo=9, routed)           0.769    15.003    u_Frodo_top/u_SHAKE/sqz_cnt[8]_i_1_n_0
    SLICE_X1Y49          FDCE                                         r  u_Frodo_top/u_SHAKE/sqz_cnt_reg[2]/CE
  -------------------------------------------------------------------    -------------------

                         (clock clk_i rise edge)     20.000    20.000 r  
                         propagated clock network latency
                                                      4.368    24.368    
                         clock pessimism              0.159    24.527    
                         clock uncertainty           -0.035    24.492    
    SLICE_X1Y49          FDCE (Setup_fdce_C_CE)      -0.346    24.146    u_Frodo_top/u_SHAKE/sqz_cnt_reg[2]
  -------------------------------------------------------------------
                         required time                         24.146    
                         arrival time                         -15.003    
  -------------------------------------------------------------------
                         slack                                  9.143    

Slack (MET) :             9.143ns  (required time - arrival time)
  Source:                 u_Frodo_top/u_SHAKE/FSM_sequential_CS_reg[1]/C
                            (rising edge-triggered cell FDCE clocked by clk_i  {rise@0.000ns fall@10.000ns period=20.000ns})
  Destination:            u_Frodo_top/u_SHAKE/sqz_cnt_reg[4]/CE
                            (rising edge-triggered cell FDCE clocked by clk_i  {rise@0.000ns fall@10.000ns period=20.000ns})
  Path Group:             clk_i
  Path Type:              Setup (Max at Slow Process Corner)
  Requirement:            20.000ns  (clk_i rise@20.000ns - clk_i rise@0.000ns)
  Data Path Delay:        10.383ns  (logic 0.654ns (6.299%)  route 9.729ns (93.701%))
  Logic Levels:           2  (LUT3=1 LUT5=1)
  Clock Path Skew:        -0.093ns (DCD - SCD + CPR)
    Destination Clock Delay (DCD):    4.368ns = ( 24.368 - 20.000 ) 
    Source Clock Delay      (SCD):    4.620ns
    Clock Pessimism Removal (CPR):    0.159ns
  Clock Uncertainty:      0.035ns  ((TSJ^2 + TIJ^2)^1/2 + DJ) / 2 + PE
    Total System Jitter     (TSJ):    0.071ns
    Total Input Jitter      (TIJ):    0.000ns
    Discrete Jitter          (DJ):    0.000ns
    Phase Error              (PE):    0.000ns

    Location             Delay type                Incr(ns)  Path(ns)    Netlist Resource(s)
  -------------------------------------------------------------------    -------------------
                         (clock clk_i rise edge)      0.000     0.000 r  
                         propagated clock network latency
                                                      4.620     4.620    
    SLICE_X2Y61          FDCE                         0.000     4.620 r  u_Frodo_top/u_SHAKE/FSM_sequential_CS_reg[1]/C
    SLICE_X2Y61          FDCE (Prop_fdce_C_Q)         0.433     5.053 f  u_Frodo_top/u_SHAKE/FSM_sequential_CS_reg[1]/Q
                         net (fo=49, routed)          2.949     8.002    u_Frodo_top/u_SHAKE/CS[1]
    SLICE_X5Y112         LUT3 (Prop_lut3_I2_O)        0.105     8.107 r  u_Frodo_top/u_SHAKE/kec_cnt[4]_i_3/O
                         net (fo=125, routed)         6.011    14.118    u_Frodo_top/u_SHAKE/kec_cnt[4]_i_3_n_0
    SLICE_X2Y61          LUT5 (Prop_lut5_I0_O)        0.116    14.234 r  u_Frodo_top/u_SHAKE/sqz_cnt[8]_i_1/O
                         net (fo=9, routed)           0.769    15.003    u_Frodo_top/u_SHAKE/sqz_cnt[8]_i_1_n_0
    SLICE_X0Y49          FDCE                                         r  u_Frodo_top/u_SHAKE/sqz_cnt_reg[4]/CE
  -------------------------------------------------------------------    -------------------

                         (clock clk_i rise edge)     20.000    20.000 r  
                         propagated clock network latency
                                                      4.368    24.368    
                         clock pessimism              0.159    24.527    
                         clock uncertainty           -0.035    24.492    
    SLICE_X0Y49          FDCE (Setup_fdce_C_CE)      -0.346    24.146    u_Frodo_top/u_SHAKE/sqz_cnt_reg[4]
  -------------------------------------------------------------------
                         required time                         24.146    
                         arrival time                         -15.003    
  -------------------------------------------------------------------
                         slack                                  9.143    

Slack (MET) :             9.143ns  (required time - arrival time)
  Source:                 u_Frodo_top/u_SHAKE/FSM_sequential_CS_reg[1]/C
                            (rising edge-triggered cell FDCE clocked by clk_i  {rise@0.000ns fall@10.000ns period=20.000ns})
  Destination:            u_Frodo_top/u_SHAKE/sqz_cnt_reg[5]/CE
                            (rising edge-triggered cell FDCE clocked by clk_i  {rise@0.000ns fall@10.000ns period=20.000ns})
  Path Group:             clk_i
  Path Type:              Setup (Max at Slow Process Corner)
  Requirement:            20.000ns  (clk_i rise@20.000ns - clk_i rise@0.000ns)
  Data Path Delay:        10.383ns  (logic 0.654ns (6.299%)  route 9.729ns (93.701%))
  Logic Levels:           2  (LUT3=1 LUT5=1)
  Clock Path Skew:        -0.093ns (DCD - SCD + CPR)
    Destination Clock Delay (DCD):    4.368ns = ( 24.368 - 20.000 ) 
    Source Clock Delay      (SCD):    4.620ns
    Clock Pessimism Removal (CPR):    0.159ns
  Clock Uncertainty:      0.035ns  ((TSJ^2 + TIJ^2)^1/2 + DJ) / 2 + PE
    Total System Jitter     (TSJ):    0.071ns
    Total Input Jitter      (TIJ):    0.000ns
    Discrete Jitter          (DJ):    0.000ns
    Phase Error              (PE):    0.000ns

    Location             Delay type                Incr(ns)  Path(ns)    Netlist Resource(s)
  -------------------------------------------------------------------    -------------------
                         (clock clk_i rise edge)      0.000     0.000 r  
                         propagated clock network latency
                                                      4.620     4.620    
    SLICE_X2Y61          FDCE                         0.000     4.620 r  u_Frodo_top/u_SHAKE/FSM_sequential_CS_reg[1]/C
    SLICE_X2Y61          FDCE (Prop_fdce_C_Q)         0.433     5.053 f  u_Frodo_top/u_SHAKE/FSM_sequential_CS_reg[1]/Q
                         net (fo=49, routed)          2.949     8.002    u_Frodo_top/u_SHAKE/CS[1]
    SLICE_X5Y112         LUT3 (Prop_lut3_I2_O)        0.105     8.107 r  u_Frodo_top/u_SHAKE/kec_cnt[4]_i_3/O
                         net (fo=125, routed)         6.011    14.118    u_Frodo_top/u_SHAKE/kec_cnt[4]_i_3_n_0
    SLICE_X2Y61          LUT5 (Prop_lut5_I0_O)        0.116    14.234 r  u_Frodo_top/u_SHAKE/sqz_cnt[8]_i_1/O
                         net (fo=9, routed)           0.769    15.003    u_Frodo_top/u_SHAKE/sqz_cnt[8]_i_1_n_0
    SLICE_X0Y49          FDCE                                         r  u_Frodo_top/u_SHAKE/sqz_cnt_reg[5]/CE
  -------------------------------------------------------------------    -------------------

                         (clock clk_i rise edge)     20.000    20.000 r  
                         propagated clock network latency
                                                      4.368    24.368    
                         clock pessimism              0.159    24.527    
                         clock uncertainty           -0.035    24.492    
    SLICE_X0Y49          FDCE (Setup_fdce_C_CE)      -0.346    24.146    u_Frodo_top/u_SHAKE/sqz_cnt_reg[5]
  -------------------------------------------------------------------
                         required time                         24.146    
                         arrival time                         -15.003    
  -------------------------------------------------------------------
                         slack                                  9.143    

Slack (MET) :             9.171ns  (required time - arrival time)
  Source:                 u_Frodo_top/u_SHAKE/o_buf_rd_ptr_reg[3]_rep/C
                            (rising edge-triggered cell FDCE clocked by clk_i  {rise@0.000ns fall@10.000ns period=20.000ns})
  Destination:            u_Frodo_top/u_SHAKE/g_sqzout448[5].sqzout448_reg[336]/D
                            (rising edge-triggered cell FDCE clocked by clk_i  {rise@0.000ns fall@10.000ns period=20.000ns})
  Path Group:             clk_i
  Path Type:              Setup (Max at Slow Process Corner)
  Requirement:            20.000ns  (clk_i rise@20.000ns - clk_i rise@0.000ns)
  Data Path Delay:        10.863ns  (logic 0.738ns (6.794%)  route 10.125ns (93.206%))
  Logic Levels:           2  (LUT5=1 LUT6=1)
  Clock Path Skew:        0.039ns (DCD - SCD + CPR)
    Destination Clock Delay (DCD):    4.427ns = ( 24.427 - 20.000 ) 
    Source Clock Delay      (SCD):    4.555ns
    Clock Pessimism Removal (CPR):    0.166ns
  Clock Uncertainty:      0.035ns  ((TSJ^2 + TIJ^2)^1/2 + DJ) / 2 + PE
    Total System Jitter     (TSJ):    0.071ns
    Total Input Jitter      (TIJ):    0.000ns
    Discrete Jitter          (DJ):    0.000ns
    Phase Error              (PE):    0.000ns

    Location             Delay type                Incr(ns)  Path(ns)    Netlist Resource(s)
  -------------------------------------------------------------------    -------------------
                         (clock clk_i rise edge)      0.000     0.000 r  
                         propagated clock network latency
                                                      4.555     4.555    
    SLICE_X54Y86         FDCE                         0.000     4.555 r  u_Frodo_top/u_SHAKE/o_buf_rd_ptr_reg[3]_rep/C
    SLICE_X54Y86         FDCE (Prop_fdce_C_Q)         0.398     4.953 r  u_Frodo_top/u_SHAKE/o_buf_rd_ptr_reg[3]_rep/Q
                         net (fo=261, routed)         9.595    14.547    u_Frodo_top/u_SHAKE/o_buf_rd_ptr_reg[3]_rep_n_0
    SLICE_X36Y117        LUT6 (Prop_lut6_I2_O)        0.235    14.782 r  u_Frodo_top/u_SHAKE/g_sqzout448[5].sqzout448[336]_i_3/O
                         net (fo=1, routed)           0.530    15.312    u_Frodo_top/u_SHAKE/g_sqzout448[5].sqzout448[336]_i_3_n_0
    SLICE_X36Y117        LUT5 (Prop_lut5_I4_O)        0.105    15.417 r  u_Frodo_top/u_SHAKE/g_sqzout448[5].sqzout448[336]_i_1/O
                         net (fo=1, routed)           0.000    15.417    u_Frodo_top/u_SHAKE/g_sqzout448[5].sqzout448[336]_i_1_n_0
    SLICE_X36Y117        FDCE                                         r  u_Frodo_top/u_SHAKE/g_sqzout448[5].sqzout448_reg[336]/D
  -------------------------------------------------------------------    -------------------

                         (clock clk_i rise edge)     20.000    20.000 r  
                         propagated clock network latency
                                                      4.427    24.427    
                         clock pessimism              0.166    24.593    
                         clock uncertainty           -0.035    24.558    
    SLICE_X36Y117        FDCE (Setup_fdce_C_D)        0.030    24.588    u_Frodo_top/u_SHAKE/g_sqzout448[5].sqzout448_reg[336]
  -------------------------------------------------------------------
                         required time                         24.588    
                         arrival time                         -15.417    
  -------------------------------------------------------------------
                         slack                                  9.171    

Slack (MET) :             9.176ns  (required time - arrival time)
  Source:                 u_Frodo_top/u_SHAKE/sqzout64_reg[58]/C
                            (rising edge-triggered cell FDCE clocked by clk_i  {rise@0.000ns fall@10.000ns period=20.000ns})
  Destination:            <hidden>
                            (rising edge-triggered cell RAMB36E1 clocked by clk_i  {rise@0.000ns fall@10.000ns period=20.000ns})
  Path Group:             clk_i
  Path Type:              Setup (Max at Slow Process Corner)
  Requirement:            20.000ns  (clk_i rise@20.000ns - clk_i rise@0.000ns)
  Data Path Delay:        10.085ns  (logic 3.293ns (32.652%)  route 6.792ns (67.348%))
  Logic Levels:           13  (CARRY4=6 LUT2=1 LUT3=1 LUT4=1 LUT5=2 LUT6=2)
  Clock Path Skew:        -0.062ns (DCD - SCD + CPR)
    Destination Clock Delay (DCD):    4.311ns = ( 24.311 - 20.000 ) 
    Source Clock Delay      (SCD):    4.539ns
    Clock Pessimism Removal (CPR):    0.166ns
  Clock Uncertainty:      0.035ns  ((TSJ^2 + TIJ^2)^1/2 + DJ) / 2 + PE
    Total System Jitter     (TSJ):    0.071ns
    Total Input Jitter      (TIJ):    0.000ns
    Discrete Jitter          (DJ):    0.000ns
    Phase Error              (PE):    0.000ns

    Location             Delay type                Incr(ns)  Path(ns)    Netlist Resource(s)
  -------------------------------------------------------------------    -------------------
                         (clock clk_i rise edge)      0.000     0.000 r  
                         propagated clock network latency
                                                      4.539     4.539    
    SLICE_X38Y79         FDCE                         0.000     4.539 r  u_Frodo_top/u_SHAKE/sqzout64_reg[58]/C
    SLICE_X38Y79         FDCE (Prop_fdce_C_Q)         0.433     4.972 f  u_Frodo_top/u_SHAKE/sqzout64_reg[58]/Q
                         net (fo=14, routed)          0.824     5.796    u_Frodo_top/u_SHAKE/smInSet[58]
    SLICE_X44Y75         LUT2 (Prop_lut2_I1_O)        0.105     5.901 r  u_Frodo_top/u_SHAKE/ram64b_i_836/O
                         net (fo=1, routed)           0.000     5.901    u_Frodo_top/u_SHAKE/ram64b_i_836_n_0
    SLICE_X44Y75         CARRY4 (Prop_carry4_S[0]_CO[3])
                                                      0.440     6.341 r  u_Frodo_top/u_SHAKE/ram64b_i_573/CO[3]
                         net (fo=1, routed)           0.000     6.341    u_Frodo_top/u_SHAKE/ram64b_i_573_n_0
    SLICE_X44Y76         CARRY4 (Prop_carry4_CI_CO[3])
                                                      0.098     6.439 r  u_Frodo_top/u_SHAKE/ram64b_i_447/CO[3]
                         net (fo=2, routed)           0.923     7.362    u_Frodo_top/u_SHAKE/u_SampleMatrixSet/cmp_result[3]_7
    SLICE_X41Y76         LUT3 (Prop_lut3_I2_O)        0.115     7.477 r  u_Frodo_top/u_SHAKE/ram64b_i_341/O
                         net (fo=4, routed)           0.761     8.238    u_Frodo_top/u_SHAKE/ram64b_i_341_n_0
    SLICE_X45Y74         LUT5 (Prop_lut5_I3_O)        0.288     8.526 r  u_Frodo_top/u_SHAKE/ram64b_i_315/O
                         net (fo=6, routed)           0.718     9.244    u_Frodo_top/u_SHAKE/ram64b_i_315_n_0
    SLICE_X43Y74         LUT4 (Prop_lut4_I3_O)        0.289     9.533 f  u_Frodo_top/u_SHAKE/ram64b_i_174/O
                         net (fo=5, routed)           1.152    10.686    u_Frodo_top/u_MatrixAddSet/u_MatrixAddSet/ram64b_i_172
    SLICE_X45Y59         LUT5 (Prop_lut5_I1_O)        0.267    10.953 r  u_Frodo_top/u_MatrixAddSet/ram64b_i_338/O
                         net (fo=1, routed)           0.000    10.953    u_Frodo_top_n_88
    SLICE_X45Y59         CARRY4 (Prop_carry4_S[0]_CO[3])
                                                      0.440    11.393 r  u_MatrixAddSet/ram64b_i_172/CO[3]
                         net (fo=1, routed)           0.000    11.393    u_MatrixAddSet/ram64b_i_172_n_0
    SLICE_X45Y60         CARRY4 (Prop_carry4_CI_CO[3])
                                                      0.098    11.491 r  u_MatrixAddSet/ram64a_i_138/CO[3]
                         net (fo=1, routed)           0.000    11.491    u_MatrixAddSet/ram64a_i_138_n_0
    SLICE_X45Y61         CARRY4 (Prop_carry4_CI_CO[3])
                                                      0.098    11.589 r  u_MatrixAddSet/ram64b_i_160/CO[3]
                         net (fo=1, routed)           0.000    11.589    u_Frodo_top/u_MatrixAddSet/ram64a_i_68[0]
    SLICE_X45Y62         CARRY4 (Prop_carry4_CI_O[3])
                                                      0.260    11.849 r  u_Frodo_top/u_MatrixAddSet/ram64a_i_132/O[3]
                         net (fo=2, routed)           0.623    12.471    u_Frodo_top/u_control/u_instDecoder/add_out[15]
    SLICE_X34Y63         LUT6 (Prop_lut6_I5_O)        0.257    12.728 r  u_Frodo_top/u_control/u_instDecoder/ram64b_i_153/O
                         net (fo=1, routed)           0.920    13.648    u_Frodo_top/u_SHAKE/ram64b_14
    SLICE_X34Y75         LUT6 (Prop_lut6_I5_O)        0.105    13.753 r  u_Frodo_top/u_SHAKE/ram64b_i_65/O
                         net (fo=2, routed)           0.871    14.624    <hidden>
    RAMB36_X0Y16         RAMB36E1                                     r  <hidden>
  -------------------------------------------------------------------    -------------------

                         (clock clk_i rise edge)     20.000    20.000 r  
                         propagated clock network latency
                                                      4.311    24.311    
                         clock pessimism              0.166    24.476    
                         clock uncertainty           -0.035    24.441    
    RAMB36_X0Y16         RAMB36E1 (Setup_ramb36e1_CLKBWRCLK_DIBDI[12])
                                                     -0.641    23.800    <hidden>
  -------------------------------------------------------------------
                         required time                         23.800    
                         arrival time                         -14.624    
  -------------------------------------------------------------------
                         slack                                  9.176    

Slack (MET) :             9.194ns  (required time - arrival time)
  Source:                 <hidden>
                            (rising edge-triggered cell RAMB36E1 clocked by clk_i  {rise@0.000ns fall@10.000ns period=20.000ns})
  Destination:            u_Frodo_top/u_MatrixMulAddSet/amulbaddc[19]/A[13]
                            (rising edge-triggered cell DSP48E1 clocked by clk_i  {rise@0.000ns fall@10.000ns period=20.000ns})
  Path Group:             clk_i
  Path Type:              Setup (Max at Slow Process Corner)
  Requirement:            20.000ns  (clk_i rise@20.000ns - clk_i rise@0.000ns)
  Data Path Delay:        7.599ns  (logic 0.944ns (12.423%)  route 6.655ns (87.577%))
  Logic Levels:           2  (LUT4=1 LUT6=1)
  Clock Path Skew:        -0.040ns (DCD - SCD + CPR)
    Destination Clock Delay (DCD):    4.379ns = ( 24.379 - 20.000 ) 
    Source Clock Delay      (SCD):    4.577ns
    Clock Pessimism Removal (CPR):    0.159ns
  Clock Uncertainty:      0.035ns  ((TSJ^2 + TIJ^2)^1/2 + DJ) / 2 + PE
    Total System Jitter     (TSJ):    0.071ns
    Total Input Jitter      (TIJ):    0.000ns
    Discrete Jitter          (DJ):    0.000ns
    Phase Error              (PE):    0.000ns

    Location             Delay type                Incr(ns)  Path(ns)    Netlist Resource(s)
  -------------------------------------------------------------------    -------------------
                         (clock clk_i rise edge)      0.000     0.000 r  
                         propagated clock network latency
                                                      4.577     4.577    
    RAMB36_X0Y14         RAMB36E1                     0.000     4.577 r  <hidden>
    RAMB36_X0Y14         RAMB36E1 (Prop_ramb36e1_CLKARDCLK_DOADO[8])
                                                      0.734     5.311 r  <hidden>
                         net (fo=1, routed)           1.098     6.409    <hidden>
    SLICE_X11Y75         LUT4 (Prop_lut4_I1_O)        0.105     6.514 r  <hidden>
                         net (fo=7, routed)           1.244     7.758    u_Frodo_top/u_MatrixMulAddSet/douta[45]
    SLICE_X33Y66         LUT6 (Prop_lut6_I1_O)        0.105     7.863 r  u_Frodo_top/u_MatrixMulAddSet/amulbaddc[0]_i_19/O
                         net (fo=28, routed)          4.313    12.176    u_Frodo_top/u_MatrixMulAddSet/mul_mulina[13]
    DSP48_X0Y4           DSP48E1                                      r  u_Frodo_top/u_MatrixMulAddSet/amulbaddc[19]/A[13]
  -------------------------------------------------------------------    -------------------

                         (clock clk_i rise edge)     20.000    20.000 r  
                         propagated clock network latency
                                                      4.379    24.379    
                         clock pessimism              0.159    24.538    
                         clock uncertainty           -0.035    24.502    
    DSP48_X0Y4           DSP48E1 (Setup_dsp48e1_CLK_A[13])
                                                     -3.132    21.370    u_Frodo_top/u_MatrixMulAddSet/amulbaddc[19]
  -------------------------------------------------------------------
                         required time                         21.370    
                         arrival time                         -12.176    
  -------------------------------------------------------------------
                         slack                                  9.194    

Slack (MET) :             9.202ns  (required time - arrival time)
  Source:                 u_Frodo_top/u_SHAKE/o_buf_rd_ptr_reg[0]_rep__5/C
                            (rising edge-triggered cell FDCE clocked by clk_i  {rise@0.000ns fall@10.000ns period=20.000ns})
  Destination:            u_Frodo_top/u_SHAKE/g_sqzout448[5].sqzout448_reg[360]/D
                            (rising edge-triggered cell FDCE clocked by clk_i  {rise@0.000ns fall@10.000ns period=20.000ns})
  Path Group:             clk_i
  Path Type:              Setup (Max at Slow Process Corner)
  Requirement:            20.000ns  (clk_i rise@20.000ns - clk_i rise@0.000ns)
  Data Path Delay:        10.695ns  (logic 0.748ns (6.994%)  route 9.947ns (93.006%))
  Logic Levels:           3  (LUT4=2 LUT5=1)
  Clock Path Skew:        -0.097ns (DCD - SCD + CPR)
    Destination Clock Delay (DCD):    4.437ns = ( 24.437 - 20.000 ) 
    Source Clock Delay      (SCD):    4.708ns
    Clock Pessimism Removal (CPR):    0.174ns
  Clock Uncertainty:      0.035ns  ((TSJ^2 + TIJ^2)^1/2 + DJ) / 2 + PE
    Total System Jitter     (TSJ):    0.071ns
    Total Input Jitter      (TIJ):    0.000ns
    Discrete Jitter          (DJ):    0.000ns
    Phase Error              (PE):    0.000ns

    Location             Delay type                Incr(ns)  Path(ns)    Netlist Resource(s)
  -------------------------------------------------------------------    -------------------
                         (clock clk_i rise edge)      0.000     0.000 r  
                         propagated clock network latency
                                                      4.708     4.708    
    SLICE_X54Y116        FDCE                         0.000     4.708 r  u_Frodo_top/u_SHAKE/o_buf_rd_ptr_reg[0]_rep__5/C
    SLICE_X54Y116        FDCE (Prop_fdce_C_Q)         0.433     5.141 r  u_Frodo_top/u_SHAKE/o_buf_rd_ptr_reg[0]_rep__5/Q
                         net (fo=119, routed)         9.123    14.265    u_Frodo_top/u_SHAKE/o_buf_rd_ptr_reg[0]_rep__5_n_0
    SLICE_X13Y114        LUT4 (Prop_lut4_I2_O)        0.105    14.370 r  u_Frodo_top/u_SHAKE/g_sqzout448[5].sqzout448[360]_i_4/O
                         net (fo=1, routed)           0.372    14.742    u_Frodo_top/u_SHAKE/g_sqzout448[5].sqzout448[360]_i_4_n_0
    SLICE_X13Y114        LUT4 (Prop_lut4_I0_O)        0.105    14.847 r  u_Frodo_top/u_SHAKE/g_sqzout448[5].sqzout448[360]_i_2/O
                         net (fo=1, routed)           0.452    15.298    u_Frodo_top/u_SHAKE/g_sqzout448[5].sqzout448[360]_i_2_n_0
    SLICE_X13Y113        LUT5 (Prop_lut5_I2_O)        0.105    15.403 r  u_Frodo_top/u_SHAKE/g_sqzout448[5].sqzout448[360]_i_1/O
                         net (fo=1, routed)           0.000    15.403    u_Frodo_top/u_SHAKE/g_sqzout448[5].sqzout448[360]_i_1_n_0
    SLICE_X13Y113        FDCE                                         r  u_Frodo_top/u_SHAKE/g_sqzout448[5].sqzout448_reg[360]/D
  -------------------------------------------------------------------    -------------------

                         (clock clk_i rise edge)     20.000    20.000 r  
                         propagated clock network latency
                                                      4.437    24.437    
                         clock pessimism              0.174    24.611    
                         clock uncertainty           -0.035    24.576    
    SLICE_X13Y113        FDCE (Setup_fdce_C_D)        0.030    24.606    u_Frodo_top/u_SHAKE/g_sqzout448[5].sqzout448_reg[360]
  -------------------------------------------------------------------
                         required time                         24.606    
                         arrival time                         -15.403    
  -------------------------------------------------------------------
                         slack                                  9.202    

Slack (MET) :             9.260ns  (required time - arrival time)
  Source:                 u_Frodo_top/u_SHAKE/o_buf_rd_ptr_reg[3]_rep/C
                            (rising edge-triggered cell FDCE clocked by clk_i  {rise@0.000ns fall@10.000ns period=20.000ns})
  Destination:            u_Frodo_top/u_SHAKE/g_sqzout448[3].sqzout448_reg[208]/D
                            (rising edge-triggered cell FDCE clocked by clk_i  {rise@0.000ns fall@10.000ns period=20.000ns})
  Path Group:             clk_i
  Path Type:              Setup (Max at Slow Process Corner)
  Requirement:            20.000ns  (clk_i rise@20.000ns - clk_i rise@0.000ns)
  Data Path Delay:        10.780ns  (logic 1.016ns (9.425%)  route 9.764ns (90.575%))
  Logic Levels:           2  (LUT5=1 MUXF8=1)
  Clock Path Skew:        0.046ns (DCD - SCD + CPR)
    Destination Clock Delay (DCD):    4.434ns = ( 24.434 - 20.000 ) 
    Source Clock Delay      (SCD):    4.555ns
    Clock Pessimism Removal (CPR):    0.166ns
  Clock Uncertainty:      0.035ns  ((TSJ^2 + TIJ^2)^1/2 + DJ) / 2 + PE
    Total System Jitter     (TSJ):    0.071ns
    Total Input Jitter      (TIJ):    0.000ns
    Discrete Jitter          (DJ):    0.000ns
    Phase Error              (PE):    0.000ns

    Location             Delay type                Incr(ns)  Path(ns)    Netlist Resource(s)
  -------------------------------------------------------------------    -------------------
                         (clock clk_i rise edge)      0.000     0.000 r  
                         propagated clock network latency
                                                      4.555     4.555    
    SLICE_X54Y86         FDCE                         0.000     4.555 r  u_Frodo_top/u_SHAKE/o_buf_rd_ptr_reg[3]_rep/C
    SLICE_X54Y86         FDCE (Prop_fdce_C_Q)         0.398     4.953 r  u_Frodo_top/u_SHAKE/o_buf_rd_ptr_reg[3]_rep/Q
                         net (fo=261, routed)         8.493    13.445    u_Frodo_top/u_SHAKE/o_buf_rd_ptr_reg[3]_rep_n_0
    SLICE_X32Y116        MUXF8 (Prop_muxf8_S_O)       0.354    13.799 r  u_Frodo_top/u_SHAKE/g_sqzout448[3].sqzout448_reg[208]_i_3/O
                         net (fo=1, routed)           1.271    15.071    u_Frodo_top/u_SHAKE/g_sqzout448[3].sqzout448_reg[208]_i_3_n_0
    SLICE_X49Y114        LUT5 (Prop_lut5_I4_O)        0.264    15.335 r  u_Frodo_top/u_SHAKE/g_sqzout448[3].sqzout448[208]_i_1/O
                         net (fo=1, routed)           0.000    15.335    u_Frodo_top/u_SHAKE/g_sqzout448[3].sqzout448[208]_i_1_n_0
    SLICE_X49Y114        FDCE                                         r  u_Frodo_top/u_SHAKE/g_sqzout448[3].sqzout448_reg[208]/D
  -------------------------------------------------------------------    -------------------

                         (clock clk_i rise edge)     20.000    20.000 r  
                         propagated clock network latency
                                                      4.434    24.434    
                         clock pessimism              0.166    24.600    
                         clock uncertainty           -0.035    24.565    
    SLICE_X49Y114        FDCE (Setup_fdce_C_D)        0.030    24.595    u_Frodo_top/u_SHAKE/g_sqzout448[3].sqzout448_reg[208]
  -------------------------------------------------------------------
                         required time                         24.595    
                         arrival time                         -15.335    
  -------------------------------------------------------------------
                         slack                                  9.260    

Slack (MET) :             9.267ns  (required time - arrival time)
  Source:                 u_Frodo_top/u_SHAKE/o_buf_rd_ptr_reg[3]_rep/C
                            (rising edge-triggered cell FDCE clocked by clk_i  {rise@0.000ns fall@10.000ns period=20.000ns})
  Destination:            u_Frodo_top/u_SHAKE/g_sqzout448[1].sqzout448_reg[80]/D
                            (rising edge-triggered cell FDCE clocked by clk_i  {rise@0.000ns fall@10.000ns period=20.000ns})
  Path Group:             clk_i
  Path Type:              Setup (Max at Slow Process Corner)
  Requirement:            20.000ns  (clk_i rise@20.000ns - clk_i rise@0.000ns)
  Data Path Delay:        10.808ns  (logic 0.738ns (6.828%)  route 10.070ns (93.172%))
  Logic Levels:           2  (LUT6=2)
  Clock Path Skew:        0.039ns (DCD - SCD + CPR)
    Destination Clock Delay (DCD):    4.427ns = ( 24.427 - 20.000 ) 
    Source Clock Delay      (SCD):    4.555ns
    Clock Pessimism Removal (CPR):    0.166ns
  Clock Uncertainty:      0.035ns  ((TSJ^2 + TIJ^2)^1/2 + DJ) / 2 + PE
    Total System Jitter     (TSJ):    0.071ns
    Total Input Jitter      (TIJ):    0.000ns
    Discrete Jitter          (DJ):    0.000ns
    Phase Error              (PE):    0.000ns

    Location             Delay type                Incr(ns)  Path(ns)    Netlist Resource(s)
  -------------------------------------------------------------------    -------------------
                         (clock clk_i rise edge)      0.000     0.000 r  
                         propagated clock network latency
                                                      4.555     4.555    
    SLICE_X54Y86         FDCE                         0.000     4.555 r  u_Frodo_top/u_SHAKE/o_buf_rd_ptr_reg[3]_rep/C
    SLICE_X54Y86         FDCE (Prop_fdce_C_Q)         0.398     4.953 r  u_Frodo_top/u_SHAKE/o_buf_rd_ptr_reg[3]_rep/Q
                         net (fo=261, routed)         9.598    14.550    u_Frodo_top/u_SHAKE/o_buf_rd_ptr_reg[3]_rep_n_0
    SLICE_X36Y117        LUT6 (Prop_lut6_I2_O)        0.235    14.785 r  u_Frodo_top/u_SHAKE/g_sqzout448[1].sqzout448[80]_i_3/O
                         net (fo=1, routed)           0.473    15.258    u_Frodo_top/u_SHAKE/g_sqzout448[1].sqzout448[80]_i_3_n_0
    SLICE_X38Y117        LUT6 (Prop_lut6_I5_O)        0.105    15.363 r  u_Frodo_top/u_SHAKE/g_sqzout448[1].sqzout448[80]_i_1/O
                         net (fo=1, routed)           0.000    15.363    u_Frodo_top/u_SHAKE/g_sqzout448[1].sqzout448[80]_i_1_n_0
    SLICE_X38Y117        FDCE                                         r  u_Frodo_top/u_SHAKE/g_sqzout448[1].sqzout448_reg[80]/D
  -------------------------------------------------------------------    -------------------

                         (clock clk_i rise edge)     20.000    20.000 r  
                         propagated clock network latency
                                                      4.427    24.427    
                         clock pessimism              0.166    24.593    
                         clock uncertainty           -0.035    24.558    
    SLICE_X38Y117        FDCE (Setup_fdce_C_D)        0.072    24.630    u_Frodo_top/u_SHAKE/g_sqzout448[1].sqzout448_reg[80]
  -------------------------------------------------------------------
                         required time                         24.630    
                         arrival time                         -15.363    
  -------------------------------------------------------------------
                         slack                                  9.267    

Slack (MET) :             9.294ns  (required time - arrival time)
  Source:                 u_Frodo_top/u_SHAKE/o_buf_rd_ptr_reg[3]_rep/C
                            (rising edge-triggered cell FDCE clocked by clk_i  {rise@0.000ns fall@10.000ns period=20.000ns})
  Destination:            u_Frodo_top/u_SHAKE/g_sqzout448[5].sqzout448_reg[337]/D
                            (rising edge-triggered cell FDCE clocked by clk_i  {rise@0.000ns fall@10.000ns period=20.000ns})
  Path Group:             clk_i
  Path Type:              Setup (Max at Slow Process Corner)
  Requirement:            20.000ns  (clk_i rise@20.000ns - clk_i rise@0.000ns)
  Data Path Delay:        10.741ns  (logic 0.738ns (6.871%)  route 10.003ns (93.129%))
  Logic Levels:           2  (LUT4=1 LUT5=1)
  Clock Path Skew:        0.040ns (DCD - SCD + CPR)
    Destination Clock Delay (DCD):    4.428ns = ( 24.428 - 20.000 ) 
    Source Clock Delay      (SCD):    4.555ns
    Clock Pessimism Removal (CPR):    0.166ns
  Clock Uncertainty:      0.035ns  ((TSJ^2 + TIJ^2)^1/2 + DJ) / 2 + PE
    Total System Jitter     (TSJ):    0.071ns
    Total Input Jitter      (TIJ):    0.000ns
    Discrete Jitter          (DJ):    0.000ns
    Phase Error              (PE):    0.000ns

    Location             Delay type                Incr(ns)  Path(ns)    Netlist Resource(s)
  -------------------------------------------------------------------    -------------------
                         (clock clk_i rise edge)      0.000     0.000 r  
                         propagated clock network latency
                                                      4.555     4.555    
    SLICE_X54Y86         FDCE                         0.000     4.555 r  u_Frodo_top/u_SHAKE/o_buf_rd_ptr_reg[3]_rep/C
    SLICE_X54Y86         FDCE (Prop_fdce_C_Q)         0.398     4.953 r  u_Frodo_top/u_SHAKE/o_buf_rd_ptr_reg[3]_rep/Q
                         net (fo=261, routed)         9.623    14.576    u_Frodo_top/u_SHAKE/o_buf_rd_ptr_reg[3]_rep_n_0
    SLICE_X36Y116        LUT4 (Prop_lut4_I1_O)        0.235    14.811 r  u_Frodo_top/u_SHAKE/g_sqzout448[5].sqzout448[337]_i_2/O
                         net (fo=1, routed)           0.379    15.190    u_Frodo_top/u_SHAKE/g_sqzout448[5].sqzout448[337]_i_2_n_0
    SLICE_X36Y116        LUT5 (Prop_lut5_I2_O)        0.105    15.295 r  u_Frodo_top/u_SHAKE/g_sqzout448[5].sqzout448[337]_i_1/O
                         net (fo=1, routed)           0.000    15.295    u_Frodo_top/u_SHAKE/g_sqzout448[5].sqzout448[337]_i_1_n_0
    SLICE_X36Y116        FDCE                                         r  u_Frodo_top/u_SHAKE/g_sqzout448[5].sqzout448_reg[337]/D
  -------------------------------------------------------------------    -------------------

                         (clock clk_i rise edge)     20.000    20.000 r  
                         propagated clock network latency
                                                      4.428    24.428    
                         clock pessimism              0.166    24.594    
                         clock uncertainty           -0.035    24.559    
    SLICE_X36Y116        FDCE (Setup_fdce_C_D)        0.030    24.589    u_Frodo_top/u_SHAKE/g_sqzout448[5].sqzout448_reg[337]
  -------------------------------------------------------------------
                         required time                         24.589    
                         arrival time                         -15.295    
  -------------------------------------------------------------------
                         slack                                  9.294    

Slack (MET) :             9.297ns  (required time - arrival time)
  Source:                 u_Frodo_top/u_SHAKE/sqzout64_reg[43]/C
                            (rising edge-triggered cell FDCE clocked by clk_i  {rise@0.000ns fall@10.000ns period=20.000ns})
  Destination:            <hidden>
                            (rising edge-triggered cell RAMB36E1 clocked by clk_i  {rise@0.000ns fall@10.000ns period=20.000ns})
  Path Group:             clk_i
  Path Type:              Setup (Max at Slow Process Corner)
  Requirement:            20.000ns  (clk_i rise@20.000ns - clk_i rise@0.000ns)
  Data Path Delay:        10.008ns  (logic 2.829ns (28.269%)  route 7.179ns (71.731%))
  Logic Levels:           11  (CARRY4=4 LUT2=1 LUT5=1 LUT6=5)
  Clock Path Skew:        -0.019ns (DCD - SCD + CPR)
    Destination Clock Delay (DCD):    4.305ns = ( 24.305 - 20.000 ) 
    Source Clock Delay      (SCD):    4.549ns
    Clock Pessimism Removal (CPR):    0.225ns
  Clock Uncertainty:      0.035ns  ((TSJ^2 + TIJ^2)^1/2 + DJ) / 2 + PE
    Total System Jitter     (TSJ):    0.071ns
    Total Input Jitter      (TIJ):    0.000ns
    Discrete Jitter          (DJ):    0.000ns
    Phase Error              (PE):    0.000ns

    Location             Delay type                Incr(ns)  Path(ns)    Netlist Resource(s)
  -------------------------------------------------------------------    -------------------
                         (clock clk_i rise edge)      0.000     0.000 r  
                         propagated clock network latency
                                                      4.549     4.549    
    SLICE_X31Y89         FDCE                         0.000     4.549 r  u_Frodo_top/u_SHAKE/sqzout64_reg[43]/C
    SLICE_X31Y89         FDCE (Prop_fdce_C_Q)         0.348     4.897 f  u_Frodo_top/u_SHAKE/sqzout64_reg[43]/Q
                         net (fo=23, routed)          0.994     5.890    u_Frodo_top/u_SHAKE/smInSet[43]
    SLICE_X34Y77         LUT2 (Prop_lut2_I1_O)        0.242     6.132 r  u_Frodo_top/u_SHAKE/ram64b_i_881/O
                         net (fo=1, routed)           0.000     6.132    u_Frodo_top/u_SHAKE/ram64b_i_881_n_0
    SLICE_X34Y77         CARRY4 (Prop_carry4_S[0]_CO[3])
                                                      0.423     6.555 r  u_Frodo_top/u_SHAKE/ram64b_i_621/CO[3]
                         net (fo=1, routed)           0.000     6.555    u_Frodo_top/u_SHAKE/ram64b_i_621_n_0
    SLICE_X34Y78         CARRY4 (Prop_carry4_CI_CO[2])
                                                      0.191     6.746 r  u_Frodo_top/u_SHAKE/ram64b_i_470/CO[2]
                         net (fo=3, routed)           1.063     7.809    u_Frodo_top/u_SHAKE/u_SampleMatrixSet/cmp_result[2]_0
    SLICE_X40Y79         LUT6 (Prop_lut6_I1_O)        0.252     8.061 r  u_Frodo_top/u_SHAKE/ram64b_i_465/O
                         net (fo=2, routed)           0.670     8.731    u_Frodo_top/u_SHAKE/ram64b_i_465_n_0
    SLICE_X40Y76         LUT5 (Prop_lut5_I1_O)        0.105     8.836 f  u_Frodo_top/u_SHAKE/ram64b_i_345/O
                         net (fo=3, routed)           0.816     9.652    u_Frodo_top/u_SHAKE/ram64b_i_345_n_0
    SLICE_X40Y75         LUT6 (Prop_lut6_I0_O)        0.105     9.757 f  u_Frodo_top/u_SHAKE/ram64b_i_175/O
                         net (fo=45, routed)          1.008    10.766    u_Frodo_top/u_SHAKE/ram64b_i_350_0
    SLICE_X44Y59         LUT6 (Prop_lut6_I1_O)        0.105    10.871 r  u_Frodo_top/u_SHAKE/ram64a_i_197/O
                         net (fo=1, routed)           0.501    11.372    add_ina[36]
    SLICE_X43Y59         CARRY4 (Prop_carry4_DI[0]_CO[3])
                                                      0.436    11.808 r  u_MatrixAddSet/ram64a_i_142/CO[3]
                         net (fo=1, routed)           0.000    11.808    u_MatrixAddSet/ram64a_i_142_n_0
    SLICE_X43Y60         CARRY4 (Prop_carry4_CI_O[3])
                                                      0.260    12.068 r  u_MatrixAddSet/ram64b_i_183/O[3]
                         net (fo=2, routed)           0.642    12.710    u_Frodo_top/u_control/u_instDecoder/ram64b_i_69[35]
    SLICE_X33Y63         LUT6 (Prop_lut6_I5_O)        0.257    12.967 r  u_Frodo_top/u_control/u_instDecoder/ram64b_i_180/O
                         net (fo=1, routed)           0.606    13.572    u_Frodo_top/u_SHAKE/ram64b_23
    SLICE_X33Y73         LUT6 (Prop_lut6_I5_O)        0.105    13.677 r  u_Frodo_top/u_SHAKE/ram64b_i_85/O
                         net (fo=2, routed)           0.879    14.556    <hidden>
    RAMB36_X0Y15         RAMB36E1                                     r  <hidden>
  -------------------------------------------------------------------    -------------------

                         (clock clk_i rise edge)     20.000    20.000 r  
                         propagated clock network latency
                                                      4.305    24.305    
                         clock pessimism              0.225    24.530    
                         clock uncertainty           -0.035    24.494    
    RAMB36_X0Y15         RAMB36E1 (Setup_ramb36e1_CLKBWRCLK_DIBDI[8])
                                                     -0.641    23.853    <hidden>
  -------------------------------------------------------------------
                         required time                         23.853    
                         arrival time                         -14.556    
  -------------------------------------------------------------------
                         slack                                  9.297    

Slack (MET) :             9.298ns  (required time - arrival time)
  Source:                 <hidden>
                            (rising edge-triggered cell RAMB36E1 clocked by clk_i  {rise@0.000ns fall@10.000ns period=20.000ns})
  Destination:            u_Frodo_top/u_MatrixMulAddSet/amulbaddc[20]/A[11]
                            (rising edge-triggered cell DSP48E1 clocked by clk_i  {rise@0.000ns fall@10.000ns period=20.000ns})
  Path Group:             clk_i
  Path Type:              Setup (Max at Slow Process Corner)
  Requirement:            20.000ns  (clk_i rise@20.000ns - clk_i rise@0.000ns)
  Data Path Delay:        7.489ns  (logic 0.944ns (12.605%)  route 6.545ns (87.395%))
  Logic Levels:           2  (LUT4=1 LUT6=1)
  Clock Path Skew:        -0.046ns (DCD - SCD + CPR)
    Destination Clock Delay (DCD):    4.382ns = ( 24.382 - 20.000 ) 
    Source Clock Delay      (SCD):    4.586ns
    Clock Pessimism Removal (CPR):    0.159ns
  Clock Uncertainty:      0.035ns  ((TSJ^2 + TIJ^2)^1/2 + DJ) / 2 + PE
    Total System Jitter     (TSJ):    0.071ns
    Total Input Jitter      (TIJ):    0.000ns
    Discrete Jitter          (DJ):    0.000ns
    Phase Error              (PE):    0.000ns

    Location             Delay type                Incr(ns)  Path(ns)    Netlist Resource(s)
  -------------------------------------------------------------------    -------------------
                         (clock clk_i rise edge)      0.000     0.000 r  
                         propagated clock network latency
                                                      4.586     4.586    
    RAMB36_X0Y16         RAMB36E1                     0.000     4.586 r  <hidden>
    RAMB36_X0Y16         RAMB36E1 (Prop_ramb36e1_CLKARDCLK_DOADO[8])
                                                      0.734     5.320 r  <hidden>
                         net (fo=1, routed)           1.067     6.388    <hidden>
    SLICE_X9Y77          LUT4 (Prop_lut4_I1_O)        0.105     6.493 r  <hidden>
                         net (fo=6, routed)           1.648     8.141    u_Frodo_top/u_MatrixMulAddSet/douta[59]
    SLICE_X29Y67         LUT6 (Prop_lut6_I0_O)        0.105     8.246 r  u_Frodo_top/u_MatrixMulAddSet/amulbaddc[0]_i_21/O
                         net (fo=28, routed)          3.830    12.075    u_Frodo_top/u_MatrixMulAddSet/mul_mulina[11]
    DSP48_X0Y1           DSP48E1                                      r  u_Frodo_top/u_MatrixMulAddSet/amulbaddc[20]/A[11]
  -------------------------------------------------------------------    -------------------

                         (clock clk_i rise edge)     20.000    20.000 r  
                         propagated clock network latency
                                                      4.382    24.382    
                         clock pessimism              0.159    24.541    
                         clock uncertainty           -0.035    24.505    
    DSP48_X0Y1           DSP48E1 (Setup_dsp48e1_CLK_A[11])
                                                     -3.132    21.373    u_Frodo_top/u_MatrixMulAddSet/amulbaddc[20]
  -------------------------------------------------------------------
                         required time                         21.373    
                         arrival time                         -12.075    
  -------------------------------------------------------------------
                         slack                                  9.298    

Slack (MET) :             9.324ns  (required time - arrival time)
  Source:                 u_Frodo_top/u_SHAKE/sqzout64_reg[43]/C
                            (rising edge-triggered cell FDCE clocked by clk_i  {rise@0.000ns fall@10.000ns period=20.000ns})
  Destination:            <hidden>
                            (rising edge-triggered cell RAMB36E1 clocked by clk_i  {rise@0.000ns fall@10.000ns period=20.000ns})
  Path Group:             clk_i
  Path Type:              Setup (Max at Slow Process Corner)
  Requirement:            20.000ns  (clk_i rise@20.000ns - clk_i rise@0.000ns)
  Data Path Delay:        9.981ns  (logic 2.863ns (28.685%)  route 7.118ns (71.315%))
  Logic Levels:           12  (CARRY4=5 LUT2=1 LUT5=1 LUT6=5)
  Clock Path Skew:        -0.019ns (DCD - SCD + CPR)
    Destination Clock Delay (DCD):    4.305ns = ( 24.305 - 20.000 ) 
    Source Clock Delay      (SCD):    4.549ns
    Clock Pessimism Removal (CPR):    0.225ns
  Clock Uncertainty:      0.035ns  ((TSJ^2 + TIJ^2)^1/2 + DJ) / 2 + PE
    Total System Jitter     (TSJ):    0.071ns
    Total Input Jitter      (TIJ):    0.000ns
    Discrete Jitter          (DJ):    0.000ns
    Phase Error              (PE):    0.000ns

    Location             Delay type                Incr(ns)  Path(ns)    Netlist Resource(s)
  -------------------------------------------------------------------    -------------------
                         (clock clk_i rise edge)      0.000     0.000 r  
                         propagated clock network latency
                                                      4.549     4.549    
    SLICE_X31Y89         FDCE                         0.000     4.549 r  u_Frodo_top/u_SHAKE/sqzout64_reg[43]/C
    SLICE_X31Y89         FDCE (Prop_fdce_C_Q)         0.348     4.897 f  u_Frodo_top/u_SHAKE/sqzout64_reg[43]/Q
                         net (fo=23, routed)          0.994     5.890    u_Frodo_top/u_SHAKE/smInSet[43]
    SLICE_X34Y77         LUT2 (Prop_lut2_I1_O)        0.242     6.132 r  u_Frodo_top/u_SHAKE/ram64b_i_881/O
                         net (fo=1, routed)           0.000     6.132    u_Frodo_top/u_SHAKE/ram64b_i_881_n_0
    SLICE_X34Y77         CARRY4 (Prop_carry4_S[0]_CO[3])
                                                      0.423     6.555 r  u_Frodo_top/u_SHAKE/ram64b_i_621/CO[3]
                         net (fo=1, routed)           0.000     6.555    u_Frodo_top/u_SHAKE/ram64b_i_621_n_0
    SLICE_X34Y78         CARRY4 (Prop_carry4_CI_CO[2])
                                                      0.191     6.746 r  u_Frodo_top/u_SHAKE/ram64b_i_470/CO[2]
                         net (fo=3, routed)           1.063     7.809    u_Frodo_top/u_SHAKE/u_SampleMatrixSet/cmp_result[2]_0
    SLICE_X40Y79         LUT6 (Prop_lut6_I1_O)        0.252     8.061 r  u_Frodo_top/u_SHAKE/ram64b_i_465/O
                         net (fo=2, routed)           0.670     8.731    u_Frodo_top/u_SHAKE/ram64b_i_465_n_0
    SLICE_X40Y76         LUT5 (Prop_lut5_I1_O)        0.105     8.836 f  u_Frodo_top/u_SHAKE/ram64b_i_345/O
                         net (fo=3, routed)           0.816     9.652    u_Frodo_top/u_SHAKE/ram64b_i_345_n_0
    SLICE_X40Y75         LUT6 (Prop_lut6_I0_O)        0.105     9.757 f  u_Frodo_top/u_SHAKE/ram64b_i_175/O
                         net (fo=45, routed)          1.008    10.766    u_Frodo_top/u_SHAKE/ram64b_i_350_0
    SLICE_X44Y59         LUT6 (Prop_lut6_I1_O)        0.105    10.871 r  u_Frodo_top/u_SHAKE/ram64a_i_197/O
                         net (fo=1, routed)           0.501    11.372    add_ina[36]
    SLICE_X43Y59         CARRY4 (Prop_carry4_DI[0]_CO[3])
                                                      0.436    11.808 r  u_MatrixAddSet/ram64a_i_142/CO[3]
                         net (fo=1, routed)           0.000    11.808    u_MatrixAddSet/ram64a_i_142_n_0
    SLICE_X43Y60         CARRY4 (Prop_carry4_CI_CO[3])
                                                      0.098    11.906 r  u_MatrixAddSet/ram64b_i_183/CO[3]
                         net (fo=1, routed)           0.000    11.906    u_Frodo_top/u_MatrixAddSet/ram64a_i_84[0]
    SLICE_X43Y61         CARRY4 (Prop_carry4_CI_O[2])
                                                      0.200    12.106 r  u_Frodo_top/u_MatrixAddSet/ram64a_i_141/O[2]
                         net (fo=2, routed)           0.665    12.770    u_Frodo_top/u_control/u_instDecoder/add_out[10]
    SLICE_X30Y64         LUT6 (Prop_lut6_I5_O)        0.253    13.023 r  u_Frodo_top/u_control/u_instDecoder/ram64b_i_177/O
                         net (fo=1, routed)           0.622    13.645    u_Frodo_top/u_SHAKE/ram64b_26
    SLICE_X30Y69         LUT6 (Prop_lut6_I5_O)        0.105    13.750 r  u_Frodo_top/u_SHAKE/ram64b_i_82/O
                         net (fo=2, routed)           0.779    14.529    <hidden>
    RAMB36_X0Y15         RAMB36E1                                     r  <hidden>
  -------------------------------------------------------------------    -------------------

                         (clock clk_i rise edge)     20.000    20.000 r  
                         propagated clock network latency
                                                      4.305    24.305    
                         clock pessimism              0.225    24.530    
                         clock uncertainty           -0.035    24.494    
    RAMB36_X0Y15         RAMB36E1 (Setup_ramb36e1_CLKBWRCLK_DIBDI[11])
                                                     -0.641    23.853    <hidden>
  -------------------------------------------------------------------
                         required time                         23.853    
                         arrival time                         -14.529    
  -------------------------------------------------------------------
                         slack                                  9.324    

Slack (MET) :             9.352ns  (required time - arrival time)
  Source:                 u_Frodo_top/u_SHAKE/sqzout64_reg[43]/C
                            (rising edge-triggered cell FDCE clocked by clk_i  {rise@0.000ns fall@10.000ns period=20.000ns})
  Destination:            <hidden>
                            (rising edge-triggered cell RAMB36E1 clocked by clk_i  {rise@0.000ns fall@10.000ns period=20.000ns})
  Path Group:             clk_i
  Path Type:              Setup (Max at Slow Process Corner)
  Requirement:            20.000ns  (clk_i rise@20.000ns - clk_i rise@0.000ns)
  Data Path Delay:        9.953ns  (logic 2.927ns (29.409%)  route 7.026ns (70.591%))
  Logic Levels:           12  (CARRY4=5 LUT2=1 LUT5=1 LUT6=5)
  Clock Path Skew:        -0.019ns (DCD - SCD + CPR)
    Destination Clock Delay (DCD):    4.305ns = ( 24.305 - 20.000 ) 
    Source Clock Delay      (SCD):    4.549ns
    Clock Pessimism Removal (CPR):    0.225ns
  Clock Uncertainty:      0.035ns  ((TSJ^2 + TIJ^2)^1/2 + DJ) / 2 + PE
    Total System Jitter     (TSJ):    0.071ns
    Total Input Jitter      (TIJ):    0.000ns
    Discrete Jitter          (DJ):    0.000ns
    Phase Error              (PE):    0.000ns

    Location             Delay type                Incr(ns)  Path(ns)    Netlist Resource(s)
  -------------------------------------------------------------------    -------------------
                         (clock clk_i rise edge)      0.000     0.000 r  
                         propagated clock network latency
                                                      4.549     4.549    
    SLICE_X31Y89         FDCE                         0.000     4.549 r  u_Frodo_top/u_SHAKE/sqzout64_reg[43]/C
    SLICE_X31Y89         FDCE (Prop_fdce_C_Q)         0.348     4.897 f  u_Frodo_top/u_SHAKE/sqzout64_reg[43]/Q
                         net (fo=23, routed)          0.994     5.890    u_Frodo_top/u_SHAKE/smInSet[43]
    SLICE_X34Y77         LUT2 (Prop_lut2_I1_O)        0.242     6.132 r  u_Frodo_top/u_SHAKE/ram64b_i_881/O
                         net (fo=1, routed)           0.000     6.132    u_Frodo_top/u_SHAKE/ram64b_i_881_n_0
    SLICE_X34Y77         CARRY4 (Prop_carry4_S[0]_CO[3])
                                                      0.423     6.555 r  u_Frodo_top/u_SHAKE/ram64b_i_621/CO[3]
                         net (fo=1, routed)           0.000     6.555    u_Frodo_top/u_SHAKE/ram64b_i_621_n_0
    SLICE_X34Y78         CARRY4 (Prop_carry4_CI_CO[2])
                                                      0.191     6.746 r  u_Frodo_top/u_SHAKE/ram64b_i_470/CO[2]
                         net (fo=3, routed)           1.063     7.809    u_Frodo_top/u_SHAKE/u_SampleMatrixSet/cmp_result[2]_0
    SLICE_X40Y79         LUT6 (Prop_lut6_I1_O)        0.252     8.061 r  u_Frodo_top/u_SHAKE/ram64b_i_465/O
                         net (fo=2, routed)           0.670     8.731    u_Frodo_top/u_SHAKE/ram64b_i_465_n_0
    SLICE_X40Y76         LUT5 (Prop_lut5_I1_O)        0.105     8.836 f  u_Frodo_top/u_SHAKE/ram64b_i_345/O
                         net (fo=3, routed)           0.816     9.652    u_Frodo_top/u_SHAKE/ram64b_i_345_n_0
    SLICE_X40Y75         LUT6 (Prop_lut6_I0_O)        0.105     9.757 f  u_Frodo_top/u_SHAKE/ram64b_i_175/O
                         net (fo=45, routed)          1.008    10.766    u_Frodo_top/u_SHAKE/ram64b_i_350_0
    SLICE_X44Y59         LUT6 (Prop_lut6_I1_O)        0.105    10.871 r  u_Frodo_top/u_SHAKE/ram64a_i_197/O
                         net (fo=1, routed)           0.501    11.372    add_ina[36]
    SLICE_X43Y59         CARRY4 (Prop_carry4_DI[0]_CO[3])
                                                      0.436    11.808 r  u_MatrixAddSet/ram64a_i_142/CO[3]
                         net (fo=1, routed)           0.000    11.808    u_MatrixAddSet/ram64a_i_142_n_0
    SLICE_X43Y60         CARRY4 (Prop_carry4_CI_CO[3])
                                                      0.098    11.906 r  u_MatrixAddSet/ram64b_i_183/CO[3]
                         net (fo=1, routed)           0.000    11.906    u_Frodo_top/u_MatrixAddSet/ram64a_i_84[0]
    SLICE_X43Y61         CARRY4 (Prop_carry4_CI_O[3])
                                                      0.260    12.166 r  u_Frodo_top/u_MatrixAddSet/ram64a_i_141/O[3]
                         net (fo=2, routed)           0.542    12.707    u_Frodo_top/u_control/u_instDecoder/add_out[11]
    SLICE_X34Y65         LUT6 (Prop_lut6_I5_O)        0.257    12.964 r  u_Frodo_top/u_control/u_instDecoder/ram64b_i_176/O
                         net (fo=1, routed)           0.445    13.410    u_Frodo_top/u_SHAKE/ram64b_27
    SLICE_X34Y67         LUT6 (Prop_lut6_I5_O)        0.105    13.515 r  u_Frodo_top/u_SHAKE/ram64b_i_81/O
                         net (fo=2, routed)           0.987    14.501    <hidden>
    RAMB36_X0Y15         RAMB36E1                                     r  <hidden>
  -------------------------------------------------------------------    -------------------

                         (clock clk_i rise edge)     20.000    20.000 r  
                         propagated clock network latency
                                                      4.305    24.305    
                         clock pessimism              0.225    24.530    
                         clock uncertainty           -0.035    24.494    
    RAMB36_X0Y15         RAMB36E1 (Setup_ramb36e1_CLKBWRCLK_DIBDI[12])
                                                     -0.641    23.853    <hidden>
  -------------------------------------------------------------------
                         required time                         23.853    
                         arrival time                         -14.501    
  -------------------------------------------------------------------
                         slack                                  9.352    

Slack (MET) :             9.354ns  (required time - arrival time)
  Source:                 u_Frodo_top/u_SHAKE/o_buf_rd_ptr_reg[3]_rep/C
                            (rising edge-triggered cell FDCE clocked by clk_i  {rise@0.000ns fall@10.000ns period=20.000ns})
  Destination:            u_Frodo_top/u_SHAKE/g_sqzout448[5].sqzout448_reg[338]/D
                            (rising edge-triggered cell FDCE clocked by clk_i  {rise@0.000ns fall@10.000ns period=20.000ns})
  Path Group:             clk_i
  Path Type:              Setup (Max at Slow Process Corner)
  Requirement:            20.000ns  (clk_i rise@20.000ns - clk_i rise@0.000ns)
  Data Path Delay:        10.681ns  (logic 0.738ns (6.909%)  route 9.943ns (93.091%))
  Logic Levels:           2  (LUT4=1 LUT5=1)
  Clock Path Skew:        0.039ns (DCD - SCD + CPR)
    Destination Clock Delay (DCD):    4.427ns = ( 24.427 - 20.000 ) 
    Source Clock Delay      (SCD):    4.555ns
    Clock Pessimism Removal (CPR):    0.166ns
  Clock Uncertainty:      0.035ns  ((TSJ^2 + TIJ^2)^1/2 + DJ) / 2 + PE
    Total System Jitter     (TSJ):    0.071ns
    Total Input Jitter      (TIJ):    0.000ns
    Discrete Jitter          (DJ):    0.000ns
    Phase Error              (PE):    0.000ns

    Location             Delay type                Incr(ns)  Path(ns)    Netlist Resource(s)
  -------------------------------------------------------------------    -------------------
                         (clock clk_i rise edge)      0.000     0.000 r  
                         propagated clock network latency
                                                      4.555     4.555    
    SLICE_X54Y86         FDCE                         0.000     4.555 r  u_Frodo_top/u_SHAKE/o_buf_rd_ptr_reg[3]_rep/C
    SLICE_X54Y86         FDCE (Prop_fdce_C_Q)         0.398     4.953 r  u_Frodo_top/u_SHAKE/o_buf_rd_ptr_reg[3]_rep/Q
                         net (fo=261, routed)         9.146    14.099    u_Frodo_top/u_SHAKE/o_buf_rd_ptr_reg[3]_rep_n_0
    SLICE_X36Y120        LUT4 (Prop_lut4_I1_O)        0.235    14.334 r  u_Frodo_top/u_SHAKE/g_sqzout448[5].sqzout448[338]_i_2/O
                         net (fo=1, routed)           0.797    15.131    u_Frodo_top/u_SHAKE/g_sqzout448[5].sqzout448[338]_i_2_n_0
    SLICE_X36Y117        LUT5 (Prop_lut5_I2_O)        0.105    15.236 r  u_Frodo_top/u_SHAKE/g_sqzout448[5].sqzout448[338]_i_1/O
                         net (fo=1, routed)           0.000    15.236    u_Frodo_top/u_SHAKE/g_sqzout448[5].sqzout448[338]_i_1_n_0
    SLICE_X36Y117        FDCE                                         r  u_Frodo_top/u_SHAKE/g_sqzout448[5].sqzout448_reg[338]/D
  -------------------------------------------------------------------    -------------------

                         (clock clk_i rise edge)     20.000    20.000 r  
                         propagated clock network latency
                                                      4.427    24.427    
                         clock pessimism              0.166    24.593    
                         clock uncertainty           -0.035    24.558    
    SLICE_X36Y117        FDCE (Setup_fdce_C_D)        0.032    24.590    u_Frodo_top/u_SHAKE/g_sqzout448[5].sqzout448_reg[338]
  -------------------------------------------------------------------
                         required time                         24.590    
                         arrival time                         -15.236    
  -------------------------------------------------------------------
                         slack                                  9.354    

Slack (MET) :             9.357ns  (required time - arrival time)
  Source:                 u_Frodo_top/u_SHAKE/o_buf_rd_ptr_reg[0]_rep__5/C
                            (rising edge-triggered cell FDCE clocked by clk_i  {rise@0.000ns fall@10.000ns period=20.000ns})
  Destination:            u_Frodo_top/u_SHAKE/g_sqzout448[5].sqzout448_reg[361]/D
                            (rising edge-triggered cell FDCE clocked by clk_i  {rise@0.000ns fall@10.000ns period=20.000ns})
  Path Group:             clk_i
  Path Type:              Setup (Max at Slow Process Corner)
  Requirement:            20.000ns  (clk_i rise@20.000ns - clk_i rise@0.000ns)
  Data Path Delay:        10.450ns  (logic 0.748ns (7.158%)  route 9.702ns (92.842%))
  Logic Levels:           3  (LUT5=1 LUT6=2)
  Clock Path Skew:        -0.189ns (DCD - SCD + CPR)
    Destination Clock Delay (DCD):    4.354ns = ( 24.354 - 20.000 ) 
    Source Clock Delay      (SCD):    4.708ns
    Clock Pessimism Removal (CPR):    0.166ns
  Clock Uncertainty:      0.035ns  ((TSJ^2 + TIJ^2)^1/2 + DJ) / 2 + PE
    Total System Jitter     (TSJ):    0.071ns
    Total Input Jitter      (TIJ):    0.000ns
    Discrete Jitter          (DJ):    0.000ns
    Phase Error              (PE):    0.000ns

    Location             Delay type                Incr(ns)  Path(ns)    Netlist Resource(s)
  -------------------------------------------------------------------    -------------------
                         (clock clk_i rise edge)      0.000     0.000 r  
                         propagated clock network latency
                                                      4.708     4.708    
    SLICE_X54Y116        FDCE                         0.000     4.708 r  u_Frodo_top/u_SHAKE/o_buf_rd_ptr_reg[0]_rep__5/C
    SLICE_X54Y116        FDCE (Prop_fdce_C_Q)         0.433     5.141 r  u_Frodo_top/u_SHAKE/o_buf_rd_ptr_reg[0]_rep__5/Q
                         net (fo=119, routed)         8.050    13.192    u_Frodo_top/u_SHAKE/o_buf_rd_ptr_reg[0]_rep__5_n_0
    SLICE_X3Y102         LUT6 (Prop_lut6_I4_O)        0.105    13.297 r  u_Frodo_top/u_SHAKE/g_sqzout448[1].sqzout448[105]_i_8/O
                         net (fo=2, routed)           0.968    14.265    u_Frodo_top/u_SHAKE/g_sqzout448[1].sqzout448[105]_i_8_n_0
    SLICE_X3Y97          LUT6 (Prop_lut6_I3_O)        0.105    14.370 r  u_Frodo_top/u_SHAKE/g_sqzout448[5].sqzout448[361]_i_3/O
                         net (fo=1, routed)           0.684    15.054    u_Frodo_top/u_SHAKE/g_sqzout448[5].sqzout448[361]_i_3_n_0
    SLICE_X4Y96          LUT5 (Prop_lut5_I4_O)        0.105    15.159 r  u_Frodo_top/u_SHAKE/g_sqzout448[5].sqzout448[361]_i_1/O
                         net (fo=1, routed)           0.000    15.159    u_Frodo_top/u_SHAKE/g_sqzout448[5].sqzout448[361]_i_1_n_0
    SLICE_X4Y96          FDCE                                         r  u_Frodo_top/u_SHAKE/g_sqzout448[5].sqzout448_reg[361]/D
  -------------------------------------------------------------------    -------------------

                         (clock clk_i rise edge)     20.000    20.000 r  
                         propagated clock network latency
                                                      4.354    24.354    
                         clock pessimism              0.166    24.519    
                         clock uncertainty           -0.035    24.484    
    SLICE_X4Y96          FDCE (Setup_fdce_C_D)        0.032    24.516    u_Frodo_top/u_SHAKE/g_sqzout448[5].sqzout448_reg[361]
  -------------------------------------------------------------------
                         required time                         24.516    
                         arrival time                         -15.159    
  -------------------------------------------------------------------
                         slack                                  9.357    

Slack (MET) :             9.370ns  (required time - arrival time)
  Source:                 u_Frodo_top/u_SHAKE/o_buf_rd_ptr_reg[1]_rep__7/C
                            (rising edge-triggered cell FDCE clocked by clk_i  {rise@0.000ns fall@10.000ns period=20.000ns})
  Destination:            u_Frodo_top/u_SHAKE/sqzout64_reg[16]/D
                            (rising edge-triggered cell FDCE clocked by clk_i  {rise@0.000ns fall@10.000ns period=20.000ns})
  Path Group:             clk_i
  Path Type:              Setup (Max at Slow Process Corner)
  Requirement:            20.000ns  (clk_i rise@20.000ns - clk_i rise@0.000ns)
  Data Path Delay:        10.400ns  (logic 1.073ns (10.317%)  route 9.327ns (89.683%))
  Logic Levels:           4  (LUT3=1 LUT6=2 MUXF7=1)
  Clock Path Skew:        -0.266ns (DCD - SCD + CPR)
    Destination Clock Delay (DCD):    4.282ns = ( 24.282 - 20.000 ) 
    Source Clock Delay      (SCD):    4.713ns
    Clock Pessimism Removal (CPR):    0.166ns
  Clock Uncertainty:      0.035ns  ((TSJ^2 + TIJ^2)^1/2 + DJ) / 2 + PE
    Total System Jitter     (TSJ):    0.071ns
    Total Input Jitter      (TIJ):    0.000ns
    Discrete Jitter          (DJ):    0.000ns
    Phase Error              (PE):    0.000ns

    Location             Delay type                Incr(ns)  Path(ns)    Netlist Resource(s)
  -------------------------------------------------------------------    -------------------
                         (clock clk_i rise edge)      0.000     0.000 r  
                         propagated clock network latency
                                                      4.713     4.713    
    SLICE_X56Y112        FDCE                         0.000     4.713 r  u_Frodo_top/u_SHAKE/o_buf_rd_ptr_reg[1]_rep__7/C
    SLICE_X56Y112        FDCE (Prop_fdce_C_Q)         0.433     5.146 r  u_Frodo_top/u_SHAKE/o_buf_rd_ptr_reg[1]_rep__7/Q
                         net (fo=118, routed)         6.863    12.009    u_Frodo_top/u_SHAKE/o_buf_rd_ptr_reg[1]_rep__7_n_0
    SLICE_X3Y111         LUT6 (Prop_lut6_I2_O)        0.105    12.114 r  u_Frodo_top/u_SHAKE/g_sqzout448[2].sqzout448[152]_i_7/O
                         net (fo=2, routed)           0.518    12.632    u_Frodo_top/u_SHAKE/g_sqzout448[2].sqzout448[152]_i_7_n_0
    SLICE_X3Y112         LUT6 (Prop_lut6_I1_O)        0.105    12.737 r  u_Frodo_top/u_SHAKE/sqzout64[16]_i_3/O
                         net (fo=1, routed)           0.000    12.737    u_Frodo_top/u_SHAKE/sqzout64[16]_i_3_n_0
    SLICE_X3Y112         MUXF7 (Prop_muxf7_I0_O)      0.178    12.915 r  u_Frodo_top/u_SHAKE/sqzout64_reg[16]_i_2/O
                         net (fo=2, routed)           1.946    14.862    u_Frodo_top/u_SHAKE/sqzout64_reg[16]_i_2_n_0
    SLICE_X30Y91         LUT3 (Prop_lut3_I2_O)        0.252    15.114 r  u_Frodo_top/u_SHAKE/sqzout64[16]_i_1/O
                         net (fo=1, routed)           0.000    15.114    u_Frodo_top/u_SHAKE/sqzout64[16]_i_1_n_0
    SLICE_X30Y91         FDCE                                         r  u_Frodo_top/u_SHAKE/sqzout64_reg[16]/D
  -------------------------------------------------------------------    -------------------

                         (clock clk_i rise edge)     20.000    20.000 r  
                         propagated clock network latency
                                                      4.282    24.282    
                         clock pessimism              0.166    24.447    
                         clock uncertainty           -0.035    24.412    
    SLICE_X30Y91         FDCE (Setup_fdce_C_D)        0.072    24.484    u_Frodo_top/u_SHAKE/sqzout64_reg[16]
  -------------------------------------------------------------------
                         required time                         24.484    
                         arrival time                         -15.114    
  -------------------------------------------------------------------
                         slack                                  9.370    

Slack (MET) :             9.384ns  (required time - arrival time)
  Source:                 <hidden>
                            (rising edge-triggered cell RAMB36E1 clocked by clk_i  {rise@0.000ns fall@10.000ns period=20.000ns})
  Destination:            u_Frodo_top/u_MatrixMulAddSet/amulbaddc[18]/A[7]
                            (rising edge-triggered cell DSP48E1 clocked by clk_i  {rise@0.000ns fall@10.000ns period=20.000ns})
  Path Group:             clk_i
  Path Type:              Setup (Max at Slow Process Corner)
  Requirement:            20.000ns  (clk_i rise@20.000ns - clk_i rise@0.000ns)
  Data Path Delay:        7.404ns  (logic 0.944ns (12.749%)  route 6.460ns (87.251%))
  Logic Levels:           2  (LUT4=1 LUT6=1)
  Clock Path Skew:        -0.045ns (DCD - SCD + CPR)
    Destination Clock Delay (DCD):    4.383ns = ( 24.383 - 20.000 ) 
    Source Clock Delay      (SCD):    4.586ns
    Clock Pessimism Removal (CPR):    0.159ns
  Clock Uncertainty:      0.035ns  ((TSJ^2 + TIJ^2)^1/2 + DJ) / 2 + PE
    Total System Jitter     (TSJ):    0.071ns
    Total Input Jitter      (TIJ):    0.000ns
    Discrete Jitter          (DJ):    0.000ns
    Phase Error              (PE):    0.000ns

    Location             Delay type                Incr(ns)  Path(ns)    Netlist Resource(s)
  -------------------------------------------------------------------    -------------------
                         (clock clk_i rise edge)      0.000     0.000 r  
                         propagated clock network latency
                                                      4.586     4.586    
    RAMB36_X0Y16         RAMB36E1                     0.000     4.586 r  <hidden>
    RAMB36_X0Y16         RAMB36E1 (Prop_ramb36e1_CLKARDCLK_DOADO[1])
                                                      0.734     5.320 r  <hidden>
                         net (fo=1, routed)           0.873     6.194    <hidden>
    SLICE_X8Y78          LUT4 (Prop_lut4_I1_O)        0.105     6.299 r  <hidden>
                         net (fo=7, routed)           1.545     7.844    u_Frodo_top/u_MatrixMulAddSet/douta[55]
    SLICE_X30Y67         LUT6 (Prop_lut6_I2_O)        0.105     7.949 r  u_Frodo_top/u_MatrixMulAddSet/amulbaddc[0]_i_25/O
                         net (fo=28, routed)          4.041    11.991    u_Frodo_top/u_MatrixMulAddSet/mul_mulina[7]
    DSP48_X1Y3           DSP48E1                                      r  u_Frodo_top/u_MatrixMulAddSet/amulbaddc[18]/A[7]
  -------------------------------------------------------------------    -------------------

                         (clock clk_i rise edge)     20.000    20.000 r  
                         propagated clock network latency
                                                      4.383    24.383    
                         clock pessimism              0.159    24.542    
                         clock uncertainty           -0.035    24.506    
    DSP48_X1Y3           DSP48E1 (Setup_dsp48e1_CLK_A[7])
                                                     -3.132    21.374    u_Frodo_top/u_MatrixMulAddSet/amulbaddc[18]
  -------------------------------------------------------------------
                         required time                         21.374    
                         arrival time                         -11.991    
  -------------------------------------------------------------------
                         slack                                  9.384    

Slack (MET) :             9.394ns  (required time - arrival time)
  Source:                 u_Frodo_top/u_SHAKE/sqzout64_reg[43]/C
                            (rising edge-triggered cell FDCE clocked by clk_i  {rise@0.000ns fall@10.000ns period=20.000ns})
  Destination:            <hidden>
                            (rising edge-triggered cell RAMB36E1 clocked by clk_i  {rise@0.000ns fall@10.000ns period=20.000ns})
  Path Group:             clk_i
  Path Type:              Setup (Max at Slow Process Corner)
  Requirement:            20.000ns  (clk_i rise@20.000ns - clk_i rise@0.000ns)
  Data Path Delay:        9.916ns  (logic 2.863ns (28.872%)  route 7.053ns (71.128%))
  Logic Levels:           12  (CARRY4=5 LUT2=1 LUT5=1 LUT6=5)
  Clock Path Skew:        -0.014ns (DCD - SCD + CPR)
    Destination Clock Delay (DCD):    4.310ns = ( 24.310 - 20.000 ) 
    Source Clock Delay      (SCD):    4.549ns
    Clock Pessimism Removal (CPR):    0.225ns
  Clock Uncertainty:      0.035ns  ((TSJ^2 + TIJ^2)^1/2 + DJ) / 2 + PE
    Total System Jitter     (TSJ):    0.071ns
    Total Input Jitter      (TIJ):    0.000ns
    Discrete Jitter          (DJ):    0.000ns
    Phase Error              (PE):    0.000ns

    Location             Delay type                Incr(ns)  Path(ns)    Netlist Resource(s)
  -------------------------------------------------------------------    -------------------
                         (clock clk_i rise edge)      0.000     0.000 r  
                         propagated clock network latency
                                                      4.549     4.549    
    SLICE_X31Y89         FDCE                         0.000     4.549 r  u_Frodo_top/u_SHAKE/sqzout64_reg[43]/C
    SLICE_X31Y89         FDCE (Prop_fdce_C_Q)         0.348     4.897 f  u_Frodo_top/u_SHAKE/sqzout64_reg[43]/Q
                         net (fo=23, routed)          0.994     5.890    u_Frodo_top/u_SHAKE/smInSet[43]
    SLICE_X34Y77         LUT2 (Prop_lut2_I1_O)        0.242     6.132 r  u_Frodo_top/u_SHAKE/ram64b_i_881/O
                         net (fo=1, routed)           0.000     6.132    u_Frodo_top/u_SHAKE/ram64b_i_881_n_0
    SLICE_X34Y77         CARRY4 (Prop_carry4_S[0]_CO[3])
                                                      0.423     6.555 r  u_Frodo_top/u_SHAKE/ram64b_i_621/CO[3]
                         net (fo=1, routed)           0.000     6.555    u_Frodo_top/u_SHAKE/ram64b_i_621_n_0
    SLICE_X34Y78         CARRY4 (Prop_carry4_CI_CO[2])
                                                      0.191     6.746 r  u_Frodo_top/u_SHAKE/ram64b_i_470/CO[2]
                         net (fo=3, routed)           1.063     7.809    u_Frodo_top/u_SHAKE/u_SampleMatrixSet/cmp_result[2]_0
    SLICE_X40Y79         LUT6 (Prop_lut6_I1_O)        0.252     8.061 r  u_Frodo_top/u_SHAKE/ram64b_i_465/O
                         net (fo=2, routed)           0.670     8.731    u_Frodo_top/u_SHAKE/ram64b_i_465_n_0
    SLICE_X40Y76         LUT5 (Prop_lut5_I1_O)        0.105     8.836 f  u_Frodo_top/u_SHAKE/ram64b_i_345/O
                         net (fo=3, routed)           0.816     9.652    u_Frodo_top/u_SHAKE/ram64b_i_345_n_0
    SLICE_X40Y75         LUT6 (Prop_lut6_I0_O)        0.105     9.757 f  u_Frodo_top/u_SHAKE/ram64b_i_175/O
                         net (fo=45, routed)          1.008    10.766    u_Frodo_top/u_SHAKE/ram64b_i_350_0
    SLICE_X44Y59         LUT6 (Prop_lut6_I1_O)        0.105    10.871 r  u_Frodo_top/u_SHAKE/ram64a_i_197/O
                         net (fo=1, routed)           0.501    11.372    add_ina[36]
    SLICE_X43Y59         CARRY4 (Prop_carry4_DI[0]_CO[3])
                                                      0.436    11.808 r  u_MatrixAddSet/ram64a_i_142/CO[3]
                         net (fo=1, routed)           0.000    11.808    u_MatrixAddSet/ram64a_i_142_n_0
    SLICE_X43Y60         CARRY4 (Prop_carry4_CI_CO[3])
                                                      0.098    11.906 r  u_MatrixAddSet/ram64b_i_183/CO[3]
                         net (fo=1, routed)           0.000    11.906    u_Frodo_top/u_MatrixAddSet/ram64a_i_84[0]
    SLICE_X43Y61         CARRY4 (Prop_carry4_CI_O[2])
                                                      0.200    12.106 r  u_Frodo_top/u_MatrixAddSet/ram64a_i_141/O[2]
                         net (fo=2, routed)           0.665    12.770    u_Frodo_top/u_control/u_instDecoder/add_out[10]
    SLICE_X30Y64         LUT6 (Prop_lut6_I5_O)        0.253    13.023 r  u_Frodo_top/u_control/u_instDecoder/ram64b_i_177/O
                         net (fo=1, routed)           0.622    13.645    u_Frodo_top/u_SHAKE/ram64b_26
    SLICE_X30Y69         LUT6 (Prop_lut6_I5_O)        0.105    13.750 r  u_Frodo_top/u_SHAKE/ram64b_i_82/O
                         net (fo=2, routed)           0.714    14.465    <hidden>
    RAMB36_X0Y14         RAMB36E1                                     r  <hidden>
  -------------------------------------------------------------------    -------------------

                         (clock clk_i rise edge)     20.000    20.000 r  
                         propagated clock network latency
                                                      4.310    24.310    
                         clock pessimism              0.225    24.535    
                         clock uncertainty           -0.035    24.499    
    RAMB36_X0Y14         RAMB36E1 (Setup_ramb36e1_CLKBWRCLK_DIBDI[9])
                                                     -0.641    23.858    <hidden>
  -------------------------------------------------------------------
                         required time                         23.858    
                         arrival time                         -14.465    
  -------------------------------------------------------------------
                         slack                                  9.394    

Slack (MET) :             9.397ns  (required time - arrival time)
  Source:                 u_Frodo_top/u_SHAKE/sqzout64_reg[43]/C
                            (rising edge-triggered cell FDCE clocked by clk_i  {rise@0.000ns fall@10.000ns period=20.000ns})
  Destination:            <hidden>
                            (rising edge-triggered cell RAMB36E1 clocked by clk_i  {rise@0.000ns fall@10.000ns period=20.000ns})
  Path Group:             clk_i
  Path Type:              Setup (Max at Slow Process Corner)
  Requirement:            20.000ns  (clk_i rise@20.000ns - clk_i rise@0.000ns)
  Data Path Delay:        9.913ns  (logic 2.927ns (29.527%)  route 6.986ns (70.473%))
  Logic Levels:           12  (CARRY4=5 LUT2=1 LUT5=1 LUT6=5)
  Clock Path Skew:        -0.014ns (DCD - SCD + CPR)
    Destination Clock Delay (DCD):    4.310ns = ( 24.310 - 20.000 ) 
    Source Clock Delay      (SCD):    4.549ns
    Clock Pessimism Removal (CPR):    0.225ns
  Clock Uncertainty:      0.035ns  ((TSJ^2 + TIJ^2)^1/2 + DJ) / 2 + PE
    Total System Jitter     (TSJ):    0.071ns
    Total Input Jitter      (TIJ):    0.000ns
    Discrete Jitter          (DJ):    0.000ns
    Phase Error              (PE):    0.000ns

    Location             Delay type                Incr(ns)  Path(ns)    Netlist Resource(s)
  -------------------------------------------------------------------    -------------------
                         (clock clk_i rise edge)      0.000     0.000 r  
                         propagated clock network latency
                                                      4.549     4.549    
    SLICE_X31Y89         FDCE                         0.000     4.549 r  u_Frodo_top/u_SHAKE/sqzout64_reg[43]/C
    SLICE_X31Y89         FDCE (Prop_fdce_C_Q)         0.348     4.897 f  u_Frodo_top/u_SHAKE/sqzout64_reg[43]/Q
                         net (fo=23, routed)          0.994     5.890    u_Frodo_top/u_SHAKE/smInSet[43]
    SLICE_X34Y77         LUT2 (Prop_lut2_I1_O)        0.242     6.132 r  u_Frodo_top/u_SHAKE/ram64b_i_881/O
                         net (fo=1, routed)           0.000     6.132    u_Frodo_top/u_SHAKE/ram64b_i_881_n_0
    SLICE_X34Y77         CARRY4 (Prop_carry4_S[0]_CO[3])
                                                      0.423     6.555 r  u_Frodo_top/u_SHAKE/ram64b_i_621/CO[3]
                         net (fo=1, routed)           0.000     6.555    u_Frodo_top/u_SHAKE/ram64b_i_621_n_0
    SLICE_X34Y78         CARRY4 (Prop_carry4_CI_CO[2])
                                                      0.191     6.746 r  u_Frodo_top/u_SHAKE/ram64b_i_470/CO[2]
                         net (fo=3, routed)           1.063     7.809    u_Frodo_top/u_SHAKE/u_SampleMatrixSet/cmp_result[2]_0
    SLICE_X40Y79         LUT6 (Prop_lut6_I1_O)        0.252     8.061 r  u_Frodo_top/u_SHAKE/ram64b_i_465/O
                         net (fo=2, routed)           0.670     8.731    u_Frodo_top/u_SHAKE/ram64b_i_465_n_0
    SLICE_X40Y76         LUT5 (Prop_lut5_I1_O)        0.105     8.836 f  u_Frodo_top/u_SHAKE/ram64b_i_345/O
                         net (fo=3, routed)           0.816     9.652    u_Frodo_top/u_SHAKE/ram64b_i_345_n_0
    SLICE_X40Y75         LUT6 (Prop_lut6_I0_O)        0.105     9.757 f  u_Frodo_top/u_SHAKE/ram64b_i_175/O
                         net (fo=45, routed)          1.008    10.766    u_Frodo_top/u_SHAKE/ram64b_i_350_0
    SLICE_X44Y59         LUT6 (Prop_lut6_I1_O)        0.105    10.871 r  u_Frodo_top/u_SHAKE/ram64a_i_197/O
                         net (fo=1, routed)           0.501    11.372    add_ina[36]
    SLICE_X43Y59         CARRY4 (Prop_carry4_DI[0]_CO[3])
                                                      0.436    11.808 r  u_MatrixAddSet/ram64a_i_142/CO[3]
                         net (fo=1, routed)           0.000    11.808    u_MatrixAddSet/ram64a_i_142_n_0
    SLICE_X43Y60         CARRY4 (Prop_carry4_CI_CO[3])
                                                      0.098    11.906 r  u_MatrixAddSet/ram64b_i_183/CO[3]
                         net (fo=1, routed)           0.000    11.906    u_Frodo_top/u_MatrixAddSet/ram64a_i_84[0]
    SLICE_X43Y61         CARRY4 (Prop_carry4_CI_O[3])
                                                      0.260    12.166 r  u_Frodo_top/u_MatrixAddSet/ram64a_i_141/O[3]
                         net (fo=2, routed)           0.542    12.707    u_Frodo_top/u_control/u_instDecoder/add_out[11]
    SLICE_X34Y65         LUT6 (Prop_lut6_I5_O)        0.257    12.964 r  u_Frodo_top/u_control/u_instDecoder/ram64b_i_176/O
                         net (fo=1, routed)           0.445    13.410    u_Frodo_top/u_SHAKE/ram64b_27
    SLICE_X34Y67         LUT6 (Prop_lut6_I5_O)        0.105    13.515 r  u_Frodo_top/u_SHAKE/ram64b_i_81/O
                         net (fo=2, routed)           0.947    14.461    <hidden>
    RAMB36_X0Y14         RAMB36E1                                     r  <hidden>
  -------------------------------------------------------------------    -------------------

                         (clock clk_i rise edge)     20.000    20.000 r  
                         propagated clock network latency
                                                      4.310    24.310    
                         clock pessimism              0.225    24.535    
                         clock uncertainty           -0.035    24.499    
    RAMB36_X0Y14         RAMB36E1 (Setup_ramb36e1_CLKBWRCLK_DIBDI[10])
                                                     -0.641    23.858    <hidden>
  -------------------------------------------------------------------
                         required time                         23.858    
                         arrival time                         -14.461    
  -------------------------------------------------------------------
                         slack                                  9.397    

Slack (MET) :             9.398ns  (required time - arrival time)
  Source:                 u_Frodo_top/u_SHAKE/o_buf_rd_ptr_reg[0]_rep__5/C
                            (rising edge-triggered cell FDCE clocked by clk_i  {rise@0.000ns fall@10.000ns period=20.000ns})
  Destination:            u_Frodo_top/u_SHAKE/g_sqzout448[1].sqzout448_reg[105]/D
                            (rising edge-triggered cell FDCE clocked by clk_i  {rise@0.000ns fall@10.000ns period=20.000ns})
  Path Group:             clk_i
  Path Type:              Setup (Max at Slow Process Corner)
  Requirement:            20.000ns  (clk_i rise@20.000ns - clk_i rise@0.000ns)
  Data Path Delay:        10.450ns  (logic 0.748ns (7.158%)  route 9.702ns (92.842%))
  Logic Levels:           3  (LUT6=3)
  Clock Path Skew:        -0.188ns (DCD - SCD + CPR)
    Destination Clock Delay (DCD):    4.355ns = ( 24.355 - 20.000 ) 
    Source Clock Delay      (SCD):    4.708ns
    Clock Pessimism Removal (CPR):    0.166ns
  Clock Uncertainty:      0.035ns  ((TSJ^2 + TIJ^2)^1/2 + DJ) / 2 + PE
    Total System Jitter     (TSJ):    0.071ns
    Total Input Jitter      (TIJ):    0.000ns
    Discrete Jitter          (DJ):    0.000ns
    Phase Error              (PE):    0.000ns

    Location             Delay type                Incr(ns)  Path(ns)    Netlist Resource(s)
  -------------------------------------------------------------------    -------------------
                         (clock clk_i rise edge)      0.000     0.000 r  
                         propagated clock network latency
                                                      4.708     4.708    
    SLICE_X54Y116        FDCE                         0.000     4.708 r  u_Frodo_top/u_SHAKE/o_buf_rd_ptr_reg[0]_rep__5/C
    SLICE_X54Y116        FDCE (Prop_fdce_C_Q)         0.433     5.141 r  u_Frodo_top/u_SHAKE/o_buf_rd_ptr_reg[0]_rep__5/Q
                         net (fo=119, routed)         8.046    13.188    u_Frodo_top/u_SHAKE/o_buf_rd_ptr_reg[0]_rep__5_n_0
    SLICE_X3Y102         LUT6 (Prop_lut6_I4_O)        0.105    13.293 r  u_Frodo_top/u_SHAKE/g_sqzout448[1].sqzout448[105]_i_7/O
                         net (fo=2, routed)           1.105    14.398    u_Frodo_top/u_SHAKE/g_sqzout448[1].sqzout448[105]_i_7_n_0
    SLICE_X3Y97          LUT6 (Prop_lut6_I3_O)        0.105    14.503 r  u_Frodo_top/u_SHAKE/g_sqzout448[1].sqzout448[105]_i_3/O
                         net (fo=1, routed)           0.551    15.054    u_Frodo_top/u_SHAKE/g_sqzout448[1].sqzout448[105]_i_3_n_0
    SLICE_X2Y96          LUT6 (Prop_lut6_I5_O)        0.105    15.159 r  u_Frodo_top/u_SHAKE/g_sqzout448[1].sqzout448[105]_i_1/O
                         net (fo=1, routed)           0.000    15.159    u_Frodo_top/u_SHAKE/g_sqzout448[1].sqzout448[105]_i_1_n_0
    SLICE_X2Y96          FDCE                                         r  u_Frodo_top/u_SHAKE/g_sqzout448[1].sqzout448_reg[105]/D
  -------------------------------------------------------------------    -------------------

                         (clock clk_i rise edge)     20.000    20.000 r  
                         propagated clock network latency
                                                      4.355    24.355    
                         clock pessimism              0.166    24.520    
                         clock uncertainty           -0.035    24.485    
    SLICE_X2Y96          FDCE (Setup_fdce_C_D)        0.072    24.557    u_Frodo_top/u_SHAKE/g_sqzout448[1].sqzout448_reg[105]
  -------------------------------------------------------------------
                         required time                         24.557    
                         arrival time                         -15.159    
  -------------------------------------------------------------------
                         slack                                  9.398    

Slack (MET) :             9.411ns  (required time - arrival time)
  Source:                 u_Frodo_top/u_SHAKE/FSM_sequential_CS_reg[1]/C
                            (rising edge-triggered cell FDCE clocked by clk_i  {rise@0.000ns fall@10.000ns period=20.000ns})
  Destination:            u_Frodo_top/u_SHAKE/sqz_cnt_reg[1]/D
                            (rising edge-triggered cell FDCE clocked by clk_i  {rise@0.000ns fall@10.000ns period=20.000ns})
  Path Group:             clk_i
  Path Type:              Setup (Max at Slow Process Corner)
  Requirement:            20.000ns  (clk_i rise@20.000ns - clk_i rise@0.000ns)
  Data Path Delay:        10.491ns  (logic 0.643ns (6.129%)  route 9.848ns (93.871%))
  Logic Levels:           2  (LUT3=1 LUT4=1)
  Clock Path Skew:        -0.093ns (DCD - SCD + CPR)
    Destination Clock Delay (DCD):    4.368ns = ( 24.368 - 20.000 ) 
    Source Clock Delay      (SCD):    4.620ns
    Clock Pessimism Removal (CPR):    0.159ns
  Clock Uncertainty:      0.035ns  ((TSJ^2 + TIJ^2)^1/2 + DJ) / 2 + PE
    Total System Jitter     (TSJ):    0.071ns
    Total Input Jitter      (TIJ):    0.000ns
    Discrete Jitter          (DJ):    0.000ns
    Phase Error              (PE):    0.000ns

    Location             Delay type                Incr(ns)  Path(ns)    Netlist Resource(s)
  -------------------------------------------------------------------    -------------------
                         (clock clk_i rise edge)      0.000     0.000 r  
                         propagated clock network latency
                                                      4.620     4.620    
    SLICE_X2Y61          FDCE                         0.000     4.620 r  u_Frodo_top/u_SHAKE/FSM_sequential_CS_reg[1]/C
    SLICE_X2Y61          FDCE (Prop_fdce_C_Q)         0.433     5.053 r  u_Frodo_top/u_SHAKE/FSM_sequential_CS_reg[1]/Q
                         net (fo=49, routed)          2.949     8.002    u_Frodo_top/u_SHAKE/CS[1]
    SLICE_X5Y112         LUT3 (Prop_lut3_I2_O)        0.105     8.107 f  u_Frodo_top/u_SHAKE/kec_cnt[4]_i_3/O
                         net (fo=125, routed)         6.899    15.006    u_Frodo_top/u_SHAKE/kec_cnt[4]_i_3_n_0
    SLICE_X1Y49          LUT4 (Prop_lut4_I3_O)        0.105    15.111 r  u_Frodo_top/u_SHAKE/sqz_cnt[1]_i_1/O
                         net (fo=1, routed)           0.000    15.111    u_Frodo_top/u_SHAKE/p_1_in[1]
    SLICE_X1Y49          FDCE                                         r  u_Frodo_top/u_SHAKE/sqz_cnt_reg[1]/D
  -------------------------------------------------------------------    -------------------

                         (clock clk_i rise edge)     20.000    20.000 r  
                         propagated clock network latency
                                                      4.368    24.368    
                         clock pessimism              0.159    24.527    
                         clock uncertainty           -0.035    24.492    
    SLICE_X1Y49          FDCE (Setup_fdce_C_D)        0.030    24.522    u_Frodo_top/u_SHAKE/sqz_cnt_reg[1]
  -------------------------------------------------------------------
                         required time                         24.522    
                         arrival time                         -15.111    
  -------------------------------------------------------------------
                         slack                                  9.411    

Slack (MET) :             9.416ns  (required time - arrival time)
  Source:                 <hidden>
                            (rising edge-triggered cell RAMB36E1 clocked by clk_i  {rise@0.000ns fall@10.000ns period=20.000ns})
  Destination:            u_Frodo_top/u_MatrixMulAddSet/amulbaddc[21]/A[5]
                            (rising edge-triggered cell DSP48E1 clocked by clk_i  {rise@0.000ns fall@10.000ns period=20.000ns})
  Path Group:             clk_i
  Path Type:              Setup (Max at Slow Process Corner)
  Requirement:            20.000ns  (clk_i rise@20.000ns - clk_i rise@0.000ns)
  Data Path Delay:        7.376ns  (logic 0.944ns (12.798%)  route 6.432ns (87.202%))
  Logic Levels:           2  (LUT4=1 LUT6=1)
  Clock Path Skew:        -0.041ns (DCD - SCD + CPR)
    Destination Clock Delay (DCD):    4.381ns = ( 24.381 - 20.000 ) 
    Source Clock Delay      (SCD):    4.580ns
    Clock Pessimism Removal (CPR):    0.159ns
  Clock Uncertainty:      0.035ns  ((TSJ^2 + TIJ^2)^1/2 + DJ) / 2 + PE
    Total System Jitter     (TSJ):    0.071ns
    Total Input Jitter      (TIJ):    0.000ns
    Discrete Jitter          (DJ):    0.000ns
    Phase Error              (PE):    0.000ns

    Location             Delay type                Incr(ns)  Path(ns)    Netlist Resource(s)
  -------------------------------------------------------------------    -------------------
                         (clock clk_i rise edge)      0.000     0.000 r  
                         propagated clock network latency
                                                      4.580     4.580    
    RAMB36_X0Y15         RAMB36E1                     0.000     4.580 r  <hidden>
    RAMB36_X0Y15         RAMB36E1 (Prop_ramb36e1_CLKARDCLK_DOADO[19])
                                                      0.734     5.314 r  <hidden>
                         net (fo=1, routed)           1.108     6.422    <hidden>
    SLICE_X11Y74         LUT4 (Prop_lut4_I0_O)        0.105     6.527 r  <hidden>
                         net (fo=7, routed)           1.554     8.081    u_Frodo_top/u_MatrixMulAddSet/douta[53]
    SLICE_X33Y66         LUT6 (Prop_lut6_I0_O)        0.105     8.186 r  u_Frodo_top/u_MatrixMulAddSet/amulbaddc[0]_i_27/O
                         net (fo=28, routed)          3.770    11.957    u_Frodo_top/u_MatrixMulAddSet/mul_mulina[5]
    DSP48_X0Y3           DSP48E1                                      r  u_Frodo_top/u_MatrixMulAddSet/amulbaddc[21]/A[5]
  -------------------------------------------------------------------    -------------------

                         (clock clk_i rise edge)     20.000    20.000 r  
                         propagated clock network latency
                                                      4.381    24.381    
                         clock pessimism              0.159    24.540    
                         clock uncertainty           -0.035    24.504    
    DSP48_X0Y3           DSP48E1 (Setup_dsp48e1_CLK_A[5])
                                                     -3.132    21.372    u_Frodo_top/u_MatrixMulAddSet/amulbaddc[21]
  -------------------------------------------------------------------
                         required time                         21.372    
                         arrival time                         -11.957    
  -------------------------------------------------------------------
                         slack                                  9.416    

Slack (MET) :             9.427ns  (required time - arrival time)
  Source:                 <hidden>
                            (rising edge-triggered cell RAMB36E1 clocked by clk_i  {rise@0.000ns fall@10.000ns period=20.000ns})
  Destination:            u_Frodo_top/u_MatrixMulAddSet/amulbaddc[21]/A[11]
                            (rising edge-triggered cell DSP48E1 clocked by clk_i  {rise@0.000ns fall@10.000ns period=20.000ns})
  Path Group:             clk_i
  Path Type:              Setup (Max at Slow Process Corner)
  Requirement:            20.000ns  (clk_i rise@20.000ns - clk_i rise@0.000ns)
  Data Path Delay:        7.359ns  (logic 0.944ns (12.829%)  route 6.415ns (87.171%))
  Logic Levels:           2  (LUT4=1 LUT6=1)
  Clock Path Skew:        -0.047ns (DCD - SCD + CPR)
    Destination Clock Delay (DCD):    4.381ns = ( 24.381 - 20.000 ) 
    Source Clock Delay      (SCD):    4.586ns
    Clock Pessimism Removal (CPR):    0.159ns
  Clock Uncertainty:      0.035ns  ((TSJ^2 + TIJ^2)^1/2 + DJ) / 2 + PE
    Total System Jitter     (TSJ):    0.071ns
    Total Input Jitter      (TIJ):    0.000ns
    Discrete Jitter          (DJ):    0.000ns
    Phase Error              (PE):    0.000ns

    Location             Delay type                Incr(ns)  Path(ns)    Netlist Resource(s)
  -------------------------------------------------------------------    -------------------
                         (clock clk_i rise edge)      0.000     0.000 r  
                         propagated clock network latency
                                                      4.586     4.586    
    RAMB36_X0Y16         RAMB36E1                     0.000     4.586 r  <hidden>
    RAMB36_X0Y16         RAMB36E1 (Prop_ramb36e1_CLKARDCLK_DOADO[8])
                                                      0.734     5.320 r  <hidden>
                         net (fo=1, routed)           1.067     6.388    <hidden>
    SLICE_X9Y77          LUT4 (Prop_lut4_I1_O)        0.105     6.493 r  <hidden>
                         net (fo=6, routed)           1.648     8.141    u_Frodo_top/u_MatrixMulAddSet/douta[59]
    SLICE_X29Y67         LUT6 (Prop_lut6_I0_O)        0.105     8.246 r  u_Frodo_top/u_MatrixMulAddSet/amulbaddc[0]_i_21/O
                         net (fo=28, routed)          3.699    11.945    u_Frodo_top/u_MatrixMulAddSet/mul_mulina[11]
    DSP48_X0Y3           DSP48E1                                      r  u_Frodo_top/u_MatrixMulAddSet/amulbaddc[21]/A[11]
  -------------------------------------------------------------------    -------------------

                         (clock clk_i rise edge)     20.000    20.000 r  
                         propagated clock network latency
                                                      4.381    24.381    
                         clock pessimism              0.159    24.540    
                         clock uncertainty           -0.035    24.504    
    DSP48_X0Y3           DSP48E1 (Setup_dsp48e1_CLK_A[11])
                                                     -3.132    21.372    u_Frodo_top/u_MatrixMulAddSet/amulbaddc[21]
  -------------------------------------------------------------------
                         required time                         21.372    
                         arrival time                         -11.945    
  -------------------------------------------------------------------
                         slack                                  9.427    

Slack (MET) :             9.428ns  (required time - arrival time)
  Source:                 u_Frodo_top/u_SHAKE/sqzout64_reg[58]/C
                            (rising edge-triggered cell FDCE clocked by clk_i  {rise@0.000ns fall@10.000ns period=20.000ns})
  Destination:            <hidden>
                            (rising edge-triggered cell RAMB36E1 clocked by clk_i  {rise@0.000ns fall@10.000ns period=20.000ns})
  Path Group:             clk_i
  Path Type:              Setup (Max at Slow Process Corner)
  Requirement:            20.000ns  (clk_i rise@20.000ns - clk_i rise@0.000ns)
  Data Path Delay:        9.834ns  (logic 3.097ns (31.493%)  route 6.737ns (68.507%))
  Logic Levels:           11  (CARRY4=4 LUT2=1 LUT3=1 LUT4=1 LUT5=2 LUT6=2)
  Clock Path Skew:        -0.062ns (DCD - SCD + CPR)
    Destination Clock Delay (DCD):    4.311ns = ( 24.311 - 20.000 ) 
    Source Clock Delay      (SCD):    4.539ns
    Clock Pessimism Removal (CPR):    0.166ns
  Clock Uncertainty:      0.035ns  ((TSJ^2 + TIJ^2)^1/2 + DJ) / 2 + PE
    Total System Jitter     (TSJ):    0.071ns
    Total Input Jitter      (TIJ):    0.000ns
    Discrete Jitter          (DJ):    0.000ns
    Phase Error              (PE):    0.000ns

    Location             Delay type                Incr(ns)  Path(ns)    Netlist Resource(s)
  -------------------------------------------------------------------    -------------------
                         (clock clk_i rise edge)      0.000     0.000 r  
                         propagated clock network latency
                                                      4.539     4.539    
    SLICE_X38Y79         FDCE                         0.000     4.539 r  u_Frodo_top/u_SHAKE/sqzout64_reg[58]/C
    SLICE_X38Y79         FDCE (Prop_fdce_C_Q)         0.433     4.972 f  u_Frodo_top/u_SHAKE/sqzout64_reg[58]/Q
                         net (fo=14, routed)          0.824     5.796    u_Frodo_top/u_SHAKE/smInSet[58]
    SLICE_X44Y75         LUT2 (Prop_lut2_I1_O)        0.105     5.901 r  u_Frodo_top/u_SHAKE/ram64b_i_836/O
                         net (fo=1, routed)           0.000     5.901    u_Frodo_top/u_SHAKE/ram64b_i_836_n_0
    SLICE_X44Y75         CARRY4 (Prop_carry4_S[0]_CO[3])
                                                      0.440     6.341 r  u_Frodo_top/u_SHAKE/ram64b_i_573/CO[3]
                         net (fo=1, routed)           0.000     6.341    u_Frodo_top/u_SHAKE/ram64b_i_573_n_0
    SLICE_X44Y76         CARRY4 (Prop_carry4_CI_CO[3])
                                                      0.098     6.439 r  u_Frodo_top/u_SHAKE/ram64b_i_447/CO[3]
                         net (fo=2, routed)           0.923     7.362    u_Frodo_top/u_SHAKE/u_SampleMatrixSet/cmp_result[3]_7
    SLICE_X41Y76         LUT3 (Prop_lut3_I2_O)        0.115     7.477 r  u_Frodo_top/u_SHAKE/ram64b_i_341/O
                         net (fo=4, routed)           0.761     8.238    u_Frodo_top/u_SHAKE/ram64b_i_341_n_0
    SLICE_X45Y74         LUT5 (Prop_lut5_I3_O)        0.288     8.526 r  u_Frodo_top/u_SHAKE/ram64b_i_315/O
                         net (fo=6, routed)           0.718     9.244    u_Frodo_top/u_SHAKE/ram64b_i_315_n_0
    SLICE_X43Y74         LUT4 (Prop_lut4_I3_O)        0.289     9.533 f  u_Frodo_top/u_SHAKE/ram64b_i_174/O
                         net (fo=5, routed)           1.152    10.686    u_Frodo_top/u_MatrixAddSet/u_MatrixAddSet/ram64b_i_172
    SLICE_X45Y59         LUT5 (Prop_lut5_I1_O)        0.267    10.953 r  u_Frodo_top/u_MatrixAddSet/ram64b_i_338/O
                         net (fo=1, routed)           0.000    10.953    u_Frodo_top_n_88
    SLICE_X45Y59         CARRY4 (Prop_carry4_S[0]_CO[3])
                                                      0.440    11.393 r  u_MatrixAddSet/ram64b_i_172/CO[3]
                         net (fo=1, routed)           0.000    11.393    u_MatrixAddSet/ram64b_i_172_n_0
    SLICE_X45Y60         CARRY4 (Prop_carry4_CI_O[3])
                                                      0.260    11.653 r  u_MatrixAddSet/ram64a_i_138/O[3]
                         net (fo=2, routed)           0.553    12.205    u_Frodo_top/u_control/u_instDecoder/ram64b_i_69[43]
    SLICE_X34Y64         LUT6 (Prop_lut6_I5_O)        0.257    12.462 r  u_Frodo_top/u_control/u_instDecoder/ram64b_i_163/O
                         net (fo=1, routed)           0.826    13.288    u_Frodo_top/u_SHAKE/ram64b_7
    SLICE_X34Y75         LUT6 (Prop_lut6_I5_O)        0.105    13.393 r  u_Frodo_top/u_SHAKE/ram64b_i_73/O
                         net (fo=2, routed)           0.980    14.372    <hidden>
    RAMB36_X0Y16         RAMB36E1                                     r  <hidden>
  -------------------------------------------------------------------    -------------------

                         (clock clk_i rise edge)     20.000    20.000 r  
                         propagated clock network latency
                                                      4.311    24.311    
                         clock pessimism              0.166    24.476    
                         clock uncertainty           -0.035    24.441    
    RAMB36_X0Y16         RAMB36E1 (Setup_ramb36e1_CLKBWRCLK_DIBDI[1])
                                                     -0.641    23.800    <hidden>
  -------------------------------------------------------------------
                         required time                         23.800    
                         arrival time                         -14.372    
  -------------------------------------------------------------------
                         slack                                  9.428    

Slack (MET) :             9.429ns  (required time - arrival time)
  Source:                 u_Frodo_top/u_SHAKE/sqzout64_reg[43]/C
                            (rising edge-triggered cell FDCE clocked by clk_i  {rise@0.000ns fall@10.000ns period=20.000ns})
  Destination:            <hidden>
                            (rising edge-triggered cell RAMB36E1 clocked by clk_i  {rise@0.000ns fall@10.000ns period=20.000ns})
  Path Group:             clk_i
  Path Type:              Setup (Max at Slow Process Corner)
  Requirement:            20.000ns  (clk_i rise@20.000ns - clk_i rise@0.000ns)
  Data Path Delay:        9.876ns  (logic 2.596ns (26.286%)  route 7.280ns (73.714%))
  Logic Levels:           11  (CARRY4=4 LUT2=1 LUT3=1 LUT5=1 LUT6=4)
  Clock Path Skew:        -0.019ns (DCD - SCD + CPR)
    Destination Clock Delay (DCD):    4.305ns = ( 24.305 - 20.000 ) 
    Source Clock Delay      (SCD):    4.549ns
    Clock Pessimism Removal (CPR):    0.225ns
  Clock Uncertainty:      0.035ns  ((TSJ^2 + TIJ^2)^1/2 + DJ) / 2 + PE
    Total System Jitter     (TSJ):    0.071ns
    Total Input Jitter      (TIJ):    0.000ns
    Discrete Jitter          (DJ):    0.000ns
    Phase Error              (PE):    0.000ns

    Location             Delay type                Incr(ns)  Path(ns)    Netlist Resource(s)
  -------------------------------------------------------------------    -------------------
                         (clock clk_i rise edge)      0.000     0.000 r  
                         propagated clock network latency
                                                      4.549     4.549    
    SLICE_X31Y89         FDCE                         0.000     4.549 r  u_Frodo_top/u_SHAKE/sqzout64_reg[43]/C
    SLICE_X31Y89         FDCE (Prop_fdce_C_Q)         0.348     4.897 f  u_Frodo_top/u_SHAKE/sqzout64_reg[43]/Q
                         net (fo=23, routed)          1.449     6.345    u_Frodo_top/u_SHAKE/smInSet[43]
    SLICE_X37Y77         LUT2 (Prop_lut2_I1_O)        0.242     6.587 r  u_Frodo_top/u_SHAKE/ram64b_i_898/O
                         net (fo=1, routed)           0.000     6.587    u_Frodo_top/u_SHAKE/ram64b_i_898_n_0
    SLICE_X37Y77         CARRY4 (Prop_carry4_S[1]_CO[3])
                                                      0.457     7.044 r  u_Frodo_top/u_SHAKE/ram64b_i_634/CO[3]
                         net (fo=1, routed)           0.000     7.044    u_Frodo_top/u_SHAKE/ram64b_i_634_n_0
    SLICE_X37Y78         CARRY4 (Prop_carry4_CI_CO[3])
                                                      0.098     7.142 r  u_Frodo_top/u_SHAKE/ram64b_i_473/CO[3]
                         net (fo=3, routed)           0.910     8.052    u_Frodo_top/u_SHAKE/u_SampleMatrixSet/cmp_result[2]_9
    SLICE_X38Y79         LUT3 (Prop_lut3_I1_O)        0.125     8.177 f  u_Frodo_top/u_SHAKE/ram64b_i_375/O
                         net (fo=4, routed)           0.628     8.806    u_Frodo_top/u_SHAKE/ram64b_i_375_n_0
    SLICE_X39Y75         LUT5 (Prop_lut5_I4_O)        0.264     9.070 r  u_Frodo_top/u_SHAKE/ram64b_i_348/O
                         net (fo=6, routed)           0.733     9.803    u_Frodo_top/u_SHAKE/ram64b_i_348_n_0
    SLICE_X40Y75         LUT6 (Prop_lut6_I4_O)        0.105     9.908 r  u_Frodo_top/u_SHAKE/ram64b_i_188/O
                         net (fo=18, routed)          0.907    10.815    u_Frodo_top/u_control/u_instDecoder/ram64a_3
    SLICE_X43Y57         LUT6 (Prop_lut6_I3_O)        0.105    10.920 r  u_Frodo_top/u_control/u_instDecoder/ram64b_i_365/O
                         net (fo=1, routed)           0.397    11.317    add_ina[35]
    SLICE_X43Y58         CARRY4 (Prop_carry4_DI[3]_CO[3])
                                                      0.318    11.635 r  u_MatrixAddSet/ram64b_i_193/CO[3]
                         net (fo=1, routed)           0.000    11.635    u_MatrixAddSet/ram64b_i_193_n_0
    SLICE_X43Y59         CARRY4 (Prop_carry4_CI_O[0])
                                                      0.180    11.815 r  u_MatrixAddSet/ram64a_i_142/O[0]
                         net (fo=2, routed)           0.640    12.455    u_Frodo_top/u_control/u_instDecoder/ram64b_i_69[28]
    SLICE_X34Y63         LUT6 (Prop_lut6_I5_O)        0.249    12.704 r  u_Frodo_top/u_control/u_instDecoder/ram64b_i_187/O
                         net (fo=1, routed)           0.640    13.344    u_Frodo_top/u_SHAKE/ram64b_17
    SLICE_X34Y73         LUT6 (Prop_lut6_I5_O)        0.105    13.449 r  u_Frodo_top/u_SHAKE/ram64b_i_92/O
                         net (fo=2, routed)           0.976    14.425    <hidden>
    RAMB36_X0Y15         RAMB36E1                                     r  <hidden>
  -------------------------------------------------------------------    -------------------

                         (clock clk_i rise edge)     20.000    20.000 r  
                         propagated clock network latency
                                                      4.305    24.305    
                         clock pessimism              0.225    24.530    
                         clock uncertainty           -0.035    24.494    
    RAMB36_X0Y15         RAMB36E1 (Setup_ramb36e1_CLKBWRCLK_DIBDI[0])
                                                     -0.641    23.853    <hidden>
  -------------------------------------------------------------------
                         required time                         23.853    
                         arrival time                         -14.425    
  -------------------------------------------------------------------
                         slack                                  9.429    

Slack (MET) :             9.431ns  (required time - arrival time)
  Source:                 <hidden>
                            (rising edge-triggered cell RAMB36E1 clocked by clk_i  {rise@0.000ns fall@10.000ns period=20.000ns})
  Destination:            u_Frodo_top/u_MatrixMulAddSet/amulbaddc[10]/A[12]
                            (rising edge-triggered cell DSP48E1 clocked by clk_i  {rise@0.000ns fall@10.000ns period=20.000ns})
  Path Group:             clk_i
  Path Type:              Setup (Max at Slow Process Corner)
  Requirement:            20.000ns  (clk_i rise@20.000ns - clk_i rise@0.000ns)
  Data Path Delay:        7.354ns  (logic 0.944ns (12.837%)  route 6.410ns (87.163%))
  Logic Levels:           2  (LUT4=1 LUT6=1)
  Clock Path Skew:        -0.048ns (DCD - SCD + CPR)
    Destination Clock Delay (DCD):    4.380ns = ( 24.380 - 20.000 ) 
    Source Clock Delay      (SCD):    4.586ns
    Clock Pessimism Removal (CPR):    0.159ns
  Clock Uncertainty:      0.035ns  ((TSJ^2 + TIJ^2)^1/2 + DJ) / 2 + PE
    Total System Jitter     (TSJ):    0.071ns
    Total Input Jitter      (TIJ):    0.000ns
    Discrete Jitter          (DJ):    0.000ns
    Phase Error              (PE):    0.000ns

    Location             Delay type                Incr(ns)  Path(ns)    Netlist Resource(s)
  -------------------------------------------------------------------    -------------------
                         (clock clk_i rise edge)      0.000     0.000 r  
                         propagated clock network latency
                                                      4.586     4.586    
    RAMB36_X0Y16         RAMB36E1                     0.000     4.586 r  <hidden>
    RAMB36_X0Y16         RAMB36E1 (Prop_ramb36e1_CLKARDCLK_DOADO[9])
                                                      0.734     5.320 r  <hidden>
                         net (fo=1, routed)           1.081     6.401    <hidden>
    SLICE_X8Y79          LUT4 (Prop_lut4_I1_O)        0.105     6.506 r  <hidden>
                         net (fo=6, routed)           1.416     7.922    u_Frodo_top/u_MatrixMulAddSet/douta[60]
    SLICE_X32Y67         LUT6 (Prop_lut6_I0_O)        0.105     8.027 r  u_Frodo_top/u_MatrixMulAddSet/amulbaddc[0]_i_20/O
                         net (fo=28, routed)          3.913    11.940    u_Frodo_top/u_MatrixMulAddSet/mul_mulina[12]
    DSP48_X1Y5           DSP48E1                                      r  u_Frodo_top/u_MatrixMulAddSet/amulbaddc[10]/A[12]
  -------------------------------------------------------------------    -------------------

                         (clock clk_i rise edge)     20.000    20.000 r  
                         propagated clock network latency
                                                      4.380    24.380    
                         clock pessimism              0.159    24.539    
                         clock uncertainty           -0.035    24.503    
    DSP48_X1Y5           DSP48E1 (Setup_dsp48e1_CLK_A[12])
                                                     -3.132    21.371    u_Frodo_top/u_MatrixMulAddSet/amulbaddc[10]
  -------------------------------------------------------------------
                         required time                         21.371    
                         arrival time                         -11.940    
  -------------------------------------------------------------------
                         slack                                  9.431    

Slack (MET) :             9.434ns  (required time - arrival time)
  Source:                 u_Frodo_top/u_SHAKE/sqzout64_reg[43]/C
                            (rising edge-triggered cell FDCE clocked by clk_i  {rise@0.000ns fall@10.000ns period=20.000ns})
  Destination:            <hidden>
                            (rising edge-triggered cell RAMB36E1 clocked by clk_i  {rise@0.000ns fall@10.000ns period=20.000ns})
  Path Group:             clk_i
  Path Type:              Setup (Max at Slow Process Corner)
  Requirement:            20.000ns  (clk_i rise@20.000ns - clk_i rise@0.000ns)
  Data Path Delay:        9.871ns  (logic 2.827ns (28.640%)  route 7.044ns (71.360%))
  Logic Levels:           11  (CARRY4=4 LUT2=1 LUT5=1 LUT6=5)
  Clock Path Skew:        -0.019ns (DCD - SCD + CPR)
    Destination Clock Delay (DCD):    4.305ns = ( 24.305 - 20.000 ) 
    Source Clock Delay      (SCD):    4.549ns
    Clock Pessimism Removal (CPR):    0.225ns
  Clock Uncertainty:      0.035ns  ((TSJ^2 + TIJ^2)^1/2 + DJ) / 2 + PE
    Total System Jitter     (TSJ):    0.071ns
    Total Input Jitter      (TIJ):    0.000ns
    Discrete Jitter          (DJ):    0.000ns
    Phase Error              (PE):    0.000ns

    Location             Delay type                Incr(ns)  Path(ns)    Netlist Resource(s)
  -------------------------------------------------------------------    -------------------
                         (clock clk_i rise edge)      0.000     0.000 r  
                         propagated clock network latency
                                                      4.549     4.549    
    SLICE_X31Y89         FDCE                         0.000     4.549 r  u_Frodo_top/u_SHAKE/sqzout64_reg[43]/C
    SLICE_X31Y89         FDCE (Prop_fdce_C_Q)         0.348     4.897 f  u_Frodo_top/u_SHAKE/sqzout64_reg[43]/Q
                         net (fo=23, routed)          0.994     5.890    u_Frodo_top/u_SHAKE/smInSet[43]
    SLICE_X34Y77         LUT2 (Prop_lut2_I1_O)        0.242     6.132 r  u_Frodo_top/u_SHAKE/ram64b_i_881/O
                         net (fo=1, routed)           0.000     6.132    u_Frodo_top/u_SHAKE/ram64b_i_881_n_0
    SLICE_X34Y77         CARRY4 (Prop_carry4_S[0]_CO[3])
                                                      0.423     6.555 r  u_Frodo_top/u_SHAKE/ram64b_i_621/CO[3]
                         net (fo=1, routed)           0.000     6.555    u_Frodo_top/u_SHAKE/ram64b_i_621_n_0
    SLICE_X34Y78         CARRY4 (Prop_carry4_CI_CO[2])
                                                      0.191     6.746 r  u_Frodo_top/u_SHAKE/ram64b_i_470/CO[2]
                         net (fo=3, routed)           1.063     7.809    u_Frodo_top/u_SHAKE/u_SampleMatrixSet/cmp_result[2]_0
    SLICE_X40Y79         LUT6 (Prop_lut6_I1_O)        0.252     8.061 r  u_Frodo_top/u_SHAKE/ram64b_i_465/O
                         net (fo=2, routed)           0.670     8.731    u_Frodo_top/u_SHAKE/ram64b_i_465_n_0
    SLICE_X40Y76         LUT5 (Prop_lut5_I1_O)        0.105     8.836 f  u_Frodo_top/u_SHAKE/ram64b_i_345/O
                         net (fo=3, routed)           0.816     9.652    u_Frodo_top/u_SHAKE/ram64b_i_345_n_0
    SLICE_X40Y75         LUT6 (Prop_lut6_I0_O)        0.105     9.757 f  u_Frodo_top/u_SHAKE/ram64b_i_175/O
                         net (fo=45, routed)          1.008    10.766    u_Frodo_top/u_SHAKE/ram64b_i_350_0
    SLICE_X44Y59         LUT6 (Prop_lut6_I1_O)        0.105    10.871 r  u_Frodo_top/u_SHAKE/ram64a_i_197/O
                         net (fo=1, routed)           0.501    11.372    add_ina[36]
    SLICE_X43Y59         CARRY4 (Prop_carry4_DI[0]_CO[3])
                                                      0.436    11.808 r  u_MatrixAddSet/ram64a_i_142/CO[3]
                         net (fo=1, routed)           0.000    11.808    u_MatrixAddSet/ram64a_i_142_n_0
    SLICE_X43Y60         CARRY4 (Prop_carry4_CI_O[1])
                                                      0.265    12.073 r  u_MatrixAddSet/ram64b_i_183/O[1]
                         net (fo=2, routed)           0.554    12.627    u_Frodo_top/u_control/u_instDecoder/ram64b_i_69[33]
    SLICE_X32Y65         LUT6 (Prop_lut6_I5_O)        0.250    12.877 r  u_Frodo_top/u_control/u_instDecoder/ram64b_i_182/O
                         net (fo=1, routed)           0.474    13.351    u_Frodo_top/u_SHAKE/ram64b_21
    SLICE_X30Y69         LUT6 (Prop_lut6_I5_O)        0.105    13.456 r  u_Frodo_top/u_SHAKE/ram64b_i_87/O
                         net (fo=2, routed)           0.963    14.419    <hidden>
    RAMB36_X0Y15         RAMB36E1                                     r  <hidden>
  -------------------------------------------------------------------    -------------------

                         (clock clk_i rise edge)     20.000    20.000 r  
                         propagated clock network latency
                                                      4.305    24.305    
                         clock pessimism              0.225    24.530    
                         clock uncertainty           -0.035    24.494    
    RAMB36_X0Y15         RAMB36E1 (Setup_ramb36e1_CLKBWRCLK_DIBDI[5])
                                                     -0.641    23.853    <hidden>
  -------------------------------------------------------------------
                         required time                         23.853    
                         arrival time                         -14.419    
  -------------------------------------------------------------------
                         slack                                  9.434    




